Note (2018.08.22) This script is outputed from mpi_readobs.f90
obtype, ensmean_obbc,      h_xnobc,           ob
    sm,      0.25830,      0.22080,      0.25300
    sm,      0.22730,      0.22465,      0.16400
    sm,      0.30517,      0.30308,      0.38100
    sm,      0.21141,      0.21460,      0.07400
    sm,      0.33468,      0.33370,      0.24000
    sm,      0.30933,      0.31037,      0.35500
    sm,      0.21043,      0.20470,      0.19600
    sm,      0.19698,      0.19041,      0.06000
    sm,      0.18609,      0.18747,      0.24800
    sm,      0.19082,      0.18483,      0.15800
    sm,      0.24735,      0.24416,      0.09300
    sm,      0.26952,      0.26413,      0.13500
    sm,      0.25253,      0.25003,      0.09300
    sm,      0.17207,      0.15865,      0.22500
    sm,      0.27384,      0.27346,      0.22400
    sm,      0.32210,      0.34763,      0.11300
    sm,      0.23798,      0.23971,      0.31600
    sm,      0.21313,      0.19074,      0.23700
    sm,      0.24004,      0.23940,      0.26600
    sm,      0.22141,      0.22084,      0.29500
    sm,      0.21824,      0.21729,      0.25300
    sm,      0.14624,      0.13440,      0.07700
    sm,      0.21771,      0.21709,      0.21100
    sm,      0.30799,      0.31482,      0.37800
    sm,      0.24443,      0.24426,      0.34400
    sm,      0.24660,      0.24591,      0.07200
    sm,      0.33611,      0.33844,      0.32500
    sm,      0.23054,      0.23096,      0.33900
    sm,      0.18120,      0.19372,      0.36700
    sm,      0.27400,      0.27370,      0.23700
    sm,      0.31884,      0.35012,      0.27600
    sm,      0.27306,      0.26917,      0.27100
    sm,      0.18981,      0.18915,      0.10600
    sm,      0.24954,      0.24025,      0.22600
    sm,      0.27108,      0.26230,      0.20900
    sm,      0.27301,      0.26335,      0.26900
    sm,      0.26274,      0.26254,      0.20100
    sm,      0.17412,      0.16762,      0.17600
    sm,      0.25785,      0.25540,      0.37400
    sm,      0.16911,      0.16090,      0.13300
    sm,      0.21256,      0.21445,      0.22200
    sm,      0.16625,      0.16503,      0.11700
    sm,      0.20310,      0.20575,      0.21000
    sm,      0.27455,      0.26608,      0.12100
    sm,      0.27776,      0.27038,      0.17100
    sm,      0.22489,      0.21981,      0.08100
    sm,      0.17665,      0.17023,      0.18000
    sm,      0.27594,      0.26822,      0.36700
    sm,      0.24089,      0.23358,      0.23300
    sm,      0.22900,      0.22737,      0.30000
    sm,      0.19858,      0.18783,      0.14900
    sm,      0.19858,      0.18783,      0.16400
    sm,      0.19150,      0.18347,      0.14400
    sm,      0.15368,      0.14954,      0.06700
    sm,      0.32180,      0.31552,      0.45100
    sm,      0.20662,      0.19900,      0.20200
    sm,      0.27713,      0.27432,      0.22900
    sm,      0.29459,      0.32158,      0.34500
    sm,      0.30799,      0.31482,      0.41100
    sm,      0.26868,      0.26859,      0.38100
    sm,      0.15770,      0.14986,      0.08700
    sm,      0.28217,      0.28366,      0.08000
    sm,      0.15939,      0.15512,      0.13100
    sm,      0.14694,      0.13612,      0.06800
    sm,      0.21043,      0.20470,      0.07100
    sm,      0.23351,      0.22343,      0.35300
    sm,      0.27261,      0.26343,      0.06500
    sm,      0.23993,      0.22863,      0.10900
    sm,      0.19158,      0.19653,      0.24100
    sm,      0.36529,      0.36211,      0.16500
    sm,      0.18997,      0.18796,      0.18700
    sm,      0.27211,      0.27212,      0.18400
    sm,      0.18609,      0.18747,      0.30800
    sm,      0.18896,      0.18389,      0.36700
    sm,      0.18896,      0.18389,      0.28100
    sm,      0.19493,      0.19734,      0.06100
     t,    313.60907,    313.61395,    315.35001
     t,    312.69254,    312.69635,    312.75000
     t,    309.62579,    309.62946,    309.64999
     t,    302.25659,    302.25650,    302.35001
     t,    300.93951,    300.93805,    300.85001
     t,    296.36169,    296.36127,    296.45001
     t,    294.87064,    294.87076,    295.54999
     t,    287.71475,    287.71954,    287.64999
     t,    286.10153,    286.10818,    285.75000
     t,    280.86313,    280.87463,    280.25000
     t,    278.10397,    278.11652,    277.25000
     t,    276.05618,    276.06857,    275.14999
     t,    274.78085,    274.79297,    273.54999
     t,    274.16644,    274.17792,    272.95001
     t,    273.09488,    273.10526,    272.04999
     t,    272.73248,    272.74246,    271.85001
     t,    271.99945,    272.00867,    271.14999
     t,    271.34900,    271.35751,    271.14999
     t,    268.97049,    268.97659,    268.14999
     t,    268.77533,    268.78122,    267.95001
     t,    267.68985,    267.69434,    267.14999
     t,    266.97928,    266.98312,    266.64999
     t,    266.02481,    266.02795,    266.14999
     t,    264.17108,    264.17294,    263.95001
     t,    262.80905,    262.81006,    262.35001
     t,    261.95389,    261.95465,    261.64999
     t,    261.58319,    261.58383,    261.35001
     t,    260.70810,    260.70850,    260.25000
     t,    260.32864,    260.32892,    260.14999
     t,    259.94647,    259.94666,    259.95001
     t,    257.50446,    257.50394,    258.14999
     t,    256.85828,    256.85770,    257.45001
     t,    256.59726,    256.59662,    257.54999
     t,    256.07132,    256.07056,    256.75000
     t,    255.40622,    255.40527,    255.95000
     t,    253.77739,    253.77585,    253.75000
     t,    252.94823,    252.94615,    252.75000
     t,    252.24683,    252.24429,    252.05000
     t,    250.81438,    250.81091,    250.95000
     t,    249.47766,    249.47330,    249.35001
     t,    248.85393,    248.84915,    248.75000
     t,    247.90125,    247.89601,    247.55000
     t,    247.42009,    247.41454,    247.35001
     t,    246.93452,    246.92865,    246.75000
     t,    246.44447,    246.43828,    246.25000
     t,    245.78395,    245.77733,    245.85001
     t,    244.08533,    244.07750,    244.55000
     t,    243.03575,    243.02716,    243.05000
     t,    242.50314,    242.49416,    242.55000
     t,    240.13039,    240.11992,    239.75000
     t,    239.56847,    239.55759,    238.95000
     t,    236.86516,    236.85234,    236.45000
     t,    234.03004,    234.01782,    233.25000
     t,    232.77374,    232.76248,    232.25000
     t,    229.04390,    229.03722,    228.64999
     t,    225.04037,    225.03946,    224.45000
     t,    223.54988,    223.54968,    222.85001
     t,    222.27748,    222.27777,    221.85001
     t,    220.97365,    220.97444,    220.64999
     t,    207.19136,    207.21585,    204.85001
     t,    208.95055,    208.96248,    204.45000
     t,    311.97107,    312.00360,    313.35001
     t,    311.81152,    311.85361,    312.04999
     t,    305.81812,    305.86093,    306.35001
     t,    295.80136,    295.84204,    295.85001
     t,    289.24545,    289.28467,    289.14999
     t,    280.03500,    280.07312,    279.85001
     t,    275.89029,    275.94608,    274.04999
     t,    275.53735,    275.59531,    273.25000
     t,    275.20651,    275.26813,    274.45001
     t,    274.79813,    274.86230,    274.64999
     t,    274.46091,    274.52878,    274.45001
     t,    273.51651,    273.59430,    275.04999
     t,    270.14667,    270.21399,    271.45001
     t,    268.78644,    268.83560,    269.45001
     t,    266.06921,    266.10587,    266.45001
     t,    264.79773,    264.83148,    264.75000
     t,    262.48669,    262.52002,    262.14999
     t,    258.87604,    258.91522,    259.64999
     t,    257.37234,    257.41125,    257.45001
     t,    251.98943,    252.01831,    251.25000
     t,    249.87788,    249.89569,    250.85001
     t,    245.96310,    245.96207,    245.45000
     t,    242.93657,    242.92281,    242.64999
     t,    235.82242,    235.78329,    236.64999
     t,    232.86195,    232.81491,    233.45000
     t,    223.42088,    223.39276,    222.64999
     t,    221.68443,    221.66705,    221.64999
     t,    221.17693,    221.16292,    221.05000
     t,    218.02705,    218.03448,    217.45000
     t,    207.52257,    207.51915,    206.05000
     t,    206.44432,    206.41075,    204.45000
     t,    204.35991,    204.11983,    200.85001
     t,    203.82166,    203.52710,    201.85001
     t,    202.50276,    202.29166,    200.85001
     t,    202.41460,    202.22272,    201.25000
     t,    202.32561,    202.15314,    203.45000
     t,    202.18254,    202.15483,    202.64999
     t,    203.16693,    203.37898,    201.45000
     t,    204.18967,    204.32645,    206.45000
     t,    205.76347,    205.79153,    206.85001
     t,    207.88243,    207.89828,    206.85001
     t,    209.93333,    210.09340,    210.05000
     t,    210.57936,    210.67317,    208.64999
     t,    301.54361,    301.58542,    301.91916
     q,      0.28975,      0.28961,      0.28146
     q,      0.30066,      0.30055,      0.32196
     q,      0.34322,      0.34313,      0.34007
     q,      0.46160,      0.46183,      0.44825
     q,      0.47575,      0.47602,      0.47065
     q,      0.52662,      0.52657,      0.46978
     q,      0.55048,      0.55036,      0.40088
     q,      0.63725,      0.63670,      0.54517
     q,      0.65548,      0.65481,      0.56892
     q,      0.59229,      0.59156,      0.66541
     q,      0.49274,      0.49208,      0.59927
     q,      0.44272,      0.44189,      0.47572
     q,      0.41180,      0.41087,      0.57470
     q,      0.41345,      0.41255,      0.57210
     q,      0.41657,      0.41572,      0.49512
     q,      0.41770,      0.41687,      0.33888
     q,      0.42013,      0.41934,      0.13232
     q,      0.42244,      0.42170,      0.10503
     q,      0.41764,      0.41701,      0.10290
     q,      0.41702,      0.41640,      0.10231
     q,      0.41098,      0.41043,      0.11336
     q,      0.40739,      0.40688,      0.21781
     q,      0.39960,      0.39910,      0.11626
     q,      0.38194,      0.38148,      0.46376
     q,      0.36904,      0.36862,      0.49120
     q,      0.37089,      0.37050,      0.34897
     q,      0.37176,      0.37138,      0.49369
     q,      0.37395,      0.37360,      0.33874
     q,      0.37497,      0.37464,      0.16382
     q,      0.37605,      0.37573,      0.12281
     q,      0.36798,      0.36768,      0.12460
     q,      0.35813,      0.35780,      0.08979
     q,      0.35456,      0.35422,      0.18926
     q,      0.34700,      0.34663,      0.36048
     q,      0.33668,      0.33627,      0.29225
     q,      0.31148,      0.31096,      0.39938
     q,      0.30330,      0.30273,      0.29019
     q,      0.29570,      0.29507,      0.15671
     q,      0.27779,      0.27705,      0.21467
     q,      0.26455,      0.26373,      0.37849
     q,      0.26845,      0.26769,      0.30680
     q,      0.27550,      0.27486,      0.36117
     q,      0.27905,      0.27847,      0.30133
     q,      0.28289,      0.28237,      0.40201
     q,      0.28706,      0.28660,      0.21638
     q,      0.29319,      0.29284,      0.15952
     q,      0.29926,      0.29926,      0.34014
     q,      0.29875,      0.29903,      0.28978
     q,      0.29845,      0.29890,      0.35329
     q,      0.15778,      0.15544,      0.16072
     q,      0.15879,      0.15643,      0.18150
     q,      0.20618,      0.20290,      0.21265
     q,      0.32986,      0.32450,      0.28664
     q,      0.45462,      0.44771,      0.38499
     q,      0.65932,      0.64699,      0.56069
     q,      0.39574,      0.36661,      0.69238
     q,      0.37295,      0.34306,      0.60002
     q,      0.35609,      0.32687,      0.37729
     q,      0.33058,      0.30235,      0.22433
     q,      0.31259,      0.28510,      0.24541
     q,      0.26192,      0.23666,      0.07980
     q,      0.12761,      0.11474,      0.03501
     q,      0.09547,      0.09005,      0.03877
     q,      0.08147,      0.08039,      0.03067
     q,      0.08373,      0.08302,      0.17721
     q,      0.08349,      0.08298,      0.11185
     q,      0.05625,      0.05640,      0.04565
     q,      0.25075,      0.24672,      0.24149
     t,    304.63034,    304.12726,    301.54999
     t,    303.41895,    302.88498,    299.35001
     t,    302.11987,    301.58566,    297.45001
     t,    300.03784,    299.50540,    295.45001
     t,    297.53912,    297.01093,    293.25000
     t,    296.12018,    295.59604,    292.04999
     t,    294.79538,    294.31363,    291.14999
     t,    290.34763,    290.66721,    287.54999
     t,    290.02429,    290.37985,    287.64999
     t,    289.66568,    290.04095,    288.54999
     t,    289.30423,    289.69940,    289.14999
     t,    288.87534,    289.29660,    289.35001
     t,    285.44241,    285.45114,    285.75000
     t,    285.06625,    285.05646,    285.54999
     t,    283.45877,    283.38754,    284.04999
     t,    282.58850,    282.50751,    283.25000
     t,    280.48041,    280.37430,    280.85001
     t,    278.37628,    278.25812,    279.04999
     t,    277.27979,    277.15680,    278.04999
     t,    276.16281,    276.03546,    277.04999
     t,    271.75363,    271.64185,    271.85001
     t,    267.20374,    267.02109,    266.35001
     t,    267.09274,    266.90863,    266.14999
     t,    266.64502,    266.45648,    265.75000
     t,    265.39490,    265.19403,    264.75000
     t,    264.00183,    263.78711,    263.54999
     t,    263.40976,    263.18927,    262.75000
     t,    262.81131,    262.58499,    262.85001
     t,    259.95984,    259.75577,    260.25000
     t,    258.80652,    258.61237,    259.35001
     t,    256.61484,    256.43085,    256.45001
     t,    255.96548,    255.78342,    255.64999
     t,    255.83363,    255.65193,    255.64999
     t,    255.16946,    254.98959,    255.64999
     t,    254.90149,    254.72237,    255.45000
     t,    254.36148,    254.18384,    255.25000
     t,    252.83546,    252.66632,    253.85001
     t,    248.72836,    248.58653,    250.05000
     t,    243.39952,    243.23744,    242.85001
     t,    240.10397,    239.94896,    240.45000
     t,    239.54143,    239.39024,    239.85001
     t,    238.39926,    238.25594,    239.64999
     t,    233.10925,    233.04433,    233.05000
     t,    232.63603,    232.58279,    232.45000
     t,    230.15990,    230.16380,    230.45000
     t,    306.29947,    306.63803,    305.45001
     t,    305.82507,    306.15976,    304.95001
     t,    303.50259,    303.82745,    301.85001
     t,    302.06140,    302.38309,    300.35001
     t,    299.77786,    300.09525,    298.04999
     t,    292.54388,    292.83249,    291.25000
     t,    290.77066,    290.99506,    289.64999
     t,    287.72467,    287.69977,    285.85001
     t,    286.74014,    286.60953,    284.54999
     t,    282.99567,    282.67346,    280.85001
     t,    281.74203,    281.42734,    280.75000
     t,    280.86429,    280.56000,    280.45001
     t,    276.94876,    276.76471,    277.54999
     t,    273.79431,    273.81586,    274.04999
     t,    273.32565,    273.33984,    273.64999
     t,    270.90591,    270.88068,    271.04999
     t,    269.85028,    269.80130,    269.85001
     t,    269.18350,    269.11951,    268.85001
     t,    268.42075,    268.33951,    268.14999
     t,    268.34055,    268.25699,    268.14999
     t,    267.30130,    267.19452,    268.14999
     t,    264.05173,    264.09305,    264.85001
     t,    256.49615,    256.64856,    256.85001
     t,    248.27150,    248.26790,    247.64999
     t,    242.15991,    242.20132,    244.25000
     t,    241.40903,    241.44911,    243.64999
     t,    233.69170,    233.72075,    234.05000
     t,    223.04825,    223.07172,    222.05000
     t,    222.03270,    222.05762,    221.05000
     t,    210.45383,    210.47664,    209.05000
     t,    208.40889,    208.42360,    207.05000
     t,    207.85948,    207.87421,    205.64999
     t,    206.43542,    206.29491,    202.45000
     t,    206.04414,    205.85805,    203.05000
     t,    205.78226,    205.56297,    204.45000
     t,    205.23233,    204.94893,    204.64999
     t,    204.62241,    204.29654,    203.45000
     t,    203.21959,    202.85815,    203.05000
     t,    203.06093,    202.69804,    204.05000
     t,    203.17661,    202.93654,    203.85001
     t,    203.34860,    203.29115,    202.25000
     t,    204.32074,    204.57034,    204.64999
     t,    205.90013,    206.30692,    204.45000
     t,    206.23618,    206.53275,    206.05000
     t,    207.39062,    207.73114,    204.85001
     t,    207.71907,    208.03311,    204.85001
     t,    209.35085,    209.48494,    210.25000
     t,    210.99416,    210.70782,    211.45000
     t,    211.17915,    210.81419,    213.25000
     q,      0.43368,      0.44073,      0.55707
     q,      0.45616,      0.46393,      0.50172
     q,      0.48342,      0.49181,      0.51416
     q,      0.53232,      0.54164,      0.56704
     q,      0.59859,      0.60877,      0.60937
     q,      0.64073,      0.65087,      0.63487
     q,      0.67992,      0.67461,      0.60313
     q,      0.62914,      0.50658,      0.62924
     q,      0.58301,      0.48220,      0.61177
     q,      0.52176,      0.45430,      0.38973
     q,      0.45939,      0.42591,      0.23473
     q,      0.38440,      0.38847,      0.22414
     q,      0.16953,      0.19400,      0.10012
     q,      0.16203,      0.18044,      0.08476
     q,      0.14058,      0.13906,      0.13694
     q,      0.14627,      0.14278,      0.25657
     q,      0.16105,      0.15178,      0.19482
     q,      0.21758,      0.20161,      0.33810
     q,      0.26058,      0.24031,      0.21028
     q,      0.30822,      0.28305,      0.24889
     q,      0.50227,      0.49016,      0.39786
     q,      0.67252,      0.67477,      0.65025
     q,      0.67596,      0.67835,      0.65575
     q,      0.68334,      0.68760,      0.62407
     q,      0.70594,      0.71595,      0.76597
     q,      0.73459,      0.75204,      0.79968
     q,      0.74877,      0.76971,      0.76718
     q,      0.76424,      0.78899,      0.68370
     q,      0.69742,      0.70965,      0.73480
     q,      0.66159,      0.66675,      0.62428
     q,      0.57582,      0.55990,      0.58010
     q,      0.54634,      0.52128,      0.51943
     q,      0.53989,      0.51307,      0.47944
     q,      0.50569,      0.46957,      0.13088
     q,      0.49104,      0.45092,      0.06839
     q,      0.45984,      0.41123,      0.02764
     q,      0.28498,      0.20958,      0.03038
     q,      0.13921,      0.12448,      0.09948
     q,      0.36496,      0.38292,      0.35733
     q,      0.37207,      0.39049,      0.37675
     q,      0.41218,      0.43281,      0.40355
     q,      0.44032,      0.46241,      0.42769
     q,      0.49021,      0.51486,      0.45267
     q,      0.67759,      0.72354,      0.59054
     q,      0.69922,      0.75218,      0.73209
     q,      0.66725,      0.72009,      0.74876
     q,      0.64719,      0.69998,      0.75143
     q,      0.67072,      0.67152,      0.81828
     q,      0.67890,      0.67112,      0.67624
     q,      0.68452,      0.67262,      0.68005
     q,      0.69260,      0.65874,      0.62999
     q,      0.64175,      0.59604,      0.65172
     q,      0.61209,      0.57077,      0.51948
     q,      0.43803,      0.42295,      0.42823
     q,      0.36220,      0.35802,      0.23317
     q,      0.32464,      0.32578,      0.22354
     q,      0.27874,      0.28638,      0.37027
     q,      0.27260,      0.28135,      0.37239
     q,      0.20346,      0.22198,      0.07779
     q,      0.13476,      0.14742,      0.06454
     q,      0.13190,      0.18804,      0.06896
     q,      0.08745,      0.11760,      0.02956
     t,    301.76114,    301.77246,    296.54999
     t,    301.76117,    301.77246,    298.35001
     t,    301.76114,    301.77246,    298.04999
     t,    301.76117,    301.77249,    298.95001
     t,    301.55603,    301.56784,    298.14999
     t,    300.98523,    300.99542,    296.64999
     t,    300.36041,    300.36945,    294.85001
     t,    299.76047,    299.76886,    295.35001
     t,    296.25781,    296.26511,    291.95001
     t,    295.47928,    295.48642,    291.75000
     t,    295.14346,    295.15051,    292.25000
     t,    294.14264,    294.14966,    291.64999
     t,    294.03094,    294.03793,    291.85001
     t,    291.78540,    291.79169,    290.35001
     t,    288.98395,    288.98849,    287.64999
     t,    287.29929,    287.30161,    286.45001
     t,    284.93610,    284.93497,    284.95001
     t,    282.28543,    282.28244,    281.75000
     t,    273.86523,    273.85901,    273.64999
     t,    270.04572,    270.03265,    269.85001
     t,    269.22235,    269.20706,    268.95001
     t,    266.95880,    266.93713,    266.54999
     t,    266.52158,    266.49887,    266.04999
     t,    264.54578,    264.51883,    263.64999
     t,    264.20959,    264.18195,    263.64999
     t,    263.30240,    263.27307,    263.95001
     t,    262.36740,    262.33728,    262.95001
     t,    261.70596,    261.67639,    262.35001
     t,    259.17358,    259.14758,    259.64999
     t,    253.57167,    253.55791,    254.25000
     t,    251.65594,    251.64536,    252.45000
     t,    246.18636,    246.18234,    246.55000
     t,    241.90837,    241.90645,    242.75000
     t,    239.16980,    239.16888,    239.64999
     t,    237.65385,    237.65341,    237.85001
     t,    237.27019,    237.26984,    237.45000
     t,    235.71182,    235.71187,    235.64999
     t,    231.27495,    231.27626,    230.85001
     t,    229.21619,    229.21849,    228.85001
     t,    227.78697,    227.78984,    227.64999
     t,    227.62529,    227.62831,    227.45000
     t,    223.77516,    223.78082,    222.25000
     t,    222.77042,    222.77742,    221.45000
     t,    221.39261,    221.40083,    220.85001
     t,    219.75302,    219.76944,    220.64999
     t,    219.50615,    219.52414,    220.85001
     t,    218.31696,    218.34360,    217.25000
     t,    218.17761,    218.20474,    217.85001
     t,    217.65973,    217.69200,    216.64999
     t,    217.32281,    217.35681,    217.85001
     t,    216.90361,    216.94003,    217.85001
     t,    216.33018,    216.36908,    217.05000
     t,    215.45731,    215.49760,    215.45000
     t,    213.62181,    213.66505,    212.25000
     t,    213.13281,    213.17738,    212.45000
     t,    211.40086,    211.44839,    208.64999
     t,    210.84885,    210.89767,    208.25000
     t,    210.66199,    210.71095,    209.25000
     t,    209.87473,    209.92552,    209.25000
     t,    208.09891,    208.15565,    207.05000
     t,    206.91228,    206.97734,    206.25000
     t,    207.31731,    207.38263,    205.05000
     t,    207.67346,    207.72797,    208.05000
     t,    208.73936,    208.69962,    208.85001
     t,    208.98294,    208.90924,    211.05000
     t,    210.60916,    210.39304,    209.85001
     t,    211.43788,    211.31964,    209.85001
     t,    212.50446,    212.45804,    211.45000
     t,    212.86530,    212.79407,    214.05000
     t,    302.30432,    301.85437,    299.75000
     t,    302.12817,    301.67703,    296.75000
     t,    296.73474,    296.28729,    291.75000
     t,    293.38812,    292.94583,    288.85001
     t,    293.17200,    292.74921,    288.85001
     t,    292.73730,    292.35373,    290.75000
     t,    292.29941,    291.95532,    291.35001
     t,    291.63635,    291.35211,    291.35001
     t,    291.06384,    290.99066,    290.54999
     t,    289.43289,    289.80008,    288.75000
     t,    288.69638,    289.07111,    288.04999
     t,    287.61917,    287.97714,    287.25000
     t,    285.65729,    285.96747,    285.45001
     t,    282.02588,    282.25723,    281.95001
     t,    276.42740,    276.65445,    275.95001
     t,    275.83023,    276.05594,    275.54999
     t,    274.20816,    274.43015,    273.95001
     t,    272.99411,    273.20718,    273.04999
     t,    267.08322,    267.16324,    266.95001
     t,    265.82510,    265.87009,    266.14999
     t,    265.07404,    265.09909,    265.85001
     t,    262.41223,    262.37051,    262.45001
     t,    259.08197,    258.96393,    259.14999
     t,    256.83871,    256.67081,    256.75000
     t,    255.18752,    255.01784,    255.14999
     t,    254.66226,    254.49469,    254.95000
     t,    254.13177,    253.96632,    254.25000
     t,    252.37363,    252.21625,    252.05000
     t,    251.50610,    251.36017,    250.95000
     t,    250.30722,    250.18172,    250.55000
     t,    243.09039,    242.99557,    243.95000
     t,    237.72046,    237.56192,    238.95000
     t,    234.88135,    234.75351,    236.25000
     t,    230.91280,    230.82297,    232.05000
     t,    228.21446,    228.12386,    229.25000
     t,    227.35655,    227.26501,    228.45000
     t,    221.44392,    221.41370,    218.85001
     t,    220.26913,    220.25868,    218.25000
     t,    220.13161,    220.12067,    218.85001
     t,    219.78348,    219.77429,    220.05000
     t,    219.01089,    219.00890,    219.64999
     t,    218.87326,    218.87306,    220.85001
     t,    218.37386,    218.37851,    220.64999
     t,    217.23773,    217.23412,    218.25000
     t,    215.60658,    215.57715,    216.25000
     t,    214.02463,    213.97351,    215.05000
     t,    211.45851,    211.36449,    210.45000
     t,    211.14967,    211.06003,    211.05000
     t,    209.61176,    209.54744,    208.25000
     t,    209.12642,    209.09120,    209.05000
     t,    208.62181,    208.62088,    207.05000
     t,    208.67776,    208.74463,    207.45000
     t,    209.77496,    210.05327,    207.05000
     t,    210.22800,    210.57933,    210.45000
     t,    210.53203,    210.92488,    210.85001
     t,    210.79527,    211.22832,    209.05000
     t,    211.28967,    211.83672,    209.45000
     t,    211.73187,    212.38733,    210.25000
     t,    211.75974,    212.42204,    210.45000
     t,    211.95967,    212.48149,    212.64999
     t,    212.56081,    212.66478,    213.85001
     t,    214.10812,    213.94942,    213.45000
     t,    214.40765,    214.28319,    216.05000
     t,    225.32753,    225.29042,    226.14999
     t,    223.34091,    223.32495,    226.14999
     q,      0.20530,      0.20519,      0.32084
     q,      0.20530,      0.20519,      0.66733
     q,      0.20530,      0.20519,      0.65328
     q,      0.20530,      0.20519,      0.62688
     q,      0.20712,      0.20700,      0.50961
     q,      0.21236,      0.21224,      0.34129
     q,      0.21829,      0.21816,      0.28062
     q,      0.22428,      0.22415,      0.29906
     q,      0.26473,      0.26458,      0.31679
     q,      0.27484,      0.27468,      0.32764
     q,      0.27944,      0.27928,      0.30302
     q,      0.29309,      0.29290,      0.33156
     q,      0.29464,      0.29446,      0.31537
     q,      0.32822,      0.32803,      0.32817
     q,      0.37343,      0.37332,      0.34906
     q,      0.40231,      0.40238,      0.38394
     q,      0.42600,      0.42632,      0.40305
     q,      0.45130,      0.45162,      0.43832
     q,      0.61142,      0.61193,      0.57928
     q,      0.70000,      0.70204,      0.69742
     q,      0.71283,      0.71540,      0.66337
     q,      0.75011,      0.75439,      0.69597
     q,      0.74820,      0.75255,      0.50889
     q,      0.73582,      0.74067,      0.69430
     q,      0.73342,      0.73837,      0.73036
     q,      0.72583,      0.73109,      0.83119
     q,      0.71216,      0.71740,      0.83797
     q,      0.69677,      0.70169,      0.95528
     q,      0.62670,      0.63008,      0.79191
     q,      0.55223,      0.55345,      0.68344
     q,      0.54118,      0.54201,      0.67510
     q,      0.52888,      0.52888,      0.57164
     q,      0.51118,      0.51131,      0.47552
     q,      0.50043,      0.50064,      0.36029
     q,      0.49195,      0.49227,      0.17400
     q,      0.48379,      0.50034,      0.57100
     q,      0.48704,      0.50381,      0.49455
     q,      0.62091,      0.64339,      0.54957
     q,      0.71904,      0.74690,      0.60292
     q,      0.69715,      0.71839,      0.62072
     q,      0.65242,      0.66014,      0.56356
     q,      0.60637,      0.60018,      0.49367
     q,      0.53469,      0.50686,      0.44792
     q,      0.43913,      0.39909,      0.46327
     q,      0.24789,      0.20569,      0.38478
     q,      0.22343,      0.19563,      0.20160
     q,      0.21813,      0.19778,      0.13794
     q,      0.22694,      0.21112,      0.23319
     q,      0.25859,      0.24049,      0.33094
     q,      0.30756,      0.29368,      0.30661
     q,      0.31390,      0.30077,      0.19039
     q,      0.33337,      0.32254,      0.17075
     q,      0.34584,      0.33649,      0.39656
     q,      0.31798,      0.31330,      0.36928
     q,      0.29212,      0.29032,      0.37934
     q,      0.27536,      0.27537,      0.33229
     q,      0.22931,      0.23270,      0.35871
     q,      0.18355,      0.18709,      0.26463
     q,      0.17220,      0.17155,      0.30758
     q,      0.21877,      0.20773,      0.24853
     q,      0.24003,      0.22459,      0.17046
     q,      0.26304,      0.24282,      0.13620
     q,      0.35518,      0.31654,      0.14074
     q,      0.39386,      0.35306,      0.33605
     q,      0.44547,      0.40687,      0.57853
     q,      0.69365,      0.71634,      0.69225
     q,      0.68508,      0.77377,      0.59171
     t,    303.24380,    303.74155,    302.04999
     t,    303.24384,    303.74158,    300.95001
     t,    301.96838,    302.45410,    299.35001
     t,    301.05750,    301.36722,    298.54999
     t,    295.46167,    295.17786,    293.45001
     t,    292.64511,    292.28220,    290.85001
     t,    289.97925,    289.66708,    291.04999
     t,    289.09674,    288.83066,    290.75000
     t,    288.27322,    288.04688,    290.04999
     t,    282.15042,    282.19202,    283.54999
     t,    281.67578,    281.74677,    282.95001
     t,    279.47897,    279.55206,    280.85001
     t,    277.21625,    277.27698,    278.04999
     t,    276.05521,    276.10641,    276.75000
     t,    274.24213,    274.27133,    274.35001
     t,    273.87112,    273.90048,    274.04999
     t,    273.49881,    273.52386,    273.64999
     t,    272.45618,    272.47061,    272.35001
     t,    271.98056,    271.98956,    271.85001
     t,    271.40256,    271.41058,    271.35001
     t,    269.63565,    269.63086,    269.35001
     t,    269.33606,    269.32806,    268.95001
     t,    268.52917,    268.51263,    268.45001
     t,    268.03323,    268.01794,    268.14999
     t,    266.07727,    266.12091,    265.75000
     t,    265.77814,    265.82858,    265.85001
     t,    265.37656,    265.43616,    265.75000
     t,    263.64590,    263.76385,    263.54999
     t,    263.24005,    263.37747,    263.35001
     t,    263.03589,    263.18307,    263.04999
     t,    261.89603,    262.10532,    262.04999
     t,    261.05017,    261.30698,    261.85001
     t,    251.85742,    252.03925,    252.25000
     t,    251.07712,    251.22971,    251.45000
     t,    248.23546,    248.28601,    248.05000
     t,    246.96359,    246.97070,    246.45000
     t,    245.17551,    245.13745,    244.45000
     t,    240.61833,    240.55652,    240.64999
     t,    239.02248,    238.98715,    240.05000
     t,    236.19035,    236.20135,    237.45000
     t,    230.41220,    230.41942,    231.64999
     t,    226.35773,    226.26180,    229.25000
     t,    225.79648,    225.71342,    228.45000
     t,    224.26450,    224.21936,    226.85001
     t,    221.80499,    221.85065,    223.45000
     t,    219.79321,    219.96465,    220.25000
     t,    218.94846,    219.07899,    218.45000
     t,    218.05905,    218.09607,    216.64999
     t,    216.71837,    216.34602,    211.25000
     t,    216.60419,    216.16978,    212.45000
     t,    216.57576,    216.11386,    212.05000
     t,    216.54828,    216.05945,    217.05000
     t,    216.54243,    216.04800,    217.85001
     t,    216.45457,    215.97728,    215.85001
     t,    216.43817,    216.03230,    216.25000
     t,    216.44818,    216.06482,    216.85001
     t,    216.40027,    216.21912,    215.85001
     t,    216.36572,    216.32654,    214.25000
     t,    216.32863,    216.40456,    216.45000
     t,    216.31480,    216.40410,    218.25000
     t,    216.22710,    216.39307,    218.64999
     t,    215.93536,    216.20204,    216.45000
     t,    215.80969,    216.09665,    214.64999
     t,    215.63695,    215.96454,    214.05000
     t,    302.23782,    302.24323,    294.64999
     t,    302.23782,    302.24323,    296.85001
     t,    301.80966,    301.78040,    296.75000
     t,    301.06760,    301.04553,    296.14999
     t,    299.36020,    299.39163,    296.54999
     t,    295.94543,    295.96066,    295.35001
     t,    290.78018,    290.49023,    289.64999
     t,    287.90424,    287.63461,    287.75000
     t,    285.13138,    284.94110,    284.64999
     t,    285.03290,    284.84256,    284.64999
     t,    282.43408,    282.23914,    281.64999
     t,    281.00998,    280.80215,    280.14999
     t,    279.18228,    278.96976,    277.95001
     t,    278.38611,    278.17038,    277.04999
     t,    275.51447,    275.28424,    274.85001
     t,    273.79324,    273.54727,    273.64999
     t,    271.50970,    271.24417,    270.45001
     t,    271.08499,    270.81586,    270.45001
     t,    270.86423,    270.58856,    270.95001
     t,    270.76065,    270.48450,    270.75000
     t,    270.56036,    270.27905,    269.85001
     t,    270.35931,    270.07285,    270.25000
     t,    270.05646,    269.76218,    269.85001
     t,    269.75189,    269.44980,    269.14999
     t,    269.44571,    269.13574,    269.35001
     t,    265.77267,    265.36865,    265.45001
     t,    264.50159,    264.07053,    264.14999
     t,    255.14093,    254.74306,    256.54999
     t,    252.46298,    252.15813,    253.05000
     t,    247.61739,    247.47563,    248.45000
     t,    245.67163,    245.57553,    245.95000
     t,    239.83289,    239.74240,    240.35001
     t,    236.74063,    236.65999,    237.14999
     t,    235.79196,    235.71555,    236.14999
     t,    232.68036,    232.63806,    234.45000
     t,    226.14935,    226.18663,    227.45000
     t,    222.35213,    222.48372,    222.85001
     t,    221.35492,    221.51630,    222.64999
     t,    218.77357,    218.98975,    218.85001
     t,    217.94138,    218.17255,    218.45000
     t,    217.72493,    217.96318,    219.64999
     t,    216.97270,    217.21182,    218.45000
     t,    216.67450,    216.93219,    216.45000
     t,    216.60834,    216.87271,    216.85001
     t,    216.43269,    216.72224,    215.64999
     t,    216.32268,    216.63179,    216.05000
     t,    216.07997,    216.39819,    214.45000
     t,    215.85167,    216.17470,    216.45000
     t,    215.66249,    215.98956,    214.85001
     t,    215.56593,    215.89920,    215.64999
     t,    215.27260,    215.61531,    215.85001
     t,    215.23331,    215.57930,    216.05000
     t,    215.02988,    215.38982,    214.85001
     t,    214.86240,    215.23473,    215.05000
     t,    214.83385,    215.20163,    214.45000
     t,    214.77338,    215.13115,    214.85001
     t,    214.71510,    215.06409,    217.05000
     t,    214.68336,    215.02783,    217.64999
     t,    214.47078,    214.78683,    215.64999
     t,    214.38777,    214.66788,    217.45000
     t,    214.30212,    214.54599,    215.85001
     t,    214.17250,    214.35950,    215.45000
     t,    213.59702,    213.57275,    210.85001
     t,    213.30138,    213.18156,    210.45000
     t,    213.10780,    212.92545,    208.85001
     t,    212.97717,    212.75014,    208.64999
     t,    212.93681,    212.69637,    209.64999
     t,    212.90518,    212.65421,    213.05000
     t,    212.85585,    212.60597,    213.64999
     t,    212.77892,    212.50536,    213.45000
     t,    213.00369,    212.78993,    210.64999
     t,    213.16171,    212.98790,    214.45000
     t,    213.67499,    213.49847,    212.64999
     t,    213.76274,    213.53728,    214.45000
     t,    213.92366,    213.63545,    215.25000
     t,    214.25548,    213.83963,    213.64999
     t,    215.06297,    214.47206,    216.05000
     t,    216.55679,    216.39171,    214.05000
     t,    259.72397,    259.25143,    260.24567
     q,      0.51124,      0.46165,      0.49938
     q,      0.51124,      0.46165,      0.44751
     q,      0.52621,      0.47919,      0.46419
     q,      0.52737,      0.49401,      0.49413
     q,      0.62904,      0.62363,      0.60199
     q,      0.69652,      0.69392,      0.60940
     q,      0.73915,      0.74360,      0.28909
     q,      0.73147,      0.74455,      0.34255
     q,      0.72533,      0.74653,      0.51623
     q,      0.71751,      0.73213,      0.63574
     q,      0.72159,      0.73281,      0.62862
     q,      0.73615,      0.74601,      0.62533
     q,      0.75133,      0.76173,      0.68883
     q,      0.75245,      0.76306,      0.55008
     q,      0.75177,      0.76266,      0.60332
     q,      0.75203,      0.76257,      0.64872
     q,      0.75200,      0.76254,      0.55771
     q,      0.75288,      0.76301,      0.54753
     q,      0.74976,      0.75946,      0.63068
     q,      0.74692,      0.75532,      0.54296
     q,      0.73525,      0.74051,      0.61591
     q,      0.73282,      0.73763,      0.66034
     q,      0.72581,      0.72934,      0.57948
     q,      0.71996,      0.72259,      0.63101
     q,      0.69126,      0.68736,      0.47303
     q,      0.68558,      0.68097,      0.24481
     q,      0.67766,      0.67206,      0.14417
     q,      0.64621,      0.63474,      0.19569
     q,      0.63997,      0.62748,      0.12182
     q,      0.63672,      0.62370,      0.08106
     q,      0.62059,      0.60338,      0.07969
     q,      0.60791,      0.58726,      0.02784
     q,      0.56397,      0.54193,      0.02373
     q,      0.57689,      0.55716,      0.02925
     q,      0.65876,      0.65024,      0.21371
     q,      0.66308,      0.65798,      0.14386
     q,      0.66024,      0.66520,      0.14180
     q,      0.65251,      0.66332,      0.09518
     q,      0.64117,      0.66122,      0.10305
     q,      0.42413,      0.42089,      0.42295
     q,      0.42413,      0.42089,      0.40446
     q,      0.43033,      0.42711,      0.34753
     q,      0.44242,      0.43967,      0.37273
     q,      0.47076,      0.46552,      0.35020
     q,      0.49958,      0.52095,      0.39270
     q,      0.45597,      0.47620,      0.47144
     q,      0.46293,      0.45412,      0.60301
     q,      0.48836,      0.47788,      0.62562
     q,      0.48974,      0.47950,      0.62959
     q,      0.52981,      0.52539,      0.74068
     q,      0.55574,      0.55444,      0.60716
     q,      0.58710,      0.58964,      0.67269
     q,      0.59756,      0.60162,      0.62523
     q,      0.64379,      0.65472,      0.77799
     q,      0.66401,      0.67835,      0.74221
     q,      0.69395,      0.71330,      0.81792
     q,      0.70044,      0.72087,      0.82595
     q,      0.70470,      0.72597,      0.78474
     q,      0.70580,      0.72742,      0.77868
     q,      0.70666,      0.72911,      0.85225
     q,      0.70754,      0.73083,      0.72363
     q,      0.70890,      0.73351,      0.71060
     q,      0.71032,      0.73628,      0.82191
     q,      0.71178,      0.73916,      0.80176
     q,      0.72868,      0.77553,      0.85421
     q,      0.72700,      0.78006,      0.85969
     q,      0.72849,      0.79462,      0.88764
     q,      0.74515,      0.79985,      0.77385
     q,      0.76541,      0.78998,      0.78141
     q,      0.76055,      0.77146,      0.66482
     q,      0.71261,      0.70754,      0.77064
     q,      0.68730,      0.68295,      0.70539
     q,      0.71881,      0.78862,      0.89652
     t,    312.72122,    312.68835,    312.25000
     t,    312.57657,    312.54388,    309.64999
     t,    311.76099,    311.72061,    308.85001
     t,    307.32867,    307.28314,    304.54999
     t,    299.95932,    299.91263,    297.64999
     t,    298.12918,    298.08173,    295.85001
     t,    296.24698,    296.18405,    295.25000
     t,    295.75748,    295.68912,    296.04999
     t,    294.30920,    294.21326,    295.14999
     t,    287.22498,    287.20093,    287.64999
     t,    286.58014,    286.56976,    286.85001
     t,    285.93207,    285.93463,    286.25000
     t,    283.72153,    283.77124,    283.64999
     t,    281.15497,    281.26758,    281.45001
     t,    279.56567,    279.71716,    280.04999
     t,    278.70111,    278.86838,    279.35001
     t,    277.40421,    277.59363,    277.64999
     t,    276.65463,    276.85583,    276.75000
     t,    275.46558,    275.68546,    275.35001
     t,    275.13657,    275.35645,    274.85001
     t,    273.89908,    274.11530,    273.25000
     t,    273.47760,    273.69257,    272.95001
     t,    272.69250,    272.90509,    272.64999
     t,    271.40765,    271.58206,    270.54999
     t,    269.73898,    269.85083,    270.25000
     t,    269.64474,    269.75317,    270.25000
     t,    267.46402,    267.50903,    267.14999
     t,    265.77341,    265.78183,    266.45001
     t,    265.12485,    265.11996,    265.54999
     t,    264.79736,    264.78580,    265.54999
     t,    263.77258,    263.75461,    264.14999
     t,    263.30624,    263.28818,    263.54999
     t,    261.88138,    261.86304,    261.64999
     t,    261.64011,    261.62161,    261.45001
     t,    260.54001,    260.52139,    260.45001
     t,    258.33582,    258.34348,    258.04999
     t,    257.66684,    257.68369,    257.85001
     t,    252.61891,    252.63126,    252.45000
     t,    251.13199,    251.12799,    251.85001
     t,    249.75523,    249.72865,    250.85001
     t,    245.15982,    245.06290,    245.85001
     t,    242.99103,    242.86838,    243.25000
     t,    241.87430,    241.73927,    242.05000
     t,    237.34457,    237.17395,    238.05000
     t,    232.93187,    232.77084,    233.05000
     t,    223.01572,    222.96141,    223.85001
     t,    221.26532,    221.24207,    221.64999
     t,    210.72069,    210.83517,    209.45000
     t,    207.94971,    207.98547,    207.05000
     t,    207.42412,    207.44495,    206.64999
     t,    205.36928,    205.20847,    202.85001
     t,    204.46547,    204.26471,    203.64999
     t,    203.75139,    203.55122,    201.45000
     t,    203.46524,    203.32195,    202.45000
     t,    203.24051,    203.23210,    200.85001
     t,    203.01591,    203.14337,    200.45000
     t,    202.99472,    203.14717,    202.85001
     t,    202.97827,    203.15012,    203.25000
     t,    203.70412,    203.95151,    200.45000
     t,    205.19958,    205.23889,    206.25000
     t,    206.50981,    206.43674,    205.85001
     t,    209.45964,    209.33897,    206.05000
     t,    309.40479,    309.36047,    306.61050
     t,    303.22443,    303.19019,    304.04999
     t,    303.22443,    303.19019,    303.75000
     t,    303.47333,    303.46979,    303.95001
     t,    303.47333,    303.46979,    303.75000
     t,    303.19296,    303.10385,    306.75000
     t,    303.19296,    303.10385,    306.14999
     t,    303.22211,    303.14514,    303.85001
     t,    303.22211,    303.14511,    303.64999
     t,    303.69009,    303.69995,    304.45001
     t,    303.69006,    303.69995,    304.14999
     t,    304.08975,    304.11084,    304.95001
     t,    304.08972,    304.11081,    304.54999
     t,    303.90155,    303.91687,    304.35001
     t,    303.90158,    303.91687,    303.95001
     t,    303.22443,    303.19019,    304.25000
     t,    303.22443,    303.19019,    303.64999
     t,    303.22443,    303.19019,    303.64999
     t,    303.47333,    303.46979,    304.25000
     t,    303.47333,    303.46976,    303.64999
     t,    303.47333,    303.46979,    303.45001
     t,    303.19296,    303.10388,    307.35001
     t,    303.19296,    303.10388,    305.85001
     t,    303.19296,    303.10385,    305.75000
     t,    303.22211,    303.14511,    304.54999
     t,    303.22211,    303.14511,    303.14999
     t,    303.22214,    303.14514,    302.95001
     t,    303.69006,    303.69995,    305.25000
     t,    303.69006,    303.69995,    303.85001
     t,    303.69006,    303.69995,    303.54999
     t,    304.08975,    304.11084,    305.95001
     t,    304.08975,    304.11084,    303.95001
     t,    304.08975,    304.11084,    303.45001
     t,    303.90155,    303.91687,    305.35001
     t,    303.90158,    303.91687,    303.45001
     t,    303.90158,    303.91687,    302.95001
     t,    303.22443,    303.19019,    304.04999
     t,    303.22446,    303.19022,    303.95001
     t,    303.47333,    303.46976,    304.14999
     t,    303.47333,    303.46976,    304.14999
     t,    303.19296,    303.10385,    307.04999
     t,    303.19296,    303.10385,    306.54999
     t,    303.22211,    303.14511,    304.25000
     t,    303.22211,    303.14514,    304.35001
     t,    303.69006,    303.69995,    305.14999
     t,    303.69006,    303.69995,    305.04999
     t,    304.08975,    304.11084,    305.45001
     t,    304.08975,    304.11081,    305.35001
     t,    303.90155,    303.91687,    304.85001
     t,    303.90155,    303.91687,    304.64999
     q,      0.37605,      0.37529,      0.48691
     q,      0.37817,      0.37741,      0.41126
     q,      0.39070,      0.38990,      0.43534
     q,      0.47394,      0.47287,      0.51783
     q,      0.66580,      0.66421,      0.68474
     q,      0.72539,      0.72396,      0.73576
     q,      0.76433,      0.76617,      0.69458
     q,      0.77101,      0.77408,      0.59440
     q,      0.77725,      0.78274,      0.57285
     q,      0.73663,      0.73796,      0.56895
     q,      0.73477,      0.73583,      0.59996
     q,      0.73297,      0.73457,      0.52651
     q,      0.72638,      0.72827,      0.57878
     q,      0.71674,      0.71335,      0.44227
     q,      0.71004,      0.70319,      0.47759
     q,      0.68403,      0.67850,      0.41311
     q,      0.62542,      0.62309,      0.53047
     q,      0.58968,      0.59019,      0.41460
     q,      0.52780,      0.53324,      0.47014
     q,      0.50544,      0.51036,      0.36626
     q,      0.42045,      0.42761,      0.35106
     q,      0.38960,      0.39757,      0.25434
     q,      0.33140,      0.34068,      0.20335
     q,      0.30272,      0.31896,      0.10755
     q,      0.28977,      0.31779,      0.04422
     q,      0.28893,      0.31770,      0.04012
     q,      0.29436,      0.33613,      0.06980
     q,      0.31879,      0.36772,      0.02566
     q,      0.32793,      0.37971,      0.17230
     q,      0.33283,      0.38613,      0.08939
     q,      0.34531,      0.40142,      0.22206
     q,      0.34836,      0.40506,      0.40200
     q,      0.35877,      0.41746,      0.38341
     q,      0.36220,      0.42172,      0.35109
     q,      0.37099,      0.43240,      0.03067
     q,      0.35135,      0.40127,      0.04390
     q,      0.34225,      0.38709,      0.06344
     q,      0.27005,      0.28499,      0.06583
     q,      0.23446,      0.24312,      0.09917
     q,      0.17764,      0.19573,      0.08456
     q,      0.43241,      0.43147,      0.47747
     t,    225.43979,    225.47404,    225.64999
     t,    223.37901,    223.41298,    223.05000
     t,    216.82623,    216.88702,    215.64999
     t,    212.91331,    213.03329,    212.64999
     t,    211.88492,    212.02469,    210.85001
     t,    209.45587,    209.61145,    205.64999
     t,    208.04605,    208.18025,    203.45000
     t,    207.16216,    207.28476,    203.64999
     t,    206.48544,    206.60077,    205.45000
     t,    206.01566,    206.12265,    205.25000
     t,    205.28680,    205.40527,    206.05000
     t,    204.74989,    204.99088,    203.85001
     t,    204.94429,    205.20659,    205.05000
     t,    205.24374,    205.53363,    205.25000
     t,    205.90907,    206.25443,    206.45000
     t,    206.01715,    206.36385,    208.45000
     t,    206.41272,    206.76163,    206.05000
     t,    208.79132,    208.59584,    207.25000
     t,    209.62863,    209.58772,    209.64999
     t,    210.13461,    210.24496,    210.45000
     t,    211.50807,    211.92964,    208.85001
     t,    211.91373,    212.13397,    210.85001
     t,    212.32214,    212.41849,    214.64999
     t,    212.47095,    212.52086,    213.45000
     t,    308.87946,    308.50427,    307.95001
     t,    308.58310,    308.16895,    307.54999
     t,    307.29181,    306.84100,    306.85001
     t,    306.34824,    305.88315,    304.75000
     t,    299.87292,    299.63370,    298.04999
     t,    296.43005,    296.40274,    294.35001
     t,    295.14053,    295.09525,    294.04999
     t,    293.83707,    293.78000,    292.95001
     t,    290.45621,    290.37454,    290.45001
     t,    289.79736,    289.72235,    290.45001
     t,    288.87869,    288.82211,    288.85001
     t,    288.54175,    288.48856,    288.75000
     t,    288.11795,    288.06903,    288.14999
     t,    286.60602,    286.56461,    286.45001
     t,    286.51489,    286.47400,    286.25000
     t,    284.47632,    284.44754,    283.14999
     t,    278.39044,    278.44415,    279.35001
     t,    277.37320,    277.43619,    279.35001
     t,    275.66684,    275.70755,    275.45001
     t,    274.74820,    274.76950,    274.54999
     t,    274.43762,    274.45816,    273.75000
     t,    274.13721,    274.14890,    273.35001
     t,    273.99289,    273.99789,    272.75000
     t,    273.70270,    273.69431,    272.64999
     t,    273.62985,    273.61807,    272.35001
     t,    273.55682,    273.54169,    272.04999
     t,    273.41043,    273.38855,    271.45001
     t,    272.89383,    272.84805,    271.14999
     t,    271.83984,    271.74747,    269.35001
     t,    271.37967,    271.26538,    268.54999
     t,    271.07001,    270.94095,    267.85001
     t,    270.63034,    270.48245,    267.35001
     t,    269.55618,    269.36407,    265.75000
     t,    269.09561,    268.87860,    265.35001
     t,    268.63495,    268.39740,    264.75000
     t,    268.07599,    267.81351,    267.25000
     t,    266.61319,    266.30981,    265.25000
     t,    266.26572,    265.96503,    265.04999
     t,    265.79901,    265.50189,    266.35001
     t,    265.19366,    264.88831,    266.35001
     t,    263.46188,    263.17807,    264.25000
     t,    260.41885,    260.21619,    262.14999
     t,    257.70523,    257.55493,    258.45001
     t,    257.26059,    257.10281,    257.35001
     t,    254.73167,    254.63361,    254.95000
     t,    254.09824,    254.04945,    254.55000
     t,    253.08516,    253.12114,    253.45000
     t,    251.90324,    252.03564,    251.85001
     t,    250.78232,    251.04535,    250.35001
     t,    249.66563,    250.06541,    249.75000
     t,    249.12495,    249.60982,    249.25000
     t,    247.02820,    247.79881,    247.85001
     t,    243.09932,    243.67757,    244.45000
     t,    235.99554,    235.44054,    238.45000
     t,    232.99348,    232.47768,    234.64999
     t,    231.96692,    231.48901,    233.45000
     t,    230.71959,    230.28476,    233.05000
     t,    222.00867,    221.75648,    222.85001
     t,    216.91350,    216.77507,    216.85001
     t,    215.36806,    215.27475,    216.64999
     t,    209.18033,    209.34346,    208.45000
     t,    207.82906,    208.05791,    206.45000
     t,    204.39244,    204.50156,    198.25000
     t,    203.95132,    204.00691,    198.85001
     t,    203.53802,    203.51749,    197.05000
     t,    203.37842,    203.32780,    198.05000
     t,    203.29207,    203.22510,    197.64999
     t,    203.11703,    203.01689,    198.45000
     t,    203.19312,    203.13646,    197.45000
     t,    203.27440,    203.24213,    200.45000
     t,    203.52495,    203.53810,    203.25000
     t,    204.36723,    204.43321,    201.05000
     t,    204.94229,    205.04594,    202.05000
     t,    205.00238,    205.11043,    202.64999
     t,    205.07790,    205.19150,    207.05000
     t,    205.20886,    205.33446,    207.85001
     t,    206.73520,    207.11179,    204.85001
     t,    207.36182,    207.87987,    206.05000
     t,    207.53888,    208.07817,    208.45000
     t,    207.81798,    208.37294,    208.45000
     t,    208.98703,    209.59348,    207.64999
     t,    210.16869,    210.67435,    211.25000
     t,    211.29533,    211.52066,    211.45000
     t,    308.88193,    309.01682,    305.25000
     t,    305.03781,    305.01889,    300.25000
     t,    302.30450,    302.16147,    297.35001
     t,    298.34079,    298.10623,    295.04999
     t,    292.08511,    292.16727,    289.85001
     t,    289.73083,    290.00098,    287.25000
     t,    288.97580,    289.25250,    288.45001
     t,    287.25604,    287.52707,    287.04999
     t,    286.29306,    286.50027,    286.25000
     t,    285.58316,    285.74335,    286.14999
     t,    274.96271,    274.71088,    274.25000
     t,    273.65054,    273.36154,    273.14999
     t,    269.30563,    269.00729,    267.64999
     t,    269.04813,    268.75214,    267.75000
     t,    268.87558,    268.58118,    267.75000
     t,    268.70236,    268.40955,    267.35001
     t,    267.01184,    266.72910,    265.95001
     t,    266.31650,    266.02753,    266.75000
     t,    263.65240,    263.33487,    264.04999
     t,    259.99960,    259.63672,    259.14999
     t,    257.80328,    257.42548,    258.25000
     t,    257.12988,    256.74915,    257.85001
     t,    251.66335,    251.37639,    251.45000
     t,    243.63487,    243.53131,    246.25000
     t,    242.17065,    242.07930,    244.45000
     t,    233.24834,    233.23050,    235.05000
     t,    232.48227,    232.46925,    234.25000
     t,    222.37714,    222.48570,    222.25000
     t,    218.55574,    218.75330,    217.85001
     t,    213.73383,    214.13866,    213.25000
     t,    213.01479,    213.45369,    214.25000
     t,    210.54678,    210.98064,    210.45000
     t,    205.88565,    206.05603,    202.25000
     t,    204.55624,    204.75571,    198.64999
     t,    203.93469,    204.02180,    198.85001
     t,    203.63141,    203.54623,    200.25000
     t,    203.52852,    203.14587,    201.05000
     t,    204.22020,    203.74492,    207.05000
     t,    207.14912,    207.23431,    205.45000
     t,    207.82135,    208.08240,    210.05000
     t,    208.60587,    208.65239,    207.25000
     t,    209.24088,    209.22093,    208.45000
     t,    294.92944,    294.76266,    292.33539
     t,    279.79712,    279.71228,    280.14023
     t,    227.85480,    227.89435,    228.66879
     q,      0.57188,      0.58987,      0.64801
     q,      0.57069,      0.58737,      0.58490
     q,      0.57635,      0.59151,      0.63274
     q,      0.56785,      0.57375,      0.59347
     q,      0.70958,      0.71300,      0.77280
     q,      0.80763,      0.80688,      0.82605
     q,      0.83715,      0.83873,      0.84621
     q,      0.86894,      0.87396,      0.73433
     q,      0.90686,      0.92395,      0.73801
     q,      0.88441,      0.90208,      0.67659
     q,      0.85051,      0.86734,      0.64598
     q,      0.83770,      0.85474,      0.76475
     q,      0.82111,      0.83842,      0.78300
     q,      0.78634,      0.80488,      0.71347
     q,      0.78483,      0.80338,      0.71228
     q,      0.74796,      0.76655,      0.82607
     q,      0.67259,      0.68702,      0.96484
     q,      0.65357,      0.66755,      1.02644
     q,      0.59106,      0.60107,      0.86544
     q,      0.55443,      0.56354,      0.87453
     q,      0.54202,      0.55126,      0.74737
     q,      0.53019,      0.54007,      0.77423
     q,      0.52506,      0.53547,      0.62718
     q,      0.51456,      0.52606,      0.83951
     q,      0.51188,      0.52366,      0.82490
     q,      0.50918,      0.52125,      0.84776
     q,      0.50372,      0.51635,      0.75923
     q,      0.48390,      0.49859,      0.80423
     q,      0.44154,      0.46173,      0.63165
     q,      0.42135,      0.44375,      0.72178
     q,      0.40727,      0.43121,      0.64151
     q,      0.39933,      0.42582,      0.68760
     q,      0.37658,      0.40594,      0.58965
     q,      0.36790,      0.40073,      0.58563
     q,      0.35707,      0.39156,      0.58187
     q,      0.34322,      0.37982,      0.72334
     q,      0.33271,      0.37929,      0.78680
     q,      0.33563,      0.38381,      0.79421
     q,      0.33974,      0.39015,      0.92542
     q,      0.34890,      0.40584,      0.93877
     q,      0.37614,      0.43981,      0.89040
     q,      0.47754,      0.53719,      0.97931
     q,      0.62713,      0.66291,      0.85490
     q,      0.66012,      0.68669,      0.80075
     q,      0.78995,      0.76199,      0.69204
     q,      0.78722,      0.76041,      0.79582
     q,      0.78355,      0.76185,      0.73155
     q,      0.77715,      0.75858,      0.70245
     q,      0.76470,      0.76287,      0.50122
     q,      0.74600,      0.76369,      0.35048
     q,      0.73838,      0.77121,      0.17063
     q,      0.69669,      0.78532,      0.10171
     q,      0.57674,      0.74883,      0.09687
     q,      0.52958,      0.51095,      0.53160
     q,      0.61314,      0.59963,      0.59421
     q,      0.68143,      0.67598,      0.65314
     q,      0.78068,      0.78187,      0.71047
     q,      0.88708,      0.86591,      0.86049
     q,      0.83479,      0.78235,      0.79272
     q,      0.80921,      0.75800,      0.62081
     q,      0.75311,      0.70655,      0.51628
     q,      0.74767,      0.70890,      0.51565
     q,      0.74336,      0.71076,      0.46538
     q,      0.62837,      0.62676,      0.79231
     q,      0.58687,      0.58118,      0.61136
     q,      0.41929,      0.39930,      0.65782
     q,      0.40913,      0.38895,      0.31626
     q,      0.40217,      0.38187,      0.34890
     q,      0.39508,      0.37465,      0.37165
     q,      0.32131,      0.29937,      0.34274
     q,      0.30183,      0.27914,      0.10888
     q,      0.21193,      0.18532,      0.24015
     q,      0.17989,      0.12978,      0.13720
     q,      0.23787,      0.15643,      0.05848
     q,      0.28077,      0.18505,      0.10145
     q,      0.46239,      0.30252,      0.03546
     q,      0.85898,      0.86408,      0.79350
     q,      0.71189,      0.71263,      0.61959
     t,    297.93298,    296.78021,    297.04999
     t,    297.93301,    296.78021,    296.35001
     t,    297.00864,    295.82541,    294.25000
     t,    295.45126,    294.36462,    293.25000
     t,    294.24454,    294.60336,    292.64999
     t,    294.06433,    294.78339,    292.35001
     t,    294.04391,    294.70618,    293.04999
     t,    294.15039,    294.48718,    292.25000
     t,    293.73175,    294.05380,    291.35001
     t,    292.52194,    292.97110,    289.85001
     t,    292.28354,    292.75067,    289.14999
     t,    291.95035,    292.39005,    287.95001
     t,    291.61459,    292.02673,    287.14999
     t,    289.68210,    289.95795,    287.35001
     t,    284.75906,    284.93472,    282.54999
     t,    284.60632,    284.77991,    282.25000
     t,    283.52277,    283.68182,    281.75000
     t,    283.05228,    283.20499,    281.45001
     t,    282.65698,    282.80435,    281.54999
     t,    280.10104,    280.20505,    279.85001
     t,    277.93973,    278.00644,    278.95001
     t,    275.65527,    275.61398,    276.04999
     t,    275.15179,    275.08667,    275.95001
     t,    272.86041,    272.70676,    272.85001
     t,    271.91113,    271.72659,    272.45001
     t,    271.12003,    270.90973,    271.75000
     t,    270.49548,    270.26483,    271.25000
     t,    267.93173,    267.73618,    268.75000
     t,    267.63800,    267.44739,    268.35001
     t,    264.91833,    264.79880,    265.14999
     t,    263.68475,    263.60690,    263.85001
     t,    259.83667,    259.88873,    260.14999
     t,    256.56512,    256.69470,    256.04999
     t,    256.15524,    256.28433,    255.64999
     t,    254.62955,    254.75716,    254.55000
     t,    254.06259,    254.18959,    253.95000
     t,    253.05609,    253.18202,    252.95000
     t,    252.31297,    252.41278,    252.14999
     t,    250.47630,    250.50359,    250.35001
     t,    249.69293,    249.68929,    249.55000
     t,    248.25763,    248.19673,    248.55000
     t,    246.11098,    245.98003,    246.05000
     t,    244.73660,    244.56810,    245.45000
     t,    240.18471,    239.98524,    240.85001
     t,    238.33995,    238.15410,    238.64999
     t,    235.69594,    235.57280,    235.25000
     t,    234.40742,    234.31483,    234.85001
     t,    231.23735,    231.19814,    232.05000
     t,    222.57419,    222.60759,    223.45000
     t,    222.17294,    222.20753,    223.25000
     t,    220.68643,    220.72993,    222.85001
     t,    214.15665,    214.19257,    213.25000
     t,    212.60933,    212.58932,    211.25000
     t,    212.12703,    212.08760,    210.25000
     t,    211.38506,    211.30013,    208.25000
     t,    210.25540,    210.04701,    206.25000
     t,    209.99281,    209.75179,    207.25000
     t,    209.26048,    208.95154,    207.25000
     t,    207.98917,    207.72076,    204.85001
     t,    207.23813,    207.60788,    204.85001
     t,    207.02440,    207.71559,    207.05000
     t,    206.90997,    207.82076,    206.05000
     t,    207.02968,    207.91537,    208.25000
     t,    207.64578,    208.29890,    207.45000
     t,    207.89598,    208.42049,    209.05000
     t,    208.83527,    208.86520,    207.25000
     t,    210.64883,    210.56555,    207.85001
     t,    210.81114,    210.82538,    210.85001
     t,    210.82286,    210.84413,    210.85001
     t,    211.10919,    211.30249,    212.45000
     t,    211.91821,    212.34680,    209.85001
     t,    212.68263,    213.20007,    211.85001
     t,    212.91925,    213.48235,    213.64999
     t,    226.61285,    226.62311,    227.51543
     t,    295.40283,    294.63995,    295.75000
     t,    295.40283,    294.63995,    295.14999
     t,    292.02472,    291.23163,    291.04999
     t,    291.33167,    290.42535,    290.25000
     t,    289.05209,    288.56979,    287.25000
     t,    288.86212,    288.53601,    287.85001
     t,    288.45908,    288.69940,    287.45001
     t,    288.29318,    288.87036,    285.95001
     t,    287.55478,    288.67139,    283.95001
     t,    287.25894,    288.41089,    284.54999
     t,    285.40933,    286.50745,    282.45001
     t,    284.04468,    285.03925,    282.35001
     t,    283.85281,    284.82474,    282.04999
     t,    283.46661,    284.39304,    281.75000
     t,    283.20731,    284.10315,    281.25000
     t,    282.48633,    283.29715,    282.14999
     t,    281.61908,    282.32764,    281.04999
     t,    281.28159,    281.94601,    280.64999
     t,    280.94553,    281.53534,    280.45001
     t,    280.53882,    281.03833,    279.85001
     t,    278.65457,    278.73581,    277.04999
     t,    278.44064,    278.47495,    276.85001
     t,    277.54816,    277.40897,    276.75000
     t,    276.58084,    276.28976,    276.04999
     t,    274.16043,    273.48923,    273.25000
     t,    272.69742,    272.11591,    271.75000
     t,    268.32364,    268.03760,    267.54999
     t,    267.21179,    266.99561,    266.85001
     t,    266.64642,    266.46750,    266.85001
     t,    266.18997,    266.04117,    266.64999
     t,    265.04474,    264.96115,    265.25000
     t,    263.82642,    263.75357,    263.64999
     t,    260.22095,    260.17847,    259.25000
     t,    259.23416,    259.19855,    258.35001
     t,    257.97153,    257.94083,    256.64999
     t,    257.71542,    257.68570,    256.64999
     t,    257.06973,    257.04251,    256.54999
     t,    256.80930,    256.78308,    256.54999
     t,    255.13843,    255.12646,    255.14999
     t,    254.85031,    254.84045,    254.95000
     t,    253.83321,    253.83330,    253.95000
     t,    250.98207,    250.99800,    250.55000
     t,    248.81042,    248.81917,    248.35001
     t,    247.69395,    247.69983,    247.14999
     t,    243.62488,    243.62671,    244.14999
     t,    238.61981,    238.63829,    239.55000
     t,    238.42128,    238.44214,    239.35001
     t,    230.85986,    230.90973,    231.64999
     t,    228.10808,    228.19249,    228.64999
     t,    225.28740,    225.37924,    225.05000
     t,    222.21538,    222.22794,    220.25000
     t,    222.00513,    222.01585,    220.85001
     t,    220.68095,    220.69405,    219.45000
     t,    220.34000,    220.35051,    219.64999
     t,    219.42441,    219.44334,    220.25000
     t,    218.38632,    218.42035,    219.85001
     t,    216.67749,    216.71123,    216.64999
     t,    215.53535,    215.56305,    215.64999
     t,    215.12650,    215.14967,    214.45000
     t,    214.57056,    214.58876,    214.64999
     t,    211.97311,    211.94879,    210.05000
     t,    211.71613,    211.67577,    210.25000
     t,    210.64609,    210.53882,    208.85001
     t,    210.50792,    210.39227,    209.25000
     t,    209.51312,    209.34685,    206.64999
     t,    209.37778,    209.19144,    207.45000
     t,    209.27481,    209.03976,    206.85001
     t,    209.29196,    209.03595,    211.64999
     t,    209.55504,    209.39273,    211.64999
     t,    210.12331,    210.20149,    208.64999
     t,    210.40973,    210.53523,    209.45000
     t,    210.93338,    210.93817,    207.45000
     t,    211.53812,    211.45586,    209.25000
     t,    211.59566,    211.51248,    209.05000
     t,    211.84787,    211.76068,    211.45000
     t,    213.54449,    213.68268,    211.64999
     t,    293.65500,    292.92499,    293.05728
     q,      0.79955,      0.77524,      0.87190
     q,      0.79955,      0.77524,      0.78115
     q,      0.83102,      0.80689,      0.78539
     q,      0.89328,      0.86826,      0.84729
     q,      0.93652,      0.95619,      0.87851
     q,      0.94235,      0.97488,      0.87713
     q,      0.94768,      0.99302,      0.89758
     q,      0.92107,      0.98458,      0.83338
     q,      0.91924,      0.97614,      0.81174
     q,      0.92203,      0.95961,      0.80052
     q,      0.92212,      0.95560,      0.77020
     q,      0.91934,      0.94578,      0.64237
     q,      0.91648,      0.93566,      0.64155
     q,      0.88804,      0.87413,      0.78156
     q,      0.72119,      0.69086,      0.70827
     q,      0.71857,      0.68901,      0.70488
     q,      0.70027,      0.67606,      0.75840
     q,      0.69121,      0.66963,      0.74885
     q,      0.68330,      0.66403,      0.67575
     q,      0.66003,      0.65150,      0.72415
     q,      0.64948,      0.64978,      0.69317
     q,      0.63935,      0.64791,      0.76043
     q,      0.63682,      0.64746,      0.67813
     q,      0.61512,      0.63942,      0.72558
     q,      0.60047,      0.63282,      0.76332
     q,      0.58716,      0.62683,      0.52548
     q,      0.57586,      0.62174,      0.45307
     q,      0.53717,      0.59330,      0.34577
     q,      0.53202,      0.58942,      0.34158
     q,      0.50307,      0.55805,      0.37677
     q,      0.49776,      0.54472,      0.26022
     q,      0.48444,      0.49090,      0.25166
     q,      0.47680,      0.43424,      0.51277
     q,      0.47559,      0.42889,      0.51049
     q,      0.46985,      0.40522,      0.33096
     q,      0.46767,      0.39560,      0.39734
     q,      0.46334,      0.37647,      0.32655
     q,      0.45856,      0.36926,      0.19372
     q,      0.44447,      0.35256,      0.22998
     q,      0.43731,      0.34408,      0.34104
     q,      0.42286,      0.32662,      0.23455
     q,      0.40559,      0.28838,      0.17551
     q,      0.76942,      0.75882,      0.80602
     q,      0.76942,      0.75882,      0.73897
     q,      0.86375,      0.85588,      0.84250
     q,      0.88618,      0.88030,      0.87434
     q,      0.97369,      0.96802,      0.84854
     q,      0.97903,      0.97708,      0.85896
     q,      0.94539,      0.96712,      0.82687
     q,      0.91238,      0.95038,      0.70330
     q,      0.73842,      0.74221,      0.60014
     q,      0.70849,      0.69690,      0.68104
     q,      0.66573,      0.60784,      0.67535
     q,      0.61715,      0.54331,      0.65406
     q,      0.60785,      0.53460,      0.62477
     q,      0.58874,      0.51670,      0.54534
     q,      0.57561,      0.50440,      0.40590
     q,      0.53777,      0.46896,      0.21298
     q,      0.48947,      0.42372,      0.19047
     q,      0.46989,      0.40718,      0.40354
     q,      0.45062,      0.40399,      0.32642
     q,      0.42666,      0.40003,      0.46176
     q,      0.30562,      0.37748,      0.48749
     q,      0.29075,      0.37507,      0.36266
     q,      0.24435,      0.37084,      0.13222
     q,      0.21739,      0.36807,      0.04332
     q,      0.13825,      0.35992,      0.13318
     q,      0.14089,      0.32318,      0.06072
     q,      0.17597,      0.22591,      0.07450
     q,      0.19675,      0.22606,      0.05624
     q,      0.20848,      0.22559,      0.20394
     q,      0.21857,      0.22519,      0.22756
     q,      0.24314,      0.22654,      0.21984
     q,      0.25179,      0.24344,      0.35780
     q,      0.29357,      0.31170,      0.35209
     q,      0.31795,      0.33804,      0.24303
     q,      0.35451,      0.37780,      0.36433
     q,      0.36269,      0.38669,      0.44727
     q,      0.38462,      0.41054,      0.22273
     q,      0.39404,      0.42079,      0.27689
     q,      0.45200,      0.47470,      0.33554
     q,      0.46300,      0.48447,      0.33688
     q,      0.50398,      0.52052,      0.30268
     q,      0.63160,      0.63373,      0.41380
     q,      0.68008,      0.67740,      0.59150
     q,      0.71049,      0.70458,      0.53090
     q,      0.73969,      0.73207,      0.70717
     q,      0.72464,      0.71869,      0.63291
     q,      0.81133,      0.80726,      0.79142
     t,    215.32022,    215.72745,    213.64999
     t,    215.01031,    215.42046,    216.25000
     t,    214.93466,    215.03011,    211.85001
     t,    215.15680,    215.10197,    213.64999
     t,    215.35497,    215.15770,    213.64999
     t,    215.45695,    215.19046,    215.85001
     t,    217.22437,    216.80977,    215.64999
     t,    217.81766,    217.54718,    219.05000
     t,    301.76437,    301.46259,    302.25000
     t,    301.55685,    301.24930,    300.04999
     t,    300.79877,    300.49911,    299.14999
     t,    298.51840,    298.22318,    296.85001
     t,    291.46390,    291.24319,    289.85001
     t,    289.92480,    290.04657,    287.25000
     t,    289.85315,    290.02527,    287.35001
     t,    289.75714,    289.99673,    289.14999
     t,    289.66071,    289.96808,    289.64999
     t,    289.20520,    289.43021,    289.75000
     t,    288.93680,    289.07425,    289.64999
     t,    288.52847,    288.67252,    289.04999
     t,    288.00424,    288.16891,    288.45001
     t,    287.66730,    287.84195,    287.85001
     t,    287.11981,    287.29279,    287.04999
     t,    284.06158,    284.20407,    284.14999
     t,    283.41846,    283.55289,    283.35001
     t,    276.43542,    276.50818,    275.95001
     t,    273.57108,    273.62628,    273.85001
     t,    271.00415,    271.01312,    271.04999
     t,    269.02911,    269.00110,    269.35001
     t,    268.28070,    268.23434,    268.85001
     t,    264.19135,    264.06552,    264.25000
     t,    263.54443,    263.41385,    263.45001
     t,    263.35764,    263.22586,    263.25000
     t,    262.31671,    262.17825,    262.75000
     t,    259.67224,    259.51886,    259.54999
     t,    259.06540,    258.90915,    260.04999
     t,    258.03522,    257.87387,    259.04999
     t,    256.89487,    256.73221,    257.95001
     t,    254.44272,    254.27304,    255.55000
     t,    254.06474,    253.89400,    255.14999
     t,    252.60184,    252.43214,    253.55000
     t,    251.19138,    251.02736,    251.85001
     t,    249.15401,    248.99765,    249.64999
     t,    247.94643,    247.79590,    248.35001
     t,    243.47986,    243.35600,    243.64999
     t,    240.63350,    240.52432,    240.25000
     t,    238.36998,    238.27367,    237.64999
     t,    236.78246,    236.69646,    236.85001
     t,    236.60242,    236.51744,    236.64999
     t,    230.99939,    230.94380,    231.05000
     t,    228.40837,    228.36113,    228.05000
     t,    226.96147,    226.91402,    226.85001
     t,    223.74564,    223.70358,    224.25000
     t,    217.84190,    217.85271,    216.45000
     t,    217.25488,    217.27225,    215.85001
     t,    216.60321,    216.63420,    214.05000
     t,    216.38222,    216.42165,    215.05000
     t,    216.06296,    216.11292,    213.64999
     t,    215.95494,    216.06274,    215.05000
     t,    215.96527,    216.09157,    216.45000
     t,    215.99306,    216.16928,    217.64999
     t,    215.96744,    216.21840,    217.85001
     t,    215.91270,    216.22205,    216.64999
     t,    215.88361,    216.22072,    215.64999
     t,    215.80916,    216.16908,    216.05000
     t,    215.64362,    216.01958,    214.64999
     t,    215.47043,    215.86478,    214.45000
     t,    215.33109,    215.70917,    215.25000
     t,    215.11127,    215.46468,    213.85001
     t,    214.99805,    215.33987,    215.05000
     t,    214.80328,    215.10738,    213.45000
     t,    214.60358,    214.86945,    213.25000
     t,    214.16959,    214.29073,    211.85001
     t,    213.99371,    214.02945,    213.25000
     t,    213.91312,    213.82202,    210.85001
     t,    213.70772,    213.45651,    212.25000
     t,    213.62346,    213.30298,    214.85001
     t,    213.94664,    213.38690,    213.64999
     t,    214.00830,    213.44844,    213.64999
     t,    214.40849,    213.84537,    215.05000
     t,    216.97046,    216.98615,    214.25000
     t,    217.66069,    217.79266,    215.45000
     q,      0.41466,      0.37338,      0.45313
     q,      0.41728,      0.37547,      0.40463
     q,      0.42772,      0.38421,      0.40086
     q,      0.47305,      0.42360,      0.42370
     q,      0.63815,      0.54831,      0.60954
     q,      0.51735,      0.39737,      0.62325
     q,      0.49219,      0.37136,      0.61113
     q,      0.45872,      0.33675,      0.52203
     q,      0.42534,      0.30223,      0.44151
     q,      0.33650,      0.26715,      0.15397
     q,      0.28489,      0.25499,      0.27998
     q,      0.28424,      0.27108,      0.39146
     q,      0.28757,      0.29456,      0.29269
     q,      0.28956,      0.30981,      0.37925
     q,      0.30440,      0.32894,      0.32430
     q,      0.43058,      0.44211,      0.40121
     q,      0.45357,      0.46423,      0.42439
     q,      0.67738,      0.68124,      0.67126
     q,      0.70753,      0.71378,      0.65158
     q,      0.68068,      0.69449,      0.63041
     q,      0.65032,      0.66967,      0.64287
     q,      0.62897,      0.64697,      0.72127
     q,      0.49970,      0.50879,      0.60968
     q,      0.48584,      0.49353,      0.66743
     q,      0.48182,      0.48909,      0.67125
     q,      0.45783,      0.46257,      0.62650
     q,      0.42495,      0.42866,      0.63922
     q,      0.42081,      0.42491,      0.54512
     q,      0.41255,      0.41743,      0.45483
     q,      0.40753,      0.41363,      0.25891
     q,      0.40361,      0.41274,      0.30500
     q,      0.40295,      0.41264,      0.22557
     q,      0.40193,      0.41264,      0.19619
     q,      0.40265,      0.41331,      0.12166
     q,      0.40403,      0.41454,      0.16039
     q,      0.40442,      0.41496,      0.26036
     q,      0.40256,      0.41261,      0.26854
     q,      0.39746,      0.40733,      0.37149
     q,      0.39271,      0.40220,      0.39225
     q,      0.39141,      0.40101,      0.26581
     q,      0.39140,      0.40059,      0.26435
     t,    306.99466,    306.92804,    308.54999
     t,    306.03378,    305.96671,    306.14999
     t,    305.58337,    305.51596,    305.75000
     t,    299.59689,    299.57758,    299.54999
     t,    298.53284,    298.49777,    298.14999
     t,    298.07724,    298.04965,    297.85001
     t,    295.87534,    295.89691,    295.04999
     t,    295.28375,    295.31915,    294.35001
     t,    294.22458,    294.24680,    293.04999
     t,    293.59808,    293.61581,    292.85001
     t,    291.81094,    291.83212,    291.75000
     t,    290.76297,    290.77698,    290.45001
     t,    289.95593,    289.96426,    289.45001
     t,    288.92648,    288.92987,    288.45001
     t,    287.70291,    287.70767,    287.75000
     t,    286.74777,    286.75357,    286.75000
     t,    285.85046,    285.85730,    285.85001
     t,    283.74164,    283.74545,    283.75000
     t,    283.06085,    283.06308,    283.25000
     t,    280.78421,    280.78091,    280.35001
     t,    277.90610,    277.90405,    277.45001
     t,    277.46997,    277.46814,    276.95001
     t,    276.85324,    276.85175,    276.45001
     t,    276.43253,    276.43140,    276.04999
     t,    275.09662,    275.09866,    275.14999
     t,    274.37515,    274.37659,    274.64999
     t,    273.96918,    273.97144,    274.35001
     t,    273.06302,    273.06717,    273.75000
     t,    271.90271,    271.90817,    272.54999
     t,    268.68393,    268.69330,    268.45001
     t,    265.33643,    265.35385,    265.04999
     t,    263.12732,    263.15311,    263.35001
     t,    260.49289,    260.52985,    260.35001
     t,    259.02527,    259.07144,    258.85001
     t,    257.51074,    257.56641,    257.45001
     t,    252.77641,    252.83083,    252.85001
     t,    250.95345,    251.00227,    250.64999
     t,    250.14073,    250.18648,    249.85001
     t,    241.70943,    241.72865,    241.25000
     t,    234.99988,    235.01744,    234.45000
     t,    231.27095,    231.30135,    231.05000
     t,    221.85873,    221.92607,    221.25000
     t,    220.75240,    220.81572,    220.45000
     t,    220.13118,    220.18825,    219.85001
     t,    219.92064,    219.97548,    219.85001
     t,    219.06776,    219.11363,    218.85001
     t,    216.86435,    216.89088,    216.25000
     t,    211.67746,    211.77957,    210.05000
     t,    209.76941,    209.86238,    209.05000
     t,    208.84131,    208.92526,    208.05000
     t,    207.61407,    207.65485,    207.25000
     t,    205.83434,    205.86752,    204.05000
     t,    205.45776,    205.52679,    204.45000
     t,    204.29793,    204.45372,    202.64999
     t,    204.04443,    204.20355,    203.45000
     t,    203.25645,    203.42915,    203.05000
     t,    202.55260,    202.65544,    199.85001
     t,    202.09239,    202.11996,    199.45000
     t,    202.18004,    202.15715,    200.85001
     t,    202.45190,    202.35349,    205.25000
     t,    202.77847,    202.60266,    204.05000
     t,    203.28709,    203.04713,    205.25000
     t,    204.78314,    204.28043,    204.05000
     t,    205.79106,    205.19704,    206.25000
     t,    207.43001,    207.37631,    208.85001
     t,    209.02319,    209.36801,    207.64999
     t,    209.39957,    209.71233,    209.45000
     t,    210.40382,    210.62476,    209.85001
     t,    210.44363,    210.66124,    211.85001
     t,    304.08969,    304.02142,    304.31436
     t,    302.52661,    302.46021,    302.79196
     t,    310.56659,    310.79260,    309.95001
     t,    310.56656,    310.79257,    309.25000
     t,    309.80515,    310.03015,    308.04999
     t,    303.74091,    303.95697,    301.85001
     t,    298.85025,    299.05887,    297.14999
     t,    296.51785,    296.70032,    294.95001
     t,    292.33148,    292.31061,    291.04999
     t,    291.83536,    291.81058,    290.75000
     t,    291.33813,    291.31116,    291.75000
     t,    290.42371,    290.40787,    291.14999
     t,    287.89761,    287.93976,    288.85001
     t,    284.92416,    284.68106,    285.45001
     t,    284.77606,    284.51752,    285.25000
     t,    283.32700,    282.93796,    283.85001
     t,    282.62027,    282.20438,    283.45001
     t,    278.36176,    278.17847,    278.54999
     t,    277.43884,    277.41663,    276.95001
     t,    277.15076,    277.17880,    276.75000
     t,    276.67508,    276.72659,    276.95001
     t,    275.75476,    275.80292,    275.54999
     t,    275.24884,    275.29779,    274.75000
     t,    274.99191,    275.04004,    274.45001
     t,    274.64719,    274.69418,    274.25000
     t,    274.29999,    274.34586,    273.85001
     t,    273.77444,    273.81860,    273.25000
     t,    273.15308,    273.19495,    272.25000
     t,    271.92929,    271.94980,    271.04999
     t,    271.35577,    271.36874,    270.75000
     t,    270.77383,    270.77634,    270.75000
     t,    269.48938,    269.46878,    269.85001
     t,    269.28879,    269.26459,    269.54999
     t,    268.22162,    268.19464,    268.75000
     t,    266.13654,    266.11108,    267.14999
     t,    260.26456,    260.30753,    259.75000
     t,    259.37155,    259.41049,    258.54999
     t,    258.46323,    258.49802,    257.54999
     t,    258.06912,    258.10211,    256.95001
     t,    256.86871,    256.89627,    255.55000
     t,    255.67331,    255.69763,    255.05000
     t,    250.84917,    250.86388,    251.25000
     t,    242.39204,    242.38765,    242.64999
     t,    238.38329,    238.35297,    238.25000
     t,    232.87964,    232.82176,    233.45000
     t,    232.29355,    232.23383,    232.85001
     t,    229.45003,    229.46997,    229.45000
     t,    228.39272,    228.44106,    228.25000
     t,    226.30568,    226.40251,    225.64999
     t,    223.27885,    223.43845,    222.25000
     t,    221.42719,    221.59926,    220.64999
     t,    217.80455,    217.95461,    217.25000
     t,    210.02885,    210.08012,    208.64999
     t,    207.67421,    207.73949,    206.45000
     t,    205.08028,    204.95692,    202.05000
     t,    204.79742,    204.62233,    203.25000
     t,    204.03036,    203.72952,    200.85001
     t,    203.97304,    203.66798,    201.05000
     t,    203.91522,    203.60594,    202.05000
     t,    203.67889,    203.35234,    201.05000
     t,    203.32990,    203.14374,    201.64999
     t,    203.21005,    203.16116,    203.45000
     t,    203.08665,    203.17911,    202.25000
     t,    203.06499,    203.26239,    200.64999
     t,    203.26416,    203.55682,    204.05000
     t,    203.92914,    204.19806,    203.25000
     t,    204.35585,    204.59805,    204.45000
     t,    204.68442,    204.89575,    207.25000
     t,    205.94601,    205.97113,    206.85001
     t,    208.82262,    208.28510,    206.64999
     t,    209.48114,    208.83115,    208.05000
     t,    211.16936,    210.69612,    208.85001
     t,    308.78870,    309.00940,    307.01056
     t,    307.53461,    307.75137,    305.73318
     t,    305.95142,    306.16721,    304.12183
     t,    308.19141,    308.22348,    310.35001
     t,    308.19141,    308.22348,    309.45001
     t,    307.77768,    307.80777,    308.25000
     t,    301.95505,    301.98212,    302.04999
     t,    296.16055,    296.17441,    295.95001
     t,    295.18573,    295.19449,    295.45001
     t,    295.09647,    295.10477,    295.25000
     t,    292.67758,    292.70065,    292.85001
     t,    292.20724,    292.23538,    292.25000
     t,    290.02643,    290.04544,    289.54999
     t,    289.42557,    289.43881,    288.95001
     t,    288.76587,    288.77164,    288.14999
     t,    287.62436,    287.61719,    287.14999
     t,    286.49268,    286.47610,    285.85001
     t,    285.64490,    285.62402,    284.85001
     t,    284.51471,    284.48856,    283.85001
     t,    282.03958,    282.01178,    281.25000
     t,    281.47330,    281.44693,    281.04999
     t,    281.18756,    281.16193,    281.04999
     t,    280.90009,    280.87518,    280.85001
     t,    280.68332,    280.65894,    280.45001
     t,    280.46552,    280.44168,    280.25000
     t,    279.42789,    279.40799,    279.14999
     t,    278.51636,    278.50070,    278.35001
     t,    277.19305,    277.18530,    277.45001
     t,    276.23297,    276.23022,    276.45001
     t,    275.69034,    275.68655,    275.85001
     t,    274.06662,    274.05167,    273.75000
     t,    273.43286,    273.41299,    272.95001
     t,    272.54642,    272.52051,    271.95001
     t,    272.25369,    272.22641,    271.75000
     t,    271.88965,    271.86060,    271.64999
     t,    271.37418,    271.34268,    271.35001
     t,    270.32651,    270.28979,    270.54999
     t,    269.55807,    269.51779,    269.54999
     t,    265.67804,    265.62320,    265.95001
     t,    265.12848,    265.07349,    265.54999
     t,    263.97311,    263.92050,    263.95001
     t,    262.79150,    262.74063,    263.04999
     t,    258.86276,    258.82285,    258.54999
     t,    258.32596,    258.28784,    258.14999
     t,    255.07869,    255.05217,    254.85001
     t,    253.42706,    253.40678,    252.85001
     t,    252.03612,    252.02101,    252.25000
     t,    241.68883,    241.68108,    241.85001
     t,    234.75246,    234.77553,    234.05000
     t,    231.86829,    231.90134,    231.45000
     t,    229.04562,    229.08522,    228.45000
     t,    224.54364,    224.58839,    224.85001
     t,    221.01662,    221.06242,    220.64999
     t,    218.52673,    218.57210,    217.64999
     t,    212.82220,    212.85669,    211.25000
     t,    209.65544,    209.70410,    208.85001
     t,    208.46434,    208.52115,    209.05000
     t,    207.24188,    207.30707,    207.45000
     t,    206.75174,    206.81685,    206.05000
     t,    206.12265,    206.18529,    206.05000
     t,    205.28323,    205.34120,    203.25000
     t,    204.78256,    204.83676,    203.64999
     t,    204.47360,    204.52611,    202.25000
     t,    203.27824,    203.31116,    200.64999
     t,    202.98750,    203.01332,    202.25000
     t,    202.74152,    202.74709,    202.25000
     t,    202.42049,    202.39964,    200.85001
     t,    203.13843,    203.09630,    202.05000
     t,    203.69768,    203.64565,    205.05000
     t,    204.74635,    204.67183,    202.45000
     t,    205.56340,    205.44951,    207.45000
     t,    206.15353,    206.01019,    205.64999
     t,    206.49742,    206.34140,    206.25000
     t,    207.58612,    207.39026,    207.85001
     t,    208.30304,    208.11108,    207.05000
     t,    208.83057,    208.64317,    208.85001
     t,    210.35008,    210.22372,    207.64999
     t,    211.23578,    211.16568,    212.05000
     t,    305.86047,    305.88763,    306.11258
     t,    304.30795,    304.33514,    304.50119
     t,    306.87421,    306.83246,    306.95001
     t,    303.23175,    303.23373,    304.04999
     t,    303.23175,    303.23376,    303.75000
     t,    303.15219,    303.13229,    303.95001
     t,    303.15219,    303.13226,    303.75000
     t,    303.22040,    303.20273,    303.95001
     t,    303.22040,    303.20270,    303.54999
     t,    303.44427,    303.42987,    303.85001
     t,    303.44427,    303.42987,    303.25000
     t,    303.35376,    303.32877,    303.45001
     t,    303.35373,    303.32877,    303.35001
     t,    303.42740,    303.40295,    303.64999
     t,    303.42737,    303.40295,    303.54999
     t,    303.18631,    302.94760,    303.54999
     t,    303.18631,    302.94760,    303.75000
     t,    303.96149,    303.96014,    303.45001
     t,    303.96149,    303.96014,    302.95001
     t,    304.96033,    304.98148,    303.75000
     t,    304.96030,    304.98148,    304.54999
     t,    304.71216,    304.72430,    303.85001
     t,    304.71216,    304.72430,    303.35001
     t,    303.55200,    303.48947,    305.14999
     t,    303.55200,    303.48947,    304.25000
     t,    306.87421,    306.83246,    307.45001
     t,    303.23178,    303.23376,    304.35001
     t,    303.23178,    303.23376,    303.45001
     t,    303.23178,    303.23376,    302.95001
     t,    303.15219,    303.13226,    303.85001
     t,    303.15219,    303.13226,    303.64999
     t,    303.15219,    303.13226,    303.75000
     t,    303.22040,    303.20270,    304.35001
     t,    303.22040,    303.20270,    302.64999
     t,    303.22040,    303.20270,    302.54999
     t,    303.44424,    303.42984,    304.64999
     t,    303.44427,    303.42987,    302.75000
     t,    303.44424,    303.42984,    302.14999
     t,    303.35373,    303.32874,    303.64999
     t,    303.35373,    303.32874,    303.14999
     t,    303.35373,    303.32874,    303.04999
     t,    303.42740,    303.40295,    304.25000
     t,    303.42740,    303.40295,    303.25000
     t,    303.42740,    303.40295,    303.14999
     t,    303.18631,    302.94760,    303.64999
     t,    303.18631,    302.94760,    303.75000
     t,    303.18634,    302.94760,    303.45001
     t,    303.96149,    303.96014,    305.95001
     t,    303.96149,    303.96014,    302.35001
     t,    303.96149,    303.96011,    301.75000
     t,    304.96033,    304.98151,    303.35001
     t,    304.96030,    304.98148,    304.54999
     t,    304.96030,    304.98148,    304.04999
     t,    304.71216,    304.72430,    303.75000
     t,    304.71216,    304.72430,    302.95001
     t,    304.71213,    304.72427,    302.14999
     t,    303.55200,    303.48947,    305.75000
     t,    303.55200,    303.48947,    303.85001
     t,    303.55200,    303.48947,    303.25000
     t,    306.87418,    306.83243,    307.04999
     t,    303.23175,    303.23376,    304.25000
     t,    303.23175,    303.23373,    304.14999
     t,    303.15219,    303.13226,    304.14999
     t,    303.15219,    303.13226,    303.85001
     t,    303.22040,    303.20270,    304.25000
     t,    303.22040,    303.20270,    304.14999
     t,    303.44427,    303.42987,    303.85001
     t,    303.44424,    303.42984,    304.04999
     t,    303.35373,    303.32874,    303.54999
     t,    303.35373,    303.32874,    303.64999
     t,    303.42740,    303.40295,    304.14999
     t,    303.42737,    303.40295,    304.04999
     t,    303.18631,    302.94760,    303.64999
     t,    303.18631,    302.94760,    303.75000
     t,    303.96149,    303.96014,    305.85001
     t,    303.96149,    303.96011,    304.75000
     t,    304.96033,    304.98148,    303.25000
     t,    304.96033,    304.98148,    303.25000
     t,    304.71216,    304.72430,    304.25000
     t,    304.71213,    304.72427,    304.14999
     t,    303.55200,    303.48947,    305.75000
     t,    303.55200,    303.48947,    305.25000
     q,      0.70206,      0.70363,      0.68526
     q,      0.72135,      0.72198,      0.67410
     q,      0.73420,      0.73469,      0.67473
     q,      0.80426,      0.80327,      0.84529
     q,      0.70865,      0.72230,      0.86918
     q,      0.67817,      0.68534,      0.79190
     q,      0.52553,      0.51903,      0.70242
     q,      0.48225,      0.47612,      0.62495
     q,      0.42785,      0.42447,      0.53953
     q,      0.40180,      0.39961,      0.35339
     q,      0.38076,      0.38018,      0.36498
     q,      0.38273,      0.38292,      0.33180
     q,      0.38492,      0.38583,      0.48442
     q,      0.39063,      0.39210,      0.26058
     q,      0.40805,      0.40897,      0.35733
     q,      0.42305,      0.42347,      0.46620
     q,      0.43841,      0.43834,      0.43434
     q,      0.47331,      0.47319,      0.43002
     q,      0.48473,      0.48477,      0.56865
     q,      0.52932,      0.53000,      0.62827
     q,      0.44779,      0.44802,      0.49632
     q,      0.43298,      0.43312,      0.42449
     q,      0.41096,      0.41096,      0.19262
     q,      0.39594,      0.39586,      0.22698
     q,      0.34879,      0.34862,      0.13729
     q,      0.32091,      0.32088,      0.27329
     q,      0.30451,      0.30446,      0.15090
     q,      0.26557,      0.26545,      0.15229
     q,      0.25056,      0.25050,      0.27169
     q,      0.21487,      0.21503,      0.24315
     q,      0.19224,      0.19116,      0.27601
     q,      0.17738,      0.17589,      0.12038
     q,      0.15751,      0.15577,      0.16467
     q,      0.14627,      0.14460,      0.07002
     q,      0.13245,      0.13088,      0.06832
     q,      0.12892,      0.12882,      0.03794
     q,      0.14492,      0.14526,      0.07759
     q,      0.15660,      0.15701,      0.16488
     q,      0.29265,      0.29136,      0.17509
     q,      0.78234,      0.78222,      0.71868
     q,      0.83868,      0.83697,      0.76844
     q,      0.41937,      0.41131,      0.49177
     q,      0.41937,      0.41131,      0.47493
     q,      0.42194,      0.41352,      0.46467
     q,      0.53347,      0.52067,      0.57698
     q,      0.66623,      0.65271,      0.70551
     q,      0.73516,      0.72845,      0.74128
     q,      0.77890,      0.77134,      0.77912
     q,      0.77840,      0.76950,      0.77583
     q,      0.77834,      0.76806,      0.62362
     q,      0.77580,      0.76819,      0.55755
     q,      0.76438,      0.77053,      0.48880
     q,      0.62661,      0.67437,      0.56068
     q,      0.61868,      0.66883,      0.55740
     q,      0.53939,      0.60816,      0.48043
     q,      0.48986,      0.55629,      0.36478
     q,      0.24412,      0.26359,      0.13413
     q,      0.20666,      0.20378,      0.28451
     q,      0.19434,      0.18412,      0.12401
     q,      0.18685,      0.17197,      0.27603
     q,      0.18283,      0.16514,      0.41850
     q,      0.17990,      0.15958,      0.44032
     q,      0.17872,      0.15754,      0.54907
     q,      0.17710,      0.15471,      0.37953
     q,      0.17540,      0.15177,      0.44216
     q,      0.17272,      0.14710,      0.34667
     q,      0.16953,      0.14158,      0.30788
     q,      0.17291,      0.14958,      0.15360
     q,      0.17490,      0.15348,      0.07410
     q,      0.17684,      0.15812,      0.09382
     q,      0.18157,      0.16949,      0.16530
     q,      0.18237,      0.17142,      0.13706
     q,      0.17264,      0.16318,      0.06942
     q,      0.14407,      0.13600,      0.07642
     q,      0.11380,      0.09751,      0.09491
     q,      0.11746,      0.10261,      0.20093
     q,      0.12160,      0.10839,      0.11858
     q,      0.12356,      0.11111,      0.17283
     q,      0.13017,      0.12032,      0.20393
     q,      0.12790,      0.12010,      0.06819
     q,      0.09726,      0.09643,      0.04162
     q,      0.11427,      0.11195,      0.05154
     q,      0.43351,      0.42465,      0.48082
     q,      0.45312,      0.44310,      0.50241
     q,      0.48419,      0.47302,      0.53208
     q,      0.53780,      0.53632,      0.49778
     q,      0.53780,      0.53632,      0.47545
     q,      0.49465,      0.49314,      0.45128
     q,      0.59774,      0.59632,      0.55107
     q,      0.74159,      0.74335,      0.68112
     q,      0.76189,      0.76434,      0.62466
     q,      0.76385,      0.76636,      0.61977
     q,      0.78360,      0.78759,      0.61606
     q,      0.78450,      0.78880,      0.50909
     q,      0.71462,      0.71922,      0.65743
     q,      0.69363,      0.69860,      0.57617
     q,      0.67056,      0.67607,      0.60589
     q,      0.62794,      0.63447,      0.53118
     q,      0.58779,      0.59437,      0.63438
     q,      0.56430,      0.57002,      0.62145
     q,      0.53010,      0.53462,      0.58517
     q,      0.44381,      0.44585,      0.40021
     q,      0.42214,      0.42375,      0.19078
     q,      0.41083,      0.41220,      0.17878
     q,      0.39917,      0.40031,      0.28689
     q,      0.39020,      0.39116,      0.28170
     q,      0.38102,      0.38179,      0.44140
     q,      0.34590,      0.34535,      0.40478
     q,      0.33472,      0.33212,      0.40375
     q,      0.31722,      0.31123,      0.22059
     q,      0.30348,      0.29497,      0.23588
     q,      0.29605,      0.28695,      0.37471
     q,      0.27372,      0.26467,      0.20138
     q,      0.26413,      0.25536,      0.29837
     q,      0.24941,      0.24070,      0.24695
     q,      0.24084,      0.23252,      0.26984
     q,      0.22931,      0.22155,      0.17899
     q,      0.21235,      0.20542,      0.25442
     q,      0.17531,      0.17041,      0.09547
     q,      0.14582,      0.14234,      0.11108
     q,      0.15464,      0.15556,      0.14074
     q,      0.15750,      0.15851,      0.07035
     q,      0.16446,      0.16502,      0.19311
     q,      0.17190,      0.17196,      0.05906
     q,      0.18693,      0.18730,      0.19005
     q,      0.18750,      0.18816,      0.12791
     q,      0.18246,      0.18411,      0.02447
     q,      0.17252,      0.17402,      0.08051
     q,      0.16193,      0.16325,      0.10627
     q,      0.18546,      0.18247,      0.09178
     q,      0.50867,      0.50747,      0.47844
     q,      0.54220,      0.54090,      0.50589
     q,      0.72983,      0.73095,      0.74153
     q,      0.72983,      0.73095,      0.72351
     q,      0.72983,      0.73095,      0.71057
     t,    308.40659,    308.57501,    309.04999
     t,    307.98129,    308.16525,    307.25000
     t,    302.82040,    303.00024,    301.95001
     t,    296.40909,    296.58090,    294.85001
     t,    295.42947,    295.55597,    293.54999
     t,    295.28091,    295.40326,    293.45001
     t,    294.98267,    295.09671,    293.75000
     t,    294.60785,    294.71143,    292.95001
     t,    294.30637,    294.40152,    292.75000
     t,    293.85135,    293.93384,    292.85001
     t,    292.80154,    292.85715,    292.45001
     t,    292.14359,    292.17993,    292.04999
     t,    288.78372,    288.71436,    289.35001
     t,    287.81924,    287.71796,    288.54999
     t,    285.31519,    285.19016,    285.45001
     t,    285.08884,    284.96149,    284.95001
     t,    279.64859,    279.50439,    279.75000
     t,    277.22275,    277.03186,    276.25000
     t,    276.40796,    276.19983,    275.64999
     t,    275.83054,    275.62402,    275.35001
     t,    275.58075,    275.37750,    275.25000
     t,    275.16156,    274.96371,    274.64999
     t,    274.90826,    274.71371,    274.64999
     t,    273.44504,    273.26889,    272.54999
     t,    273.00693,    272.83646,    272.85001
     t,    272.74213,    272.57510,    272.95001
     t,    271.20212,    271.05121,    271.04999
     t,    270.55307,    270.40881,    270.54999
     t,    270.36603,    270.22369,    270.35001
     t,    269.98883,    269.85013,    270.04999
     t,    268.93903,    268.81122,    268.85001
     t,    268.84244,    268.71564,    268.85001
     t,    268.45630,    268.33249,    268.14999
     t,    267.51721,    267.38016,    266.75000
     t,    267.23178,    267.09073,    266.64999
     t,    266.64993,    266.49747,    266.54999
     t,    265.57471,    265.40787,    266.14999
     t,    265.27719,    265.10629,    265.95001
     t,    263.94464,    263.79001,    264.14999
     t,    263.41620,    263.27759,    263.64999
     t,    262.34122,    262.23526,    263.04999
     t,    261.90411,    261.81210,    262.35001
     t,    259.55615,    259.52301,    259.64999
     t,    258.16068,    258.15469,    258.04999
     t,    255.92575,    255.95616,    255.75000
     t,    254.84366,    254.87691,    255.64999
     t,    252.89555,    252.93324,    253.45000
     t,    252.46790,    252.50667,    252.95000
     t,    252.18080,    252.22031,    252.75000
     t,    250.10872,    250.13080,    250.55000
     t,    248.72800,    248.73499,    249.05000
     t,    246.62015,    246.60265,    246.64999
     t,    245.23161,    245.19324,    244.85001
     t,    243.62581,    243.56680,    242.85001
     t,    243.07954,    243.01109,    242.45000
     t,    242.89612,    242.82504,    242.45000
     t,    242.52740,    242.45103,    242.14999
     t,    242.16000,    242.07553,    241.55000
     t,    239.32761,    239.17462,    239.25000
     t,    237.16318,    236.96915,    236.64999
     t,    236.57408,    236.38521,    236.05000
     t,    234.56160,    234.39026,    235.05000
     t,    233.31346,    233.15485,    233.64999
     t,    232.67924,    232.52641,    232.64999
     t,    229.83502,    229.71474,    230.05000
     t,    225.44557,    225.34380,    225.64999
     t,    224.00230,    223.89398,    224.25000
     t,    221.76131,    221.63983,    221.64999
     t,    221.50304,    221.38208,    221.64999
     t,    218.87332,    218.73993,    218.45000
     t,    214.70981,    214.60220,    213.85001
     t,    210.78496,    210.81616,    209.45000
     t,    208.04018,    208.26776,    206.45000
     t,    207.00060,    207.23172,    204.85001
     t,    205.56085,    205.79071,    203.05000
     t,    204.65689,    204.93274,    202.85001
     t,    204.19609,    204.57698,    200.85001
     t,    203.87730,    204.33189,    200.25000
     t,    203.79590,    204.25484,    201.05000
     t,    203.67886,    204.11127,    199.64999
     t,    203.58212,    203.99240,    200.05000
     t,    203.53638,    203.93663,    203.05000
     t,    203.47806,    203.84772,    203.25000
     t,    203.36813,    203.66948,    201.64999
     t,    206.03192,    205.85567,    205.85001
     t,    206.50584,    206.34755,    205.05000
     t,    207.52603,    207.34390,    207.05000
     t,    207.85469,    207.53458,    209.25000
     t,    208.05528,    207.65096,    210.25000
     t,    208.93207,    208.15964,    208.25000
     t,    210.59311,    209.21747,    208.25000
     t,    211.00623,    209.77205,    211.05000
     t,    211.92065,    211.28836,    213.05000
     t,    306.34207,    306.53107,    305.47879
     t,    304.81537,    305.00095,    303.94342
     t,    204.16785,    204.18108,    203.87270
     t,    305.23520,    305.81329,    301.45001
     t,    305.23520,    305.81329,    300.95001
     t,    303.50751,    304.13928,    299.25000
     t,    302.44083,    303.24777,    299.25000
     t,    302.01648,    302.75604,    299.25000
     t,    296.82275,    297.15070,    293.95001
     t,    295.99252,    296.24664,    293.14999
     t,    291.34439,    291.42725,    289.75000
     t,    289.31363,    289.36752,    288.95001
     t,    286.04684,    286.31989,    285.85001
     t,    285.02432,    285.31503,    284.85001
     t,    281.28296,    281.61520,    281.54999
     t,    278.66953,    278.93900,    278.45001
     t,    276.83771,    277.04935,    277.25000
     t,    276.08362,    276.32233,    276.14999
     t,    275.19315,    275.48886,    275.04999
     t,    273.74829,    274.12830,    273.85001
     t,    273.43958,    273.84137,    273.85001
     t,    270.45996,    270.88638,    271.04999
     t,    268.75970,    269.19394,    268.95001
     t,    268.33948,    268.77536,    268.45001
     t,    268.25491,    268.69113,    268.25000
     t,    267.82962,    268.26749,    267.85001
     t,    265.71790,    266.17752,    265.54999
     t,    265.41452,    265.87964,    265.35001
     t,    264.91132,    265.38318,    265.14999
     t,    264.70590,    265.18146,    265.14999
     t,    262.80875,    263.32190,    262.54999
     t,    261.55765,    262.09811,    261.25000
     t,    260.78738,    261.34232,    260.54999
     t,    259.75082,    260.32428,    259.54999
     t,    257.42389,    257.83768,    256.95001
     t,    257.21301,    257.57224,    256.75000
     t,    255.81332,    255.81387,    254.35001
     t,    254.82043,    254.56245,    252.75000
     t,    254.59718,    254.28069,    252.45000
     t,    253.85503,    253.46399,    252.25000
     t,    250.74593,    250.04370,    250.05000
     t,    243.78032,    243.35616,    244.35001
     t,    241.62778,    241.43715,    243.55000
     t,    239.38507,    239.42264,    241.75000
     t,    236.52225,    236.64711,    238.55000
     t,    235.02737,    235.17438,    237.14999
     t,    234.27423,    234.41916,    236.14999
     t,    233.70787,    233.83807,    235.85001
     t,    232.36212,    232.45497,    234.05000
     t,    231.17805,    231.23808,    233.05000
     t,    228.79906,    228.75252,    230.05000
     t,    227.38110,    227.24315,    228.85001
     t,    222.16551,    221.80798,    222.64999
     t,    220.59430,    220.22598,    220.64999
     t,    219.66344,    219.30659,    219.45000
     t,    217.24796,    216.92262,    217.25000
     t,    210.44489,    210.57266,    209.45000
     t,    208.56998,    208.87675,    206.25000
     t,    206.41597,    206.83119,    199.64999
     t,    206.04024,    206.43936,    202.45000
     t,    205.71764,    205.92274,    202.85001
     t,    205.46701,    205.49756,    202.05000
     t,    205.28917,    205.14342,    202.85001
     t,    205.34708,    205.08586,    201.85001
     t,    205.40187,    205.02580,    202.64999
     t,    205.44884,    204.97440,    205.05000
     t,    206.17839,    205.50522,    204.45000
     t,    206.62981,    206.00842,    207.05000
     t,    207.86514,    207.59251,    206.45000
     t,    208.30312,    208.14589,    208.64999
     t,    208.93228,    208.86917,    208.85001
     t,    209.09563,    209.01016,    208.64999
     t,    210.51018,    210.42233,    213.05000
     t,    210.92859,    210.88676,    212.45000
     t,    211.75087,    211.90367,    213.85001
     t,    213.14967,    213.85510,    211.64999
     q,      0.49929,      0.48718,      0.53490
     q,      0.48745,      0.47437,      0.46930
     q,      0.56750,      0.55169,      0.57983
     q,      0.65677,      0.64140,      0.74545
     q,      0.66242,      0.65538,      0.76397
     q,      0.66533,      0.65799,      0.75105
     q,      0.67127,      0.66332,      0.63250
     q,      0.67896,      0.67022,      0.67295
     q,      0.68534,      0.67594,      0.65877
     q,      0.69529,      0.68487,      0.50404
     q,      0.69549,      0.68293,      0.40578
     q,      0.67493,      0.66192,      0.56235
     q,      0.57950,      0.57671,      0.27000
     q,      0.55212,      0.55464,      0.43855
     q,      0.53489,      0.53853,      0.61468
     q,      0.53313,      0.53690,      0.60614
     q,      0.57674,      0.54768,      0.65107
     q,      0.59890,      0.55404,      0.68672
     q,      0.60742,      0.55647,      0.68065
     q,      0.60923,      0.55934,      0.49861
     q,      0.60870,      0.56037,      0.58239
     q,      0.60779,      0.56214,      0.52958
     q,      0.60722,      0.56324,      0.70406
     q,      0.60039,      0.56608,      0.76794
     q,      0.59917,      0.56826,      0.75759
     q,      0.59841,      0.56963,      0.64269
     q,      0.56215,      0.55215,      0.57364
     q,      0.54343,      0.54343,      0.33284
     q,      0.53781,      0.54081,      0.36089
     q,      0.52287,      0.53115,      0.62435
     q,      0.48800,      0.51495,      0.68497
     q,      0.48459,      0.51337,      0.67905
     q,      0.47036,      0.50583,      0.60528
     q,      0.42548,      0.46223,      0.62524
     q,      0.41204,      0.44953,      0.30443
     q,      0.39129,      0.43102,      0.15359
     q,      0.33069,      0.37246,      0.17604
     q,      0.31347,      0.35616,      0.08945
     q,      0.25948,      0.29006,      0.12305
     q,      0.24652,      0.26762,      0.03127
     q,      0.21772,      0.21778,      0.06143
     q,      0.20368,      0.19349,      0.17830
     q,      0.17187,      0.12078,      0.04216
     q,      0.18065,      0.10920,      0.08548
     q,      0.18923,      0.08955,      0.13587
     q,      0.18480,      0.08695,      0.05594
     q,      0.17441,      0.08089,      0.09006
     q,      0.17189,      0.07943,      0.37443
     q,      0.17011,      0.07841,      0.41524
     q,      0.15873,      0.07714,      0.32733
     q,      0.14839,      0.07725,      0.15432
     q,      0.13894,      0.08289,      0.10260
     q,      0.14254,      0.09312,      0.10485
     q,      0.14827,      0.10804,      0.21538
     q,      0.15046,      0.11395,      0.17427
     q,      0.49666,      0.48214,      0.49887
     q,      0.52367,      0.50858,      0.53181
     q,      0.76613,      0.75632,      0.67191
     q,      0.76613,      0.75632,      0.65285
     q,      0.76649,      0.75739,      0.68306
     q,      0.76800,      0.74926,      0.74967
     q,      0.77137,      0.74985,      0.76232
     q,      0.87296,      0.85066,      0.80723
     q,      0.88752,      0.85647,      0.82587
     q,      0.94191,      0.94047,      0.87383
     q,      0.94197,      0.94377,      0.85624
     q,      0.92561,      0.91183,      0.92780
     q,      0.92356,      0.90777,      0.90835
     q,      0.91382,      0.88933,      0.87809
     q,      0.87872,      0.82547,      0.92929
     q,      0.84729,      0.77075,      0.86546
     q,      0.81379,      0.73212,      0.94139
     q,      0.76832,      0.68212,      0.93333
     q,      0.68535,      0.59408,      0.87927
     q,      0.66590,      0.57302,      0.76715
     q,      0.51448,      0.42651,      0.60426
     q,      0.45232,      0.36963,      0.39062
     q,      0.43890,      0.35757,      0.49171
     q,      0.43613,      0.35508,      0.52832
     q,      0.42186,      0.34226,      0.44700
     q,      0.36893,      0.28934,      0.43381
     q,      0.36578,      0.28434,      0.47474
     q,      0.35917,      0.27601,      0.20324
     q,      0.35683,      0.27232,      0.20647
     q,      0.33502,      0.23661,      0.20656
     q,      0.36775,      0.26221,      0.34707
     q,      0.39198,      0.28243,      0.19940
     q,      0.42678,      0.31317,      0.14663
     q,      0.53796,      0.43212,      0.16849
     q,      0.55199,      0.45147,      0.18560
     q,      0.65999,      0.59956,      0.18135
     q,      0.74233,      0.71607,      0.30640
     q,      0.76291,      0.74461,      0.44043
     q,      0.75894,      0.74049,      0.57176
     q,      0.73157,      0.69588,      0.66611
     q,      0.51718,      0.31385,      0.74610
     q,      0.40986,      0.23067,      0.79406
     t,    296.13101,    295.92966,    296.85001
     t,    296.09543,    295.89297,    296.35001
     t,    295.42969,    295.23953,    294.54999
     t,    291.31238,    291.03891,    290.25000
     t,    288.14505,    287.90799,    287.25000
     t,    286.24304,    286.20230,    286.54999
     t,    286.07742,    286.06464,    286.95001
     t,    285.65991,    285.71750,    287.45001
     t,    285.47934,    285.54858,    286.95001
     t,    284.73877,    284.91721,    283.25000
     t,    283.91187,    284.10150,    281.75000
     t,    283.28577,    283.49463,    282.95001
     t,    282.59549,    282.82556,    282.14999
     t,    281.17398,    281.44583,    280.25000
     t,    280.51086,    280.75836,    279.95001
     t,    279.58865,    279.80228,    279.85001
     t,    278.44962,    278.62073,    278.75000
     t,    277.37030,    277.48065,    278.14999
     t,    271.53467,    271.48788,    271.64999
     t,    268.18231,    268.15384,    267.85001
     t,    266.99716,    266.96841,    266.85001
     t,    266.66943,    266.64062,    266.64999
     t,    265.45151,    265.40948,    265.45001
     t,    265.00229,    264.94183,    265.14999
     t,    263.63211,    263.51550,    263.54999
     t,    261.98892,    261.80499,    262.14999
     t,    258.99139,    258.78177,    258.75000
     t,    256.74313,    256.54236,    257.95001
     t,    254.76274,    254.68858,    255.14999
     t,    254.63640,    254.57030,    254.95000
     t,    253.62721,    253.61877,    253.55000
     t,    252.84708,    252.88792,    253.25000
     t,    251.40968,    251.49348,    251.25000
     t,    250.34300,    250.44942,    250.45000
     t,    248.55989,    248.70471,    248.85001
     t,    241.54263,    241.56490,    241.45000
     t,    293.17310,    292.94156,    292.18735
     t,    295.07510,    295.04285,    293.75000
     t,    294.91742,    294.87665,    292.85001
     t,    292.58383,    292.60123,    290.95001
     t,    290.90152,    290.90176,    290.04999
     t,    290.76694,    290.76978,    290.04999
     t,    290.44385,    290.58661,    290.75000
     t,    290.41183,    290.58972,    290.14999
     t,    289.77011,    289.76273,    288.14999
     t,    289.73679,    289.72595,    288.14999
     t,    286.45590,    286.30237,    285.35001
     t,    283.07242,    282.96750,    281.04999
     t,    282.48059,    282.36902,    280.14999
     t,    281.62460,    281.50336,    278.85001
     t,    272.17114,    272.09924,    271.54999
     t,    271.02658,    270.93961,    269.75000
     t,    270.57925,    270.48669,    268.85001
     t,    267.58801,    267.41623,    267.25000
     t,    266.30151,    266.11502,    266.64999
     t,    265.07303,    264.89450,    265.35001
     t,    264.21466,    264.03693,    264.45001
     t,    263.52969,    263.35678,    263.95001
     t,    262.43024,    262.26001,    263.14999
     t,    261.25403,    261.08997,    262.35001
     t,    256.58044,    256.46521,    256.85001
     t,    251.36519,    251.34561,    251.05000
     t,    248.28430,    248.34656,    248.64999
     t,    245.81558,    245.96532,    246.05000
     t,    243.56798,    243.73569,    243.25000
     t,    242.13101,    242.27733,    241.64999
     t,    240.83881,    240.96562,    241.05000
     t,    238.96158,    239.08788,    240.14999
     t,    230.84804,    230.96512,    231.05000
     t,    229.13715,    229.22281,    229.45000
     t,    225.39867,    225.44177,    225.85001
     t,    221.30257,    221.27562,    222.25000
     t,    220.49654,    220.45537,    221.05000
     t,    216.99422,    216.89398,    216.45000
     t,    215.47049,    215.44554,    215.25000
     t,    213.27188,    213.29399,    212.25000
     t,    212.41283,    212.43591,    211.45000
     t,    288.08731,    287.97858,    286.64224
     t,    278.37869,    278.29263,    276.12228
     q,      0.65513,      0.66322,      0.67014
     q,      0.65416,      0.66204,      0.61425
     q,      0.64765,      0.65374,      0.57343
     q,      0.75789,      0.75986,      0.68156
     q,      0.90180,      0.90004,      0.77243
     q,      0.99492,      0.99599,      0.93755
     q,      0.99533,      0.99737,      0.96660
     q,      0.99638,      1.00094,      0.99221
     q,      0.97115,      0.98521,      0.95609
     q,      0.78580,      0.81902,      0.80712
     q,      0.75697,      0.78972,      0.66404
     q,      0.71379,      0.74525,      0.60914
     q,      0.66428,      0.69426,      0.59806
     q,      0.55574,      0.58211,      0.56944
     q,      0.50975,      0.52488,      0.50278
     q,      0.44225,      0.44088,      0.21319
     q,      0.35336,      0.33028,      0.16303
     q,      0.30605,      0.27563,      0.27004
     q,      0.22015,      0.19392,      0.18296
     q,      0.20879,      0.19097,      0.28386
     q,      0.20167,      0.18754,      0.21768
     q,      0.19953,      0.18650,      0.21923
     q,      0.19439,      0.18405,      0.31008
     q,      0.19667,      0.18524,      0.21955
     q,      0.20435,      0.18927,      0.11795
     q,      0.21540,      0.19506,      0.09556
     q,      0.22506,      0.21141,      0.28195
     q,      0.22925,      0.22745,      0.14425
     q,      0.20021,      0.19640,      0.23317
     q,      0.19811,      0.19416,      0.23102
     q,      0.17938,      0.17443,      0.17838
     q,      0.16345,      0.15751,      0.08866
     q,      0.14890,      0.14516,      0.15485
     q,      0.14048,      0.13952,      0.02737
     q,      0.23114,      0.23935,      0.14144
     q,      0.70088,      0.70638,      0.62939
     q,      0.86994,      0.87328,      0.85398
     q,      0.87349,      0.87597,      0.82761
     q,      0.93752,      0.93690,      0.85936
     q,      0.99634,      0.99779,      0.90634
     q,      0.99769,      0.99874,      0.91377
     q,      0.95127,      0.95016,      0.95283
     q,      0.93820,      0.93671,      0.85885
     q,      0.80601,      0.82432,      0.74151
     q,      0.80430,      0.82330,      0.74288
     q,      0.80479,      0.82686,      0.83810
     q,      0.82032,      0.79360,      0.78351
     q,      0.81479,      0.78119,      0.72664
     q,      0.80637,      0.76231,      0.67987
     q,      0.72493,      0.68314,      0.68379
     q,      0.70656,      0.66749,      0.57771
     q,      0.69871,      0.66075,      0.40468
     q,      0.59530,      0.56472,      0.51634
     q,      0.53830,      0.50715,      0.49645
     q,      0.47639,      0.44133,      0.49033
     q,      0.42783,      0.38913,      0.28860
     q,      0.38511,      0.34288,      0.41145
     q,      0.34482,      0.30688,      0.20439
     q,      0.31414,      0.28633,      0.12713
     q,      0.22046,      0.25122,      0.07677
     q,      0.25302,      0.37561,      0.09831
     q,      0.32671,      0.46910,      0.05505
     q,      0.41096,      0.52221,      0.08122
     q,      0.47518,      0.55443,      0.25386
     q,      0.49913,      0.55675,      0.21741
     q,      0.52682,      0.56283,      0.35847
     q,      0.77061,      0.80366,      0.78347
     q,      0.78087,      0.73167,      0.67753
     t,    298.61264,    298.50610,    300.04999
     t,    297.82932,    297.72525,    298.14999
     t,    295.66776,    295.56891,    295.64999
     t,    293.85654,    293.75909,    294.04999
     t,    287.73404,    287.31265,    287.45001
     t,    287.46234,    287.03082,    286.95001
     t,    284.89517,    284.53668,    283.14999
     t,    283.92764,    283.76938,    282.64999
     t,    283.69696,    283.60068,    282.75000
     t,    283.17996,    283.21909,    282.75000
     t,    282.94464,    283.04663,    282.85001
     t,    282.58508,    282.72128,    283.14999
     t,    282.13895,    282.28897,    283.14999
     t,    281.60934,    281.77576,    283.35001
     t,    280.57465,    280.76041,    281.25000
     t,    280.32690,    280.51550,    281.04999
     t,    279.86722,    280.06100,    280.04999
     t,    278.59100,    278.78894,    277.85001
     t,    276.92435,    277.10242,    276.45001
     t,    276.10803,    276.27670,    276.04999
     t,    274.08160,    274.20297,    273.54999
     t,    272.15985,    272.22348,    271.45001
     t,    269.09799,    269.11755,    269.54999
     t,    268.47394,    268.48828,    268.95001
     t,    267.47672,    267.48270,    268.45001
     t,    266.23798,    266.24570,    267.25000
     t,    265.14941,    265.15884,    265.64999
     t,    264.87332,    264.88315,    265.45001
     t,    264.69458,    264.70493,    265.25000
     t,    262.65897,    262.67059,    262.54999
     t,    259.49197,    259.50009,    258.95001
     t,    256.60123,    256.59378,    256.54999
     t,    255.82196,    255.81035,    255.75000
     t,    254.05031,    254.03706,    254.35001
     t,    253.62796,    253.61517,    254.14999
     t,    253.34441,    253.33202,    253.95000
     t,    253.05942,    253.04744,    253.75000
     t,    248.45297,    248.45399,    248.85001
     t,    246.40648,    246.41661,    246.64999
     t,    243.43770,    243.45551,    243.25000
     t,    240.83766,    240.86063,    241.25000
     t,    236.91920,    236.94400,    237.05000
     t,    234.75075,    234.77505,    234.85001
     t,    232.29060,    232.31378,    232.64999
     t,    226.47331,    226.49609,    226.64999
     t,    218.72765,    218.80269,    216.85001
     t,    217.26997,    217.34636,    215.64999
     t,    217.21024,    217.28142,    215.64999
     t,    216.55931,    216.54858,    213.25000
     t,    216.09164,    216.02632,    215.45000
     t,    215.89926,    215.81848,    213.85001
     t,    215.84473,    215.75874,    215.45000
     t,    215.75375,    215.66484,    215.25000
     t,    215.62256,    215.52988,    217.64999
     t,    215.58456,    215.49054,    217.25000
     t,    215.43007,    215.35051,    217.05000
     t,    215.21216,    215.16602,    215.45000
     t,    214.62700,    214.71349,    214.45000
     t,    214.46707,    214.60986,    215.05000
     t,    214.24916,    214.46733,    213.85001
     t,    214.08266,    214.35820,    213.85001
     t,    213.43872,    213.85631,    211.45000
     t,    213.32440,    213.65688,    212.85001
     t,    213.23836,    212.74438,    211.45000
     t,    213.16801,    212.66855,    213.45000
     t,    213.21152,    212.69637,    213.85001
     t,    213.50835,    212.97696,    215.05000
     t,    217.23947,    217.06499,    215.05000
     t,    213.52518,    213.24040,    212.14679
     t,    285.66501,    285.64685,    289.04999
     t,    290.14658,    289.87091,    295.64999
     t,    285.66501,    285.64685,    288.14999
     t,    290.06638,    289.83304,    297.25000
     t,    285.66504,    285.64688,    286.45001
     t,    290.06638,    289.83304,    296.54999
     q,      0.47800,      0.46009,      0.37543
     q,      0.47969,      0.46084,      0.34815
     q,      0.52222,      0.50108,      0.35985
     q,      0.56634,      0.54427,      0.41350
     q,      0.50720,      0.53400,      0.52995
     q,      0.49372,      0.50797,      0.48714
     q,      0.39375,      0.29627,      0.43669
     q,      0.39177,      0.28086,      0.31465
     q,      0.39390,      0.28753,      0.37200
     q,      0.39871,      0.30323,      0.10919
     q,      0.40099,      0.31045,      0.08680
     q,      0.41075,      0.33128,      0.12830
     q,      0.41975,      0.35799,      0.39521
     q,      0.43078,      0.39073,      0.35717
     q,      0.44748,      0.42495,      0.32821
     q,      0.45078,      0.42866,      0.44068
     q,      0.45704,      0.43572,      0.49072
     q,      0.46595,      0.44587,      0.48868
     q,      0.45107,      0.42965,      0.52961
     q,      0.44297,      0.42089,      0.37337
     q,      0.43814,      0.42105,      0.48364
     q,      0.44361,      0.43642,      0.43690
     q,      0.44893,      0.45387,      0.30956
     q,      0.44990,      0.45716,      0.36569
     q,      0.45160,      0.46292,      0.20630
     q,      0.46163,      0.47547,      0.31722
     q,      0.47090,      0.48704,      0.35678
     q,      0.47371,      0.49052,      0.32819
     q,      0.47479,      0.49236,      0.27350
     q,      0.47053,      0.49112,      0.22990
     q,      0.42147,      0.44356,      0.27952
     q,      0.38975,      0.40336,      0.17123
     q,      0.37966,      0.39070,      0.27762
     q,      0.36937,      0.37290,      0.25391
     q,      0.37014,      0.37207,      0.19015
     q,      0.36993,      0.37044,      0.23391
     q,      0.36971,      0.36873,      0.25936
     q,      0.35923,      0.33990,      0.11088
     q,      0.34854,      0.32601,      0.25236
     q,      0.33056,      0.30851,      0.25504
     q,      0.30789,      0.28939,      0.16871
     q,      0.28844,      0.27194,      0.13119
     q,      0.67809,      0.67353,      0.85615
     q,      0.67809,      0.67353,      0.79551
     q,      0.67809,      0.67353,      0.87862
