Note (2018.08.22) This script is outputed from mpi_readobs.f90
obtype, ensmean_obbc,      h_xnobc,           ob
    sm,      0.25830,      0.25592,      0.25300
    sm,      0.22730,      0.23052,      0.16400
    sm,      0.30517,      0.30357,      0.38100
    sm,      0.21141,      0.21411,      0.07400
    sm,      0.33468,      0.30874,      0.24000
    sm,      0.30933,      0.29871,      0.35500
    sm,      0.21043,      0.19543,      0.19600
    sm,      0.19698,      0.19485,      0.06000
    sm,      0.18609,      0.18659,      0.24800
    sm,      0.19082,      0.18993,      0.15800
    sm,      0.24735,      0.24624,      0.09300
    sm,      0.26952,      0.26734,      0.13500
    sm,      0.25253,      0.25243,      0.09300
    sm,      0.17207,      0.16097,      0.22500
    sm,      0.27384,      0.27215,      0.22400
    sm,      0.32210,      0.33134,      0.11300
    sm,      0.23798,      0.23825,      0.31600
    sm,      0.21313,      0.21051,      0.23700
    sm,      0.24004,      0.23998,      0.26600
    sm,      0.22141,      0.22167,      0.29500
    sm,      0.21824,      0.21763,      0.25300
    sm,      0.14624,      0.14051,      0.07700
    sm,      0.21771,      0.21705,      0.21100
    sm,      0.30799,      0.32616,      0.37800
    sm,      0.24443,      0.24654,      0.34400
    sm,      0.24660,      0.24621,      0.07200
    sm,      0.33611,      0.35164,      0.32500
    sm,      0.23054,      0.23056,      0.33900
    sm,      0.18120,      0.17859,      0.36700
    sm,      0.27400,      0.27298,      0.23700
    sm,      0.31884,      0.32862,      0.27600
    sm,      0.27306,      0.27301,      0.27100
    sm,      0.18981,      0.18874,      0.10600
    sm,      0.24954,      0.24657,      0.22600
    sm,      0.27108,      0.26825,      0.20900
    sm,      0.27301,      0.27095,      0.26900
    sm,      0.26274,      0.26241,      0.20100
    sm,      0.17412,      0.17236,      0.17600
    sm,      0.25785,      0.25825,      0.37400
    sm,      0.16911,      0.17131,      0.13300
    sm,      0.21256,      0.21330,      0.22200
    sm,      0.16625,      0.16642,      0.11700
    sm,      0.20310,      0.20251,      0.21000
    sm,      0.27455,      0.26078,      0.12100
    sm,      0.27776,      0.27594,      0.17100
    sm,      0.22489,      0.22332,      0.08100
    sm,      0.17665,      0.17561,      0.18000
    sm,      0.27594,      0.27396,      0.36700
    sm,      0.24089,      0.26794,      0.23300
    sm,      0.22900,      0.23307,      0.30000
    sm,      0.19858,      0.18687,      0.14900
    sm,      0.19858,      0.18687,      0.16400
    sm,      0.19150,      0.18523,      0.14400
    sm,      0.15368,      0.15322,      0.06700
    sm,      0.32180,      0.30751,      0.45100
    sm,      0.20662,      0.19647,      0.20200
    sm,      0.27713,      0.27647,      0.22900
    sm,      0.29459,      0.33701,      0.34500
    sm,      0.30799,      0.32616,      0.41100
    sm,      0.26868,      0.27034,      0.38100
    sm,      0.15770,      0.15985,      0.08700
    sm,      0.28217,      0.28271,      0.08000
    sm,      0.15939,      0.15862,      0.13100
    sm,      0.14694,      0.14171,      0.06800
    sm,      0.21043,      0.19543,      0.07100
    sm,      0.23351,      0.22865,      0.35300
    sm,      0.27261,      0.26941,      0.06500
    sm,      0.23993,      0.23323,      0.10900
    sm,      0.19158,      0.19296,      0.24100
    sm,      0.36529,      0.35842,      0.16500
    sm,      0.18997,      0.18955,      0.18700
    sm,      0.27211,      0.27183,      0.18400
    sm,      0.18609,      0.18659,      0.30800
    sm,      0.18896,      0.18037,      0.36700
    sm,      0.18896,      0.18037,      0.28100
    sm,      0.19493,      0.19078,      0.06100
     t,    313.60907,    313.60989,    315.35001
     t,    312.69254,    312.69507,    312.75000
     t,    309.62579,    309.62656,    309.64999
     t,    302.25659,    302.25583,    302.35001
     t,    300.93951,    300.93814,    300.85001
     t,    296.36169,    296.36060,    296.45001
     t,    294.87064,    294.86954,    295.54999
     t,    287.71475,    287.71646,    287.64999
     t,    286.10153,    286.10516,    285.75000
     t,    280.86313,    280.87515,    280.25000
     t,    278.10397,    278.12051,    277.25000
     t,    276.05618,    276.07471,    275.14999
     t,    274.78085,    274.80038,    273.54999
     t,    274.16644,    274.18585,    272.95001
     t,    273.09488,    273.11414,    272.04999
     t,    272.73248,    272.75165,    271.85001
     t,    271.99945,    272.01852,    271.14999
     t,    271.34900,    271.36795,    271.14999
     t,    268.97049,    268.98764,    268.14999
     t,    268.77533,    268.79230,    267.95001
     t,    267.68985,    267.70578,    267.14999
     t,    266.97928,    266.99463,    266.64999
     t,    266.02481,    266.03912,    266.14999
     t,    264.17108,    264.18344,    263.95001
     t,    262.80905,    262.82010,    262.35001
     t,    261.95389,    261.96436,    261.64999
     t,    261.58319,    261.59338,    261.35001
     t,    260.70810,    260.71768,    260.25000
     t,    260.32864,    260.33795,    260.14999
     t,    259.94647,    259.95554,    259.95001
     t,    257.50446,    257.51135,    258.14999
     t,    256.85828,    256.86438,    257.45001
     t,    256.59726,    256.60312,    257.54999
     t,    256.07132,    256.07660,    256.75000
     t,    255.40622,    255.41080,    255.95000
     t,    253.77739,    253.77992,    253.75000
     t,    252.94823,    252.94930,    252.75000
     t,    252.24683,    252.24664,    252.05000
     t,    250.81438,    250.81165,    250.95000
     t,    249.47766,    249.47276,    249.35001
     t,    248.85393,    248.84831,    248.75000
     t,    247.90125,    247.89464,    247.55000
     t,    247.42009,    247.41293,    247.35001
     t,    246.93452,    246.92680,    246.75000
     t,    246.44447,    246.43617,    246.25000
     t,    245.78395,    245.77489,    245.85001
     t,    244.08533,    244.07465,    244.55000
     t,    243.03575,    243.02419,    243.05000
     t,    242.50314,    242.49112,    242.55000
     t,    240.13039,    240.11635,    239.75000
     t,    239.56847,    239.55370,    238.95000
     t,    236.86516,    236.84689,    236.45000
     t,    234.03004,    234.00858,    233.25000
     t,    232.77374,    232.75085,    232.25000
     t,    229.04390,    229.01926,    228.64999
     t,    225.04037,    225.01651,    224.45000
     t,    223.54988,    223.52641,    222.85001
     t,    222.27748,    222.25407,    221.85001
     t,    220.97365,    220.95030,    220.64999
     t,    207.19136,    207.32198,    204.85001
     t,    208.95055,    208.99471,    204.45000
     t,    311.97107,    311.95859,    313.35001
     t,    311.81152,    311.79584,    312.04999
     t,    305.81812,    305.80948,    306.35001
     t,    295.80136,    295.79245,    295.85001
     t,    289.24545,    289.23523,    289.14999
     t,    280.03500,    280.00519,    279.85001
     t,    275.89029,    275.82254,    274.04999
     t,    275.53735,    275.46960,    273.25000
     t,    275.20651,    275.14133,    274.45001
     t,    274.79813,    274.73694,    274.64999
     t,    274.46091,    274.40231,    274.45001
     t,    273.51651,    273.46384,    275.04999
     t,    270.14667,    270.06705,    271.45001
     t,    268.78644,    268.67917,    269.45001
     t,    266.06921,    265.94983,    266.45001
     t,    264.79773,    264.67999,    264.75000
     t,    262.48669,    262.37912,    262.14999
     t,    258.87604,    258.80283,    259.64999
     t,    257.37234,    257.32678,    257.45001
     t,    251.98943,    252.01457,    251.25000
     t,    249.87788,    249.90331,    250.85001
     t,    245.96310,    245.98038,    245.45000
     t,    242.93657,    242.94321,    242.64999
     t,    235.82242,    235.79410,    236.64999
     t,    232.86195,    232.82001,    233.45000
     t,    223.42088,    223.35754,    222.64999
     t,    221.68443,    221.62650,    221.64999
     t,    221.17693,    221.12047,    221.05000
     t,    218.02705,    217.98212,    217.45000
     t,    207.52257,    207.48434,    206.05000
     t,    206.44432,    206.41063,    204.45000
     t,    204.35991,    204.31020,    200.85001
     t,    203.82166,    203.72102,    201.85001
     t,    202.50276,    202.36801,    200.85001
     t,    202.41460,    202.28992,    201.25000
     t,    202.32561,    202.21109,    203.45000
     t,    202.18254,    202.21861,    202.64999
     t,    203.16693,    203.48697,    201.45000
     t,    204.18967,    204.45105,    206.45000
     t,    205.76347,    205.73720,    206.85001
     t,    207.88243,    208.20137,    206.85001
     t,    209.93333,    210.35170,    210.05000
     t,    210.57936,    210.87462,    208.64999
     t,    301.54361,    301.53500,    301.91916
     q,      0.28975,      0.28975,      0.28146
     q,      0.30066,      0.30066,      0.32196
     q,      0.34322,      0.34322,      0.34007
     q,      0.46160,      0.46170,      0.44825
     q,      0.47575,      0.47589,      0.47065
     q,      0.52662,      0.52658,      0.46978
     q,      0.55048,      0.55039,      0.40088
     q,      0.63725,      0.63653,      0.54517
     q,      0.65548,      0.65442,      0.56892
     q,      0.59229,      0.59037,      0.66541
     q,      0.49274,      0.49073,      0.59927
     q,      0.44272,      0.44115,      0.47572
     q,      0.41180,      0.41049,      0.57470
     q,      0.41345,      0.41217,      0.57210
     q,      0.41657,      0.41535,      0.49512
     q,      0.41770,      0.41651,      0.33888
     q,      0.42013,      0.41899,      0.13232
     q,      0.42244,      0.42136,      0.10503
     q,      0.41764,      0.41652,      0.10290
     q,      0.41702,      0.41589,      0.10231
     q,      0.41098,      0.40981,      0.11336
     q,      0.40739,      0.40620,      0.21781
     q,      0.39960,      0.39841,      0.11626
     q,      0.38194,      0.38077,      0.46376
     q,      0.36904,      0.36786,      0.49120
     q,      0.37089,      0.36968,      0.34897
     q,      0.37176,      0.37052,      0.49369
     q,      0.37395,      0.37267,      0.33874
     q,      0.37497,      0.37367,      0.16382
     q,      0.37605,      0.37473,      0.12281
     q,      0.36798,      0.36657,      0.12460
     q,      0.35813,      0.35677,      0.08979
     q,      0.35456,      0.35320,      0.18926
     q,      0.34700,      0.34563,      0.36048
     q,      0.33668,      0.33531,      0.29225
     q,      0.31148,      0.31015,      0.39938
     q,      0.30330,      0.30214,      0.29019
     q,      0.29570,      0.29469,      0.15671
     q,      0.27779,      0.27713,      0.21467
     q,      0.26455,      0.26425,      0.37849
     q,      0.26845,      0.26832,      0.30680
     q,      0.27550,      0.27566,      0.36117
     q,      0.27905,      0.27938,      0.30133
     q,      0.28289,      0.28339,      0.40201
     q,      0.28706,      0.28774,      0.21638
     q,      0.29319,      0.29415,      0.15952
     q,      0.29926,      0.30077,      0.34014
     q,      0.29875,      0.30054,      0.28978
     q,      0.29845,      0.30041,      0.35329
     q,      0.15778,      0.15746,      0.16072
     q,      0.15879,      0.15844,      0.18150
     q,      0.20618,      0.20548,      0.21265
     q,      0.32986,      0.32849,      0.28664
     q,      0.45462,      0.45319,      0.38499
     q,      0.65932,      0.67870,      0.56069
     q,      0.39574,      0.36998,      0.69238
     q,      0.37295,      0.34515,      0.60002
     q,      0.35609,      0.32872,      0.37729
     q,      0.33058,      0.30408,      0.22433
     q,      0.31259,      0.28656,      0.24541
     q,      0.26192,      0.23743,      0.07980
     q,      0.12761,      0.11390,      0.03501
     q,      0.09547,      0.08857,      0.03877
     q,      0.08147,      0.07924,      0.03067
     q,      0.08373,      0.08216,      0.17721
     q,      0.08349,      0.08320,      0.11185
     q,      0.05625,      0.05593,      0.04565
     q,      0.25075,      0.24982,      0.24149
     t,    304.63034,    305.43604,    301.54999
     t,    303.41895,    304.24994,    299.35001
     t,    302.11987,    302.94864,    297.45001
     t,    300.03784,    300.86349,    295.45001
     t,    297.53912,    298.35989,    293.25000
     t,    296.12018,    296.93881,    292.04999
     t,    294.79538,    295.60654,    291.14999
     t,    290.34763,    290.78024,    287.54999
     t,    290.02429,    290.27194,    287.64999
     t,    289.66568,    289.66702,    288.54999
     t,    289.30423,    289.05734,    289.14999
     t,    288.87534,    288.32816,    289.35001
     t,    285.44241,    284.97302,    285.75000
     t,    285.06625,    284.61865,    285.54999
     t,    283.45877,    283.12238,    284.04999
     t,    282.58850,    282.32986,    283.25000
     t,    280.48041,    280.41431,    280.85001
     t,    278.37628,    278.40182,    279.04999
     t,    277.27979,    277.33371,    278.04999
     t,    276.16281,    276.24820,    277.04999
     t,    271.75363,    271.92902,    271.85001
     t,    267.20374,    267.38553,    266.35001
     t,    267.09274,    267.27350,    266.14999
     t,    266.64502,    266.81381,    265.75000
     t,    265.39490,    265.53024,    264.75000
     t,    264.00183,    264.09790,    263.54999
     t,    263.40976,    263.49005,    262.75000
     t,    262.81131,    262.87567,    262.85001
     t,    259.95984,    260.00809,    260.25000
     t,    258.80652,    258.84805,    259.35001
     t,    256.61484,    256.67758,    256.45001
     t,    255.96548,    256.03687,    255.64999
     t,    255.83363,    255.90712,    255.64999
     t,    255.16946,    255.25357,    255.64999
     t,    254.90149,    254.98987,    255.45000
     t,    254.36148,    254.45848,    255.25000
     t,    252.83546,    252.92905,    253.85001
     t,    248.72836,    248.77145,    250.05000
     t,    243.39952,    243.39859,    242.85001
     t,    240.10397,    240.04919,    240.45000
     t,    239.54143,    239.47722,    239.85001
     t,    238.39926,    238.31429,    239.64999
     t,    233.10925,    233.03549,    233.05000
     t,    232.63603,    232.56641,    232.45000
     t,    230.15990,    230.12128,    230.45000
     t,    306.29947,    306.50635,    305.45001
     t,    305.82507,    306.03122,    304.95001
     t,    303.50259,    303.70480,    301.85001
     t,    302.06140,    302.26215,    300.35001
     t,    299.77786,    299.97656,    298.04999
     t,    292.54388,    292.72293,    291.25000
     t,    290.77066,    290.93399,    289.64999
     t,    287.72467,    287.88333,    285.85001
     t,    286.74014,    286.91367,    284.54999
     t,    282.99567,    283.04254,    280.85001
     t,    281.74203,    281.75720,    280.75000
     t,    280.86429,    280.85825,    280.45001
     t,    276.94876,    276.87643,    277.54999
     t,    273.79431,    273.71326,    274.04999
     t,    273.32565,    273.24490,    273.64999
     t,    270.90591,    270.82629,    271.04999
     t,    269.85028,    269.76584,    269.85001
     t,    269.18350,    269.09515,    268.85001
     t,    268.42075,    268.32791,    268.14999
     t,    268.34055,    268.24750,    268.14999
     t,    267.30130,    267.20267,    268.14999
     t,    264.05173,    263.93411,    264.85001
     t,    256.49615,    256.42178,    256.85001
     t,    248.27150,    248.29520,    247.64999
     t,    242.15991,    242.23465,    244.25000
     t,    241.40903,    241.49194,    243.64999
     t,    233.69170,    233.78963,    234.05000
     t,    223.04825,    223.15787,    222.05000
     t,    222.03270,    222.14432,    221.05000
     t,    210.45383,    210.56516,    209.05000
     t,    208.40889,    208.49461,    207.05000
     t,    207.85948,    207.92581,    205.64999
     t,    206.43542,    206.26591,    202.45000
     t,    206.04414,    205.87880,    203.05000
     t,    205.78226,    205.61391,    204.45000
     t,    205.23233,    205.07091,    204.64999
     t,    204.62241,    204.47937,    203.45000
     t,    203.21959,    203.14539,    203.05000
     t,    203.06093,    202.98965,    204.05000
     t,    203.17661,    203.02309,    203.85001
     t,    203.34860,    203.07277,    202.25000
     t,    204.32074,    203.96301,    204.64999
     t,    205.90013,    205.51428,    204.45000
     t,    206.23618,    205.84230,    206.05000
     t,    207.39062,    207.09163,    204.85001
     t,    207.71907,    207.45831,    204.85001
     t,    209.35085,    209.33511,    210.25000
     t,    210.99416,    211.29356,    211.45000
     t,    211.17915,    211.46571,    213.25000
     q,      0.43368,      0.41183,      0.55707
     q,      0.45616,      0.43321,      0.50172
     q,      0.48342,      0.45911,      0.51416
     q,      0.53232,      0.50565,      0.56704
     q,      0.59859,      0.56887,      0.60937
     q,      0.64073,      0.60917,      0.63487
     q,      0.67992,      0.64916,      0.60313
     q,      0.62914,      0.78354,      0.62924
     q,      0.58301,      0.77251,      0.61177
     q,      0.52176,      0.75230,      0.38973
     q,      0.45939,      0.73173,      0.23473
     q,      0.38440,      0.70754,      0.22414
     q,      0.16953,      0.29142,      0.10012
     q,      0.16203,      0.27797,      0.08476
     q,      0.14058,      0.22659,      0.13694
     q,      0.14627,      0.21605,      0.25657
     q,      0.16105,      0.18412,      0.19482
     q,      0.21758,      0.21982,      0.33810
     q,      0.26058,      0.25661,      0.21028
     q,      0.30822,      0.29692,      0.24889
     q,      0.50227,      0.50456,      0.39786
     q,      0.67252,      0.66437,      0.65025
     q,      0.67596,      0.66784,      0.65575
     q,      0.68334,      0.67473,      0.62407
     q,      0.70594,      0.69583,      0.76597
     q,      0.73459,      0.72271,      0.79968
     q,      0.74877,      0.73599,      0.76718
     q,      0.76424,      0.75048,      0.68370
     q,      0.69742,      0.68509,      0.73480
     q,      0.66159,      0.64934,      0.62428
     q,      0.57582,      0.57225,      0.58010
     q,      0.54634,      0.54533,      0.51943
     q,      0.53989,      0.53968,      0.47944
     q,      0.50569,      0.50976,      0.13088
     q,      0.49104,      0.49694,      0.06839
     q,      0.45984,      0.46964,      0.02764
     q,      0.28498,      0.29995,      0.03038
     q,      0.13921,      0.12132,      0.09948
     q,      0.36496,      0.37656,      0.35733
     q,      0.37207,      0.38394,      0.37675
     q,      0.41218,      0.42552,      0.40355
     q,      0.44032,      0.45468,      0.42769
     q,      0.49021,      0.50639,      0.45267
     q,      0.67759,      0.71213,      0.59054
     q,      0.69922,      0.74523,      0.73209
     q,      0.66725,      0.70850,      0.74876
     q,      0.64719,      0.67307,      0.75143
     q,      0.67072,      0.68567,      0.81828
     q,      0.67890,      0.69047,      0.67624
     q,      0.68452,      0.69406,      0.68005
     q,      0.69260,      0.69221,      0.62999
     q,      0.64175,      0.64362,      0.65172
     q,      0.61209,      0.61358,      0.51948
     q,      0.43803,      0.43747,      0.42823
     q,      0.36220,      0.36144,      0.23317
     q,      0.32464,      0.32385,      0.22354
     q,      0.27874,      0.27791,      0.37027
     q,      0.27260,      0.27176,      0.37239
     q,      0.20346,      0.20248,      0.07779
     q,      0.13476,      0.13449,      0.06454
     q,      0.13190,      0.11956,      0.06896
     q,      0.08745,      0.08180,      0.02956
     t,    301.76114,    301.77316,    296.54999
     t,    301.76117,    301.77319,    298.35001
     t,    301.76114,    301.77316,    298.04999
     t,    301.76117,    301.77319,    298.95001
     t,    301.55603,    301.56567,    298.14999
     t,    300.98523,    300.99402,    296.64999
     t,    300.36041,    300.36905,    294.85001
     t,    299.76047,    299.76877,    295.35001
     t,    296.25781,    296.26474,    291.95001
     t,    295.47928,    295.48618,    291.75000
     t,    295.14346,    295.15033,    292.25000
     t,    294.14264,    294.14932,    291.64999
     t,    294.03094,    294.03760,    291.85001
     t,    291.78540,    291.79111,    290.35001
     t,    288.98395,    288.98788,    287.64999
     t,    287.29929,    287.30200,    286.45001
     t,    284.93610,    284.94064,    284.95001
     t,    282.28543,    282.29025,    281.75000
     t,    273.86523,    273.87723,    273.64999
     t,    270.04572,    270.06516,    269.85001
     t,    269.22235,    269.24304,    268.95001
     t,    266.95880,    266.98453,    266.54999
     t,    266.52158,    266.54730,    266.04999
     t,    264.54578,    264.57233,    263.64999
     t,    264.20959,    264.23630,    263.64999
     t,    263.30240,    263.33148,    263.95001
     t,    262.36740,    262.39453,    262.95001
     t,    261.70596,    261.72955,    262.35001
     t,    259.17358,    259.18411,    259.64999
     t,    253.57167,    253.55637,    254.25000
     t,    251.65594,    251.63521,    252.45000
     t,    246.18636,    246.16231,    246.55000
     t,    241.90837,    241.88589,    242.75000
     t,    239.16980,    239.14745,    239.64999
     t,    237.65385,    237.63199,    237.85001
     t,    237.27019,    237.24838,    237.45000
     t,    235.71182,    235.68964,    235.64999
     t,    231.27495,    231.24812,    230.85001
     t,    229.21619,    229.18309,    228.85001
     t,    227.78697,    227.74831,    227.64999
     t,    227.62529,    227.58582,    227.45000
     t,    223.77516,    223.71675,    222.25000
     t,    222.77042,    222.71097,    221.45000
     t,    221.39261,    221.33116,    220.85001
     t,    219.75302,    219.68661,    220.64999
     t,    219.50615,    219.43898,    220.85001
     t,    218.31696,    218.25200,    217.25000
     t,    218.17761,    218.11343,    217.85001
     t,    217.65973,    217.59978,    216.64999
     t,    217.32281,    217.26904,    217.85001
     t,    216.90361,    216.85779,    217.85001
     t,    216.33018,    216.29305,    217.05000
     t,    215.45731,    215.43158,    215.45000
     t,    213.62181,    213.61292,    212.25000
     t,    213.13281,    213.12782,    212.45000
     t,    211.40086,    211.40495,    208.64999
     t,    210.84885,    210.85573,    208.25000
     t,    210.66199,    210.66968,    209.25000
     t,    209.87473,    209.88333,    209.25000
     t,    208.09891,    208.10864,    207.05000
     t,    206.91228,    206.92000,    206.25000
     t,    207.31731,    207.32927,    205.05000
     t,    207.67346,    207.68788,    208.05000
     t,    208.73936,    208.76024,    208.85001
     t,    208.98294,    208.99844,    211.05000
     t,    210.60916,    210.62105,    209.85001
     t,    211.43788,    211.53801,    209.85001
     t,    212.50446,    212.66740,    211.45000
     t,    212.86530,    213.01437,    214.05000
     t,    302.30432,    302.93344,    299.75000
     t,    302.12817,    302.78674,    296.75000
     t,    296.73474,    297.38373,    291.75000
     t,    293.38812,    294.03671,    288.85001
     t,    293.17200,    293.73563,    288.85001
     t,    292.73730,    293.13132,    290.75000
     t,    292.29941,    292.52249,    291.35001
     t,    291.63635,    291.60068,    291.35001
     t,    291.06384,    290.84067,    290.54999
     t,    289.43289,    289.13040,    288.75000
     t,    288.69638,    288.58344,    288.04999
     t,    287.61917,    287.60495,    287.25000
     t,    285.65729,    285.69855,    285.45001
     t,    282.02588,    282.04810,    281.95001
     t,    276.42740,    276.47839,    275.95001
     t,    275.83023,    275.88632,    275.54999
     t,    274.20816,    274.27814,    273.95001
     t,    272.99411,    273.07513,    273.04999
     t,    267.08322,    267.23505,    266.95001
     t,    265.82510,    265.98431,    266.14999
     t,    265.07404,    265.23624,    265.85001
     t,    262.41223,    262.57178,    262.45001
     t,    259.08197,    259.22281,    259.14999
     t,    256.83871,    256.95859,    256.75000
     t,    255.18752,    255.29549,    255.14999
     t,    254.66226,    254.76685,    254.95000
     t,    254.13177,    254.23296,    254.25000
     t,    252.37363,    252.46306,    252.05000
     t,    251.50610,    251.58162,    250.95000
     t,    250.30722,    250.35661,    250.55000
     t,    243.09039,    243.03151,    243.95000
     t,    237.72046,    237.68437,    238.95000
     t,    234.88135,    234.85063,    236.25000
     t,    230.91280,    230.88985,    232.05000
     t,    228.21446,    228.20575,    229.25000
     t,    227.35655,    227.35237,    228.45000
     t,    221.44392,    221.39177,    218.85001
     t,    220.26913,    220.19702,    218.25000
     t,    220.13161,    220.05869,    218.85001
     t,    219.78348,    219.70721,    220.05000
     t,    219.01089,    218.94273,    219.64999
     t,    218.87326,    218.81184,    220.85001
     t,    218.37386,    218.33627,    220.64999
     t,    217.23773,    217.22493,    218.25000
     t,    215.60658,    215.61018,    216.25000
     t,    214.02463,    214.03133,    215.05000
     t,    211.45851,    211.45374,    210.45000
     t,    211.14967,    211.14920,    211.05000
     t,    209.61176,    209.63429,    208.25000
     t,    209.12642,    209.15396,    209.05000
     t,    208.62181,    208.65309,    207.05000
     t,    208.67776,    208.72719,    207.45000
     t,    209.77496,    209.76753,    207.05000
     t,    210.22800,    210.17259,    210.45000
     t,    210.53203,    210.46187,    210.85001
     t,    210.79527,    210.71410,    209.05000
     t,    211.28967,    211.36441,    209.45000
     t,    211.73187,    211.97215,    210.25000
     t,    211.75974,    212.00363,    210.45000
     t,    211.95967,    212.05515,    212.64999
     t,    212.56081,    212.26637,    213.85001
     t,    214.10812,    213.78589,    213.45000
     t,    214.40765,    214.16882,    216.05000
     t,    225.32753,    225.28580,    226.14999
     t,    223.34091,    223.34387,    226.14999
     q,      0.20530,      0.20509,      0.32084
     q,      0.20530,      0.20509,      0.66733
     q,      0.20530,      0.20509,      0.65328
     q,      0.20530,      0.20509,      0.62688
     q,      0.20712,      0.20690,      0.50961
     q,      0.21236,      0.21216,      0.34129
     q,      0.21829,      0.21810,      0.28062
     q,      0.22428,      0.22409,      0.29906
     q,      0.26473,      0.26453,      0.31679
     q,      0.27484,      0.27464,      0.32764
     q,      0.27944,      0.27926,      0.30302
     q,      0.29309,      0.29291,      0.33156
     q,      0.29464,      0.29447,      0.31537
     q,      0.32822,      0.32809,      0.32817
     q,      0.37343,      0.37329,      0.34906
     q,      0.40231,      0.40212,      0.38394
     q,      0.42600,      0.42539,      0.40305
     q,      0.45130,      0.45056,      0.43832
     q,      0.61142,      0.61007,      0.57928
     q,      0.70000,      0.69759,      0.69742
     q,      0.71283,      0.71015,      0.66337
     q,      0.75011,      0.74633,      0.69597
     q,      0.74820,      0.74443,      0.50889
     q,      0.73582,      0.73213,      0.69430
     q,      0.73342,      0.72974,      0.73036
     q,      0.72583,      0.72188,      0.83119
     q,      0.71216,      0.70852,      0.83797
     q,      0.69677,      0.69359,      0.95528
     q,      0.62670,      0.62550,      0.79191
     q,      0.55223,      0.55363,      0.68344
     q,      0.54118,      0.54328,      0.67510
     q,      0.52888,      0.53281,      0.57164
     q,      0.51118,      0.51644,      0.47552
     q,      0.50043,      0.50588,      0.36029
     q,      0.49195,      0.49738,      0.17400
     q,      0.48379,      0.47404,      0.57100
     q,      0.48704,      0.47737,      0.49455
     q,      0.62091,      0.60805,      0.54957
     q,      0.71904,      0.70730,      0.60292
     q,      0.69715,      0.70846,      0.62072
     q,      0.65242,      0.71063,      0.56356
     q,      0.60637,      0.71287,      0.49367
     q,      0.53469,      0.71635,      0.44792
     q,      0.43913,      0.62325,      0.46327
     q,      0.24789,      0.33794,      0.38478
     q,      0.22343,      0.25217,      0.20160
     q,      0.21813,      0.22210,      0.13794
     q,      0.22694,      0.22238,      0.23319
     q,      0.25859,      0.25285,      0.33094
     q,      0.30756,      0.28943,      0.30661
     q,      0.31390,      0.29591,      0.19039
     q,      0.33337,      0.31582,      0.17075
     q,      0.34584,      0.32952,      0.39656
     q,      0.31798,      0.31279,      0.36928
     q,      0.29212,      0.28591,      0.37934
     q,      0.27536,      0.26855,      0.33229
     q,      0.22931,      0.21678,      0.35871
     q,      0.18355,      0.16484,      0.26463
     q,      0.17220,      0.15108,      0.30758
     q,      0.21877,      0.19502,      0.24853
     q,      0.24003,      0.21566,      0.17046
     q,      0.26304,      0.23800,      0.13620
     q,      0.35518,      0.32688,      0.14074
     q,      0.39386,      0.36772,      0.33605
     q,      0.44547,      0.42483,      0.57853
     q,      0.69365,      0.69405,      0.69225
     q,      0.68508,      0.68672,      0.59171
     t,    303.24380,    302.82111,    302.04999
     t,    303.24384,    302.82111,    300.95001
     t,    301.96838,    301.57108,    299.35001
     t,    301.05750,    300.71085,    298.54999
     t,    295.46167,    295.56305,    293.45001
     t,    292.64511,    292.75079,    290.85001
     t,    289.97925,    289.95337,    291.04999
     t,    289.09674,    289.06076,    290.75000
     t,    288.27322,    288.23007,    290.04999
     t,    282.15042,    282.00516,    283.54999
     t,    281.67578,    281.53052,    282.95001
     t,    279.47897,    279.47687,    280.85001
     t,    277.21625,    277.37408,    278.04999
     t,    276.05521,    276.22592,    276.75000
     t,    274.24213,    274.39163,    274.35001
     t,    273.87112,    274.02087,    274.04999
     t,    273.49881,    273.64401,    273.64999
     t,    272.45618,    272.57672,    272.35001
     t,    271.98056,    272.08963,    271.85001
     t,    271.40256,    271.50073,    271.35001
     t,    269.63565,    269.69211,    269.35001
     t,    269.33606,    269.38492,    268.95001
     t,    268.52917,    268.55756,    268.45001
     t,    268.03323,    268.05252,    268.14999
     t,    266.07727,    266.07736,    265.75000
     t,    265.77814,    265.77493,    265.85001
     t,    265.37656,    265.36902,    265.75000
     t,    263.64590,    263.61813,    263.54999
     t,    263.24005,    263.20657,    263.35001
     t,    263.03589,    262.99957,    263.04999
     t,    261.89603,    261.84241,    262.04999
     t,    261.05017,    260.98257,    261.85001
     t,    251.85742,    251.65952,    252.25000
     t,    251.07712,    250.88570,    251.45000
     t,    248.23546,    248.09537,    248.05000
     t,    246.96359,    246.84294,    246.45000
     t,    245.17551,    245.08629,    244.45000
     t,    240.61833,    240.62169,    240.64999
     t,    239.02248,    239.06139,    240.05000
     t,    236.19035,    236.26524,    237.45000
     t,    230.41220,    230.42319,    231.64999
     t,    226.35773,    226.20058,    229.25000
     t,    225.79648,    225.60919,    228.45000
     t,    224.26450,    223.99919,    226.85001
     t,    221.80499,    221.53555,    223.45000
     t,    219.79321,    219.69083,    220.25000
     t,    218.94846,    218.89375,    218.45000
     t,    218.05905,    218.04323,    216.64999
     t,    216.71837,    216.86923,    211.25000
     t,    216.60419,    216.78127,    212.45000
     t,    216.57576,    216.78464,    212.05000
     t,    216.54828,    216.78825,    217.05000
     t,    216.54243,    216.78943,    217.85001
     t,    216.45457,    216.71930,    215.85001
     t,    216.43817,    216.66937,    216.25000
     t,    216.44818,    216.67569,    216.85001
     t,    216.40027,    216.53766,    215.85001
     t,    216.36572,    216.44377,    214.25000
     t,    216.32863,    216.34901,    216.45000
     t,    216.31480,    216.32556,    218.25000
     t,    216.22710,    216.18610,    218.64999
     t,    215.93536,    215.77950,    216.45000
     t,    215.80969,    215.62207,    214.64999
     t,    215.63695,    215.42075,    214.05000
     t,    302.23782,    302.13446,    294.64999
     t,    302.23782,    302.13446,    296.85001
     t,    301.80966,    301.69846,    296.75000
     t,    301.06760,    300.95917,    296.14999
     t,    299.36020,    299.27567,    296.54999
     t,    295.94543,    295.90628,    295.35001
     t,    290.78018,    290.89502,    289.64999
     t,    287.90424,    287.97040,    287.75000
     t,    285.13138,    285.16354,    284.64999
     t,    285.03290,    285.06476,    284.64999
     t,    282.43408,    282.41238,    281.64999
     t,    281.00998,    280.93607,    280.14999
     t,    279.18228,    279.07019,    277.95001
     t,    278.38611,    278.27487,    277.04999
     t,    275.51447,    275.40848,    274.85001
     t,    273.79324,    273.69702,    273.64999
     t,    271.50970,    271.42401,    270.45001
     t,    271.08499,    271.00125,    270.45001
     t,    270.86423,    270.78470,    270.95001
     t,    270.76065,    270.68173,    270.75000
     t,    270.56036,    270.48157,    269.85001
     t,    270.35931,    270.28067,    270.25000
     t,    270.05646,    269.97797,    269.85001
     t,    269.75189,    269.67361,    269.14999
     t,    269.44571,    269.36761,    269.35001
     t,    265.77267,    265.70935,    265.45001
     t,    264.50159,    264.45471,    264.14999
     t,    255.14093,    255.21507,    256.54999
     t,    252.46298,    252.55211,    253.05000
     t,    247.61739,    247.69423,    248.45000
     t,    245.67163,    245.72758,    245.95000
     t,    239.83289,    239.86971,    240.35001
     t,    236.74063,    236.76349,    237.14999
     t,    235.79196,    235.81200,    236.14999
     t,    232.68036,    232.69910,    234.45000
     t,    226.14935,    226.15895,    227.45000
     t,    222.35213,    222.22882,    222.85001
     t,    221.35492,    221.19003,    222.64999
     t,    218.77357,    218.51775,    218.85001
     t,    217.94138,    217.67577,    218.45000
     t,    217.72493,    217.46141,    219.64999
     t,    216.97270,    216.73639,    218.45000
     t,    216.67450,    216.47974,    216.45000
     t,    216.60834,    216.43750,    216.85001
     t,    216.43269,    216.31088,    215.64999
     t,    216.32268,    216.22633,    216.05000
     t,    216.07997,    216.03705,    214.45000
     t,    215.85167,    215.83524,    216.45000
     t,    215.66249,    215.66586,    214.85001
     t,    215.56593,    215.57729,    215.64999
     t,    215.27260,    215.26378,    215.85001
     t,    215.23331,    215.21808,    216.05000
     t,    215.02988,    214.97894,    214.85001
     t,    214.86240,    214.77843,    215.05000
     t,    214.83385,    214.74152,    214.45000
     t,    214.77338,    214.65956,    214.85001
     t,    214.71510,    214.58405,    217.05000
     t,    214.68336,    214.53880,    217.64999
     t,    214.47078,    214.25775,    215.64999
     t,    214.38777,    214.19406,    217.45000
     t,    214.30212,    214.12642,    215.85001
     t,    214.17250,    214.02991,    215.45000
     t,    213.59702,    213.68651,    210.85001
     t,    213.30138,    213.54131,    210.45000
     t,    213.10780,    213.44867,    208.85001
     t,    212.97717,    213.39760,    208.64999
     t,    212.93681,    213.38072,    209.64999
     t,    212.90518,    213.36749,    213.05000
     t,    212.85585,    213.35522,    213.64999
     t,    212.77892,    213.30476,    213.45000
     t,    213.00369,    213.35712,    210.64999
     t,    213.16171,    213.36293,    214.45000
     t,    213.67499,    213.22609,    212.64999
     t,    213.76274,    213.21396,    214.45000
     t,    213.92366,    213.41472,    215.25000
     t,    214.25548,    213.82857,    213.64999
     t,    215.06297,    214.91299,    216.05000
     t,    216.55679,    216.89299,    214.05000
     t,    259.72397,    259.74750,    260.24567
     q,      0.51124,      0.54578,      0.49938
     q,      0.51124,      0.54578,      0.44751
     q,      0.52621,      0.55830,      0.46419
     q,      0.52737,      0.55037,      0.49413
     q,      0.62904,      0.62732,      0.60199
     q,      0.69652,      0.71795,      0.60940
     q,      0.73915,      0.77513,      0.28909
     q,      0.73147,      0.76771,      0.34255
     q,      0.72533,      0.76158,      0.51623
     q,      0.71751,      0.75193,      0.63574
     q,      0.72159,      0.75567,      0.62862
     q,      0.73615,      0.75800,      0.62533
     q,      0.75133,      0.75797,      0.68883
     q,      0.75245,      0.75387,      0.55008
     q,      0.75177,      0.74694,      0.60332
     q,      0.75203,      0.74552,      0.64872
     q,      0.75200,      0.74404,      0.55771
     q,      0.75288,      0.74227,      0.54753
     q,      0.74976,      0.73884,      0.63068
     q,      0.74692,      0.73565,      0.54296
     q,      0.73525,      0.72307,      0.61591
     q,      0.73282,      0.72045,      0.66034
     q,      0.72581,      0.71294,      0.57948
     q,      0.71996,      0.70671,      0.63101
     q,      0.69126,      0.67686,      0.47303
     q,      0.68558,      0.67084,      0.24481
     q,      0.67766,      0.66244,      0.14417
     q,      0.64621,      0.62961,      0.19569
     q,      0.63997,      0.62311,      0.12182
     q,      0.63672,      0.61972,      0.08106
     q,      0.62059,      0.60341,      0.07969
     q,      0.60791,      0.59078,      0.02784
     q,      0.56397,      0.56843,      0.02373
     q,      0.57689,      0.58505,      0.02925
     q,      0.65876,      0.68538,      0.21371
     q,      0.66308,      0.69041,      0.14386
     q,      0.66024,      0.68697,      0.14180
     q,      0.65251,      0.67762,      0.09518
     q,      0.64117,      0.66460,      0.10305
     q,      0.42413,      0.44570,      0.42295
     q,      0.42413,      0.44570,      0.40446
     q,      0.43033,      0.45255,      0.34753
     q,      0.44242,      0.46602,      0.37273
     q,      0.47076,      0.49738,      0.35020
     q,      0.49958,      0.48551,      0.39270
     q,      0.45597,      0.44088,      0.47144
     q,      0.46293,      0.47287,      0.60301
     q,      0.48836,      0.51122,      0.62562
     q,      0.48974,      0.51282,      0.62959
     q,      0.52981,      0.55328,      0.74068
     q,      0.55574,      0.57621,      0.60716
     q,      0.58710,      0.60406,      0.67269
     q,      0.59756,      0.61354,      0.62523
     q,      0.64379,      0.65560,      0.77799
     q,      0.66401,      0.67607,      0.74221
     q,      0.69395,      0.70677,      0.81792
     q,      0.70044,      0.71342,      0.82595
     q,      0.70470,      0.71776,      0.78474
     q,      0.70580,      0.71889,      0.77868
     q,      0.70666,      0.71982,      0.85225
     q,      0.70754,      0.72078,      0.72363
     q,      0.70890,      0.72225,      0.71060
     q,      0.71032,      0.72378,      0.82191
     q,      0.71178,      0.72536,      0.80176
     q,      0.72868,      0.74269,      0.85421
     q,      0.72700,      0.73950,      0.85969
     q,      0.72849,      0.73593,      0.88764
     q,      0.74515,      0.75298,      0.77385
     q,      0.76541,      0.77276,      0.78141
     q,      0.76055,      0.76735,      0.66482
     q,      0.71261,      0.71197,      0.77064
     q,      0.68730,      0.68873,      0.70539
     q,      0.71881,      0.72631,      0.89652
     t,    312.72122,    312.72485,    312.25000
     t,    312.57657,    312.59323,    309.64999
     t,    311.76099,    311.77365,    308.85001
     t,    307.32867,    307.34198,    304.54999
     t,    299.95932,    299.97519,    297.64999
     t,    298.12918,    298.14676,    295.85001
     t,    296.24698,    296.25247,    295.25000
     t,    295.75748,    295.75748,    296.04999
     t,    294.30920,    294.29129,    295.14999
     t,    287.22498,    287.19333,    287.64999
     t,    286.58014,    286.55075,    286.85001
     t,    285.93207,    285.90387,    286.25000
     t,    283.72153,    283.68484,    283.64999
     t,    281.15497,    281.07697,    281.45001
     t,    279.56567,    279.46243,    280.04999
     t,    278.70111,    278.60730,    279.35001
     t,    277.40421,    277.34500,    277.64999
     t,    276.65463,    276.61548,    276.75000
     t,    275.46558,    275.45813,    275.35001
     t,    275.13657,    275.15457,    274.85001
     t,    273.89908,    274.00415,    273.25000
     t,    273.47760,    273.61234,    272.95001
     t,    272.69250,    272.88287,    272.64999
     t,    271.40765,    271.60632,    270.54999
     t,    269.73898,    269.91684,    270.25000
     t,    269.64474,    269.82153,    270.25000
     t,    267.46402,    267.61331,    267.14999
     t,    265.77341,    265.89832,    266.45001
     t,    265.12485,    265.24014,    265.54999
     t,    264.79736,    264.90781,    265.54999
     t,    263.77258,    263.87665,    264.14999
     t,    263.30624,    263.40891,    263.54999
     t,    261.88138,    261.97977,    261.64999
     t,    261.64011,    261.73645,    261.45001
     t,    260.54001,    260.63303,    260.45001
     t,    258.33582,    258.43817,    258.04999
     t,    257.66684,    257.77316,    257.85001
     t,    252.61891,    252.71230,    252.45000
     t,    251.13199,    251.21539,    251.85001
     t,    249.75523,    249.82805,    250.85001
     t,    245.15982,    245.19833,    245.85001
     t,    242.99103,    243.01421,    243.25000
     t,    241.87430,    241.88956,    242.05000
     t,    237.34457,    237.33749,    238.05000
     t,    232.93187,    232.93855,    233.05000
     t,    223.01572,    223.09753,    223.85001
     t,    221.26532,    221.35884,    221.64999
     t,    210.72069,    210.82845,    209.45000
     t,    207.94971,    208.00862,    207.05000
     t,    207.42412,    207.47375,    206.64999
     t,    205.36928,    205.16971,    202.85001
     t,    204.46547,    204.23872,    203.64999
     t,    203.75139,    203.57893,    201.45000
     t,    203.46524,    203.43690,    202.45000
     t,    203.24051,    203.51611,    200.85001
     t,    203.01591,    203.59589,    200.45000
     t,    202.99472,    203.60567,    202.85001
     t,    202.97827,    203.61325,    203.25000
     t,    203.70412,    203.49411,    200.45000
     t,    205.19958,    204.02205,    206.25000
     t,    206.50981,    205.40237,    205.85001
     t,    209.45964,    209.20372,    206.05000
     t,    309.40479,    309.41730,    306.61050
     t,    303.22443,    303.22858,    304.04999
     t,    303.22443,    303.22858,    303.75000
     t,    303.47333,    303.48047,    303.95001
     t,    303.47333,    303.48047,    303.75000
     t,    303.19296,    303.20233,    306.75000
     t,    303.19296,    303.20233,    306.14999
     t,    303.22211,    303.23135,    303.85001
     t,    303.22211,    303.23132,    303.64999
     t,    303.69009,    303.69513,    304.45001
     t,    303.69006,    303.69510,    304.14999
     t,    304.08975,    304.09833,    304.95001
     t,    304.08972,    304.09830,    304.54999
     t,    303.90155,    303.90674,    304.35001
     t,    303.90158,    303.90674,    303.95001
     t,    303.22443,    303.22858,    304.25000
     t,    303.22443,    303.22858,    303.64999
     t,    303.22443,    303.22858,    303.64999
     t,    303.47333,    303.48047,    304.25000
     t,    303.47333,    303.48044,    303.64999
     t,    303.47333,    303.48047,    303.45001
     t,    303.19296,    303.20233,    307.35001
     t,    303.19296,    303.20233,    305.85001
     t,    303.19296,    303.20233,    305.75000
     t,    303.22211,    303.23132,    304.54999
     t,    303.22211,    303.23132,    303.14999
     t,    303.22214,    303.23135,    302.95001
     t,    303.69006,    303.69513,    305.25000
     t,    303.69006,    303.69513,    303.85001
     t,    303.69006,    303.69510,    303.54999
     t,    304.08975,    304.09833,    305.95001
     t,    304.08975,    304.09833,    303.95001
     t,    304.08975,    304.09833,    303.45001
     t,    303.90155,    303.90674,    305.35001
     t,    303.90158,    303.90674,    303.45001
     t,    303.90158,    303.90674,    302.95001
     t,    303.22443,    303.22858,    304.04999
     t,    303.22446,    303.22861,    303.95001
     t,    303.47333,    303.48044,    304.14999
     t,    303.47333,    303.48044,    304.14999
     t,    303.19296,    303.20233,    307.04999
     t,    303.19296,    303.20233,    306.54999
     t,    303.22211,    303.23132,    304.25000
     t,    303.22211,    303.23135,    304.35001
     t,    303.69006,    303.69510,    305.14999
     t,    303.69006,    303.69510,    305.04999
     t,    304.08975,    304.09833,    305.45001
     t,    304.08975,    304.09833,    305.35001
     t,    303.90155,    303.90674,    304.85001
     t,    303.90155,    303.90674,    304.64999
     q,      0.37605,      0.37437,      0.48691
     q,      0.37817,      0.37651,      0.41126
     q,      0.39070,      0.38896,      0.43534
     q,      0.47394,      0.47163,      0.51783
     q,      0.66580,      0.66211,      0.68474
     q,      0.72539,      0.72097,      0.73576
     q,      0.76433,      0.76241,      0.69458
     q,      0.77101,      0.77039,      0.59440
     q,      0.77725,      0.77947,      0.57285
     q,      0.73663,      0.74510,      0.56895
     q,      0.73477,      0.74272,      0.59996
     q,      0.73297,      0.74085,      0.52651
     q,      0.72638,      0.73580,      0.57878
     q,      0.71674,      0.73295,      0.44227
     q,      0.71004,      0.73175,      0.47759
     q,      0.68403,      0.70659,      0.41311
     q,      0.62542,      0.64709,      0.53047
     q,      0.58968,      0.61103,      0.41460
     q,      0.52780,      0.54861,      0.47014
     q,      0.50544,      0.52232,      0.36626
     q,      0.42045,      0.42455,      0.35106
     q,      0.38960,      0.38906,      0.25434
     q,      0.33140,      0.32162,      0.20335
     q,      0.30272,      0.28944,      0.10755
     q,      0.28977,      0.27651,      0.04422
     q,      0.28893,      0.27569,      0.04012
     q,      0.29436,      0.28223,      0.06980
     q,      0.31879,      0.30877,      0.02566
     q,      0.32793,      0.31885,      0.17230
     q,      0.33283,      0.32424,      0.08939
     q,      0.34531,      0.34264,      0.22206
     q,      0.34836,      0.34888,      0.40200
     q,      0.35877,      0.37013,      0.38341
     q,      0.36220,      0.37695,      0.35109
     q,      0.37099,      0.39595,      0.03067
     q,      0.35135,      0.37989,      0.04390
     q,      0.34225,      0.37040,      0.06344
     q,      0.27005,      0.28538,      0.06583
     q,      0.23446,      0.24194,      0.09917
     q,      0.17764,      0.18199,      0.08456
     q,      0.43241,      0.43039,      0.47747
     t,    225.43979,    225.42163,    225.64999
     t,    223.37901,    223.36703,    223.05000
     t,    216.82623,    216.83557,    215.64999
     t,    212.91331,    212.91661,    212.64999
     t,    211.88492,    211.88689,    210.85001
     t,    209.45587,    209.46750,    205.64999
     t,    208.04605,    208.07019,    203.45000
     t,    207.16216,    207.16560,    203.64999
     t,    206.48544,    206.47006,    205.45000
     t,    206.01566,    205.99075,    205.25000
     t,    205.28680,    205.24220,    206.05000
     t,    204.74989,    204.71704,    203.85001
     t,    204.94429,    204.91547,    205.05000
     t,    205.24374,    205.22334,    205.25000
     t,    205.90907,    205.97974,    206.45000
     t,    206.01715,    206.14714,    208.45000
     t,    206.41272,    206.76500,    206.05000
     t,    208.79132,    208.76369,    207.25000
     t,    209.62863,    209.74081,    209.64999
     t,    210.13461,    210.32585,    210.45000
     t,    211.50807,    211.66533,    208.85001
     t,    211.91373,    211.42924,    210.85001
     t,    212.32214,    211.77820,    214.64999
     t,    212.47095,    211.90598,    213.45000
     t,    308.87946,    308.62717,    307.95001
     t,    308.58310,    308.39468,    307.54999
     t,    307.29181,    307.23190,    306.85001
     t,    306.34824,    306.52377,    304.75000
     t,    299.87292,    300.05414,    298.04999
     t,    296.43005,    296.61212,    294.35001
     t,    295.14053,    295.27765,    294.04999
     t,    293.83707,    293.93033,    292.95001
     t,    290.45621,    290.62439,    290.45001
     t,    289.79736,    289.92770,    290.45001
     t,    288.87869,    288.95663,    288.85001
     t,    288.54175,    288.60092,    288.75000
     t,    288.11795,    288.15353,    288.14999
     t,    286.60602,    286.61813,    286.45001
     t,    286.51489,    286.52713,    286.25000
     t,    284.47632,    284.49158,    283.14999
     t,    278.39044,    278.43912,    279.35001
     t,    277.37320,    277.43445,    279.35001
     t,    275.66684,    275.78986,    275.45001
     t,    274.74820,    274.90598,    274.54999
     t,    274.43762,    274.59912,    273.75000
     t,    274.13721,    274.30539,    273.35001
     t,    273.99289,    274.16223,    272.75000
     t,    273.70270,    273.87436,    272.64999
     t,    273.62985,    273.80209,    272.35001
     t,    273.55682,    273.72964,    272.04999
     t,    273.41043,    273.58444,    271.45001
     t,    272.89383,    273.07196,    271.14999
     t,    271.83984,    272.01727,    269.35001
     t,    271.37967,    271.56061,    268.54999
     t,    271.07001,    271.25330,    267.85001
     t,    270.63034,    270.77829,    267.35001
     t,    269.55618,    269.63388,    265.75000
     t,    269.09561,    269.13583,    265.35001
     t,    268.63495,    268.64551,    264.75000
     t,    268.07599,    268.05054,    267.25000
     t,    266.61319,    266.49719,    265.25000
     t,    266.26572,    266.13086,    265.04999
     t,    265.79901,    265.63879,    266.35001
     t,    265.19366,    264.99857,    266.35001
     t,    263.46188,    263.14627,    264.25000
     t,    260.41885,    260.26843,    262.14999
     t,    257.70523,    257.69928,    258.45001
     t,    257.26059,    257.23050,    257.35001
     t,    254.73167,    254.59050,    254.95000
     t,    254.09824,    253.97514,    254.55000
     t,    253.08516,    252.97560,    253.45000
     t,    251.90324,    251.82495,    251.85001
     t,    250.78232,    250.82391,    250.35001
     t,    249.66563,    249.88850,    249.75000
     t,    249.12495,    249.43353,    249.25000
     t,    247.02820,    247.69626,    247.85001
     t,    243.09932,    244.12692,    244.45000
     t,    235.99554,    236.15915,    238.45000
     t,    232.99348,    232.68394,    234.64999
     t,    231.96692,    231.50896,    233.45000
     t,    230.71959,    230.13295,    233.05000
     t,    222.00867,    221.94717,    222.85001
     t,    216.91350,    216.98750,    216.85001
     t,    215.36806,    215.48424,    216.64999
     t,    209.18033,    209.41080,    208.45000
     t,    207.82906,    208.04968,    206.45000
     t,    204.39244,    204.38693,    198.25000
     t,    203.95132,    203.88512,    198.85001
     t,    203.53802,    203.31439,    197.05000
     t,    203.37842,    203.08932,    198.05000
     t,    203.29207,    202.97014,    197.64999
     t,    203.11703,    202.72853,    198.45000
     t,    203.19312,    202.81828,    197.45000
     t,    203.27440,    202.92535,    200.45000
     t,    203.52495,    203.25308,    203.25000
     t,    204.36723,    204.35785,    201.05000
     t,    204.94229,    204.92027,    202.05000
     t,    205.00238,    204.97208,    202.64999
     t,    205.07790,    205.03720,    207.05000
     t,    205.20886,    205.15417,    207.85001
     t,    206.73520,    206.73349,    204.85001
     t,    207.36182,    207.45654,    206.05000
     t,    207.53888,    207.67433,    208.45000
     t,    207.81798,    208.03218,    208.45000
     t,    208.98703,    209.52281,    207.64999
     t,    210.16869,    210.27602,    211.25000
     t,    211.29533,    210.62817,    211.45000
     t,    308.88193,    308.01981,    305.25000
     t,    305.03781,    304.17343,    300.25000
     t,    302.30450,    301.50653,    297.35001
     t,    298.34079,    297.87225,    295.04999
     t,    292.08511,    292.11868,    289.85001
     t,    289.73083,    289.69220,    287.25000
     t,    288.97580,    288.92200,    288.45001
     t,    287.25604,    287.17575,    287.04999
     t,    286.29306,    286.22482,    286.25000
     t,    285.58316,    285.52380,    286.14999
     t,    274.96271,    275.00211,    274.25000
     t,    273.65054,    273.69669,    273.14999
     t,    269.30563,    269.27478,    267.64999
     t,    269.04813,    269.01694,    267.75000
     t,    268.87558,    268.84418,    267.75000
     t,    268.70236,    268.67072,    267.35001
     t,    267.01184,    266.97388,    265.95001
     t,    266.31650,    266.28525,    266.75000
     t,    263.65240,    263.63605,    264.04999
     t,    259.99960,    259.97397,    259.14999
     t,    257.80328,    257.83096,    258.25000
     t,    257.12988,    257.18726,    257.85001
     t,    251.66335,    251.84169,    251.45000
     t,    243.63487,    243.55377,    246.25000
     t,    242.17065,    242.09618,    244.45000
     t,    233.24834,    233.26051,    235.05000
     t,    232.48227,    232.50468,    234.25000
     t,    222.37714,    222.44830,    222.25000
     t,    218.55574,    218.62814,    217.85001
     t,    213.73383,    213.86429,    213.25000
     t,    213.01479,    213.16064,    214.25000
     t,    210.54678,    210.61617,    210.45000
     t,    205.88565,    206.13234,    202.25000
     t,    204.55624,    205.11476,    198.64999
     t,    203.93469,    204.41428,    198.85001
     t,    203.63141,    203.85216,    200.25000
     t,    203.52852,    203.21288,    201.05000
     t,    204.22020,    203.54773,    207.05000
     t,    207.14912,    206.37422,    205.45000
     t,    207.82135,    207.06189,    210.05000
     t,    208.60587,    207.84320,    207.25000
     t,    209.24088,    208.64186,    208.45000
     t,    294.92944,    294.78241,    292.33539
     t,    279.79712,    279.76868,    280.14023
     t,    227.85480,    227.91586,    228.66879
     q,      0.57188,      0.57251,      0.64801
     q,      0.57069,      0.57058,      0.58490
     q,      0.57635,      0.57093,      0.63274
     q,      0.56785,      0.57168,      0.59347
     q,      0.70958,      0.71823,      0.77280
     q,      0.80763,      0.81540,      0.82605
     q,      0.83715,      0.84906,      0.84621
     q,      0.86894,      0.88542,      0.73433
     q,      0.90686,      0.93006,      0.73801
     q,      0.88441,      0.90770,      0.67659
     q,      0.85051,      0.87314,      0.64598
     q,      0.83770,      0.86048,      0.76475
     q,      0.82111,      0.84409,      0.78300
     q,      0.78634,      0.80598,      0.71347
     q,      0.78483,      0.80421,      0.71228
     q,      0.74796,      0.76089,      0.82607
     q,      0.67259,      0.66609,      0.96484
     q,      0.65357,      0.64455,      1.02644
     q,      0.59106,      0.58428,      0.86544
     q,      0.55443,      0.54844,      0.87453
     q,      0.54202,      0.53649,      0.74737
     q,      0.53019,      0.52490,      0.77423
     q,      0.52506,      0.52005,      0.62718
     q,      0.51456,      0.51012,      0.83951
     q,      0.51188,      0.50759,      0.82490
     q,      0.50918,      0.50503,      0.84776
     q,      0.50372,      0.49987,      0.75923
     q,      0.48390,      0.48112,      0.80423
     q,      0.44154,      0.44114,      0.63165
     q,      0.42135,      0.42202,      0.72178
     q,      0.40727,      0.40868,      0.64151
     q,      0.39933,      0.40313,      0.68760
     q,      0.37658,      0.38754,      0.58965
     q,      0.36790,      0.38201,      0.58563
     q,      0.35707,      0.37462,      0.58187
     q,      0.34322,      0.36516,      0.72334
     q,      0.33271,      0.36666,      0.78680
     q,      0.33563,      0.37287,      0.79421
     q,      0.33974,      0.38160,      0.92542
     q,      0.34890,      0.39594,      0.93877
     q,      0.37614,      0.44820,      0.89040
     q,      0.47754,      0.53511,      0.97931
     q,      0.62713,      0.64565,      0.85490
     q,      0.66012,      0.67120,      0.80075
     q,      0.78995,      0.78445,      0.69204
     q,      0.78722,      0.78258,      0.79582
     q,      0.78355,      0.77791,      0.73155
     q,      0.77715,      0.77321,      0.70245
     q,      0.76470,      0.76270,      0.50122
     q,      0.74600,      0.75070,      0.35048
     q,      0.73838,      0.74230,      0.17063
     q,      0.69669,      0.70960,      0.10171
     q,      0.57674,      0.64841,      0.09687
     q,      0.52958,      0.55702,      0.53160
     q,      0.61314,      0.64455,      0.59421
     q,      0.68143,      0.70955,      0.65314
     q,      0.78068,      0.79031,      0.71047
     q,      0.88708,      0.89615,      0.86049
     q,      0.83479,      0.86734,      0.79272
     q,      0.80921,      0.84386,      0.62081
     q,      0.75311,      0.79197,      0.51628
     q,      0.74767,      0.78376,      0.51565
     q,      0.74336,      0.77726,      0.46538
     q,      0.62837,      0.65033,      0.79231
     q,      0.58687,      0.61158,      0.61136
     q,      0.41929,      0.45278,      0.65782
     q,      0.40913,      0.44237,      0.31626
     q,      0.40217,      0.43524,      0.34890
     q,      0.39508,      0.42797,      0.37165
     q,      0.32131,      0.35327,      0.34274
     q,      0.30183,      0.33291,      0.10888
     q,      0.21193,      0.23983,      0.24015
     q,      0.17989,      0.23736,      0.13720
     q,      0.23787,      0.32948,      0.05848
     q,      0.28077,      0.38554,      0.10145
     q,      0.46239,      0.62680,      0.03546
     q,      0.85898,      0.86705,      0.79350
     q,      0.71189,      0.73258,      0.61959
     t,    297.93298,    297.50494,    297.04999
     t,    297.93301,    297.50497,    296.35001
     t,    297.00864,    296.56845,    294.25000
     t,    295.45126,    294.97394,    293.25000
     t,    294.24454,    293.34656,    292.64999
     t,    294.06433,    293.04138,    292.35001
     t,    294.04391,    293.35260,    293.04999
     t,    294.15039,    294.79150,    292.25000
     t,    293.73175,    294.84253,    291.35001
     t,    292.52194,    293.34589,    289.85001
     t,    292.28354,    293.03989,    289.14999
     t,    291.95035,    292.63950,    287.95001
     t,    291.61459,    292.23608,    287.14999
     t,    289.68210,    290.11020,    287.35001
     t,    284.75906,    285.08774,    282.54999
     t,    284.60632,    284.92813,    282.25000
     t,    283.52277,    283.79727,    281.75000
     t,    283.05228,    283.30588,    281.45001
     t,    282.65698,    282.89301,    281.54999
     t,    280.10104,    280.20737,    279.85001
     t,    277.93973,    277.93347,    278.95001
     t,    275.65527,    275.56375,    276.04999
     t,    275.15179,    275.04184,    275.95001
     t,    272.86041,    272.74139,    272.85001
     t,    271.91113,    271.81708,    272.45001
     t,    271.12003,    271.04675,    271.75000
     t,    270.49548,    270.43860,    271.25000
     t,    267.93173,    267.99829,    268.75000
     t,    267.63800,    267.71936,    268.35001
     t,    264.91833,    265.12338,    265.14999
     t,    263.68475,    263.94131,    263.85001
     t,    259.83667,    260.18112,    260.14999
     t,    256.56512,    256.90417,    256.04999
     t,    256.15524,    256.48114,    255.64999
     t,    254.62955,    254.90947,    254.55000
     t,    254.06259,    254.32420,    253.95000
     t,    253.05609,    253.28522,    252.95000
     t,    252.31297,    252.51566,    252.14999
     t,    250.47630,    250.60492,    250.35001
     t,    249.69293,    249.78996,    249.55000
     t,    248.25763,    248.29755,    248.55000
     t,    246.11098,    246.08864,    246.05000
     t,    244.73660,    244.67845,    245.45000
     t,    240.18471,    240.05154,    240.85001
     t,    238.33995,    238.18845,    238.64999
     t,    235.69594,    235.54155,    235.25000
     t,    234.40742,    234.25319,    234.85001
     t,    231.23735,    231.14241,    232.05000
     t,    222.57419,    222.67908,    223.45000
     t,    222.17294,    222.28404,    223.25000
     t,    220.68643,    220.81857,    222.85001
     t,    214.15665,    214.37503,    213.25000
     t,    212.60933,    212.73473,    211.25000
     t,    212.12703,    212.22226,    210.25000
     t,    211.38506,    211.41054,    208.25000
     t,    210.25540,    210.09668,    206.25000
     t,    209.99281,    209.78951,    207.25000
     t,    209.26048,    208.94557,    207.25000
     t,    207.98917,    207.51440,    204.85001
     t,    207.23813,    206.83406,    204.85001
     t,    207.02440,    206.68065,    207.05000
     t,    206.90997,    206.63242,    206.05000
     t,    207.02968,    206.79897,    208.25000
     t,    207.64578,    207.55115,    207.45000
     t,    207.89598,    207.80952,    209.05000
     t,    208.83527,    208.78412,    207.25000
     t,    210.64883,    210.49474,    207.85001
     t,    210.81114,    210.67072,    210.85001
     t,    210.82286,    210.68343,    210.85001
     t,    211.10919,    210.99390,    212.45000
     t,    211.91821,    211.94560,    209.85001
     t,    212.68263,    212.78287,    211.85001
     t,    212.91925,    213.01128,    213.64999
     t,    226.61285,    226.64844,    227.51543
     t,    295.40283,    292.67526,    295.75000
     t,    295.40283,    292.67526,    295.14999
     t,    292.02472,    289.66461,    291.04999
     t,    291.33167,    289.20053,    290.25000
     t,    289.05209,    289.73386,    287.25000
     t,    288.86212,    289.72330,    287.85001
     t,    288.45908,    289.45782,    287.45001
     t,    288.29318,    289.24149,    285.95001
     t,    287.55478,    287.97437,    283.95001
     t,    287.25894,    287.52267,    284.54999
     t,    285.40933,    285.61331,    282.45001
     t,    284.04468,    284.25452,    282.35001
     t,    283.85281,    284.06863,    282.04999
     t,    283.46661,    283.69449,    281.75000
     t,    283.20731,    283.44327,    281.25000
     t,    282.48633,    282.74478,    282.14999
     t,    281.61908,    281.90457,    281.04999
     t,    281.28159,    281.57584,    280.64999
     t,    280.94553,    281.23605,    280.45001
     t,    280.53882,    280.82486,    279.85001
     t,    278.65457,    278.92050,    277.04999
     t,    278.44064,    278.70459,    276.85001
     t,    277.54816,    277.80203,    276.75000
     t,    276.58084,    276.83075,    276.04999
     t,    274.16043,    274.40027,    273.25000
     t,    272.69742,    272.93652,    271.75000
     t,    268.32364,    268.57114,    267.54999
     t,    267.21179,    267.46704,    266.85001
     t,    266.64642,    266.90567,    266.85001
     t,    266.18997,    266.45248,    266.64999
     t,    265.04474,    265.31223,    265.25000
     t,    263.82642,    264.08224,    263.64999
     t,    260.22095,    260.43796,    259.25000
     t,    259.23416,    259.43484,    258.35001
     t,    257.97153,    258.15088,    256.64999
     t,    257.71542,    257.89044,    256.64999
     t,    257.06973,    257.23383,    256.54999
     t,    256.80930,    256.96896,    256.54999
     t,    255.13843,    255.26939,    255.14999
     t,    254.85031,    254.97632,    254.95000
     t,    253.83321,    253.94157,    253.95000
     t,    250.98207,    251.04720,    250.55000
     t,    248.81042,    248.85907,    248.35001
     t,    247.69395,    247.73412,    247.14999
     t,    243.62488,    243.60934,    244.14999
     t,    238.61981,    238.54353,    239.55000
     t,    238.42128,    238.34328,    239.35001
     t,    230.85986,    230.74017,    231.64999
     t,    228.10808,    228.00993,    228.64999
     t,    225.28740,    225.22234,    225.05000
     t,    222.21538,    222.22786,    220.25000
     t,    222.00513,    222.01678,    220.85001
     t,    220.68095,    220.69557,    219.45000
     t,    220.34000,    220.35391,    219.64999
     t,    219.42441,    219.44905,    220.25000
     t,    218.38632,    218.42780,    219.85001
     t,    216.67749,    216.71263,    216.64999
     t,    215.53535,    215.54382,    215.64999
     t,    215.12650,    215.11960,    214.45000
     t,    214.57056,    214.54303,    214.64999
     t,    211.97311,    211.83884,    210.05000
     t,    211.71613,    211.57588,    210.25000
     t,    210.64609,    210.47891,    208.85001
     t,    210.50792,    210.33751,    209.25000
     t,    209.51312,    209.57211,    206.64999
     t,    209.37778,    209.46719,    207.45000
     t,    209.27481,    209.34334,    206.85001
     t,    209.29196,    209.20129,    211.64999
     t,    209.55504,    209.45961,    211.64999
     t,    210.12331,    210.19907,    208.64999
     t,    210.40973,    210.54027,    209.45000
     t,    210.93338,    211.07408,    207.45000
     t,    211.53812,    211.74510,    209.25000
     t,    211.59566,    211.81554,    209.05000
     t,    211.84787,    212.12425,    211.45000
     t,    213.54449,    214.00018,    211.64999
     t,    293.65500,    291.03625,    293.05728
     q,      0.79955,      0.75918,      0.87190
     q,      0.79955,      0.75918,      0.78115
     q,      0.83102,      0.78991,      0.78539
     q,      0.89328,      0.85027,      0.84729
     q,      0.93652,      0.89800,      0.87851
     q,      0.94235,      0.90529,      0.87713
     q,      0.94768,      0.93145,      0.89758
     q,      0.92107,      0.81572,      0.83338
     q,      0.91924,      0.77465,      0.81174
     q,      0.92203,      0.79237,      0.80052
     q,      0.92212,      0.79720,      0.77020
     q,      0.91934,      0.80170,      0.64237
     q,      0.91648,      0.80635,      0.64155
     q,      0.88804,      0.79784,      0.78156
     q,      0.72119,      0.63343,      0.70827
     q,      0.71857,      0.63152,      0.70488
     q,      0.70027,      0.61809,      0.75840
     q,      0.69121,      0.61151,      0.74885
     q,      0.68330,      0.60577,      0.67575
     q,      0.66003,      0.59078,      0.72415
     q,      0.64948,      0.58665,      0.69317
     q,      0.63935,      0.58843,      0.76043
     q,      0.63682,      0.58893,      0.67813
     q,      0.61512,      0.58551,      0.72558
     q,      0.60047,      0.58056,      0.76332
     q,      0.58716,      0.57606,      0.52548
     q,      0.57586,      0.57224,      0.45307
     q,      0.53717,      0.55098,      0.34577
     q,      0.53202,      0.54800,      0.34158
     q,      0.50307,      0.52757,      0.37677
     q,      0.49776,      0.52075,      0.26022
     q,      0.48444,      0.49268,      0.25166
     q,      0.47680,      0.46008,      0.51277
     q,      0.47559,      0.45563,      0.51049
     q,      0.46985,      0.43560,      0.33096
     q,      0.46767,      0.42760,      0.39734
     q,      0.46334,      0.41171,      0.32655
     q,      0.45856,      0.40036,      0.19372
     q,      0.44447,      0.37241,      0.22998
     q,      0.43731,      0.35821,      0.34104
     q,      0.42286,      0.32713,      0.23455
     q,      0.40559,      0.29877,      0.17551
     q,      0.76942,      0.73713,      0.80602
     q,      0.76942,      0.73713,      0.73897
     q,      0.86375,      0.84490,      0.84250
     q,      0.88618,      0.87244,      0.87434
     q,      0.97369,      1.03448,      0.84854
     q,      0.97903,      1.04552,      0.85896
     q,      0.94539,      1.02620,      0.82687
     q,      0.91238,      0.99979,      0.70330
     q,      0.73842,      0.74526,      0.60014
     q,      0.70849,      0.70638,      0.68104
     q,      0.66573,      0.63690,      0.67535
     q,      0.61715,      0.55950,      0.65406
     q,      0.60785,      0.54493,      0.62477
     q,      0.58874,      0.51500,      0.54534
     q,      0.57561,      0.49444,      0.40590
     q,      0.53777,      0.43517,      0.21298
     q,      0.48947,      0.35951,      0.19047
     q,      0.46989,      0.33013,      0.40354
     q,      0.45062,      0.31061,      0.32642
     q,      0.42666,      0.28633,      0.46176
     q,      0.30562,      0.16444,      0.48749
     q,      0.29075,      0.14922,      0.36266
     q,      0.24435,      0.10708,      0.13222
     q,      0.21739,      0.09656,      0.04332
     q,      0.13825,      0.06567,      0.13318
     q,      0.14089,      0.08825,      0.06072
     q,      0.17597,      0.17130,      0.07450
     q,      0.19675,      0.19025,      0.05624
     q,      0.20848,      0.20098,      0.20394
     q,      0.21857,      0.21019,      0.22756
     q,      0.24314,      0.23235,      0.21984
     q,      0.25179,      0.23781,      0.35780
     q,      0.29357,      0.26930,      0.35209
     q,      0.31795,      0.29293,      0.24303
     q,      0.35451,      0.32849,      0.36433
     q,      0.36269,      0.33644,      0.44727
     q,      0.38462,      0.35776,      0.22273
     q,      0.39404,      0.36693,      0.27689
     q,      0.45200,      0.42389,      0.33554
     q,      0.46300,      0.43475,      0.33688
     q,      0.50398,      0.47533,      0.30268
     q,      0.63160,      0.60379,      0.41380
     q,      0.68008,      0.65943,      0.59150
     q,      0.71049,      0.69479,      0.53090
     q,      0.73969,      0.72689,      0.70717
     q,      0.72464,      0.71375,      0.63291
     q,      0.81133,      0.78512,      0.79142
     t,    215.32022,    215.11186,    213.64999
     t,    215.01031,    214.91373,    216.25000
     t,    214.93466,    215.10770,    211.85001
     t,    215.15680,    215.42824,    213.64999
     t,    215.35497,    215.71753,    213.64999
     t,    215.45695,    215.86488,    215.85001
     t,    217.22437,    217.67471,    215.64999
     t,    217.81766,    218.13464,    219.05000
     t,    301.76437,    301.94608,    302.25000
     t,    301.55685,    301.74329,    300.04999
     t,    300.79877,    300.99240,    299.14999
     t,    298.51840,    298.71432,    296.85001
     t,    291.46390,    291.53549,    289.85001
     t,    289.92480,    289.47214,    287.25000
     t,    289.85315,    289.32306,    287.35001
     t,    289.75714,    289.12344,    289.14999
     t,    289.66071,    288.92282,    289.64999
     t,    289.20520,    288.60455,    289.75000
     t,    288.93680,    288.48297,    289.64999
     t,    288.52847,    288.18686,    289.04999
     t,    288.00424,    287.79996,    288.45001
     t,    287.66730,    287.55295,    287.85001
     t,    287.11981,    287.06598,    287.04999
     t,    284.06158,    284.17114,    284.14999
     t,    283.41846,    283.53595,    283.35001
     t,    276.43542,    276.57925,    275.95001
     t,    273.57108,    273.68671,    273.85001
     t,    271.00415,    271.09784,    271.04999
     t,    269.02911,    269.11331,    269.35001
     t,    268.28070,    268.37891,    268.85001
     t,    264.19135,    264.33795,    264.25000
     t,    263.54443,    263.68561,    263.45001
     t,    263.35764,    263.49658,    263.25000
     t,    262.31671,    262.44321,    262.75000
     t,    259.67224,    259.77927,    259.54999
     t,    259.06540,    259.16849,    260.04999
     t,    258.03522,    258.13309,    259.04999
     t,    256.89487,    256.98297,    257.95001
     t,    254.44272,    254.50041,    255.55000
     t,    254.06474,    254.11757,    255.14999
     t,    252.60184,    252.63600,    253.55000
     t,    251.19138,    251.20821,    251.85001
     t,    249.15401,    249.14542,    249.64999
     t,    247.94643,    247.92471,    248.35001
     t,    243.47986,    243.41422,    243.64999
     t,    240.63350,    240.55876,    240.25000
     t,    238.36998,    238.29123,    237.64999
     t,    236.78246,    236.70860,    236.85001
     t,    236.60242,    236.52908,    236.64999
     t,    230.99939,    230.95883,    231.05000
     t,    228.40837,    228.38568,    228.05000
     t,    226.96147,    226.94522,    226.85001
     t,    223.74564,    223.72731,    224.25000
     t,    217.84190,    217.72090,    216.45000
     t,    217.25488,    217.12679,    215.85001
     t,    216.60321,    216.46513,    214.05000
     t,    216.38222,    216.24144,    215.05000
     t,    216.06296,    215.91806,    213.64999
     t,    215.95494,    215.79681,    215.05000
     t,    215.96527,    215.80344,    216.45000
     t,    215.99306,    215.82129,    217.64999
     t,    215.96744,    215.77071,    217.85001
     t,    215.91270,    215.69174,    216.64999
     t,    215.88361,    215.65123,    215.64999
     t,    215.80916,    215.57283,    216.05000
     t,    215.64362,    215.41679,    214.64999
     t,    215.47043,    215.25345,    214.45000
     t,    215.33109,    215.16190,    215.25000
     t,    215.11127,    215.01930,    213.85001
     t,    214.99805,    214.94550,    215.05000
     t,    214.80328,    214.83478,    213.45000
     t,    214.60358,    214.72084,    213.25000
     t,    214.16959,    214.51419,    211.85001
     t,    213.99371,    214.42593,    213.25000
     t,    213.91312,    214.35852,    210.85001
     t,    213.70772,    213.73322,    212.25000
     t,    213.62346,    213.41115,    214.85001
     t,    213.94664,    213.44289,    213.64999
     t,    214.00830,    213.51614,    213.64999
     t,    214.40849,    213.99408,    215.05000
     t,    216.97046,    217.19221,    214.25000
     t,    217.66069,    218.01738,    215.45000
     q,      0.41466,      0.39182,      0.45313
     q,      0.41728,      0.39406,      0.40463
     q,      0.42772,      0.40304,      0.40086
     q,      0.47305,      0.44483,      0.42370
     q,      0.63815,      0.61397,      0.60954
     q,      0.51735,      0.48895,      0.62325
     q,      0.49219,      0.46056,      0.61113
     q,      0.45872,      0.42279,      0.52203
     q,      0.42534,      0.38512,      0.44151
     q,      0.33650,      0.31872,      0.15397
     q,      0.28489,      0.28472,      0.27998
     q,      0.28424,      0.28512,      0.39146
     q,      0.28757,      0.28846,      0.29269
     q,      0.28956,      0.29049,      0.37925
     q,      0.30440,      0.30490,      0.32430
     q,      0.43058,      0.42697,      0.40121
     q,      0.45357,      0.44852,      0.42439
     q,      0.67738,      0.66749,      0.67126
     q,      0.70753,      0.70702,      0.65158
     q,      0.68068,      0.68627,      0.63041
     q,      0.65032,      0.65995,      0.64287
     q,      0.62897,      0.63594,      0.72127
     q,      0.49970,      0.49663,      0.60968
     q,      0.48584,      0.48512,      0.66743
     q,      0.48182,      0.48183,      0.67125
     q,      0.45783,      0.46218,      0.62650
     q,      0.42495,      0.43263,      0.63922
     q,      0.42081,      0.42828,      0.54512
     q,      0.41255,      0.41986,      0.45483
     q,      0.40753,      0.41294,      0.25891
     q,      0.40361,      0.40273,      0.30500
     q,      0.40295,      0.40087,      0.22557
     q,      0.40193,      0.39756,      0.19619
     q,      0.40265,      0.39854,      0.12166
     q,      0.40403,      0.40030,      0.16039
     q,      0.40442,      0.40108,      0.26036
     q,      0.40256,      0.40139,      0.26854
     q,      0.39746,      0.39545,      0.37149
     q,      0.39271,      0.39020,      0.39225
     q,      0.39141,      0.38948,      0.26581
     q,      0.39140,      0.38972,      0.26435
     t,    306.99466,    306.99408,    308.54999
     t,    306.03378,    306.03458,    306.14999
     t,    305.58337,    305.58401,    305.75000
     t,    299.59689,    299.61063,    299.54999
     t,    298.53284,    298.56458,    298.14999
     t,    298.07724,    298.11124,    297.85001
     t,    295.87534,    295.92657,    295.04999
     t,    295.28375,    295.34048,    294.35001
     t,    294.22458,    294.28696,    293.04999
     t,    293.59808,    293.66333,    292.85001
     t,    291.81094,    291.88312,    291.75000
     t,    290.76297,    290.82739,    290.45001
     t,    289.95593,    290.01282,    289.45001
     t,    288.92648,    288.97495,    288.45001
     t,    287.70291,    287.74326,    287.75000
     t,    286.74777,    286.78177,    286.75000
     t,    285.85046,    285.87851,    285.85001
     t,    283.74164,    283.75699,    283.75000
     t,    283.06085,    283.07205,    283.25000
     t,    280.78421,    280.78125,    280.35001
     t,    277.90610,    277.88809,    277.45001
     t,    277.46997,    277.44971,    276.95001
     t,    276.85324,    276.82977,    276.45001
     t,    276.43253,    276.40726,    276.04999
     t,    275.09662,    275.06879,    275.14999
     t,    274.37515,    274.34641,    274.64999
     t,    273.96918,    273.93970,    274.35001
     t,    273.06302,    273.03198,    273.75000
     t,    271.90271,    271.87573,    272.54999
     t,    268.68393,    268.66791,    268.45001
     t,    265.33643,    265.31628,    265.04999
     t,    263.12732,    263.11041,    263.35001
     t,    260.49289,    260.48315,    260.35001
     t,    259.02527,    259.02444,    258.85001
     t,    257.51074,    257.51910,    257.45001
     t,    252.77641,    252.79385,    252.85001
     t,    250.95345,    250.97083,    250.64999
     t,    250.14073,    250.15758,    249.85001
     t,    241.70943,    241.72389,    241.25000
     t,    234.99988,    235.02849,    234.45000
     t,    231.27095,    231.31442,    231.05000
     t,    221.85873,    221.96275,    221.25000
     t,    220.75240,    220.85487,    220.45000
     t,    220.13118,    220.22832,    219.85001
     t,    219.92064,    220.01591,    219.85001
     t,    219.06776,    219.15550,    218.85001
     t,    216.86435,    216.93576,    216.25000
     t,    211.67746,    211.83206,    210.05000
     t,    209.76941,    209.95059,    209.05000
     t,    208.84131,    209.02409,    208.05000
     t,    207.61407,    207.71750,    207.25000
     t,    205.83434,    205.81136,    204.05000
     t,    205.45776,    205.40971,    204.45000
     t,    204.29793,    204.21416,    202.64999
     t,    204.04443,    203.98044,    203.45000
     t,    203.25645,    203.25047,    203.05000
     t,    202.55260,    202.53543,    199.85001
     t,    202.09239,    202.04292,    199.45000
     t,    202.18004,    202.06693,    200.85001
     t,    202.45190,    202.23994,    205.25000
     t,    202.77847,    202.45168,    204.05000
     t,    203.28709,    203.00772,    205.25000
     t,    204.78314,    204.73886,    204.05000
     t,    205.79106,    205.68184,    206.25000
     t,    207.43001,    207.14211,    208.85001
     t,    209.02319,    208.85571,    207.64999
     t,    209.39957,    209.27339,    209.45000
     t,    210.40382,    210.39052,    209.85001
     t,    210.44363,    210.43466,    211.85001
     t,    304.08969,    304.09015,    304.31436
     t,    302.52661,    302.52667,    302.79196
     t,    310.56659,    310.57889,    309.95001
     t,    310.56656,    310.57889,    309.25000
     t,    309.80515,    309.81104,    308.04999
     t,    303.74091,    303.72760,    301.85001
     t,    298.85025,    298.84033,    297.14999
     t,    296.51785,    296.52811,    294.95001
     t,    292.33148,    292.35818,    291.04999
     t,    291.83536,    291.86429,    290.75000
     t,    291.33813,    291.36893,    291.75000
     t,    290.42371,    290.44662,    291.14999
     t,    287.89761,    287.88309,    288.85001
     t,    284.92416,    285.03925,    285.45001
     t,    284.77606,    284.89819,    285.25000
     t,    283.32700,    283.51794,    283.85001
     t,    282.62027,    282.84329,    283.45001
     t,    278.36176,    278.56262,    278.54999
     t,    277.43884,    277.57254,    276.95001
     t,    277.15076,    277.26349,    276.75000
     t,    276.67508,    276.77722,    276.95001
     t,    275.75476,    275.85464,    275.54999
     t,    275.24884,    275.34854,    274.75000
     t,    274.99191,    275.09085,    274.45001
     t,    274.64719,    274.74512,    274.25000
     t,    274.29999,    274.39688,    273.85001
     t,    273.77444,    273.86981,    273.25000
     t,    273.15308,    273.24710,    272.25000
     t,    271.92929,    272.03625,    271.04999
     t,    271.35577,    271.46832,    270.75000
     t,    270.77383,    270.89233,    270.75000
     t,    269.48938,    269.62106,    269.85001
     t,    269.28879,    269.42255,    269.54999
     t,    268.22162,    268.34497,    268.75000
     t,    266.13654,    266.23090,    267.14999
     t,    260.26456,    260.38300,    259.75000
     t,    259.37155,    259.48785,    258.54999
     t,    258.46323,    258.57727,    257.54999
     t,    258.06912,    258.18222,    256.95001
     t,    256.86871,    256.97891,    255.55000
     t,    255.67331,    255.77594,    255.05000
     t,    250.84917,    250.90189,    251.25000
     t,    242.39204,    242.33495,    242.64999
     t,    238.38329,    238.25145,    238.25000
     t,    232.87964,    232.62218,    233.45000
     t,    232.29355,    232.02292,    232.85001
     t,    229.45003,    229.28328,    229.45000
     t,    228.39272,    228.26230,    228.25000
     t,    226.30568,    226.26845,    225.64999
     t,    223.27885,    223.39005,    222.25000
     t,    221.42719,    221.58046,    220.64999
     t,    217.80455,    217.95064,    217.25000
     t,    210.02885,    209.98799,    208.64999
     t,    207.67421,    207.63991,    206.45000
     t,    205.08028,    205.25006,    202.05000
     t,    204.79742,    205.00383,    203.25000
     t,    204.03036,    204.30136,    200.85001
     t,    203.97304,    204.23630,    201.05000
     t,    203.91522,    204.17070,    202.05000
     t,    203.67889,    203.90256,    201.05000
     t,    203.32990,    203.40054,    201.64999
     t,    203.21005,    203.17123,    203.45000
     t,    203.08665,    202.93515,    202.25000
     t,    203.06499,    202.72655,    200.64999
     t,    203.26416,    202.54709,    204.05000
     t,    203.92914,    202.98174,    203.25000
     t,    204.35585,    203.63820,    204.45000
     t,    204.68442,    204.14612,    207.25000
     t,    205.94601,    206.12953,    206.85001
     t,    208.82262,    210.21881,    206.64999
     t,    209.48114,    210.98891,    208.05000
     t,    211.16936,    211.96169,    208.85001
     t,    308.78870,    308.78735,    307.01056
     t,    307.53461,    307.52890,    305.73318
     t,    305.95142,    305.94125,    304.12183
     t,    308.19141,    308.19138,    310.35001
     t,    308.19141,    308.19138,    309.45001
     t,    307.77768,    307.78259,    308.25000
     t,    301.95505,    301.95563,    302.04999
     t,    296.16055,    296.15668,    295.95001
     t,    295.18573,    295.18518,    295.45001
     t,    295.09647,    295.09622,    295.25000
     t,    292.67758,    292.67892,    292.85001
     t,    292.20724,    292.20844,    292.25000
     t,    290.02643,    290.05695,    289.54999
     t,    289.42557,    289.46320,    288.95001
     t,    288.76587,    288.81070,    288.14999
     t,    287.62436,    287.68167,    287.14999
     t,    286.49268,    286.55261,    285.85001
     t,    285.64490,    285.69785,    284.85001
     t,    284.51471,    284.55841,    283.85001
     t,    282.03958,    282.06183,    281.25000
     t,    281.47330,    281.49033,    281.04999
     t,    281.18756,    281.20197,    281.04999
     t,    280.90009,    280.91183,    280.85001
     t,    280.68332,    280.69308,    280.45001
     t,    280.46552,    280.47327,    280.25000
     t,    279.42789,    279.43201,    279.14999
     t,    278.51636,    278.52634,    278.35001
     t,    277.19305,    277.21271,    277.45001
     t,    276.23297,    276.25946,    276.45001
     t,    275.69034,    275.72046,    275.85001
     t,    274.06662,    274.10788,    273.75000
     t,    273.43286,    273.47806,    272.95001
     t,    272.54642,    272.59763,    271.95001
     t,    272.25369,    272.30502,    271.75000
     t,    271.88965,    271.94110,    271.64999
     t,    271.37418,    271.42581,    271.35001
     t,    270.32651,    270.37820,    270.54999
     t,    269.55807,    269.61011,    269.54999
     t,    265.67804,    265.72269,    265.95001
     t,    265.12848,    265.17319,    265.54999
     t,    263.97311,    264.01804,    263.95001
     t,    262.79150,    262.83698,    263.04999
     t,    258.86276,    258.90808,    258.54999
     t,    258.32596,    258.37115,    258.14999
     t,    255.07869,    255.11887,    254.85001
     t,    253.42706,    253.46240,    252.85001
     t,    252.03612,    252.06682,    252.25000
     t,    241.68883,    241.72031,    241.85001
     t,    234.75246,    234.77419,    234.05000
     t,    231.86829,    231.88081,    231.45000
     t,    229.04562,    229.05292,    228.45000
     t,    224.54364,    224.54971,    224.85001
     t,    221.01662,    221.02538,    220.64999
     t,    218.52673,    218.53720,    217.64999
     t,    212.82220,    212.83174,    211.25000
     t,    209.65544,    209.65555,    208.85001
     t,    208.46434,    208.45967,    209.05000
     t,    207.24188,    207.23232,    207.45000
     t,    206.75174,    206.73618,    206.05000
     t,    206.12265,    206.09808,    206.05000
     t,    205.28323,    205.26392,    203.25000
     t,    204.78256,    204.78671,    203.64999
     t,    204.47360,    204.49185,    202.25000
     t,    203.27824,    203.35875,    200.64999
     t,    202.98750,    203.08070,    202.25000
     t,    202.74152,    202.82053,    202.25000
     t,    202.42049,    202.48100,    200.85001
     t,    203.13843,    203.10535,    202.05000
     t,    203.69768,    203.60844,    205.05000
     t,    204.74635,    204.61035,    202.45000
     t,    205.56340,    205.45822,    207.45000
     t,    206.15353,    206.07686,    205.64999
     t,    206.49742,    206.43533,    206.25000
     t,    207.58612,    207.58711,    207.85001
     t,    208.30304,    208.32660,    207.05000
     t,    208.83057,    208.86975,    208.85001
     t,    210.35008,    210.39630,    207.64999
     t,    211.23578,    211.26797,    212.05000
     t,    305.86047,    305.86453,    306.11258
     t,    304.30795,    304.31055,    304.50119
     t,    306.87421,    306.87802,    306.95001
     t,    303.23175,    303.22067,    304.04999
     t,    303.23175,    303.22070,    303.75000
     t,    303.15219,    303.14966,    303.95001
     t,    303.15219,    303.14966,    303.75000
     t,    303.22040,    303.21890,    303.95001
     t,    303.22040,    303.21887,    303.54999
     t,    303.44427,    303.44800,    303.85001
     t,    303.44427,    303.44800,    303.25000
     t,    303.35376,    303.35718,    303.45001
     t,    303.35373,    303.35718,    303.35001
     t,    303.42740,    303.43237,    303.64999
     t,    303.42737,    303.43234,    303.54999
     t,    303.18631,    303.21399,    303.54999
     t,    303.18631,    303.21402,    303.75000
     t,    303.96149,    303.96109,    303.45001
     t,    303.96149,    303.96109,    302.95001
     t,    304.96033,    304.96463,    303.75000
     t,    304.96030,    304.96463,    304.54999
     t,    304.71216,    304.72321,    303.85001
     t,    304.71216,    304.72321,    303.35001
     t,    303.55200,    303.55292,    305.14999
     t,    303.55200,    303.55292,    304.25000
     t,    306.87421,    306.87802,    307.45001
     t,    303.23178,    303.22070,    304.35001
     t,    303.23178,    303.22070,    303.45001
     t,    303.23178,    303.22070,    302.95001
     t,    303.15219,    303.14966,    303.85001
     t,    303.15219,    303.14963,    303.64999
     t,    303.15219,    303.14966,    303.75000
     t,    303.22040,    303.21890,    304.35001
     t,    303.22040,    303.21890,    302.64999
     t,    303.22040,    303.21887,    302.54999
     t,    303.44424,    303.44800,    304.64999
     t,    303.44427,    303.44800,    302.75000
     t,    303.44424,    303.44800,    302.14999
     t,    303.35373,    303.35718,    303.64999
     t,    303.35373,    303.35718,    303.14999
     t,    303.35373,    303.35715,    303.04999
     t,    303.42740,    303.43237,    304.25000
     t,    303.42740,    303.43237,    303.25000
     t,    303.42740,    303.43237,    303.14999
     t,    303.18631,    303.21399,    303.64999
     t,    303.18631,    303.21402,    303.75000
     t,    303.18634,    303.21402,    303.45001
     t,    303.96149,    303.96109,    305.95001
     t,    303.96149,    303.96109,    302.35001
     t,    303.96149,    303.96109,    301.75000
     t,    304.96033,    304.96466,    303.35001
     t,    304.96030,    304.96463,    304.54999
     t,    304.96030,    304.96463,    304.04999
     t,    304.71216,    304.72321,    303.75000
     t,    304.71216,    304.72321,    302.95001
     t,    304.71213,    304.72321,    302.14999
     t,    303.55200,    303.55292,    305.75000
     t,    303.55200,    303.55292,    303.85001
     t,    303.55200,    303.55292,    303.25000
     t,    306.87418,    306.87799,    307.04999
     t,    303.23175,    303.22070,    304.25000
     t,    303.23175,    303.22067,    304.14999
     t,    303.15219,    303.14963,    304.14999
     t,    303.15219,    303.14966,    303.85001
     t,    303.22040,    303.21890,    304.25000
     t,    303.22040,    303.21890,    304.14999
     t,    303.44427,    303.44800,    303.85001
     t,    303.44424,    303.44800,    304.04999
     t,    303.35373,    303.35715,    303.54999
     t,    303.35373,    303.35718,    303.64999
     t,    303.42740,    303.43237,    304.14999
     t,    303.42737,    303.43234,    304.04999
     t,    303.18631,    303.21399,    303.64999
     t,    303.18631,    303.21402,    303.75000
     t,    303.96149,    303.96109,    305.85001
     t,    303.96149,    303.96109,    304.75000
     t,    304.96033,    304.96463,    303.25000
     t,    304.96033,    304.96463,    303.25000
     t,    304.71216,    304.72321,    304.25000
     t,    304.71213,    304.72321,    304.14999
     t,    303.55200,    303.55292,    305.75000
     t,    303.55200,    303.55292,    305.25000
     q,      0.70206,      0.70174,      0.68526
     q,      0.72135,      0.72131,      0.67410
     q,      0.73420,      0.73417,      0.67473
     q,      0.80426,      0.79930,      0.84529
     q,      0.70865,      0.70530,      0.86918
     q,      0.67817,      0.67486,      0.79190
     q,      0.52553,      0.52328,      0.70242
     q,      0.48225,      0.48051,      0.62495
     q,      0.42785,      0.42705,      0.53953
     q,      0.40180,      0.40152,      0.35339
     q,      0.38076,      0.38023,      0.36498
     q,      0.38273,      0.38204,      0.33180
     q,      0.38492,      0.38414,      0.48442
     q,      0.39063,      0.38977,      0.26058
     q,      0.40805,      0.40756,      0.35733
     q,      0.42305,      0.42286,      0.46620
     q,      0.43841,      0.43853,      0.43434
     q,      0.47331,      0.47365,      0.43002
     q,      0.48473,      0.48503,      0.56865
     q,      0.52932,      0.52950,      0.62827
     q,      0.44779,      0.44926,      0.49632
     q,      0.43298,      0.43468,      0.42449
     q,      0.41096,      0.41299,      0.19262
     q,      0.39594,      0.39808,      0.22698
     q,      0.34879,      0.35081,      0.13729
     q,      0.32091,      0.32284,      0.27329
     q,      0.30451,      0.30641,      0.15090
     q,      0.26557,      0.26737,      0.15229
     q,      0.25056,      0.25249,      0.27169
     q,      0.21487,      0.21737,      0.24315
     q,      0.19224,      0.19428,      0.27601
     q,      0.17738,      0.17897,      0.12038
     q,      0.15751,      0.15838,      0.16467
     q,      0.14627,      0.14679,      0.07002
     q,      0.13245,      0.13255,      0.06832
     q,      0.12892,      0.12889,      0.03794
     q,      0.14492,      0.14494,      0.07759
     q,      0.15660,      0.15662,      0.16488
     q,      0.29265,      0.29080,      0.17509
     q,      0.78234,      0.78229,      0.71868
     q,      0.83868,      0.83835,      0.76844
     q,      0.41937,      0.42365,      0.49177
     q,      0.41937,      0.42365,      0.47493
     q,      0.42194,      0.42733,      0.46467
     q,      0.53347,      0.54272,      0.57698
     q,      0.66623,      0.67445,      0.70551
     q,      0.73516,      0.73859,      0.74128
     q,      0.77890,      0.76484,      0.77912
     q,      0.77840,      0.76702,      0.77583
     q,      0.77834,      0.76987,      0.62362
     q,      0.77580,      0.76980,      0.55755
     q,      0.76438,      0.76449,      0.48880
     q,      0.62661,      0.60994,      0.56068
     q,      0.61868,      0.60100,      0.55740
     q,      0.53939,      0.51113,      0.48043
     q,      0.48986,      0.45721,      0.36478
     q,      0.24412,      0.20347,      0.13413
     q,      0.20666,      0.17114,      0.28451
     q,      0.19434,      0.16051,      0.12401
     q,      0.18685,      0.15402,      0.27603
     q,      0.18283,      0.15116,      0.41850
     q,      0.17990,      0.14954,      0.44032
     q,      0.17872,      0.14872,      0.54907
     q,      0.17710,      0.14759,      0.37953
     q,      0.17540,      0.14641,      0.44216
     q,      0.17272,      0.14453,      0.34667
     q,      0.16953,      0.14234,      0.30788
     q,      0.17291,      0.15229,      0.15360
     q,      0.17490,      0.15812,      0.07410
     q,      0.17684,      0.16364,      0.09382
     q,      0.18157,      0.17717,      0.16530
     q,      0.18237,      0.17947,      0.13706
     q,      0.17264,      0.17100,      0.06942
     q,      0.14407,      0.14184,      0.07642
     q,      0.11380,      0.09994,      0.09491
     q,      0.11746,      0.10428,      0.20093
     q,      0.12160,      0.10919,      0.11858
     q,      0.12356,      0.11150,      0.17283
     q,      0.13017,      0.11934,      0.20393
     q,      0.12790,      0.11902,      0.06819
     q,      0.09726,      0.09733,      0.04162
     q,      0.11427,      0.11464,      0.05154
     q,      0.43351,      0.43966,      0.48082
     q,      0.45312,      0.46061,      0.50241
     q,      0.48419,      0.49255,      0.53208
     q,      0.53780,      0.53651,      0.49778
     q,      0.53780,      0.53651,      0.47545
     q,      0.49465,      0.49533,      0.45128
     q,      0.59774,      0.59887,      0.55107
     q,      0.74159,      0.74417,      0.68112
     q,      0.76189,      0.76439,      0.62466
     q,      0.76385,      0.76634,      0.61977
     q,      0.78360,      0.78475,      0.61606
     q,      0.78450,      0.78529,      0.50909
     q,      0.71462,      0.70573,      0.65743
     q,      0.69363,      0.68410,      0.57617
     q,      0.67056,      0.66150,      0.60589
     q,      0.62794,      0.61975,      0.53118
     q,      0.58779,      0.58173,      0.63438
     q,      0.56430,      0.56107,      0.62145
     q,      0.53010,      0.53099,      0.58517
     q,      0.44381,      0.44824,      0.40021
     q,      0.42214,      0.42620,      0.19078
     q,      0.41083,      0.41468,      0.17878
     q,      0.39917,      0.40283,      0.28689
     q,      0.39020,      0.39370,      0.28170
     q,      0.38102,      0.38436,      0.44140
     q,      0.34590,      0.34767,      0.40478
     q,      0.33472,      0.33411,      0.40375
     q,      0.31722,      0.31279,      0.22059
     q,      0.30348,      0.29612,      0.23588
     q,      0.29605,      0.28780,      0.37471
     q,      0.27372,      0.26451,      0.20138
     q,      0.26413,      0.25473,      0.29837
     q,      0.24941,      0.23942,      0.24695
     q,      0.24084,      0.23104,      0.26984
     q,      0.22931,      0.21981,      0.17899
     q,      0.21235,      0.20330,      0.25442
     q,      0.17531,      0.16748,      0.09547
     q,      0.14582,      0.13876,      0.11108
     q,      0.15464,      0.15243,      0.14074
     q,      0.15750,      0.15563,      0.07035
     q,      0.16446,      0.16287,      0.19311
     q,      0.17190,      0.17056,      0.05906
     q,      0.18693,      0.18607,      0.19005
     q,      0.18750,      0.18664,      0.12791
     q,      0.18246,      0.18161,      0.02447
     q,      0.17252,      0.17166,      0.08051
     q,      0.16193,      0.16104,      0.10627
     q,      0.18546,      0.18110,      0.09178
     q,      0.50867,      0.50881,      0.47844
     q,      0.54220,      0.54264,      0.50589
     q,      0.72983,      0.72934,      0.74153
     q,      0.72983,      0.72934,      0.72351
     q,      0.72983,      0.72934,      0.71057
     t,    308.40659,    308.44186,    309.04999
     t,    307.98129,    308.04495,    307.25000
     t,    302.82040,    302.92291,    301.95001
     t,    296.40909,    296.67517,    294.85001
     t,    295.42947,    295.73953,    293.54999
     t,    295.28091,    295.59702,    293.45001
     t,    294.98267,    295.31091,    293.75000
     t,    294.60785,    294.95132,    292.95001
     t,    294.30637,    294.66208,    292.75000
     t,    293.85135,    294.22559,    292.85001
     t,    292.80154,    293.20248,    292.45001
     t,    292.14359,    292.55325,    292.04999
     t,    288.78372,    289.10660,    289.35001
     t,    287.81924,    288.09937,    288.54999
     t,    285.31519,    285.60370,    285.45001
     t,    285.08884,    285.37805,    284.95001
     t,    279.64859,    279.82114,    279.75000
     t,    277.22275,    277.39087,    276.25000
     t,    276.40796,    276.57376,    275.64999
     t,    275.83054,    276.00089,    275.35001
     t,    275.58075,    275.75470,    275.25000
     t,    275.16156,    275.34152,    274.64999
     t,    274.90826,    275.09186,    274.64999
     t,    273.44504,    273.64978,    272.54999
     t,    273.00693,    273.21780,    272.85001
     t,    272.74213,    272.95673,    272.95001
     t,    271.20212,    271.42877,    271.04999
     t,    270.55307,    270.78360,    270.54999
     t,    270.36603,    270.59769,    270.35001
     t,    269.98883,    270.22202,    270.04999
     t,    268.93903,    269.17831,    268.85001
     t,    268.84244,    269.08228,    268.85001
     t,    268.45630,    268.69666,    268.14999
     t,    267.51721,    267.73334,    266.75000
     t,    267.23178,    267.44086,    266.64999
     t,    266.64993,    266.84778,    266.54999
     t,    265.57471,    265.74405,    266.14999
     t,    265.27719,    265.43909,    265.95001
     t,    263.94464,    264.07535,    264.14999
     t,    263.41620,    263.53635,    263.64999
     t,    262.34122,    262.43997,    263.04999
     t,    261.90411,    261.99191,    262.35001
     t,    259.55615,    259.63663,    259.64999
     t,    258.16068,    258.25800,    258.04999
     t,    255.92575,    256.05591,    255.75000
     t,    254.84366,    254.99860,    255.64999
     t,    252.89555,    253.09367,    253.45000
     t,    252.46790,    252.67580,    252.95000
     t,    252.18080,    252.39526,    252.75000
     t,    250.10872,    250.32672,    250.55000
     t,    248.72800,    248.94452,    249.05000
     t,    246.62015,    246.82562,    246.64999
     t,    245.23161,    245.41429,    244.85001
     t,    243.62581,    243.78227,    242.85001
     t,    243.07954,    243.22754,    242.45000
     t,    242.89612,    243.04120,    242.45000
     t,    242.52740,    242.66664,    242.14999
     t,    242.16000,    242.28987,    241.55000
     t,    239.32761,    239.38063,    239.25000
     t,    237.16318,    237.16246,    236.64999
     t,    236.57408,    236.56871,    236.05000
     t,    234.56160,    234.54036,    235.05000
     t,    233.31346,    233.27747,    233.64999
     t,    232.67924,    232.63788,    232.64999
     t,    229.83502,    229.78889,    230.05000
     t,    225.44557,    225.33476,    225.64999
     t,    224.00230,    223.85402,    224.25000
     t,    221.76131,    221.57683,    221.64999
     t,    221.50304,    221.32114,    221.64999
     t,    218.87332,    218.71686,    218.45000
     t,    214.70981,    214.68193,    213.85001
     t,    210.78496,    210.86440,    209.45000
     t,    208.04018,    208.13556,    206.45000
     t,    207.00060,    207.03394,    204.85001
     t,    205.56085,    205.51236,    203.05000
     t,    204.65689,    204.50957,    202.85001
     t,    204.19609,    203.92824,    200.85001
     t,    203.87730,    203.52803,    200.25000
     t,    203.79590,    203.43713,    201.05000
     t,    203.67886,    203.34546,    199.64999
     t,    203.58212,    203.26976,    200.05000
     t,    203.53638,    203.22295,    203.05000
     t,    203.47806,    203.08165,    203.25000
     t,    203.36813,    202.78659,    201.64999
     t,    206.03192,    206.51955,    205.85001
     t,    206.50584,    206.86844,    205.05000
     t,    207.52603,    207.65121,    207.05000
     t,    207.85469,    207.96454,    209.25000
     t,    208.05528,    208.15579,    210.25000
     t,    208.93207,    208.99168,    208.25000
     t,    210.59311,    211.26228,    208.25000
     t,    211.00623,    211.63528,    211.05000
     t,    211.92065,    212.25778,    213.05000
     t,    306.34207,    306.44232,    305.47879
     t,    304.81537,    304.92090,    303.94342
     t,    204.16785,    204.12631,    203.87270
     t,    305.23520,    305.58279,    301.45001
     t,    305.23520,    305.58279,    300.95001
     t,    303.50751,    304.04642,    299.25000
     t,    302.44083,    303.04669,    299.25000
     t,    302.01648,    302.57489,    299.25000
     t,    296.82275,    297.19153,    293.95001
     t,    295.99252,    296.27863,    293.14999
     t,    291.34439,    291.47955,    289.75000
     t,    289.31363,    289.45511,    288.95001
     t,    286.04684,    286.13297,    285.85001
     t,    285.02432,    285.08197,    284.85001
     t,    281.28296,    281.23602,    281.54999
     t,    278.66953,    278.63876,    278.45001
     t,    276.83771,    276.81628,    277.25000
     t,    276.08362,    276.07449,    276.14999
     t,    275.19315,    275.20737,    275.04999
     t,    273.74829,    273.79477,    273.85001
     t,    273.43958,    273.49207,    273.85001
     t,    270.45996,    270.61310,    271.04999
     t,    268.75970,    268.93256,    268.95001
     t,    268.33948,    268.51395,    268.45001
     t,    268.25491,    268.42969,    268.25000
     t,    267.82962,    268.00601,    267.85001
     t,    265.71790,    265.72055,    265.54999
     t,    265.41452,    265.35495,    265.35001
     t,    264.91132,    264.76120,    265.14999
     t,    264.70590,    264.51431,    265.14999
     t,    262.80875,    262.23993,    262.54999
     t,    261.55765,    260.95520,    261.25000
     t,    260.78738,    260.17093,    260.54999
     t,    259.75082,    259.12231,    259.54999
     t,    257.42389,    256.91238,    256.95001
     t,    257.21301,    256.74841,    256.75000
     t,    255.81332,    255.65837,    254.35001
     t,    254.82043,    254.89383,    252.75000
     t,    254.59718,    254.72252,    252.45000
     t,    253.85503,    254.11224,    252.25000
     t,    250.74593,    251.51204,    250.05000
     t,    243.78032,    244.29692,    244.35001
     t,    241.62778,    241.82645,    243.55000
     t,    239.38507,    239.25783,    241.75000
     t,    236.52225,    236.44231,    238.55000
     t,    235.02737,    234.99644,    237.14999
     t,    234.27423,    234.25708,    236.14999
     t,    233.70787,    233.69994,    235.85001
     t,    232.36212,    232.37988,    234.05000
     t,    231.17805,    231.21585,    233.05000
     t,    228.79906,    228.88943,    230.05000
     t,    227.38110,    227.51013,    228.85001
     t,    222.16551,    222.31236,    222.64999
     t,    220.59430,    220.71681,    220.64999
     t,    219.66344,    219.76758,    219.45000
     t,    217.24796,    217.30478,    217.25000
     t,    210.44489,    210.31406,    209.45000
     t,    208.56998,    208.50174,    206.25000
     t,    206.41597,    206.65935,    199.64999
     t,    206.04024,    206.37640,    202.45000
     t,    205.71764,    205.88623,    202.85001
     t,    205.46701,    205.47653,    202.05000
     t,    205.28917,    205.10515,    202.85001
     t,    205.34708,    204.97244,    201.85001
     t,    205.40187,    204.83188,    202.64999
     t,    205.44884,    204.71150,    205.05000
     t,    206.17839,    205.38847,    204.45000
     t,    206.62981,    206.02298,    207.05000
     t,    207.86514,    207.87476,    206.45000
     t,    208.30312,    208.45102,    208.64999
     t,    208.93228,    209.11885,    208.85001
     t,    209.09563,    209.22926,    208.64999
     t,    210.51018,    210.18607,    213.05000
     t,    210.92859,    210.50406,    212.45000
     t,    211.75087,    211.31470,    213.85001
     t,    213.14967,    213.08466,    211.64999
     q,      0.49929,      0.49669,      0.53490
     q,      0.48745,      0.48490,      0.46930
     q,      0.56750,      0.56226,      0.57983
     q,      0.65677,      0.64601,      0.74545
     q,      0.66242,      0.64640,      0.76397
     q,      0.66533,      0.64743,      0.75105
     q,      0.67127,      0.64952,      0.63250
     q,      0.67896,      0.65223,      0.67295
     q,      0.68534,      0.65447,      0.65877
     q,      0.69529,      0.65797,      0.50404
     q,      0.69549,      0.65534,      0.40578
     q,      0.67493,      0.64165,      0.56235
     q,      0.57950,      0.61126,      0.27000
     q,      0.55212,      0.60823,      0.43855
     q,      0.53489,      0.61794,      0.61468
     q,      0.53313,      0.61894,      0.60614
     q,      0.57674,      0.70366,      0.65107
     q,      0.59890,      0.73563,      0.68672
     q,      0.60742,      0.74865,      0.68065
     q,      0.60923,      0.74838,      0.49861
     q,      0.60870,      0.74567,      0.58239
     q,      0.60779,      0.74098,      0.52958
     q,      0.60722,      0.73805,      0.70406
     q,      0.60039,      0.71742,      0.76794
     q,      0.59917,      0.71125,      0.75759
     q,      0.59841,      0.70737,      0.64269
     q,      0.56215,      0.64971,      0.57364
     q,      0.54343,      0.62006,      0.33284
     q,      0.53781,      0.61116,      0.36089
     q,      0.52287,      0.58964,      0.62435
     q,      0.48800,      0.53407,      0.68497
     q,      0.48459,      0.52864,      0.67905
     q,      0.47036,      0.50637,      0.60528
     q,      0.42548,      0.45537,      0.62524
     q,      0.41204,      0.44001,      0.30443
     q,      0.39129,      0.41646,      0.15359
     q,      0.33069,      0.34733,      0.17604
     q,      0.31347,      0.32762,      0.08945
     q,      0.25948,      0.26661,      0.12305
     q,      0.24652,      0.25308,      0.03127
     q,      0.21772,      0.22305,      0.06143
     q,      0.20368,      0.20827,      0.17830
     q,      0.17187,      0.16504,      0.04216
     q,      0.18065,      0.16168,      0.08548
     q,      0.18923,      0.14984,      0.13587
     q,      0.18480,      0.14237,      0.05594
     q,      0.17441,      0.12508,      0.09006
     q,      0.17189,      0.12083,      0.37443
     q,      0.17011,      0.11782,      0.41524
     q,      0.15873,      0.11067,      0.32733
     q,      0.14839,      0.10532,      0.15432
     q,      0.13894,      0.10259,      0.10260
     q,      0.14254,      0.10686,      0.10485
     q,      0.14827,      0.11468,      0.21538
     q,      0.15046,      0.11701,      0.17427
     q,      0.49666,      0.49229,      0.49887
     q,      0.52367,      0.51850,      0.53181
     q,      0.76613,      0.78005,      0.67191
     q,      0.76613,      0.78005,      0.65285
     q,      0.76649,      0.76344,      0.68306
     q,      0.76800,      0.76729,      0.74967
     q,      0.77137,      0.77168,      0.76232
     q,      0.87296,      0.88639,      0.80723
     q,      0.88752,      0.89764,      0.82587
     q,      0.94191,      0.95299,      0.87383
     q,      0.94197,      0.94345,      0.85624
     q,      0.92561,      0.91755,      0.92780
     q,      0.92356,      0.91685,      0.90835
     q,      0.91382,      0.91432,      0.87809
     q,      0.87872,      0.87922,      0.92929
     q,      0.84729,      0.84813,      0.86546
     q,      0.81379,      0.81479,      0.94139
     q,      0.76832,      0.76990,      0.93333
     q,      0.68535,      0.68920,      0.87927
     q,      0.66590,      0.66965,      0.76715
     q,      0.51448,      0.52110,      0.60426
     q,      0.45232,      0.45703,      0.39062
     q,      0.43890,      0.44318,      0.49171
     q,      0.43613,      0.44033,      0.52832
     q,      0.42186,      0.42561,      0.44700
     q,      0.36893,      0.39437,      0.43381
     q,      0.36578,      0.40006,      0.47474
     q,      0.35917,      0.40663,      0.20324
     q,      0.35683,      0.41069,      0.20647
     q,      0.33502,      0.45516,      0.20656
     q,      0.36775,      0.50286,      0.34707
     q,      0.39198,      0.53649,      0.19940
     q,      0.42678,      0.58381,      0.14663
     q,      0.53796,      0.70289,      0.16849
     q,      0.55199,      0.71117,      0.18560
     q,      0.65999,      0.77877,      0.18135
     q,      0.74233,      0.82503,      0.30640
     q,      0.76291,      0.83665,      0.44043
     q,      0.75894,      0.84405,      0.57176
     q,      0.73157,      0.87654,      0.66611
     q,      0.51718,      0.77472,      0.74610
     q,      0.40986,      0.64363,      0.79406
     t,    296.13101,    296.17209,    296.85001
     t,    296.09543,    296.16110,    296.35001
     t,    295.42969,    295.44571,    294.54999
     t,    291.31238,    291.62872,    290.25000
     t,    288.14505,    288.57892,    287.25000
     t,    286.24304,    286.69250,    286.54999
     t,    286.07742,    286.55017,    286.95001
     t,    285.65991,    286.19128,    287.45001
     t,    285.47934,    286.13593,    286.95001
     t,    284.73877,    284.86145,    283.25000
     t,    283.91187,    284.07037,    281.75000
     t,    283.28577,    283.32135,    282.95001
     t,    282.59549,    282.49551,    282.14999
     t,    281.17398,    280.79742,    280.25000
     t,    280.51086,    280.15430,    279.95001
     t,    279.58865,    279.25986,    279.85001
     t,    278.44962,    278.15369,    278.75000
     t,    277.37030,    277.17154,    278.14999
     t,    271.53467,    271.79962,    271.64999
     t,    268.18231,    268.44754,    267.85001
     t,    266.99716,    267.23196,    266.85001
     t,    266.66943,    266.89581,    266.64999
     t,    265.45151,    265.64978,    265.45001
     t,    265.00229,    265.19199,    265.14999
     t,    263.63211,    263.79565,    263.54999
     t,    261.98892,    262.12112,    262.14999
     t,    258.99139,    259.26862,    258.75000
     t,    256.74313,    257.17816,    257.95001
     t,    254.76274,    255.22104,    255.14999
     t,    254.63640,    255.09624,    254.95000
     t,    253.62721,    254.10329,    253.55000
     t,    252.84708,    253.33252,    253.25000
     t,    251.40968,    251.83441,    251.25000
     t,    250.34300,    250.70515,    250.45000
     t,    248.55989,    248.81723,    248.85001
     t,    241.54263,    241.58365,    241.45000
     t,    293.17310,    293.34595,    292.18735
     t,    295.07510,    295.17789,    293.75000
     t,    294.91742,    295.04120,    292.85001
     t,    292.58383,    292.72314,    290.95001
     t,    290.90152,    290.97449,    290.04999
     t,    290.76694,    290.84283,    290.04999
     t,    290.44385,    290.58649,    290.75000
     t,    290.41183,    290.57379,    290.14999
     t,    289.77011,    289.98889,    288.14999
     t,    289.73679,    289.95810,    288.14999
     t,    286.45590,    287.01587,    285.35001
     t,    283.07242,    283.60867,    281.04999
     t,    282.48059,    282.96042,    280.14999
     t,    281.62460,    282.02277,    278.85001
     t,    272.17114,    271.72095,    271.54999
     t,    271.02658,    270.56516,    269.75000
     t,    270.57925,    270.11319,    268.85001
     t,    267.58801,    267.40564,    267.25000
     t,    266.30151,    266.19461,    266.64999
     t,    265.07303,    264.98892,    265.35001
     t,    264.21466,    264.14832,    264.45001
     t,    263.52969,    263.47739,    263.95001
     t,    262.43024,    262.38651,    263.14999
     t,    261.25403,    261.20734,    262.35001
     t,    256.58044,    256.53088,    256.85001
     t,    251.36519,    251.26263,    251.05000
     t,    248.28430,    248.16016,    248.64999
     t,    245.81558,    245.70618,    246.05000
     t,    243.56798,    243.48828,    243.25000
     t,    242.13101,    242.07915,    241.64999
     t,    240.83881,    240.81171,    241.05000
     t,    238.96158,    238.98811,    240.14999
     t,    230.84804,    231.02919,    231.05000
     t,    229.13715,    229.28333,    229.45000
     t,    225.39867,    225.29655,    225.85001
     t,    221.30257,    221.22908,    222.25000
     t,    220.49654,    220.42668,    221.05000
     t,    216.99422,    216.88852,    216.45000
     t,    215.47049,    215.45435,    215.25000
     t,    213.27188,    213.46861,    212.25000
     t,    212.41283,    212.71123,    211.45000
     t,    288.08731,    288.42136,    286.64224
     t,    278.37869,    278.32510,    276.12228
     q,      0.65513,      0.67577,      0.67014
     q,      0.65416,      0.67621,      0.61425
     q,      0.64765,      0.67402,      0.57343
     q,      0.75789,      0.77257,      0.68156
     q,      0.90180,      0.90864,      0.77243
     q,      0.99492,      1.02530,      0.93755
     q,      0.99533,      1.02657,      0.96660
     q,      0.99638,      1.02984,      0.99221
     q,      0.97115,      1.01189,      0.95609
     q,      0.78580,      0.86089,      0.80712
     q,      0.75697,      0.83954,      0.66404
     q,      0.71379,      0.80844,      0.60914
     q,      0.66428,      0.77278,      0.59806
     q,      0.55574,      0.69446,      0.56944
     q,      0.50975,      0.64511,      0.50278
     q,      0.44225,      0.57266,      0.21319
     q,      0.35336,      0.47687,      0.16303
     q,      0.30605,      0.40718,      0.27004
     q,      0.22015,      0.19533,      0.18296
     q,      0.20879,      0.17941,      0.28386
     q,      0.20167,      0.18127,      0.21768
     q,      0.19953,      0.18184,      0.21923
     q,      0.19439,      0.18683,      0.31008
     q,      0.19667,      0.19248,      0.21955
     q,      0.20435,      0.21159,      0.11795
     q,      0.21540,      0.23907,      0.09556
     q,      0.22506,      0.24446,      0.28195
     q,      0.22925,      0.23177,      0.14425
     q,      0.20021,      0.19074,      0.23317
     q,      0.19811,      0.18775,      0.23102
     q,      0.17938,      0.16094,      0.17838
     q,      0.16345,      0.13848,      0.08866
     q,      0.14890,      0.12415,      0.15485
     q,      0.14048,      0.11987,      0.02737
     q,      0.23114,      0.22516,      0.14144
     q,      0.70088,      0.72343,      0.62939
     q,      0.86994,      0.87150,      0.85398
     q,      0.87349,      0.87516,      0.82761
     q,      0.93752,      0.93780,      0.85936
     q,      0.99634,      1.00114,      0.90634
     q,      0.99769,      1.00240,      0.91377
     q,      0.95127,      0.95145,      0.95283
     q,      0.93820,      0.93717,      0.85885
     q,      0.80601,      0.79534,      0.74151
     q,      0.80430,      0.79355,      0.74288
     q,      0.80479,      0.81124,      0.83810
     q,      0.82032,      0.88718,      0.78351
     q,      0.81479,      0.88914,      0.72664
     q,      0.80637,      0.89211,      0.67987
     q,      0.72493,      0.80533,      0.68379
     q,      0.70656,      0.78232,      0.57771
     q,      0.69871,      0.77252,      0.40468
     q,      0.59530,      0.65201,      0.51634
     q,      0.53830,      0.58928,      0.49645
     q,      0.47639,      0.52399,      0.49033
     q,      0.42783,      0.47245,      0.28860
     q,      0.38511,      0.42780,      0.41145
     q,      0.34482,      0.38515,      0.20439
     q,      0.31414,      0.35270,      0.12713
     q,      0.22046,      0.25020,      0.07677
     q,      0.25302,      0.24861,      0.09831
     q,      0.32671,      0.29500,      0.05505
     q,      0.41096,      0.36794,      0.08122
     q,      0.47518,      0.42606,      0.25386
     q,      0.49913,      0.45029,      0.21741
     q,      0.52682,      0.47704,      0.35847
     q,      0.77061,      0.76182,      0.78347
     q,      0.78087,      0.87601,      0.67753
     t,    298.61264,    298.44067,    300.04999
     t,    297.82932,    297.66022,    298.14999
     t,    295.66776,    295.49817,    295.64999
     t,    293.85654,    293.68683,    294.04999
     t,    287.73404,    287.45328,    287.45001
     t,    287.46234,    287.18222,    286.95001
     t,    284.89517,    284.74612,    283.14999
     t,    283.92764,    283.93051,    282.64999
     t,    283.69696,    283.73892,    282.75000
     t,    283.17996,    283.30838,    282.75000
     t,    282.94464,    283.11325,    282.85001
     t,    282.58508,    282.71790,    283.14999
     t,    282.13895,    282.15079,    283.14999
     t,    281.60934,    281.47751,    283.35001
     t,    280.57465,    280.40149,    281.25000
     t,    280.32690,    280.17892,    281.04999
     t,    279.86722,    279.76596,    280.04999
     t,    278.59100,    278.61646,    277.85001
     t,    276.92435,    277.10049,    276.45001
     t,    276.10803,    276.35867,    276.04999
     t,    274.08160,    274.43076,    273.54999
     t,    272.15985,    272.55405,    271.45001
     t,    269.09799,    269.41364,    269.54999
     t,    268.47394,    268.76147,    268.95001
     t,    267.47672,    267.71933,    268.45001
     t,    266.23798,    266.43924,    267.25000
     t,    265.14941,    265.31415,    265.64999
     t,    264.87332,    265.02887,    265.45001
     t,    264.69458,    264.84622,    265.25000
     t,    262.65897,    262.77054,    262.54999
     t,    259.49197,    259.58261,    258.95001
     t,    256.60123,    256.67316,    256.54999
     t,    255.82196,    255.88870,    255.75000
     t,    254.05031,    254.09599,    254.35001
     t,    253.62796,    253.66716,    254.14999
     t,    253.34441,    253.37933,    253.95000
     t,    253.05942,    253.09007,    253.75000
     t,    248.45297,    248.43782,    248.85001
     t,    246.40648,    246.38474,    246.64999
     t,    243.43770,    243.42908,    243.25000
     t,    240.83766,    240.84880,    241.25000
     t,    236.91920,    236.94821,    237.05000
     t,    234.75075,    234.78310,    234.85001
     t,    232.29060,    232.30585,    232.64999
     t,    226.47331,    226.46544,    226.64999
     t,    218.72765,    218.76308,    216.85001
     t,    217.26997,    217.30833,    215.64999
     t,    217.21024,    217.25093,    215.64999
     t,    216.55931,    216.62738,    213.25000
     t,    216.09164,    216.18501,    215.45000
     t,    215.89926,    216.02362,    213.85001
     t,    215.84473,    215.97894,    215.45000
     t,    215.75375,    215.91383,    215.25000
     t,    215.62256,    215.82353,    217.64999
     t,    215.58456,    215.79829,    217.25000
     t,    215.43007,    215.65610,    217.05000
     t,    215.21216,    215.42934,    215.45000
     t,    214.62700,    214.78062,    214.45000
     t,    214.46707,    214.58810,    215.05000
     t,    214.24916,    214.32690,    213.85001
     t,    214.08266,    214.10786,    213.85001
     t,    213.43872,    213.13330,    211.45000
     t,    213.32440,    212.83734,    212.85001
     t,    213.23836,    212.96484,    211.45000
     t,    213.16801,    213.14777,    213.45000
     t,    213.21152,    213.66351,    213.85001
     t,    213.50835,    214.12437,    215.05000
     t,    217.23947,    216.64641,    215.05000
     t,    213.52518,    212.63150,    212.14679
     t,    285.66501,    285.65210,    289.04999
     t,    290.14658,    290.09689,    295.64999
     t,    285.66501,    285.65210,    288.14999
     t,    290.06638,    290.03290,    297.25000
     t,    285.66504,    285.65213,    286.45001
     t,    290.06638,    290.03290,    296.54999
     q,      0.47800,      0.47969,      0.37543
     q,      0.47969,      0.48302,      0.34815
     q,      0.52222,      0.52744,      0.35985
     q,      0.56634,      0.57418,      0.41350
     q,      0.50720,      0.51465,      0.52995
     q,      0.49372,      0.49719,      0.48714
     q,      0.39375,      0.35200,      0.43669
     q,      0.39177,      0.33357,      0.31465
     q,      0.39390,      0.33449,      0.37200
     q,      0.39871,      0.33636,      0.10919
     q,      0.40099,      0.33732,      0.08680
     q,      0.41075,      0.34594,      0.12830
     q,      0.41975,      0.36131,      0.39521
     q,      0.43078,      0.38016,      0.35717
     q,      0.44748,      0.40455,      0.32821
     q,      0.45078,      0.40851,      0.44068
     q,      0.45704,      0.41604,      0.49072
     q,      0.46595,      0.42922,      0.48868
     q,      0.45107,      0.42173,      0.52961
     q,      0.44297,      0.41777,      0.37337
     q,      0.43814,      0.41400,      0.48364
     q,      0.44361,      0.41422,      0.43690
     q,      0.44893,      0.41914,      0.30956
     q,      0.44990,      0.42088,      0.36569
     q,      0.45160,      0.42392,      0.20630
     q,      0.46163,      0.43592,      0.31722
     q,      0.47090,      0.44706,      0.35678
     q,      0.47371,      0.45039,      0.32819
     q,      0.47479,      0.45193,      0.27350
     q,      0.47053,      0.46156,      0.22990
     q,      0.42147,      0.45263,      0.27952
     q,      0.38975,      0.43198,      0.17123
     q,      0.37966,      0.42519,      0.27762
     q,      0.36937,      0.41822,      0.25391
     q,      0.37014,      0.41813,      0.19015
     q,      0.36993,      0.41785,      0.23391
     q,      0.36971,      0.41757,      0.25936
     q,      0.35923,      0.39942,      0.11088
     q,      0.34854,      0.38108,      0.25236
     q,      0.33056,      0.34977,      0.25504
     q,      0.30789,      0.31180,      0.16871
     q,      0.28844,      0.28342,      0.13119
     q,      0.67809,      0.67758,      0.85615
     q,      0.67809,      0.67758,      0.79551
     q,      0.67809,      0.67758,      0.87862
