Note (2018.08.22) This script is outputed from mpi_readobs.f90
obtype, ensmean_obbc,      h_xnobc,           ob
    sm,      0.25830,      0.25296,      0.25300
    sm,      0.22730,      0.22403,      0.16400
    sm,      0.30517,      0.30811,      0.38100
    sm,      0.21141,      0.21173,      0.07400
    sm,      0.33468,      0.36620,      0.24000
    sm,      0.30933,      0.34550,      0.35500
    sm,      0.21043,      0.21647,      0.19600
    sm,      0.19698,      0.20222,      0.06000
    sm,      0.18609,      0.18620,      0.24800
    sm,      0.19082,      0.18601,      0.15800
    sm,      0.24735,      0.24749,      0.09300
    sm,      0.26952,      0.27344,      0.13500
    sm,      0.25253,      0.25486,      0.09300
    sm,      0.17207,      0.16271,      0.22500
    sm,      0.27384,      0.28293,      0.22400
    sm,      0.32210,      0.28085,      0.11300
    sm,      0.23798,      0.23645,      0.31600
    sm,      0.21313,      0.22653,      0.23700
    sm,      0.24004,      0.24029,      0.26600
    sm,      0.22141,      0.22174,      0.29500
    sm,      0.21824,      0.20384,      0.25300
    sm,      0.14624,      0.15296,      0.07700
    sm,      0.21771,      0.21915,      0.21100
    sm,      0.30799,      0.30313,      0.37800
    sm,      0.24443,      0.24488,      0.34400
    sm,      0.24660,      0.24683,      0.07200
    sm,      0.33611,      0.35647,      0.32500
    sm,      0.23054,      0.23004,      0.33900
    sm,      0.18120,      0.17194,      0.36700
    sm,      0.27400,      0.27428,      0.23700
    sm,      0.31884,      0.31893,      0.27600
    sm,      0.27306,      0.27649,      0.27100
    sm,      0.18981,      0.19173,      0.10600
    sm,      0.24954,      0.25547,      0.22600
    sm,      0.27108,      0.27770,      0.20900
    sm,      0.27301,      0.27795,      0.26900
    sm,      0.26274,      0.26408,      0.20100
    sm,      0.17412,      0.17871,      0.17600
    sm,      0.25785,      0.25983,      0.37400
    sm,      0.16911,      0.17012,      0.13300
    sm,      0.21256,      0.21207,      0.22200
    sm,      0.16625,      0.16755,      0.11700
    sm,      0.20310,      0.20062,      0.21000
    sm,      0.27455,      0.27708,      0.12100
    sm,      0.27776,      0.28148,      0.17100
    sm,      0.22489,      0.22513,      0.08100
    sm,      0.17665,      0.18157,      0.18000
    sm,      0.27594,      0.27367,      0.36700
    sm,      0.24089,      0.23551,      0.23300
    sm,      0.22900,      0.22543,      0.30000
    sm,      0.19858,      0.20295,      0.14900
    sm,      0.19858,      0.20295,      0.16400
    sm,      0.19150,      0.19862,      0.14400
    sm,      0.15368,      0.15578,      0.06700
    sm,      0.32180,      0.34571,      0.45100
    sm,      0.20662,      0.21372,      0.20200
    sm,      0.27713,      0.27915,      0.22900
    sm,      0.29459,      0.27510,      0.34500
    sm,      0.30799,      0.30313,      0.41100
    sm,      0.26868,      0.26058,      0.38100
    sm,      0.15770,      0.15775,      0.08700
    sm,      0.28217,      0.28114,      0.08000
    sm,      0.15939,      0.16279,      0.13100
    sm,      0.14694,      0.15310,      0.06800
    sm,      0.21043,      0.21647,      0.07100
    sm,      0.23351,      0.23626,      0.35300
    sm,      0.27261,      0.27862,      0.06500
    sm,      0.23993,      0.24940,      0.10900
    sm,      0.19158,      0.18877,      0.24100
    sm,      0.36529,      0.35345,      0.16500
    sm,      0.18997,      0.19147,      0.18700
    sm,      0.27211,      0.27258,      0.18400
    sm,      0.18609,      0.18620,      0.30800
    sm,      0.18896,      0.17977,      0.36700
    sm,      0.18896,      0.17977,      0.28100
    sm,      0.19493,      0.19408,      0.06100
     t,    313.60907,    313.60373,    315.35001
     t,    312.69254,    312.68747,    312.75000
     t,    309.62579,    309.62018,    309.64999
     t,    302.25659,    302.25864,    302.35001
     t,    300.93951,    300.94443,    300.85001
     t,    296.36169,    296.36539,    296.45001
     t,    294.87064,    294.87552,    295.54999
     t,    287.71475,    287.72153,    287.64999
     t,    286.10153,    286.10840,    285.75000
     t,    280.86313,    280.86279,    280.25000
     t,    278.10397,    278.09509,    277.25000
     t,    276.05618,    276.03934,    275.14999
     t,    274.78085,    274.75980,    273.54999
     t,    274.16644,    274.14551,    272.95001
     t,    273.09488,    273.07416,    272.04999
     t,    272.73248,    272.71179,    271.85001
     t,    271.99945,    271.97891,    271.14999
     t,    271.34900,    271.32858,    271.14999
     t,    268.97049,    268.95395,    268.14999
     t,    268.77533,    268.75912,    267.95001
     t,    267.68985,    267.67596,    267.14999
     t,    266.97928,    266.96677,    266.64999
     t,    266.02481,    266.01456,    266.14999
     t,    264.17108,    264.16528,    263.95001
     t,    262.80905,    262.80640,    262.35001
     t,    261.95389,    261.95291,    261.64999
     t,    261.58319,    261.58295,    261.35001
     t,    260.70810,    260.70956,    260.25000
     t,    260.32864,    260.33084,    260.14999
     t,    259.94647,    259.94943,    259.95001
     t,    257.50446,    257.51236,    258.14999
     t,    256.85828,    256.86707,    257.45001
     t,    256.59726,    256.60660,    257.54999
     t,    256.07132,    256.08173,    256.75000
     t,    255.40622,    255.41800,    255.95000
     t,    253.77739,    253.79202,    253.75000
     t,    252.94823,    252.96359,    252.75000
     t,    252.24683,    252.26280,    252.05000
     t,    250.81438,    250.83160,    250.95000
     t,    249.47766,    249.49559,    249.35001
     t,    248.85393,    248.87158,    248.75000
     t,    247.90125,    247.91797,    247.55000
     t,    247.42009,    247.43663,    247.35001
     t,    246.93452,    246.95087,    246.75000
     t,    246.44447,    246.46063,    246.25000
     t,    245.78395,    245.79984,    245.85001
     t,    244.08533,    244.10068,    244.55000
     t,    243.03575,    243.05081,    243.05000
     t,    242.50314,    242.51805,    242.55000
     t,    240.13039,    240.14426,    239.75000
     t,    239.56847,    239.58199,    238.95000
     t,    236.86516,    236.87704,    236.45000
     t,    234.03004,    234.03859,    233.25000
     t,    232.77374,    232.78033,    232.25000
     t,    229.04390,    229.04639,    228.64999
     t,    225.04037,    225.04245,    224.45000
     t,    223.54988,    223.55421,    222.85001
     t,    222.27748,    222.28380,    221.85001
     t,    220.97365,    220.98199,    220.64999
     t,    207.19136,    207.17157,    204.85001
     t,    208.95055,    208.94695,    204.45000
     t,    311.97107,    311.97839,    313.35001
     t,    311.81152,    311.81741,    312.04999
     t,    305.81812,    305.81970,    306.35001
     t,    295.80136,    295.80310,    295.85001
     t,    289.24545,    289.24850,    289.14999
     t,    280.03500,    280.04614,    279.85001
     t,    275.89029,    275.79529,    274.04999
     t,    275.53735,    275.43588,    273.25000
     t,    275.20651,    275.10156,    274.45001
     t,    274.79813,    274.68991,    274.64999
     t,    274.46091,    274.34927,    274.45001
     t,    273.51651,    273.39639,    275.04999
     t,    270.14667,    270.07007,    271.45001
     t,    268.78644,    268.75113,    269.45001
     t,    266.06921,    266.07623,    266.45001
     t,    264.79773,    264.81750,    264.75000
     t,    262.48669,    262.50632,    262.14999
     t,    258.87604,    258.87189,    259.64999
     t,    257.37234,    257.36356,    257.45001
     t,    251.98943,    251.98817,    251.25000
     t,    249.87788,    249.87267,    250.85001
     t,    245.96310,    245.94858,    245.45000
     t,    242.93657,    242.91463,    242.64999
     t,    235.82242,    235.83505,    236.64999
     t,    232.86195,    232.90013,    233.45000
     t,    223.42088,    223.57770,    222.64999
     t,    221.68443,    221.83627,    221.64999
     t,    221.17693,    221.32643,    221.05000
     t,    218.02705,    218.15373,    217.45000
     t,    207.52257,    207.55637,    206.05000
     t,    206.44432,    206.50584,    204.45000
     t,    204.35991,    204.51974,    200.85001
     t,    203.82166,    204.01451,    201.85001
     t,    202.50276,    202.55321,    200.85001
     t,    202.41460,    202.43712,    201.25000
     t,    202.32561,    202.31996,    203.45000
     t,    202.18254,    201.98892,    202.64999
     t,    203.16693,    202.91972,    201.45000
     t,    204.18967,    204.06339,    206.45000
     t,    205.76347,    205.80605,    206.85001
     t,    207.88243,    207.98051,    206.85001
     t,    209.93333,    209.77950,    210.05000
     t,    210.57936,    210.24693,    208.64999
     t,    301.54361,    301.54523,    301.91916
     q,      0.28975,      0.28991,      0.28146
     q,      0.30066,      0.30078,      0.32196
     q,      0.34322,      0.34331,      0.34007
     q,      0.46160,      0.46106,      0.44825
     q,      0.47575,      0.47506,      0.47065
     q,      0.52662,      0.52644,      0.46978
     q,      0.55048,      0.55016,      0.40088
     q,      0.63725,      0.63602,      0.54517
     q,      0.65548,      0.65373,      0.56892
     q,      0.59229,      0.59081,      0.66541
     q,      0.49274,      0.49260,      0.59927
     q,      0.44272,      0.44328,      0.47572
     q,      0.41180,      0.41282,      0.57470
     q,      0.41345,      0.41441,      0.57210
     q,      0.41657,      0.41742,      0.49512
     q,      0.41770,      0.41851,      0.33888
     q,      0.42013,      0.42085,      0.13232
     q,      0.42244,      0.42309,      0.10503
     q,      0.41764,      0.41819,      0.10290
     q,      0.41702,      0.41756,      0.10231
     q,      0.41098,      0.41145,      0.11336
     q,      0.40739,      0.40780,      0.21781
     q,      0.39960,      0.39979,      0.11626
     q,      0.38194,      0.38167,      0.46376
     q,      0.36904,      0.36840,      0.49120
     q,      0.37089,      0.37018,      0.34897
     q,      0.37176,      0.37100,      0.49369
     q,      0.37395,      0.37310,      0.33874
     q,      0.37497,      0.37408,      0.16382
     q,      0.37605,      0.37511,      0.12281
     q,      0.36798,      0.36674,      0.12460
     q,      0.35813,      0.35686,      0.08979
     q,      0.35456,      0.35326,      0.18926
     q,      0.34700,      0.34565,      0.36048
     q,      0.33668,      0.33524,      0.29225
     q,      0.31148,      0.30996,      0.39938
     q,      0.30330,      0.30193,      0.29019
     q,      0.29570,      0.29447,      0.15671
     q,      0.27779,      0.27690,      0.21467
     q,      0.26455,      0.26397,      0.37849
     q,      0.26845,      0.26789,      0.30680
     q,      0.27550,      0.27500,      0.36117
     q,      0.27905,      0.27858,      0.30133
     q,      0.28289,      0.28245,      0.40201
     q,      0.28706,      0.28664,      0.21638
     q,      0.29319,      0.29282,      0.15952
     q,      0.29926,      0.29879,      0.34014
     q,      0.29875,      0.29811,      0.28978
     q,      0.29845,      0.29773,      0.35329
     q,      0.15778,      0.15773,      0.16072
     q,      0.15879,      0.15875,      0.18150
     q,      0.20618,      0.20639,      0.21265
     q,      0.32986,      0.33037,      0.28664
     q,      0.45462,      0.45488,      0.38499
     q,      0.65932,      0.66502,      0.56069
     q,      0.39574,      0.46321,      0.69238
     q,      0.37295,      0.44274,      0.60002
     q,      0.35609,      0.42410,      0.37729
     q,      0.33058,      0.39515,      0.22433
     q,      0.31259,      0.37529,      0.24541
     q,      0.26192,      0.31954,      0.07980
     q,      0.12761,      0.15762,      0.03501
     q,      0.09547,      0.11039,      0.03877
     q,      0.08147,      0.08498,      0.03067
     q,      0.08373,      0.08466,      0.17721
     q,      0.08349,      0.08257,      0.11185
     q,      0.05625,      0.05673,      0.04565
     q,      0.25075,      0.25108,      0.24149
     t,    304.63034,    304.38602,    301.54999
     t,    303.41895,    303.17703,    299.35001
     t,    302.11987,    301.88019,    297.45001
     t,    300.03784,    299.80042,    295.45001
     t,    297.53912,    297.30347,    293.25000
     t,    296.12018,    295.88467,    292.04999
     t,    294.79538,    294.55728,    291.14999
     t,    290.34763,    290.42236,    287.54999
     t,    290.02429,    290.12650,    287.64999
     t,    289.66568,    289.79321,    288.54999
     t,    289.30423,    289.45734,    289.14999
     t,    288.87534,    289.05896,    289.35001
     t,    285.44241,    285.67642,    285.75000
     t,    285.06625,    285.28326,    285.54999
     t,    283.45877,    283.59363,    284.04999
     t,    282.58850,    282.67435,    283.25000
     t,    280.48041,    280.44394,    280.85001
     t,    278.37628,    278.28848,    279.04999
     t,    277.27979,    277.17905,    278.04999
     t,    276.16281,    276.04581,    277.04999
     t,    271.75363,    271.66003,    271.85001
     t,    267.20374,    267.08823,    266.35001
     t,    267.09274,    266.97763,    266.14999
     t,    266.64502,    266.53571,    265.75000
     t,    265.39490,    265.30164,    264.75000
     t,    264.00183,    263.92746,    263.54999
     t,    263.40976,    263.34293,    262.75000
     t,    262.81131,    262.75208,    262.85001
     t,    259.95984,    259.92773,    260.25000
     t,    258.80652,    258.78293,    259.35001
     t,    256.61484,    256.61963,    256.45001
     t,    255.96548,    255.97754,    255.64999
     t,    255.83363,    255.84764,    255.64999
     t,    255.16946,    255.19331,    255.64999
     t,    254.90149,    254.92931,    255.45000
     t,    254.36148,    254.39731,    255.25000
     t,    252.83546,    252.87024,    253.85001
     t,    248.72836,    248.72234,    250.05000
     t,    243.39952,    243.36589,    242.85001
     t,    240.10397,    240.10367,    240.45000
     t,    239.54143,    239.54587,    239.85001
     t,    238.39926,    238.41086,    239.64999
     t,    233.10925,    233.12805,    233.05000
     t,    232.63603,    232.64143,    232.45000
     t,    230.15990,    230.10234,    230.45000
     t,    306.29947,    306.41940,    305.45001
     t,    305.82507,    305.95004,    304.95001
     t,    303.50259,    303.63547,    301.85001
     t,    302.06140,    302.19653,    300.35001
     t,    299.77786,    299.91531,    298.04999
     t,    292.54388,    292.66931,    291.25000
     t,    290.77066,    290.78632,    289.64999
     t,    287.72467,    287.43103,    285.85001
     t,    286.74014,    286.37283,    284.54999
     t,    282.99567,    282.92340,    280.85001
     t,    281.74203,    281.70746,    280.75000
     t,    280.86429,    280.84940,    280.45001
     t,    276.94876,    276.98828,    277.54999
     t,    273.79431,    273.84222,    274.04999
     t,    273.32565,    273.40247,    273.64999
     t,    270.90591,    271.13898,    271.04999
     t,    269.85028,    270.11383,    269.85001
     t,    269.18350,    269.44492,    268.85001
     t,    268.42075,    268.67972,    268.14999
     t,    268.34055,    268.60526,    268.14999
     t,    267.30130,    267.56247,    268.14999
     t,    264.05173,    264.18335,    264.85001
     t,    256.49615,    256.50055,    256.85001
     t,    248.27150,    248.27914,    247.64999
     t,    242.15991,    242.10329,    244.25000
     t,    241.40903,    241.34306,    243.64999
     t,    233.69170,    233.57619,    234.05000
     t,    223.04825,    222.91075,    222.05000
     t,    222.03270,    221.89580,    221.05000
     t,    210.45383,    210.33205,    209.05000
     t,    208.40889,    208.27095,    207.05000
     t,    207.85948,    207.70908,    205.64999
     t,    206.43542,    206.38817,    202.45000
     t,    206.04414,    206.04347,    203.05000
     t,    205.78226,    205.81746,    204.45000
     t,    205.23233,    205.33479,    204.64999
     t,    204.62241,    204.79451,    203.45000
     t,    203.21959,    203.54744,    203.05000
     t,    203.06093,    203.40891,    204.05000
     t,    203.17661,    203.56148,    203.85001
     t,    203.34860,    203.78835,    202.25000
     t,    204.32074,    204.75955,    204.64999
     t,    205.90013,    206.25714,    204.45000
     t,    206.23618,    206.54601,    206.05000
     t,    207.39062,    207.57104,    204.85001
     t,    207.71907,    207.72018,    204.85001
     t,    209.35085,    208.34177,    210.25000
     t,    210.99416,    210.08174,    211.45000
     t,    211.17915,    210.52602,    213.25000
     q,      0.43368,      0.44818,      0.55707
     q,      0.45616,      0.47141,      0.50172
     q,      0.48342,      0.49957,      0.51416
     q,      0.53232,      0.55006,      0.56704
     q,      0.59859,      0.61849,      0.60937
     q,      0.64073,      0.66205,      0.63487
     q,      0.67992,      0.70315,      0.60313
     q,      0.62914,      0.40212,      0.62924
     q,      0.58301,      0.35804,      0.61177
     q,      0.52176,      0.31077,      0.38973
     q,      0.45939,      0.26264,      0.23473
     q,      0.38440,      0.20477,      0.22414
     q,      0.16953,      0.07487,      0.10012
     q,      0.16203,      0.07428,      0.08476
     q,      0.14058,      0.08163,      0.13694
     q,      0.14627,      0.09796,      0.25657
     q,      0.16105,      0.14412,      0.19482
     q,      0.21758,      0.21376,      0.33810
     q,      0.26058,      0.26033,      0.21028
     q,      0.30822,      0.31224,      0.24889
     q,      0.50227,      0.50643,      0.39786
     q,      0.67252,      0.68538,      0.65025
     q,      0.67596,      0.68879,      0.65575
     q,      0.68334,      0.69507,      0.62407
     q,      0.70594,      0.71430,      0.76597
     q,      0.73459,      0.73858,      0.79968
     q,      0.74877,      0.75068,      0.76718
     q,      0.76424,      0.76388,      0.68370
     q,      0.69742,      0.69695,      0.73480
     q,      0.66159,      0.66182,      0.62428
     q,      0.57582,      0.59276,      0.58010
     q,      0.54634,      0.57305,      0.51943
     q,      0.53989,      0.56835,      0.47944
     q,      0.50569,      0.54344,      0.13088
     q,      0.49104,      0.53277,      0.06839
     q,      0.45984,      0.51005,      0.02764
     q,      0.28498,      0.35482,      0.03038
     q,      0.13921,      0.16719,      0.09948
     q,      0.36496,      0.33184,      0.35733
     q,      0.37207,      0.33815,      0.37675
     q,      0.41218,      0.37424,      0.40355
     q,      0.44032,      0.39966,      0.42769
     q,      0.49021,      0.44476,      0.45267
     q,      0.67759,      0.62693,      0.59054
     q,      0.69922,      0.67772,      0.73209
     q,      0.66725,      0.70354,      0.74876
     q,      0.64719,      0.68072,      0.75143
     q,      0.67072,      0.68991,      0.81828
     q,      0.67890,      0.69440,      0.67624
     q,      0.68452,      0.69811,      0.68005
     q,      0.69260,      0.69396,      0.62999
     q,      0.64175,      0.63524,      0.65172
     q,      0.61209,      0.60226,      0.51948
     q,      0.43803,      0.40790,      0.42823
     q,      0.36220,      0.32892,      0.23317
     q,      0.32464,      0.29298,      0.22354
     q,      0.27874,      0.24904,      0.37027
     q,      0.27260,      0.24251,      0.37239
     q,      0.20346,      0.17637,      0.07779
     q,      0.13476,      0.12339,      0.06454
     q,      0.13190,      0.13434,      0.06896
     q,      0.08745,      0.08661,      0.02956
     t,    301.76114,    301.74051,    296.54999
     t,    301.76117,    301.74051,    298.35001
     t,    301.76114,    301.74051,    298.04999
     t,    301.76117,    301.74054,    298.95001
     t,    301.55603,    301.53384,    298.14999
     t,    300.98523,    300.96622,    296.64999
     t,    300.36041,    300.34369,    294.85001
     t,    299.76047,    299.74493,    295.35001
     t,    296.25781,    296.24426,    291.95001
     t,    295.47928,    295.46616,    291.75000
     t,    295.14346,    295.13052,    292.25000
     t,    294.14264,    294.13013,    291.64999
     t,    294.03094,    294.01849,    291.85001
     t,    291.78540,    291.77420,    290.35001
     t,    288.98395,    288.97507,    287.64999
     t,    287.29929,    287.29324,    286.45001
     t,    284.93610,    284.92953,    284.95001
     t,    282.28543,    282.28006,    281.75000
     t,    273.86523,    273.85480,    273.64999
     t,    270.04572,    270.02924,    269.85001
     t,    269.22235,    269.20486,    268.95001
     t,    266.95880,    266.93771,    266.54999
     t,    266.52158,    266.49988,    266.04999
     t,    264.54578,    264.52097,    263.64999
     t,    264.20959,    264.18430,    263.64999
     t,    263.30240,    263.27457,    263.95001
     t,    262.36740,    262.33972,    262.95001
     t,    261.70596,    261.67932,    262.35001
     t,    259.17358,    259.15100,    259.64999
     t,    253.57167,    253.56931,    254.25000
     t,    251.65594,    251.65976,    252.45000
     t,    246.18636,    246.19629,    246.55000
     t,    241.90837,    241.92015,    242.75000
     t,    239.16980,    239.18240,    239.64999
     t,    237.65385,    237.66670,    237.85001
     t,    237.27019,    237.28310,    237.45000
     t,    235.71182,    235.72523,    235.64999
     t,    231.27495,    231.29221,    230.85001
     t,    229.21619,    229.23790,    228.85001
     t,    227.78697,    227.81252,    227.64999
     t,    227.62529,    227.65138,    227.45000
     t,    223.77516,    223.81448,    222.25000
     t,    222.77042,    222.81110,    221.45000
     t,    221.39261,    221.43575,    220.85001
     t,    219.75302,    219.80145,    220.64999
     t,    219.50615,    219.55528,    220.85001
     t,    218.31696,    218.36270,    217.25000
     t,    218.17761,    218.22247,    217.85001
     t,    217.65973,    217.69859,    216.64999
     t,    217.32281,    217.35405,    217.85001
     t,    216.90361,    216.92473,    217.85001
     t,    216.33018,    216.33992,    217.05000
     t,    215.45731,    215.45395,    215.45000
     t,    213.62181,    213.59854,    212.25000
     t,    213.13281,    213.10521,    212.45000
     t,    211.40086,    211.36464,    208.64999
     t,    210.84885,    210.81018,    208.25000
     t,    210.66199,    210.62231,    209.25000
     t,    209.87473,    209.83632,    209.25000
     t,    208.09891,    208.07056,    207.05000
     t,    206.91228,    206.91089,    206.25000
     t,    207.31731,    207.38974,    205.05000
     t,    207.67346,    207.78233,    208.05000
     t,    208.73936,    208.93742,    208.85001
     t,    208.98294,    209.18150,    211.05000
     t,    210.60916,    210.45409,    209.85001
     t,    211.43788,    210.87460,    209.85001
     t,    212.50446,    211.69131,    211.45000
     t,    212.86530,    212.09442,    214.05000
     t,    302.30432,    301.91193,    299.75000
     t,    302.12817,    301.72925,    296.75000
     t,    296.73474,    296.33600,    291.75000
     t,    293.38812,    293.00360,    288.85001
     t,    293.17200,    292.83951,    288.85001
     t,    292.73730,    292.50949,    290.75000
     t,    292.29941,    292.17703,    291.35001
     t,    291.63635,    291.67365,    291.35001
     t,    291.06384,    291.23315,    290.54999
     t,    289.43289,    289.77905,    288.75000
     t,    288.69638,    289.01712,    288.04999
     t,    287.61917,    287.88040,    287.25000
     t,    285.65729,    285.83008,    285.45001
     t,    282.02588,    282.12982,    281.95001
     t,    276.42740,    276.44327,    275.95001
     t,    275.83023,    275.83469,    275.54999
     t,    274.20816,    274.18155,    273.95001
     t,    272.99411,    272.94141,    273.04999
     t,    267.08322,    266.90439,    266.95001
     t,    265.82510,    265.63440,    266.14999
     t,    265.07404,    264.87741,    265.85001
     t,    262.41223,    262.26633,    262.45001
     t,    259.08197,    258.99927,    259.14999
     t,    256.83871,    256.79468,    256.75000
     t,    255.18752,    255.14270,    255.14999
     t,    254.66226,    254.61543,    254.95000
     t,    254.13177,    254.08293,    254.25000
     t,    252.37363,    252.31754,    252.05000
     t,    251.50610,    251.45255,    250.95000
     t,    250.30722,    250.26065,    250.55000
     t,    243.09039,    243.14343,    243.95000
     t,    237.72046,    237.86823,    238.95000
     t,    234.88135,    235.02237,    236.25000
     t,    230.91280,    231.03990,    232.05000
     t,    228.21446,    228.33971,    229.25000
     t,    227.35655,    227.48151,    228.45000
     t,    221.44392,    221.53174,    218.85001
     t,    220.26913,    220.34921,    218.25000
     t,    220.13161,    220.20934,    218.85001
     t,    219.78348,    219.85455,    220.05000
     t,    219.01089,    219.06471,    219.64999
     t,    218.87326,    218.92392,    220.85001
     t,    218.37386,    218.41116,    220.64999
     t,    217.23773,    217.24715,    218.25000
     t,    215.60658,    215.58318,    216.25000
     t,    214.02463,    213.97586,    215.05000
     t,    211.45851,    211.37250,    210.45000
     t,    211.14967,    211.05122,    211.05000
     t,    209.61176,    209.45004,    208.25000
     t,    209.12642,    208.94185,    209.05000
     t,    208.62181,    208.41299,    207.05000
     t,    208.67776,    208.53946,    207.45000
     t,    209.77496,    210.09990,    207.05000
     t,    210.22800,    210.69206,    210.45000
     t,    210.53203,    210.79361,    210.85001
     t,    210.79527,    210.88246,    209.05000
     t,    211.28967,    210.83141,    209.45000
     t,    211.73187,    210.75475,    210.25000
     t,    211.75974,    210.75652,    210.45000
     t,    211.95967,    210.97318,    212.64999
     t,    212.56081,    211.77913,    213.85001
     t,    214.10812,    213.82092,    213.45000
     t,    214.40765,    214.13953,    216.05000
     t,    225.32753,    225.48517,    226.14999
     t,    223.34091,    223.48499,    226.14999
     q,      0.20530,      0.20541,      0.32084
     q,      0.20530,      0.20541,      0.66733
     q,      0.20530,      0.20541,      0.65328
     q,      0.20530,      0.20541,      0.62688
     q,      0.20712,      0.20722,      0.50961
     q,      0.21236,      0.21249,      0.34129
     q,      0.21829,      0.21843,      0.28062
     q,      0.22428,      0.22443,      0.29906
     q,      0.26473,      0.26492,      0.31679
     q,      0.27484,      0.27503,      0.32764
     q,      0.27944,      0.27964,      0.30302
     q,      0.29309,      0.29330,      0.33156
     q,      0.29464,      0.29486,      0.31537
     q,      0.32822,      0.32847,      0.32817
     q,      0.37343,      0.37369,      0.34906
     q,      0.40231,      0.40250,      0.38394
     q,      0.42600,      0.42660,      0.40305
     q,      0.45130,      0.45206,      0.43832
     q,      0.61142,      0.61232,      0.57928
     q,      0.70000,      0.70180,      0.69742
     q,      0.71283,      0.71481,      0.66337
     q,      0.75011,      0.75283,      0.69597
     q,      0.74820,      0.75090,      0.50889
     q,      0.73582,      0.73872,      0.69430
     q,      0.73342,      0.73637,      0.73036
     q,      0.72583,      0.72905,      0.83119
     q,      0.71216,      0.71535,      0.83797
     q,      0.69677,      0.69979,      0.95528
     q,      0.62670,      0.62903,      0.79191
     q,      0.55223,      0.55251,      0.68344
     q,      0.54118,      0.54077,      0.67510
     q,      0.52888,      0.52702,      0.57164
     q,      0.51118,      0.50832,      0.47552
     q,      0.50043,      0.49733,      0.36029
     q,      0.49195,      0.48876,      0.17400
     q,      0.48379,      0.49795,      0.57100
     q,      0.48704,      0.50129,      0.49455
     q,      0.62091,      0.63966,      0.54957
     q,      0.71904,      0.73236,      0.60292
     q,      0.69715,      0.69515,      0.62072
     q,      0.65242,      0.61910,      0.56356
     q,      0.60637,      0.54083,      0.49367
     q,      0.53469,      0.41900,      0.44792
     q,      0.43913,      0.32821,      0.46327
     q,      0.24789,      0.19815,      0.38478
     q,      0.22343,      0.19977,      0.20160
     q,      0.21813,      0.20656,      0.13794
     q,      0.22694,      0.22194,      0.23319
     q,      0.25859,      0.25288,      0.33094
     q,      0.30756,      0.31058,      0.30661
     q,      0.31390,      0.31748,      0.19039
     q,      0.33337,      0.33865,      0.17075
     q,      0.34584,      0.35229,      0.39656
     q,      0.31798,      0.32722,      0.36928
     q,      0.29212,      0.30213,      0.37934
     q,      0.27536,      0.28587,      0.33229
     q,      0.22931,      0.23618,      0.35871
     q,      0.18355,      0.18733,      0.26463
     q,      0.17220,      0.17631,      0.30758
     q,      0.21877,      0.22884,      0.24853
     q,      0.24003,      0.25256,      0.17046
     q,      0.26304,      0.27822,      0.13620
     q,      0.35518,      0.38168,      0.14074
     q,      0.39386,      0.42101,      0.33605
     q,      0.44547,      0.47017,      0.57853
     q,      0.69365,      0.68532,      0.69225
     q,      0.68508,      0.64646,      0.59171
     t,    303.24380,    303.95276,    302.04999
     t,    303.24384,    303.95279,    300.95001
     t,    301.96838,    302.60895,    299.35001
     t,    301.05750,    301.50153,    298.54999
     t,    295.46167,    295.25381,    293.45001
     t,    292.64511,    292.63116,    290.85001
     t,    289.97925,    290.28900,    291.04999
     t,    289.09674,    289.39084,    290.75000
     t,    288.27322,    288.55963,    290.04999
     t,    282.15042,    282.34256,    283.54999
     t,    281.67578,    281.86313,    282.95001
     t,    279.47897,    279.60019,    280.85001
     t,    277.21625,    277.27023,    278.04999
     t,    276.05521,    276.05847,    276.75000
     t,    274.24213,    274.16653,    274.35001
     t,    273.87112,    273.77545,    274.04999
     t,    273.49881,    273.38690,    273.64999
     t,    272.45618,    272.31299,    272.35001
     t,    271.98056,    271.83615,    271.85001
     t,    271.40256,    271.25327,    271.35001
     t,    269.63565,    269.48016,    269.35001
     t,    269.33606,    269.18008,    268.95001
     t,    268.52917,    268.37198,    268.45001
     t,    268.03323,    267.87735,    268.14999
     t,    266.07727,    265.94046,    265.75000
     t,    265.77814,    265.64471,    265.85001
     t,    265.37656,    265.24774,    265.75000
     t,    263.64590,    263.53625,    263.54999
     t,    263.24005,    263.13400,    263.35001
     t,    263.03589,    262.93164,    263.04999
     t,    261.89603,    261.80292,    262.04999
     t,    261.05017,    260.96591,    261.85001
     t,    251.85742,    251.74866,    252.25000
     t,    251.07712,    250.97981,    251.45000
     t,    248.23546,    248.20302,    248.05000
     t,    246.96359,    246.95578,    246.45000
     t,    245.17551,    245.16447,    244.45000
     t,    240.61833,    240.55296,    240.64999
     t,    239.02248,    238.92322,    240.05000
     t,    236.19035,    236.08904,    237.45000
     t,    230.41220,    230.49420,    231.64999
     t,    226.35773,    226.66295,    229.25000
     t,    225.79648,    226.11763,    228.45000
     t,    224.26450,    224.62817,    226.85001
     t,    221.80499,    222.11069,    223.45000
     t,    219.79321,    219.88170,    220.25000
     t,    218.94846,    218.95468,    218.45000
     t,    218.05905,    217.98424,    216.64999
     t,    216.71837,    216.50563,    211.25000
     t,    216.60419,    216.38229,    212.45000
     t,    216.57576,    216.34337,    212.05000
     t,    216.54828,    216.30560,    217.05000
     t,    216.54243,    216.29706,    217.85001
     t,    216.45457,    216.22150,    215.85001
     t,    216.43817,    216.23462,    216.25000
     t,    216.44818,    216.25385,    216.85001
     t,    216.40027,    216.30098,    215.85001
     t,    216.36572,    216.34351,    214.25000
     t,    216.32863,    216.36613,    216.45000
     t,    216.31480,    216.36374,    218.25000
     t,    216.22710,    216.34105,    218.64999
     t,    215.93536,    216.14455,    216.45000
     t,    215.80969,    216.04410,    214.64999
     t,    215.63695,    215.89648,    214.05000
     t,    302.23782,    301.88733,    294.64999
     t,    302.23782,    301.88736,    296.85001
     t,    301.80966,    301.44913,    296.75000
     t,    301.06760,    300.71497,    296.14999
     t,    299.36020,    298.98474,    296.54999
     t,    295.94543,    295.53320,    295.35001
     t,    290.78018,    290.64920,    289.64999
     t,    287.90424,    287.86636,    287.75000
     t,    285.13138,    285.06586,    284.64999
     t,    285.03290,    284.96469,    284.64999
     t,    282.43408,    282.33978,    281.64999
     t,    281.00998,    280.92865,    280.14999
     t,    279.18228,    279.10693,    277.95001
     t,    278.38611,    278.31305,    277.04999
     t,    275.51447,    275.44504,    274.85001
     t,    273.79324,    273.74634,    273.64999
     t,    271.50970,    271.50137,    270.45001
     t,    271.08499,    271.08386,    270.45001
     t,    270.86423,    270.86499,    270.95001
     t,    270.76065,    270.76355,    270.75000
     t,    270.56036,    270.56546,    269.85001
     t,    270.35931,    270.36667,    270.25000
     t,    270.05646,    270.06717,    269.85001
     t,    269.75189,    269.76599,    269.14999
     t,    269.44571,    269.46320,    269.35001
     t,    265.77267,    265.82443,    265.45001
     t,    264.50159,    264.55222,    264.14999
     t,    255.14093,    255.15826,    256.54999
     t,    252.46298,    252.43660,    253.05000
     t,    247.61739,    247.54892,    248.45000
     t,    245.67163,    245.62396,    245.95000
     t,    239.83289,    239.81967,    240.35001
     t,    236.74063,    236.70999,    237.14999
     t,    235.79196,    235.75461,    236.14999
     t,    232.68036,    232.61835,    234.45000
     t,    226.14935,    226.05205,    227.45000
     t,    222.35213,    222.30571,    222.85001
     t,    221.35492,    221.32642,    222.64999
     t,    218.77357,    218.82501,    218.85001
     t,    217.94138,    218.01822,    218.45000
     t,    217.72493,    217.80772,    219.64999
     t,    216.97270,    217.07278,    218.45000
     t,    216.67450,    216.75235,    216.45000
     t,    216.60834,    216.67455,    216.85001
     t,    216.43269,    216.46938,    215.64999
     t,    216.32268,    216.34132,    216.05000
     t,    216.07997,    216.06313,    214.45000
     t,    215.85167,    215.80669,    216.45000
     t,    215.66249,    215.59454,    214.85001
     t,    215.56593,    215.48628,    215.64999
     t,    215.27260,    215.21021,    215.85001
     t,    215.23331,    215.17680,    216.05000
     t,    215.02988,    215.00623,    214.85001
     t,    214.86240,    214.87144,    215.05000
     t,    214.83385,    214.86458,    214.45000
     t,    214.77338,    214.85301,    214.85001
     t,    214.71510,    214.83966,    217.05000
     t,    214.68336,    214.83632,    217.64999
     t,    214.47078,    214.79636,    215.64999
     t,    214.38777,    214.75903,    217.45000
     t,    214.30212,    214.72696,    215.85001
     t,    214.17250,    214.66849,    215.45000
     t,    213.59702,    214.27448,    210.85001
     t,    213.30138,    214.02014,    210.45000
     t,    213.10780,    213.81712,    208.85001
     t,    212.97717,    213.60727,    208.64999
     t,    212.93681,    213.54214,    209.64999
     t,    212.90518,    213.49109,    213.05000
     t,    212.85585,    213.38548,    213.64999
     t,    212.77892,    213.13518,    213.45000
     t,    213.00369,    213.03815,    210.64999
     t,    213.16171,    213.02222,    214.45000
     t,    213.67499,    213.28934,    212.64999
     t,    213.76274,    213.33911,    214.45000
     t,    213.92366,    213.42148,    215.25000
     t,    214.25548,    213.58676,    213.64999
     t,    215.06297,    213.93649,    216.05000
     t,    216.55679,    215.47406,    214.05000
     t,    259.72397,    259.75876,    260.24567
     q,      0.51124,      0.47175,      0.49938
     q,      0.51124,      0.47175,      0.44751
     q,      0.52621,      0.49070,      0.46419
     q,      0.52737,      0.50671,      0.49413
     q,      0.62904,      0.64344,      0.60199
     q,      0.69652,      0.65989,      0.60940
     q,      0.73915,      0.65116,      0.28909
     q,      0.73147,      0.64733,      0.34255
     q,      0.72533,      0.64369,      0.51623
     q,      0.71751,      0.68390,      0.63574
     q,      0.72159,      0.69161,      0.62862
     q,      0.73615,      0.71710,      0.62533
     q,      0.75133,      0.74491,      0.68883
     q,      0.75245,      0.75168,      0.55008
     q,      0.75177,      0.76023,      0.60332
     q,      0.75203,      0.76278,      0.64872
     q,      0.75200,      0.76498,      0.55771
     q,      0.75288,      0.77067,      0.54753
     q,      0.74976,      0.76767,      0.63068
     q,      0.74692,      0.76526,      0.54296
     q,      0.73525,      0.75443,      0.61591
     q,      0.73282,      0.75210,      0.66034
     q,      0.72581,      0.74540,      0.57948
     q,      0.71996,      0.73882,      0.63101
     q,      0.69126,      0.70166,      0.47303
     q,      0.68558,      0.69444,      0.24481
     q,      0.67766,      0.68435,      0.14417
     q,      0.64621,      0.64257,      0.19569
     q,      0.63997,      0.63379,      0.12182
     q,      0.63672,      0.62923,      0.08106
     q,      0.62059,      0.60511,      0.07969
     q,      0.60791,      0.58566,      0.02784
     q,      0.56397,      0.51964,      0.02373
     q,      0.57689,      0.53187,      0.02925
     q,      0.65876,      0.60372,      0.21371
     q,      0.66308,      0.59571,      0.14386
     q,      0.66024,      0.57045,      0.14180
     q,      0.65251,      0.55803,      0.09518
     q,      0.64117,      0.54642,      0.10305
     q,      0.42413,      0.42372,      0.42295
     q,      0.42413,      0.42372,      0.40446
     q,      0.43033,      0.42972,      0.34753
     q,      0.44242,      0.44176,      0.37273
     q,      0.47076,      0.47364,      0.35020
     q,      0.49958,      0.50767,      0.39270
     q,      0.45597,      0.44681,      0.47144
     q,      0.46293,      0.45685,      0.60301
     q,      0.48836,      0.48317,      0.62562
     q,      0.48974,      0.48460,      0.62959
     q,      0.52981,      0.52537,      0.74068
     q,      0.55574,      0.55037,      0.60716
     q,      0.58710,      0.58223,      0.67269
     q,      0.59756,      0.59315,      0.62523
     q,      0.64379,      0.64162,      0.77799
     q,      0.66401,      0.66022,      0.74221
     q,      0.69395,      0.68653,      0.81792
     q,      0.70044,      0.69223,      0.82595
     q,      0.70470,      0.69587,      0.78474
     q,      0.70580,      0.69679,      0.77868
     q,      0.70666,      0.69741,      0.85225
     q,      0.70754,      0.69805,      0.72363
     q,      0.70890,      0.69904,      0.71060
     q,      0.71032,      0.70006,      0.82191
     q,      0.71178,      0.70112,      0.80176
     q,      0.72868,      0.71285,      0.85421
     q,      0.72700,      0.71140,      0.85969
     q,      0.72849,      0.71831,      0.88764
     q,      0.74515,      0.73957,      0.77385
     q,      0.76541,      0.76661,      0.78141
     q,      0.76055,      0.75869,      0.66482
     q,      0.71261,      0.71148,      0.77064
     q,      0.68730,      0.68788,      0.70539
     q,      0.71881,      0.70627,      0.89652
     t,    312.72122,    312.60773,    312.25000
     t,    312.57657,    312.45346,    309.64999
     t,    311.76099,    311.64774,    308.85001
     t,    307.32867,    307.22183,    304.54999
     t,    299.95932,    299.85565,    297.64999
     t,    298.12918,    298.02557,    295.85001
     t,    296.24698,    296.12128,    295.25000
     t,    295.75748,    295.62283,    296.04999
     t,    294.30920,    294.17047,    295.14999
     t,    287.22498,    287.28430,    287.64999
     t,    286.58014,    286.64700,    286.85001
     t,    285.93207,    286.00583,    286.25000
     t,    283.72153,    283.81415,    283.64999
     t,    281.15497,    281.25775,    281.45001
     t,    279.56567,    279.67609,    280.04999
     t,    278.70111,    278.78766,    279.35001
     t,    277.40421,    277.43057,    277.64999
     t,    276.65463,    276.64804,    276.75000
     t,    275.46558,    275.40665,    275.35001
     t,    275.13657,    275.05997,    274.85001
     t,    273.89908,    273.76913,    273.25000
     t,    273.47760,    273.32947,    272.95001
     t,    272.69250,    272.50247,    272.64999
     t,    271.40765,    271.22708,    270.54999
     t,    269.73898,    269.59274,    270.25000
     t,    269.64474,    269.50070,    270.25000
     t,    267.46402,    267.37515,    267.14999
     t,    265.77341,    265.73312,    266.45001
     t,    265.12485,    265.10309,    265.54999
     t,    264.79736,    264.78497,    265.54999
     t,    263.77258,    263.77026,    264.14999
     t,    263.30624,    263.30466,    263.54999
     t,    261.88138,    261.88208,    261.64999
     t,    261.64011,    261.64099,    261.45001
     t,    260.54001,    260.54196,    260.45001
     t,    258.33582,    258.32242,    258.04999
     t,    257.66684,    257.64847,    257.85001
     t,    252.61891,    252.62479,    252.45000
     t,    251.13199,    251.15596,    251.85001
     t,    249.75523,    249.78618,    250.85001
     t,    245.15982,    245.20343,    245.85001
     t,    242.99103,    243.02873,    243.25000
     t,    241.87430,    241.90916,    242.05000
     t,    237.34457,    237.36201,    238.05000
     t,    232.93187,    232.91974,    233.05000
     t,    223.01572,    222.98677,    223.85001
     t,    221.26532,    221.23808,    221.64999
     t,    210.72069,    210.75784,    209.45000
     t,    207.94971,    207.99995,    207.05000
     t,    207.42412,    207.47685,    206.64999
     t,    205.36928,    205.39923,    202.85001
     t,    204.46547,    204.45364,    203.64999
     t,    203.75139,    203.68083,    201.45000
     t,    203.46524,    203.32414,    202.45000
     t,    203.24051,    202.96823,    200.85001
     t,    203.01591,    202.64499,    200.45000
     t,    202.99472,    202.70009,    202.85001
     t,    202.97827,    202.74283,    203.25000
     t,    203.70412,    204.04655,    200.45000
     t,    205.19958,    205.71500,    206.25000
     t,    206.50981,    206.80595,    205.85001
     t,    209.45964,    209.58257,    206.05000
     t,    309.40479,    309.29648,    306.61050
     t,    303.22443,    303.23608,    304.04999
     t,    303.22443,    303.23608,    303.75000
     t,    303.47333,    303.46933,    303.95001
     t,    303.47333,    303.46933,    303.75000
     t,    303.19296,    303.21951,    306.75000
     t,    303.19296,    303.21951,    306.14999
     t,    303.22211,    303.24640,    303.85001
     t,    303.22211,    303.24640,    303.64999
     t,    303.69009,    303.67697,    304.45001
     t,    303.69006,    303.67697,    304.14999
     t,    304.08975,    304.06567,    304.95001
     t,    304.08972,    304.06564,    304.54999
     t,    303.90155,    303.88287,    304.35001
     t,    303.90158,    303.88287,    303.95001
     t,    303.22443,    303.23608,    304.25000
     t,    303.22443,    303.23608,    303.64999
     t,    303.22443,    303.23608,    303.64999
     t,    303.47333,    303.46933,    304.25000
     t,    303.47333,    303.46930,    303.64999
     t,    303.47333,    303.46933,    303.45001
     t,    303.19296,    303.21951,    307.35001
     t,    303.19296,    303.21951,    305.85001
     t,    303.19296,    303.21951,    305.75000
     t,    303.22211,    303.24637,    304.54999
     t,    303.22211,    303.24640,    303.14999
     t,    303.22214,    303.24640,    302.95001
     t,    303.69006,    303.67697,    305.25000
     t,    303.69006,    303.67697,    303.85001
     t,    303.69006,    303.67694,    303.54999
     t,    304.08975,    304.06567,    305.95001
     t,    304.08975,    304.06567,    303.95001
     t,    304.08975,    304.06567,    303.45001
     t,    303.90155,    303.88287,    305.35001
     t,    303.90158,    303.88287,    303.45001
     t,    303.90158,    303.88287,    302.95001
     t,    303.22443,    303.23608,    304.04999
     t,    303.22446,    303.23611,    303.95001
     t,    303.47333,    303.46930,    304.14999
     t,    303.47333,    303.46930,    304.14999
     t,    303.19296,    303.21951,    307.04999
     t,    303.19296,    303.21951,    306.54999
     t,    303.22211,    303.24640,    304.25000
     t,    303.22211,    303.24640,    304.35001
     t,    303.69006,    303.67697,    305.14999
     t,    303.69006,    303.67694,    305.04999
     t,    304.08975,    304.06567,    305.45001
     t,    304.08975,    304.06567,    305.35001
     t,    303.90155,    303.88287,    304.85001
     t,    303.90155,    303.88284,    304.64999
     q,      0.37605,      0.37747,      0.48691
     q,      0.37817,      0.37957,      0.41126
     q,      0.39070,      0.39216,      0.43534
     q,      0.47394,      0.47590,      0.51783
     q,      0.66580,      0.66895,      0.68474
     q,      0.72539,      0.72887,      0.73576
     q,      0.76433,      0.77125,      0.69458
     q,      0.77101,      0.77941,      0.59440
     q,      0.77725,      0.79097,      0.57285
     q,      0.73663,      0.74774,      0.56895
     q,      0.73477,      0.74558,      0.59996
     q,      0.73297,      0.74398,      0.52651
     q,      0.72638,      0.73854,      0.57878
     q,      0.71674,      0.73121,      0.44227
     q,      0.71004,      0.72642,      0.47759
     q,      0.68403,      0.70537,      0.41311
     q,      0.62542,      0.65739,      0.53047
     q,      0.58968,      0.62841,      0.41460
     q,      0.52780,      0.57824,      0.47014
     q,      0.50544,      0.55667,      0.36626
     q,      0.42045,      0.47422,      0.35106
     q,      0.38960,      0.44429,      0.25434
     q,      0.33140,      0.38875,      0.20335
     q,      0.30272,      0.35943,      0.10755
     q,      0.28977,      0.34385,      0.04422
     q,      0.28893,      0.34280,      0.04012
     q,      0.29436,      0.33870,      0.06980
     q,      0.31879,      0.35011,      0.02566
     q,      0.32793,      0.35342,      0.17230
     q,      0.33283,      0.35520,      0.08939
     q,      0.34531,      0.35768,      0.22206
     q,      0.34836,      0.35636,      0.40200
     q,      0.35877,      0.35188,      0.38341
     q,      0.36220,      0.35096,      0.35109
     q,      0.37099,      0.34595,      0.03067
     q,      0.35135,      0.32706,      0.04390
     q,      0.34225,      0.32044,      0.06344
     q,      0.27005,      0.26871,      0.06583
     q,      0.23446,      0.23817,      0.09917
     q,      0.17764,      0.16656,      0.08456
     q,      0.43241,      0.43411,      0.47747
     t,    225.43979,    225.37190,    225.64999
     t,    223.37901,    223.31679,    223.05000
     t,    216.82623,    216.80403,    215.64999
     t,    212.91331,    212.97133,    212.64999
     t,    211.88492,    211.98526,    210.85001
     t,    209.45587,    209.62535,    205.64999
     t,    208.04605,    208.22449,    203.45000
     t,    207.16216,    207.30708,    203.64999
     t,    206.48544,    206.60437,    205.45000
     t,    206.01566,    206.11653,    205.25000
     t,    205.28680,    205.37665,    206.05000
     t,    204.74989,    204.99336,    203.85001
     t,    204.94429,    205.17686,    205.05000
     t,    205.24374,    205.46085,    205.25000
     t,    205.90907,    206.00526,    206.45000
     t,    206.01715,    206.03957,    208.45000
     t,    206.41272,    206.15739,    206.05000
     t,    208.79132,    208.87971,    207.25000
     t,    209.62863,    209.45363,    209.64999
     t,    210.13461,    209.68849,    210.45000
     t,    211.50807,    210.70158,    208.85001
     t,    211.91373,    212.14841,    210.85001
     t,    212.32214,    213.08478,    214.64999
     t,    212.47095,    213.42690,    213.45000
     t,    308.87946,    310.00201,    307.95001
     t,    308.58310,    309.74969,    307.54999
     t,    307.29181,    308.45541,    306.85001
     t,    306.34824,    307.28741,    304.75000
     t,    299.87292,    300.34506,    298.04999
     t,    296.43005,    296.53369,    294.35001
     t,    295.14053,    295.25635,    294.04999
     t,    293.83707,    293.95636,    292.95001
     t,    290.45621,    290.41595,    290.45001
     t,    289.79736,    289.77069,    290.45001
     t,    288.87869,    288.86923,    288.85001
     t,    288.54175,    288.53928,    288.75000
     t,    288.11795,    288.12427,    288.14999
     t,    286.60602,    286.60532,    286.45001
     t,    286.51489,    286.51276,    286.25000
     t,    284.47632,    284.44293,    283.14999
     t,    278.39044,    278.35739,    279.35001
     t,    277.37320,    277.34976,    279.35001
     t,    275.66684,    275.72055,    275.45001
     t,    274.74820,    274.84470,    274.54999
     t,    274.43762,    274.54312,    273.75000
     t,    274.13721,    274.25443,    273.35001
     t,    273.99289,    274.11615,    272.75000
     t,    273.70270,    273.83813,    272.64999
     t,    273.62985,    273.76834,    272.35001
     t,    273.55682,    273.69839,    272.04999
     t,    273.41043,    273.55817,    271.45001
     t,    272.89383,    273.06320,    271.14999
     t,    271.83984,    272.05215,    269.35001
     t,    271.37967,    271.61212,    268.54999
     t,    271.07001,    271.31598,    267.85001
     t,    270.63034,    270.88690,    267.35001
     t,    269.55618,    269.83011,    265.75000
     t,    269.09561,    269.37912,    265.35001
     t,    268.63495,    268.92636,    264.75000
     t,    268.07599,    268.37701,    267.25000
     t,    266.61319,    266.99631,    265.25000
     t,    266.26572,    266.67844,    265.04999
     t,    265.79901,    266.25143,    266.35001
     t,    265.19366,    265.70615,    266.35001
     t,    263.46188,    264.15622,    264.25000
     t,    260.41885,    260.99939,    262.14999
     t,    257.70523,    257.96857,    258.45001
     t,    257.26059,    257.42343,    257.35001
     t,    254.73167,    254.35779,    254.95000
     t,    254.09824,    253.65334,    254.55000
     t,    253.08516,    252.52188,    253.45000
     t,    251.90324,    251.20407,    251.85001
     t,    250.78232,    249.97797,    250.35001
     t,    249.66563,    248.76852,    249.75000
     t,    249.12495,    248.16858,    249.25000
     t,    247.02820,    245.87263,    247.85001
     t,    243.09932,    242.31456,    244.45000
     t,    235.99554,    236.27072,    238.45000
     t,    232.99348,    233.38173,    234.64999
     t,    231.96692,    232.37453,    233.45000
     t,    230.71959,    231.13354,    233.05000
     t,    222.00867,    222.09995,    222.85001
     t,    216.91350,    216.87309,    216.85001
     t,    215.36806,    215.27840,    216.64999
     t,    209.18033,    208.74173,    208.45000
     t,    207.82906,    207.32933,    206.45000
     t,    204.39244,    204.47551,    198.25000
     t,    203.95132,    204.19958,    198.85001
     t,    203.53802,    204.01126,    197.05000
     t,    203.37842,    203.93974,    198.05000
     t,    203.29207,    203.89975,    197.64999
     t,    203.11703,    203.81870,    198.45000
     t,    203.19312,    203.81319,    197.45000
     t,    203.27440,    203.83507,    200.45000
     t,    203.52495,    203.95694,    203.25000
     t,    204.36723,    204.56920,    201.05000
     t,    204.94229,    204.87567,    202.05000
     t,    205.00238,    204.90393,    202.64999
     t,    205.07790,    204.93947,    207.05000
     t,    205.20886,    205.01237,    207.85001
     t,    206.73520,    205.97224,    204.85001
     t,    207.36182,    206.44020,    206.05000
     t,    207.53888,    206.62744,    208.45000
     t,    207.81798,    206.97852,    208.45000
     t,    208.98703,    208.44984,    207.64999
     t,    210.16869,    210.13753,    211.25000
     t,    211.29533,    211.73586,    211.45000
     t,    308.88193,    310.36752,    305.25000
     t,    305.03781,    306.46295,    300.25000
     t,    302.30450,    303.59708,    297.35001
     t,    298.34079,    299.23428,    295.04999
     t,    292.08511,    292.36472,    289.85001
     t,    289.73083,    289.76318,    287.25000
     t,    288.97580,    289.07831,    288.45001
     t,    287.25604,    287.50473,    287.04999
     t,    286.29306,    286.54404,    286.25000
     t,    285.58316,    285.83578,    286.14999
     t,    274.96271,    275.05191,    274.25000
     t,    273.65054,    273.75027,    273.14999
     t,    269.30563,    269.40036,    267.64999
     t,    269.04813,    269.13846,    267.75000
     t,    268.87558,    268.96298,    267.75000
     t,    268.70236,    268.78683,    267.35001
     t,    267.01184,    267.07614,    265.95001
     t,    266.31650,    266.36603,    266.75000
     t,    263.65240,    263.65472,    264.04999
     t,    259.99960,    259.95035,    259.14999
     t,    257.80328,    257.72543,    258.25000
     t,    257.12988,    257.04370,    257.85001
     t,    251.66335,    251.47014,    251.45000
     t,    243.63487,    243.38560,    246.25000
     t,    242.17065,    241.94203,    244.45000
     t,    233.24834,    233.08597,    235.05000
     t,    232.48227,    232.32690,    234.25000
     t,    222.37714,    222.33543,    222.25000
     t,    218.55574,    218.56049,    217.85001
     t,    213.73383,    213.78954,    213.25000
     t,    213.01479,    213.07253,    214.25000
     t,    210.54678,    210.59344,    210.45000
     t,    205.88565,    205.64108,    202.25000
     t,    204.55624,    204.07558,    198.64999
     t,    203.93469,    203.78365,    198.85001
     t,    203.63141,    203.96059,    200.25000
     t,    203.52852,    204.34070,    201.05000
     t,    204.22020,    204.96954,    207.05000
     t,    207.14912,    206.66417,    205.45000
     t,    207.82135,    207.07675,    210.05000
     t,    208.60587,    208.01729,    207.25000
     t,    209.24088,    208.68802,    208.45000
     t,    294.92944,    295.54184,    292.33539
     t,    279.79712,    279.93948,    280.14023
     t,    227.85480,    227.74730,    228.66879
     q,      0.57188,      0.51907,      0.64801
     q,      0.57069,      0.51851,      0.58490
     q,      0.57635,      0.52237,      0.63274
     q,      0.56785,      0.52328,      0.59347
     q,      0.70958,      0.66913,      0.77280
     q,      0.80763,      0.76903,      0.82605
     q,      0.83715,      0.79808,      0.84621
     q,      0.86894,      0.83009,      0.73433
     q,      0.90686,      0.90065,      0.73801
     q,      0.88441,      0.87626,      0.67659
     q,      0.85051,      0.83977,      0.64598
     q,      0.83770,      0.82576,      0.76475
     q,      0.82111,      0.80761,      0.78300
     q,      0.78634,      0.77481,      0.71347
     q,      0.78483,      0.77357,      0.71228
     q,      0.74796,      0.74321,      0.82607
     q,      0.67259,      0.68758,      0.96484
     q,      0.65357,      0.66879,      1.02644
     q,      0.59106,      0.59428,      0.86544
     q,      0.55443,      0.55050,      0.87453
     q,      0.54202,      0.53515,      0.74737
     q,      0.53019,      0.52067,      0.77423
     q,      0.52506,      0.51471,      0.62718
     q,      0.51456,      0.50249,      0.83951
     q,      0.51188,      0.49938,      0.82490
     q,      0.50918,      0.49624,      0.84776
     q,      0.50372,      0.48989,      0.75923
     q,      0.48390,      0.46683,      0.80423
     q,      0.44154,      0.41606,      0.63165
     q,      0.42135,      0.39238,      0.72178
     q,      0.40727,      0.37586,      0.64151
     q,      0.39933,      0.36175,      0.68760
     q,      0.37658,      0.32822,      0.58965
     q,      0.36790,      0.31242,      0.58563
     q,      0.35707,      0.29625,      0.58187
     q,      0.34322,      0.27555,      0.72334
     q,      0.33271,      0.23923,      0.78680
     q,      0.33563,      0.23572,      0.79421
     q,      0.33974,      0.23080,      0.92542
     q,      0.34890,      0.22447,      0.93877
     q,      0.37614,      0.20693,      0.89040
     q,      0.47754,      0.27465,      0.97931
     q,      0.62713,      0.42404,      0.85490
     q,      0.66012,      0.46648,      0.80075
     q,      0.78995,      0.65394,      0.69204
     q,      0.78722,      0.64988,      0.79582
     q,      0.78355,      0.64061,      0.73155
     q,      0.77715,      0.63087,      0.70245
     q,      0.76470,      0.60415,      0.50122
     q,      0.74600,      0.56867,      0.35048
     q,      0.73838,      0.54798,      0.17063
     q,      0.69669,      0.45891,      0.10171
     q,      0.57674,      0.25503,      0.09687
     q,      0.52958,      0.49478,      0.53160
     q,      0.61314,      0.57875,      0.59421
     q,      0.68143,      0.65104,      0.65314
     q,      0.78068,      0.76699,      0.71047
     q,      0.88708,      0.90247,      0.86049
     q,      0.83479,      0.86976,      0.79272
     q,      0.80921,      0.82971,      0.62081
     q,      0.75311,      0.73968,      0.51628
     q,      0.74767,      0.73247,      0.51565
     q,      0.74336,      0.72677,      0.46538
     q,      0.62837,      0.58954,      0.79231
     q,      0.58687,      0.54114,      0.61136
     q,      0.41929,      0.36373,      0.65782
     q,      0.40913,      0.35438,      0.31626
     q,      0.40217,      0.34799,      0.34890
     q,      0.39508,      0.34147,      0.37165
     q,      0.32131,      0.27329,      0.34274
     q,      0.30183,      0.25831,      0.10888
     q,      0.21193,      0.18884,      0.24015
     q,      0.17989,      0.16689,      0.13720
     q,      0.23787,      0.23260,      0.05848
     q,      0.28077,      0.28046,      0.10145
     q,      0.46239,      0.50478,      0.03546
     q,      0.85898,      0.84665,      0.79350
     q,      0.71189,      0.68735,      0.61959
     t,    297.93298,    296.27725,    297.04999
     t,    297.93301,    296.27725,    296.35001
     t,    297.00864,    295.26938,    294.25000
     t,    295.45126,    293.66132,    293.25000
     t,    294.24454,    292.89764,    292.64999
     t,    294.06433,    292.85846,    292.35001
     t,    294.04391,    293.43906,    293.04999
     t,    294.15039,    294.23694,    292.25000
     t,    293.73175,    293.97192,    291.35001
     t,    292.52194,    292.78436,    289.85001
     t,    292.28354,    292.54388,    289.14999
     t,    291.95035,    292.19006,    287.95001
     t,    291.61459,    291.83359,    287.14999
     t,    289.68210,    289.89261,    287.35001
     t,    284.75906,    285.12671,    282.54999
     t,    284.60632,    284.97278,    282.25000
     t,    283.52277,    283.88300,    281.75000
     t,    283.05228,    283.40912,    281.45001
     t,    282.65698,    283.01099,    281.54999
     t,    280.10104,    280.39340,    279.85001
     t,    277.93973,    278.16772,    278.95001
     t,    275.65527,    275.94263,    276.04999
     t,    275.15179,    275.45255,    275.95001
     t,    272.86041,    273.27600,    272.85001
     t,    271.91113,    272.39105,    272.45001
     t,    271.12003,    271.65353,    271.75000
     t,    270.49548,    271.07129,    271.25000
     t,    267.93173,    268.48813,    268.75000
     t,    267.63800,    268.18991,    268.35001
     t,    264.91833,    265.34143,    265.14999
     t,    263.68475,    264.01440,    263.85001
     t,    259.83667,    259.91168,    260.14999
     t,    256.56512,    256.48901,    256.04999
     t,    256.15524,    256.07108,    255.64999
     t,    254.62955,    254.51451,    254.55000
     t,    254.06259,    253.93628,    253.95000
     t,    253.05609,    252.90974,    252.95000
     t,    252.31297,    252.16446,    252.14999
     t,    250.47630,    250.32956,    250.35001
     t,    249.69293,    249.54695,    249.55000
     t,    248.25763,    248.11159,    248.55000
     t,    246.11098,    245.95297,    246.05000
     t,    244.73660,    244.56807,    245.45000
     t,    240.18471,    239.97775,    240.85001
     t,    238.33995,    238.11618,    238.64999
     t,    235.69594,    235.46938,    235.25000
     t,    234.40742,    234.17856,    234.85001
     t,    231.23735,    230.95493,    232.05000
     t,    222.57419,    222.34686,    223.45000
     t,    222.17294,    221.96127,    223.25000
     t,    220.68643,    220.51653,    222.85001
     t,    214.15665,    214.17960,    213.25000
     t,    212.60933,    212.76038,    211.25000
     t,    212.12703,    212.32048,    210.25000
     t,    211.38506,    211.64484,    208.25000
     t,    210.25540,    210.62308,    206.25000
     t,    209.99281,    210.38574,    207.25000
     t,    209.26048,    209.61690,    207.25000
     t,    207.98917,    208.04616,    204.85001
     t,    207.23813,    206.84712,    204.85001
     t,    207.02440,    206.62178,    207.05000
     t,    206.90997,    206.55692,    206.05000
     t,    207.02968,    206.84074,    208.25000
     t,    207.64578,    207.90504,    207.45000
     t,    207.89598,    208.16917,    209.05000
     t,    208.83527,    209.16399,    207.25000
     t,    210.64883,    210.79990,    207.85001
     t,    210.81114,    210.97609,    210.85001
     t,    210.82286,    210.98882,    210.85001
     t,    211.10919,    211.29967,    212.45000
     t,    211.91821,    211.88913,    209.85001
     t,    212.68263,    212.37950,    211.85001
     t,    212.91925,    212.57361,    213.64999
     t,    226.61285,    226.26750,    227.51543
     t,    295.40283,    295.73514,    295.75000
     t,    295.40283,    295.73511,    295.14999
     t,    292.02472,    291.85870,    291.04999
     t,    291.33167,    291.06750,    290.25000
     t,    289.05209,    289.16800,    287.25000
     t,    288.86212,    288.95490,    287.85001
     t,    288.45908,    288.68713,    287.45001
     t,    288.29318,    288.65768,    285.95001
     t,    287.55478,    286.95703,    283.95001
     t,    287.25894,    286.47879,    284.54999
     t,    285.40933,    284.83807,    282.45001
     t,    284.04468,    283.68781,    282.35001
     t,    283.85281,    283.53174,    282.04999
     t,    283.46661,    283.21762,    281.75000
     t,    283.20731,    283.00668,    281.25000
     t,    282.48633,    282.42026,    282.14999
     t,    281.61908,    281.71484,    281.04999
     t,    281.28159,    281.43668,    280.64999
     t,    280.94553,    281.13507,    280.45001
     t,    280.53882,    280.77008,    279.85001
     t,    278.65457,    279.07751,    277.04999
     t,    278.44064,    278.88559,    276.85001
     t,    277.54816,    278.04367,    276.75000
     t,    276.58084,    277.06360,    276.04999
     t,    274.16043,    274.61115,    273.25000
     t,    272.69742,    273.06683,    271.75000
     t,    268.32364,    268.45163,    267.54999
     t,    267.21179,    267.28452,    266.85001
     t,    266.64642,    266.68979,    266.85001
     t,    266.18997,    266.20969,    266.64999
     t,    265.04474,    265.00305,    265.25000
     t,    263.82642,    263.70776,    263.64999
     t,    260.22095,    259.92087,    259.25000
     t,    259.23416,    258.93942,    258.35001
     t,    257.97153,    257.68311,    256.64999
     t,    257.71542,    257.42825,    256.64999
     t,    257.06973,    256.78580,    256.54999
     t,    256.80930,    256.52664,    256.54999
     t,    255.13843,    254.88390,    255.14999
     t,    254.85031,    254.60184,    254.95000
     t,    253.83321,    253.60527,    253.95000
     t,    250.98207,    250.81534,    250.55000
     t,    248.81042,    248.69579,    248.35001
     t,    247.69395,    247.60483,    247.14999
     t,    243.62488,    243.65134,    244.14999
     t,    238.61981,    238.76329,    239.55000
     t,    238.42128,    238.56749,    239.35001
     t,    230.85986,    231.08318,    231.64999
     t,    228.10808,    228.25755,    228.64999
     t,    225.28740,    225.34300,    225.05000
     t,    222.21538,    222.10353,    220.25000
     t,    222.00513,    221.88867,    220.85001
     t,    220.68095,    220.54283,    219.45000
     t,    220.34000,    220.19516,    219.64999
     t,    219.42441,    219.23898,    220.25000
     t,    218.38632,    218.15088,    219.85001
     t,    216.67749,    216.46823,    216.64999
     t,    215.53535,    215.40714,    215.64999
     t,    215.12650,    215.04129,    214.45000
     t,    214.57056,    214.54366,    214.64999
     t,    211.97311,    212.21367,    210.05000
     t,    211.71613,    211.97148,    210.25000
     t,    210.64609,    210.96518,    208.85001
     t,    210.50792,    210.83476,    209.25000
     t,    209.51312,    209.76640,    206.64999
     t,    209.37778,    209.62465,    207.45000
     t,    209.27481,    209.54166,    206.85001
     t,    209.29196,    209.35680,    211.64999
     t,    209.55504,    209.39941,    211.64999
     t,    210.12331,    209.66141,    208.64999
     t,    210.40973,    209.87868,    209.45000
     t,    210.93338,    210.51776,    207.45000
     t,    211.53812,    211.22076,    209.25000
     t,    211.59566,    211.28296,    209.05000
     t,    211.84787,    211.55562,    211.45000
     t,    213.54449,    213.47763,    211.64999
     t,    293.65500,    293.82932,    293.05728
     q,      0.79955,      0.76423,      0.87190
     q,      0.79955,      0.76423,      0.78115
     q,      0.83102,      0.79470,      0.78539
     q,      0.89328,      0.85282,      0.84729
     q,      0.93652,      0.90090,      0.87851
     q,      0.94235,      0.90946,      0.87713
     q,      0.94768,      0.93816,      0.89758
     q,      0.92107,      0.94835,      0.83338
     q,      0.91924,      0.94965,      0.81174
     q,      0.92203,      0.93292,      0.80052
     q,      0.92212,      0.92941,      0.77020
     q,      0.91934,      0.92503,      0.64237
     q,      0.91648,      0.92052,      0.64155
     q,      0.88804,      0.88494,      0.78156
     q,      0.72119,      0.70629,      0.70827
     q,      0.71857,      0.70252,      0.70488
     q,      0.70027,      0.67573,      0.75840
     q,      0.69121,      0.66264,      0.74885
     q,      0.68330,      0.65122,      0.67575
     q,      0.66003,      0.61358,      0.72415
     q,      0.64948,      0.59218,      0.69317
     q,      0.63935,      0.56936,      0.76043
     q,      0.63682,      0.56366,      0.67813
     q,      0.61512,      0.52900,      0.72558
     q,      0.60047,      0.50968,      0.76332
     q,      0.58716,      0.49213,      0.52548
     q,      0.57586,      0.47724,      0.45307
     q,      0.53717,      0.44911,      0.34577
     q,      0.53202,      0.44563,      0.34158
     q,      0.50307,      0.44992,      0.37677
     q,      0.49776,      0.46964,      0.26022
     q,      0.48444,      0.53129,      0.25166
     q,      0.47680,      0.57154,      0.51277
     q,      0.47559,      0.56835,      0.51049
     q,      0.46985,      0.55515,      0.33096
     q,      0.46767,      0.54951,      0.39734
     q,      0.46334,      0.53831,      0.32655
     q,      0.45856,      0.53305,      0.19372
     q,      0.44447,      0.51472,      0.22998
     q,      0.43731,      0.50540,      0.34104
     q,      0.42286,      0.48864,      0.23455
     q,      0.40559,      0.49835,      0.17551
     q,      0.76942,      0.78918,      0.80602
     q,      0.76942,      0.78918,      0.73897
     q,      0.86375,      0.91186,      0.84250
     q,      0.88618,      0.93463,      0.87434
     q,      0.97369,      0.98480,      0.84854
     q,      0.97903,      0.98153,      0.85896
     q,      0.94539,      0.91267,      0.82687
     q,      0.91238,      0.85824,      0.70330
     q,      0.73842,      0.72047,      0.60014
     q,      0.70849,      0.69327,      0.68104
     q,      0.66573,      0.61752,      0.67535
     q,      0.61715,      0.54712,      0.65406
     q,      0.60785,      0.53544,      0.62477
     q,      0.58874,      0.51145,      0.54534
     q,      0.57561,      0.49495,      0.40590
     q,      0.53777,      0.44743,      0.21298
     q,      0.48947,      0.38677,      0.19047
     q,      0.46989,      0.36274,      0.40354
     q,      0.45062,      0.34286,      0.32642
     q,      0.42666,      0.31814,      0.46176
     q,      0.30562,      0.19485,      0.48749
     q,      0.29075,      0.17944,      0.36266
     q,      0.24435,      0.13638,      0.13222
     q,      0.21739,      0.12812,      0.04332
     q,      0.13825,      0.10386,      0.13318
     q,      0.14089,      0.12511,      0.06072
     q,      0.17597,      0.20247,      0.07450
     q,      0.19675,      0.21983,      0.05624
     q,      0.20848,      0.22975,      0.20394
     q,      0.21857,      0.23828,      0.22756
     q,      0.24314,      0.25965,      0.21984
     q,      0.25179,      0.27145,      0.35780
     q,      0.29357,      0.32323,      0.35209
     q,      0.31795,      0.34840,      0.24303
     q,      0.35451,      0.38661,      0.36433
     q,      0.36269,      0.39516,      0.44727
     q,      0.38462,      0.41808,      0.22273
     q,      0.39404,      0.42793,      0.27689
     q,      0.45200,      0.48202,      0.33554
     q,      0.46300,      0.49201,      0.33688
     q,      0.50398,      0.52887,      0.30268
     q,      0.63160,      0.64518,      0.41380
     q,      0.68008,      0.69177,      0.59150
     q,      0.71049,      0.72080,      0.53090
     q,      0.73969,      0.75083,      0.70717
     q,      0.72464,      0.73721,      0.63291
     q,      0.81133,      0.84842,      0.79142
     t,    215.32022,    215.61873,    213.64999
     t,    215.01031,    215.20708,    216.25000
     t,    214.93466,    214.68991,    211.85001
     t,    215.15680,    214.78229,    213.64999
     t,    215.35497,    214.86659,    213.64999
     t,    215.45695,    214.90891,    215.85001
     t,    217.22437,    216.84192,    215.64999
     t,    217.81766,    217.59499,    219.05000
     t,    301.76437,    301.80807,    302.25000
     t,    301.55685,    301.59933,    300.04999
     t,    300.79877,    300.83215,    299.14999
     t,    298.51840,    298.54547,    296.85001
     t,    291.46390,    291.40356,    289.85001
     t,    289.92480,    290.17212,    287.25000
     t,    289.85315,    290.17099,    287.35001
     t,    289.75714,    290.16946,    289.14999
     t,    289.66071,    290.16794,    289.64999
     t,    289.20520,    289.60345,    289.75000
     t,    288.93680,    289.21979,    289.64999
     t,    288.52847,    288.72775,    289.04999
     t,    288.00424,    288.09995,    288.45001
     t,    287.66730,    287.69650,    287.85001
     t,    287.11981,    287.11246,    287.04999
     t,    284.06158,    283.99188,    284.14999
     t,    283.41846,    283.34857,    283.35001
     t,    276.43542,    276.32904,    275.95001
     t,    273.57108,    273.43661,    273.85001
     t,    271.00415,    270.87390,    271.04999
     t,    269.02911,    268.91150,    269.35001
     t,    268.28070,    268.18680,    268.85001
     t,    264.19135,    264.23920,    264.25000
     t,    263.54443,    263.61893,    263.45001
     t,    263.35764,    263.44019,    263.25000
     t,    262.31671,    262.44415,    262.75000
     t,    259.67224,    259.79962,    259.54999
     t,    259.06540,    259.18109,    260.04999
     t,    258.03522,    258.13199,    259.04999
     t,    256.89487,    256.96988,    257.95001
     t,    254.44272,    254.47021,    255.55000
     t,    254.06474,    254.08475,    255.14999
     t,    252.60184,    252.60780,    253.55000
     t,    251.19138,    251.19792,    251.85001
     t,    249.15401,    249.16034,    249.64999
     t,    247.94643,    247.95775,    248.35001
     t,    243.47986,    243.51793,    243.64999
     t,    240.63350,    240.68117,    240.25000
     t,    238.36998,    238.42786,    237.64999
     t,    236.78246,    236.85178,    236.85001
     t,    236.60242,    236.67384,    236.64999
     t,    230.99939,    231.06305,    231.05000
     t,    228.40837,    228.44295,    228.05000
     t,    226.96147,    226.97130,    226.85001
     t,    223.74564,    223.72379,    224.25000
     t,    217.84190,    217.96967,    216.45000
     t,    217.25488,    217.40967,    215.85001
     t,    216.60321,    216.80809,    214.05000
     t,    216.38222,    216.62552,    215.05000
     t,    216.06296,    216.36212,    213.64999
     t,    215.95494,    216.23306,    215.05000
     t,    215.96527,    216.22800,    216.45000
     t,    215.99306,    216.21014,    217.64999
     t,    215.96744,    216.10507,    217.85001
     t,    215.91270,    215.97960,    216.64999
     t,    215.88361,    215.91336,    215.64999
     t,    215.80916,    215.77274,    216.05000
     t,    215.64362,    215.48282,    214.64999
     t,    215.47043,    215.17937,    214.45000
     t,    215.33109,    214.96542,    215.25000
     t,    215.11127,    214.63115,    213.85001
     t,    214.99805,    214.46130,    215.05000
     t,    214.80328,    214.25470,    213.45000
     t,    214.60358,    214.04292,    213.25000
     t,    214.16959,    213.62234,    211.85001
     t,    213.99371,    213.47086,    213.25000
     t,    213.91312,    213.40070,    210.85001
     t,    213.70772,    213.57700,    212.25000
     t,    213.62346,    213.71561,    214.85001
     t,    213.94664,    214.56677,    213.64999
     t,    214.00830,    214.60762,    213.64999
     t,    214.40849,    214.84660,    215.05000
     t,    216.97046,    216.56702,    214.25000
     t,    217.66069,    217.21887,    215.45000
     q,      0.41466,      0.47627,      0.45313
     q,      0.41728,      0.47976,      0.40463
     q,      0.42772,      0.49343,      0.40086
     q,      0.47305,      0.54739,      0.42370
     q,      0.63815,      0.75098,      0.60954
     q,      0.51735,      0.61507,      0.62325
     q,      0.49219,      0.58553,      0.61113
     q,      0.45872,      0.54624,      0.52203
     q,      0.42534,      0.50705,      0.44151
     q,      0.33650,      0.37424,      0.15397
     q,      0.28489,      0.29187,      0.27998
     q,      0.28424,      0.27878,      0.39146
     q,      0.28757,      0.26709,      0.29269
     q,      0.28956,      0.25937,      0.37925
     q,      0.30440,      0.27267,      0.32430
     q,      0.43058,      0.42300,      0.40121
     q,      0.45357,      0.44907,      0.42439
     q,      0.67738,      0.70122,      0.67126
     q,      0.70753,      0.73165,      0.65158
     q,      0.68068,      0.69384,      0.63041
     q,      0.65032,      0.65316,      0.64287
     q,      0.62897,      0.62852,      0.72127
     q,      0.49970,      0.48311,      0.60968
     q,      0.48584,      0.46922,      0.66743
     q,      0.48182,      0.46536,      0.67125
     q,      0.45783,      0.44229,      0.62650
     q,      0.42495,      0.41432,      0.63922
     q,      0.42081,      0.41190,      0.54512
     q,      0.41255,      0.40678,      0.45483
     q,      0.40753,      0.40370,      0.25891
     q,      0.40361,      0.40177,      0.30500
     q,      0.40295,      0.40149,      0.22557
     q,      0.40193,      0.40128,      0.19619
     q,      0.40265,      0.40198,      0.12166
     q,      0.40403,      0.40317,      0.16039
     q,      0.40442,      0.40347,      0.26036
     q,      0.40256,      0.40241,      0.26854
     q,      0.39746,      0.39747,      0.37149
     q,      0.39271,      0.39205,      0.39225
     q,      0.39141,      0.38951,      0.26581
     q,      0.39140,      0.38830,      0.26435
     t,    306.99466,    307.00797,    308.54999
     t,    306.03378,    306.04831,    306.14999
     t,    305.58337,    305.59879,    305.75000
     t,    299.59689,    299.60477,    299.54999
     t,    298.53284,    298.54016,    298.14999
     t,    298.07724,    298.07248,    297.85001
     t,    295.87534,    295.82877,    295.04999
     t,    295.28375,    295.22888,    294.35001
     t,    294.22458,    294.15512,    293.04999
     t,    293.59808,    293.51944,    292.85001
     t,    291.81094,    291.71048,    291.75000
     t,    290.76297,    290.67123,    290.45001
     t,    289.95593,    289.87009,    289.45001
     t,    288.92648,    288.84747,    288.45001
     t,    287.70291,    287.62802,    287.75000
     t,    286.74777,    286.67603,    286.75000
     t,    285.85046,    285.78174,    285.85001
     t,    283.74164,    283.69193,    283.75000
     t,    283.06085,    283.01932,    283.25000
     t,    280.78421,    280.77005,    280.35001
     t,    277.90610,    277.91620,    277.45001
     t,    277.46997,    277.48367,    276.95001
     t,    276.85324,    276.87204,    276.45001
     t,    276.43253,    276.45401,    276.04999
     t,    275.09662,    275.11868,    275.14999
     t,    274.37515,    274.39761,    274.64999
     t,    273.96918,    273.99188,    274.35001
     t,    273.06302,    273.08627,    273.75000
     t,    271.90271,    271.92450,    272.54999
     t,    268.68393,    268.70285,    268.45001
     t,    265.33643,    265.35925,    265.04999
     t,    263.12732,    263.13568,    263.35001
     t,    260.49289,    260.47565,    260.35001
     t,    259.02527,    258.99701,    258.85001
     t,    257.51074,    257.47107,    257.45001
     t,    252.77641,    252.73701,    252.85001
     t,    250.95345,    250.91684,    250.64999
     t,    250.14073,    250.10542,    249.85001
     t,    241.70943,    241.68929,    241.25000
     t,    234.99988,    234.98373,    234.45000
     t,    231.27095,    231.24826,    231.05000
     t,    221.85873,    221.80441,    221.25000
     t,    220.75240,    220.68700,    220.45000
     t,    220.13118,    220.05232,    219.85001
     t,    219.92064,    219.83727,    219.85001
     t,    219.06776,    218.96609,    218.85001
     t,    216.86435,    216.71710,    216.25000
     t,    211.67746,    211.50247,    210.05000
     t,    209.76941,    209.60657,    209.05000
     t,    208.84131,    208.69159,    208.05000
     t,    207.61407,    207.52719,    207.25000
     t,    205.83434,    205.85233,    204.05000
     t,    205.45776,    205.49498,    204.45000
     t,    204.29793,    204.38811,    202.64999
     t,    204.04443,    204.14204,    203.45000
     t,    203.25645,    203.38098,    203.05000
     t,    202.55260,    202.70801,    199.85001
     t,    202.09239,    202.27246,    199.45000
     t,    202.18004,    202.35831,    200.85001
     t,    202.45190,    202.62517,    205.25000
     t,    202.77847,    202.94431,    204.05000
     t,    203.28709,    203.41339,    205.25000
     t,    204.78314,    204.90828,    204.05000
     t,    205.79106,    206.04024,    206.25000
     t,    207.43001,    207.52188,    208.85001
     t,    209.02319,    208.91277,    207.64999
     t,    209.39957,    209.29625,    209.45000
     t,    210.40382,    210.31343,    209.85001
     t,    210.44363,    210.35413,    211.85001
     t,    304.08969,    304.10693,    304.31436
     t,    302.52661,    302.54419,    302.79196
     t,    310.56659,    310.37695,    309.95001
     t,    310.56656,    310.37692,    309.25000
     t,    309.80515,    309.61923,    308.04999
     t,    303.74091,    303.56998,    301.85001
     t,    298.85025,    298.69504,    297.14999
     t,    296.51785,    296.35349,    294.95001
     t,    292.33148,    292.24350,    291.04999
     t,    291.83536,    291.76492,    290.75000
     t,    291.33813,    291.28854,    291.75000
     t,    290.42371,    290.37180,    291.14999
     t,    287.89761,    287.78067,    288.85001
     t,    284.92416,    284.93552,    285.45001
     t,    284.77606,    284.79456,    285.25000
     t,    283.32700,    283.41180,    283.85001
     t,    282.62027,    282.72226,    283.45001
     t,    278.36176,    278.40131,    278.54999
     t,    277.43884,    277.41776,    276.95001
     t,    277.15076,    277.11075,    276.75000
     t,    276.67508,    276.62320,    276.95001
     t,    275.75476,    275.69708,    275.54999
     t,    275.24884,    275.18698,    274.75000
     t,    274.99191,    274.92844,    274.45001
     t,    274.64719,    274.58151,    274.25000
     t,    274.29999,    274.23212,    273.85001
     t,    273.77444,    273.70322,    273.25000
     t,    273.15308,    273.07806,    272.25000
     t,    271.92929,    271.86676,    271.04999
     t,    271.35577,    271.29861,    270.75000
     t,    270.77383,    270.72275,    270.75000
     t,    269.48938,    269.45169,    269.85001
     t,    269.28879,    269.25323,    269.54999
     t,    268.22162,    268.16626,    268.75000
     t,    266.13654,    266.02924,    267.14999
     t,    260.26456,    260.00861,    259.75000
     t,    259.37155,    259.11212,    258.54999
     t,    258.46323,    258.20023,    257.54999
     t,    258.06912,    257.80460,    256.95001
     t,    256.86871,    256.59952,    255.55000
     t,    255.67331,    255.41896,    255.05000
     t,    250.84917,    250.70061,    251.25000
     t,    242.39204,    242.36450,    242.64999
     t,    238.38329,    238.39157,    238.25000
     t,    232.87964,    232.94925,    233.45000
     t,    232.29355,    232.36975,    232.85001
     t,    229.45003,    229.53397,    229.45000
     t,    228.39272,    228.48033,    228.25000
     t,    226.30568,    226.36526,    225.64999
     t,    223.27885,    223.27222,    222.25000
     t,    221.42719,    221.38155,    220.64999
     t,    217.80455,    217.68758,    217.25000
     t,    210.02885,    210.15439,    208.64999
     t,    207.67421,    207.87003,    206.45000
     t,    205.08028,    205.18076,    202.05000
     t,    204.79742,    204.83733,    203.25000
     t,    204.03036,    203.92119,    200.85001
     t,    203.97304,    203.85809,    201.05000
     t,    203.91522,    203.79445,    202.05000
     t,    203.67889,    203.53433,    201.05000
     t,    203.32990,    203.18488,    201.64999
     t,    203.21005,    203.08316,    203.45000
     t,    203.08665,    202.97842,    202.25000
     t,    203.06499,    203.09943,    200.64999
     t,    203.26416,    203.70064,    204.05000
     t,    203.92914,    204.77480,    203.25000
     t,    204.35585,    205.16469,    204.45000
     t,    204.68442,    205.47787,    207.25000
     t,    205.94601,    206.51453,    206.85001
     t,    208.82262,    208.75000,    206.64999
     t,    209.48114,    209.29288,    208.05000
     t,    211.16936,    211.02072,    208.85001
     t,    308.78870,    308.61108,    307.01056
     t,    307.53461,    307.36005,    305.73318
     t,    305.95142,    305.77875,    304.12183
     t,    308.19141,    308.15900,    310.35001
     t,    308.19141,    308.15900,    309.45001
     t,    307.77768,    307.74310,    308.25000
     t,    301.95505,    301.92181,    302.04999
     t,    296.16055,    296.14310,    295.95001
     t,    295.18573,    295.16989,    295.45001
     t,    295.09647,    295.08078,    295.25000
     t,    292.67758,    292.65558,    292.85001
     t,    292.20724,    292.18295,    292.25000
     t,    290.02643,    290.02463,    289.54999
     t,    289.42557,    289.43216,    288.95001
     t,    288.76587,    288.78201,    288.14999
     t,    287.62436,    287.65701,    287.14999
     t,    286.49268,    286.53461,    285.85001
     t,    285.64490,    285.68918,    284.85001
     t,    284.51471,    284.56070,    283.85001
     t,    282.03958,    282.05927,    281.25000
     t,    281.47330,    281.48151,    281.04999
     t,    281.18756,    281.18997,    281.04999
     t,    280.90009,    280.89664,    280.85001
     t,    280.68332,    280.67548,    280.45001
     t,    280.46552,    280.45325,    280.25000
     t,    279.42789,    279.39981,    279.14999
     t,    278.51636,    278.48447,    278.35001
     t,    277.19305,    277.15594,    277.45001
     t,    276.23297,    276.19321,    276.45001
     t,    275.69034,    275.64960,    275.85001
     t,    274.06662,    274.02444,    273.75000
     t,    273.43286,    273.39084,    272.95001
     t,    272.54642,    272.50348,    271.95001
     t,    272.25369,    272.20819,    271.75000
     t,    271.88965,    271.84042,    271.64999
     t,    271.37418,    271.31973,    271.35001
     t,    270.32651,    270.26245,    270.54999
     t,    269.55807,    269.48639,    269.54999
     t,    265.67804,    265.61508,    265.95001
     t,    265.12848,    265.06604,    265.54999
     t,    263.97311,    263.91226,    263.95001
     t,    262.79150,    262.73114,    263.04999
     t,    258.86276,    258.81216,    258.54999
     t,    258.32596,    258.27722,    258.14999
     t,    255.07869,    255.04350,    254.85001
     t,    253.42706,    253.40042,    252.85001
     t,    252.03612,    252.01688,    252.25000
     t,    241.68883,    241.67693,    241.85001
     t,    234.75246,    234.74684,    234.05000
     t,    231.86829,    231.87050,    231.45000
     t,    229.04562,    229.05383,    228.45000
     t,    224.54364,    224.55298,    224.85001
     t,    221.01662,    221.02081,    220.64999
     t,    218.52673,    218.52769,    217.64999
     t,    212.82220,    212.81587,    211.25000
     t,    209.65544,    209.62973,    208.85001
     t,    208.46434,    208.42918,    209.05000
     t,    207.24188,    207.19702,    207.45000
     t,    206.75174,    206.69524,    206.05000
     t,    206.12265,    206.04535,    206.05000
     t,    205.28323,    205.19382,    203.25000
     t,    204.78256,    204.70367,    203.64999
     t,    204.47360,    204.40112,    202.25000
     t,    203.27824,    203.29704,    200.64999
     t,    202.98750,    203.03839,    202.25000
     t,    202.74152,    202.86342,    202.25000
     t,    202.42049,    202.63507,    200.85001
     t,    203.13843,    203.42352,    202.05000
     t,    203.69768,    204.00366,    205.05000
     t,    204.74635,    204.97066,    202.45000
     t,    205.56340,    205.71310,    207.45000
     t,    206.15353,    206.25195,    205.64999
     t,    206.49742,    206.57573,    206.25000
     t,    207.58612,    207.59958,    207.85001
     t,    208.30304,    208.29692,    207.05000
     t,    208.83057,    208.81133,    208.85001
     t,    210.35008,    210.32327,    207.64999
     t,    211.23578,    211.21638,    212.05000
     t,    305.86047,    305.82645,    306.11258
     t,    304.30795,    304.27408,    304.50119
     t,    306.87421,    306.89020,    306.95001
     t,    303.23175,    303.22961,    304.04999
     t,    303.23175,    303.22961,    303.75000
     t,    303.15219,    303.15695,    303.95001
     t,    303.15219,    303.15695,    303.75000
     t,    303.22040,    303.22546,    303.95001
     t,    303.22040,    303.22543,    303.54999
     t,    303.44427,    303.45450,    303.85001
     t,    303.44427,    303.45450,    303.25000
     t,    303.35376,    303.36734,    303.45001
     t,    303.35373,    303.36734,    303.35001
     t,    303.42740,    303.43845,    303.64999
     t,    303.42737,    303.43845,    303.54999
     t,    303.18631,    303.26166,    303.54999
     t,    303.18631,    303.26169,    303.75000
     t,    303.96149,    303.96271,    303.45001
     t,    303.96149,    303.96271,    302.95001
     t,    304.96033,    304.94305,    303.75000
     t,    304.96030,    304.94305,    304.54999
     t,    304.71216,    304.72720,    303.85001
     t,    304.71216,    304.72720,    303.35001
     t,    303.55200,    303.57568,    305.14999
     t,    303.55200,    303.57568,    304.25000
     t,    306.87421,    306.89020,    307.45001
     t,    303.23178,    303.22961,    304.35001
     t,    303.23178,    303.22961,    303.45001
     t,    303.23178,    303.22961,    302.95001
     t,    303.15219,    303.15695,    303.85001
     t,    303.15219,    303.15695,    303.64999
     t,    303.15219,    303.15695,    303.75000
     t,    303.22040,    303.22543,    304.35001
     t,    303.22040,    303.22543,    302.64999
     t,    303.22040,    303.22543,    302.54999
     t,    303.44424,    303.45450,    304.64999
     t,    303.44427,    303.45450,    302.75000
     t,    303.44424,    303.45450,    302.14999
     t,    303.35373,    303.36734,    303.64999
     t,    303.35373,    303.36734,    303.14999
     t,    303.35373,    303.36734,    303.04999
     t,    303.42740,    303.43845,    304.25000
     t,    303.42740,    303.43845,    303.25000
     t,    303.42740,    303.43845,    303.14999
     t,    303.18631,    303.26169,    303.64999
     t,    303.18631,    303.26169,    303.75000
     t,    303.18634,    303.26169,    303.45001
     t,    303.96149,    303.96271,    305.95001
     t,    303.96149,    303.96268,    302.35001
     t,    303.96149,    303.96268,    301.75000
     t,    304.96033,    304.94305,    303.35001
     t,    304.96030,    304.94305,    304.54999
     t,    304.96030,    304.94305,    304.04999
     t,    304.71216,    304.72717,    303.75000
     t,    304.71216,    304.72720,    302.95001
     t,    304.71213,    304.72717,    302.14999
     t,    303.55200,    303.57568,    305.75000
     t,    303.55200,    303.57571,    303.85001
     t,    303.55200,    303.57568,    303.25000
     t,    306.87418,    306.89017,    307.04999
     t,    303.23175,    303.22961,    304.25000
     t,    303.23175,    303.22961,    304.14999
     t,    303.15219,    303.15695,    304.14999
     t,    303.15219,    303.15695,    303.85001
     t,    303.22040,    303.22543,    304.25000
     t,    303.22040,    303.22543,    304.14999
     t,    303.44427,    303.45450,    303.85001
     t,    303.44424,    303.45447,    304.04999
     t,    303.35373,    303.36734,    303.54999
     t,    303.35373,    303.36734,    303.64999
     t,    303.42740,    303.43845,    304.14999
     t,    303.42737,    303.43845,    304.04999
     t,    303.18631,    303.26169,    303.64999
     t,    303.18631,    303.26169,    303.75000
     t,    303.96149,    303.96268,    305.85001
     t,    303.96149,    303.96268,    304.75000
     t,    304.96033,    304.94305,    303.25000
     t,    304.96033,    304.94305,    303.25000
     t,    304.71216,    304.72717,    304.25000
     t,    304.71213,    304.72717,    304.14999
     t,    303.55200,    303.57568,    305.75000
     t,    303.55200,    303.57568,    305.25000
     q,      0.70206,      0.69904,      0.68526
     q,      0.72135,      0.71803,      0.67410
     q,      0.73420,      0.73081,      0.67473
     q,      0.80426,      0.80761,      0.84529
     q,      0.70865,      0.70993,      0.86918
     q,      0.67817,      0.68285,      0.79190
     q,      0.52553,      0.53415,      0.70242
     q,      0.48225,      0.48909,      0.62495
     q,      0.42785,      0.42971,      0.53953
     q,      0.40180,      0.40120,      0.35339
     q,      0.38076,      0.37760,      0.36498
     q,      0.38273,      0.38038,      0.33180
     q,      0.38492,      0.38295,      0.48442
     q,      0.39063,      0.38922,      0.26058
     q,      0.40805,      0.40711,      0.35733
     q,      0.42305,      0.42249,      0.46620
     q,      0.43841,      0.43824,      0.43434
     q,      0.47331,      0.47306,      0.43002
     q,      0.48473,      0.48430,      0.56865
     q,      0.52932,      0.52817,      0.62827
     q,      0.44779,      0.44827,      0.49632
     q,      0.43298,      0.43378,      0.42449
     q,      0.41096,      0.41222,      0.19262
     q,      0.39594,      0.39737,      0.22698
     q,      0.34879,      0.34954,      0.13729
     q,      0.32091,      0.32128,      0.27329
     q,      0.30451,      0.30462,      0.15090
     q,      0.26557,      0.26505,      0.15229
     q,      0.25056,      0.24927,      0.27169
     q,      0.21487,      0.21103,      0.24315
     q,      0.19224,      0.18968,      0.27601
     q,      0.17738,      0.17602,      0.12038
     q,      0.15751,      0.15803,      0.16467
     q,      0.14627,      0.14697,      0.07002
     q,      0.13245,      0.13339,      0.06832
     q,      0.12892,      0.12734,      0.03794
     q,      0.14492,      0.14274,      0.07759
     q,      0.15660,      0.15450,      0.16488
     q,      0.29265,      0.29322,      0.17509
     q,      0.78234,      0.77887,      0.71868
     q,      0.83868,      0.83570,      0.76844
     q,      0.41937,      0.42040,      0.49177
     q,      0.41937,      0.42040,      0.47493
     q,      0.42194,      0.42224,      0.46467
     q,      0.53347,      0.53364,      0.57698
     q,      0.66623,      0.66482,      0.70551
     q,      0.73516,      0.74539,      0.74128
     q,      0.77890,      0.78617,      0.77912
     q,      0.77840,      0.78227,      0.77583
     q,      0.77834,      0.77813,      0.62362
     q,      0.77580,      0.77434,      0.55755
     q,      0.76438,      0.76694,      0.48880
     q,      0.62661,      0.60644,      0.56068
     q,      0.61868,      0.59708,      0.55740
     q,      0.53939,      0.50493,      0.48043
     q,      0.48986,      0.45386,      0.36478
     q,      0.24412,      0.21925,      0.13413
     q,      0.20666,      0.19115,      0.28451
     q,      0.19434,      0.18191,      0.12401
     q,      0.18685,      0.17763,      0.27603
     q,      0.18283,      0.17793,      0.41850
     q,      0.17990,      0.17812,      0.44032
     q,      0.17872,      0.17828,      0.54907
     q,      0.17710,      0.17849,      0.37953
     q,      0.17540,      0.17871,      0.44216
     q,      0.17272,      0.17907,      0.34667
     q,      0.16953,      0.17964,      0.30788
     q,      0.17291,      0.18570,      0.15360
     q,      0.17490,      0.18936,      0.07410
     q,      0.17684,      0.19269,      0.09382
     q,      0.18157,      0.20085,      0.16530
     q,      0.18237,      0.20224,      0.13706
     q,      0.17264,      0.19707,      0.06942
     q,      0.14407,      0.17951,      0.07642
     q,      0.11380,      0.15171,      0.09491
     q,      0.11746,      0.15312,      0.20093
     q,      0.12160,      0.15472,      0.11858
     q,      0.12356,      0.15547,      0.17283
     q,      0.13017,      0.15802,      0.20393
     q,      0.12790,      0.15039,      0.06819
     q,      0.09726,      0.09618,      0.04162
     q,      0.11427,      0.11584,      0.05154
     q,      0.43351,      0.43338,      0.48082
     q,      0.45312,      0.45270,      0.50241
     q,      0.48419,      0.48414,      0.53208
     q,      0.53780,      0.54068,      0.49778
     q,      0.53780,      0.54068,      0.47545
     q,      0.49465,      0.49610,      0.45128
     q,      0.59774,      0.59989,      0.55107
     q,      0.74159,      0.74172,      0.68112
     q,      0.76189,      0.76161,      0.62466
     q,      0.76385,      0.76352,      0.61977
     q,      0.78360,      0.77610,      0.61606
     q,      0.78450,      0.77493,      0.50909
     q,      0.71462,      0.69915,      0.65743
     q,      0.69363,      0.67757,      0.57617
     q,      0.67056,      0.65420,      0.60589
     q,      0.62794,      0.61106,      0.53118
     q,      0.58779,      0.57158,      0.63438
     q,      0.56430,      0.54913,      0.62145
     q,      0.53010,      0.51660,      0.58517
     q,      0.44381,      0.43772,      0.40021
     q,      0.42214,      0.41853,      0.19078
     q,      0.41083,      0.40851,      0.17878
     q,      0.39917,      0.39818,      0.28689
     q,      0.39020,      0.39024,      0.28170
     q,      0.38102,      0.38211,      0.44140
     q,      0.34590,      0.35226,      0.40478
     q,      0.33472,      0.34609,      0.40375
     q,      0.31722,      0.33642,      0.22059
     q,      0.30348,      0.32836,      0.23588
     q,      0.29605,      0.32260,      0.37471
     q,      0.27372,      0.30161,      0.20138
     q,      0.26413,      0.29178,      0.29837
     q,      0.24941,      0.27786,      0.24695
     q,      0.24084,      0.26805,      0.26984
     q,      0.22931,      0.25470,      0.17899
     q,      0.21235,      0.23507,      0.25442
     q,      0.17531,      0.19165,      0.09547
     q,      0.14582,      0.15765,      0.11108
     q,      0.15464,      0.16194,      0.14074
     q,      0.15750,      0.16448,      0.07035
     q,      0.16446,      0.17080,      0.19311
     q,      0.17190,      0.17776,      0.05906
     q,      0.18693,      0.19023,      0.19005
     q,      0.18750,      0.19034,      0.12791
     q,      0.18246,      0.18382,      0.02447
     q,      0.17252,      0.17408,      0.08051
     q,      0.16193,      0.16367,      0.10627
     q,      0.18546,      0.18745,      0.09178
     q,      0.50867,      0.51072,      0.47844
     q,      0.54220,      0.54441,      0.50589
     q,      0.72983,      0.72938,      0.74153
     q,      0.72983,      0.72938,      0.72351
     q,      0.72983,      0.72938,      0.71057
     t,    308.40659,    308.20911,    309.04999
     t,    307.98129,    307.76337,    307.25000
     t,    302.82040,    302.59424,    301.95001
     t,    296.40909,    295.95081,    294.85001
     t,    295.42947,    294.92636,    293.54999
     t,    295.28091,    294.78464,    293.45001
     t,    294.98267,    294.50009,    293.75000
     t,    294.60785,    294.14252,    292.95001
     t,    294.30637,    293.85489,    292.75000
     t,    293.85135,    293.42081,    292.85001
     t,    292.80154,    292.38782,    292.45001
     t,    292.14359,    291.71857,    292.04999
     t,    288.78372,    288.50150,    289.35001
     t,    287.81924,    287.60269,    288.54999
     t,    285.31519,    285.13483,    285.45001
     t,    285.08884,    284.91147,    284.95001
     t,    279.64859,    279.68024,    279.75000
     t,    277.22275,    277.27979,    276.25000
     t,    276.40796,    276.47662,    275.64999
     t,    275.83054,    275.90326,    275.35001
     t,    275.58075,    275.65448,    275.25000
     t,    275.16156,    275.23691,    274.64999
     t,    274.90826,    274.98462,    274.64999
     t,    273.44504,    273.52859,    272.54999
     t,    273.00693,    273.09244,    272.85001
     t,    272.74213,    272.82880,    272.95001
     t,    271.20212,    271.31433,    271.04999
     t,    270.55307,    270.67706,    270.54999
     t,    270.36603,    270.49344,    270.35001
     t,    269.98883,    270.12427,    270.04999
     t,    268.93903,    269.09317,    268.85001
     t,    268.84244,    268.99832,    268.85001
     t,    268.45630,    268.61838,    268.14999
     t,    267.51721,    267.67487,    266.75000
     t,    267.23178,    267.38791,    266.64999
     t,    266.64993,    266.80206,    266.54999
     t,    265.57471,    265.72205,    266.14999
     t,    265.27719,    265.42307,    265.95001
     t,    263.94464,    264.06247,    264.14999
     t,    263.41620,    263.51678,    263.64999
     t,    262.34122,    262.40680,    263.04999
     t,    261.90411,    261.95541,    262.35001
     t,    259.55615,    259.55417,    259.64999
     t,    258.16068,    258.14059,    258.04999
     t,    255.92575,    255.87276,    255.75000
     t,    254.84366,    254.76706,    255.64999
     t,    252.89555,    252.77643,    253.45000
     t,    252.46790,    252.33948,    252.95000
     t,    252.18080,    252.04614,    252.75000
     t,    250.10872,    249.94533,    250.55000
     t,    248.72800,    248.54999,    249.05000
     t,    246.62015,    246.43796,    246.64999
     t,    245.23161,    245.06990,    244.85001
     t,    243.62581,    243.48463,    242.85001
     t,    243.07954,    242.94753,    242.45000
     t,    242.89612,    242.76677,    242.45000
     t,    242.52740,    242.40346,    242.14999
     t,    242.16000,    242.04877,    241.55000
     t,    239.32761,    239.32147,    239.25000
     t,    237.16318,    237.22966,    236.64999
     t,    236.57408,    236.64934,    236.05000
     t,    234.56160,    234.66634,    235.05000
     t,    233.31346,    233.44102,    233.64999
     t,    232.67924,    232.81633,    232.64999
     t,    229.83502,    229.99231,    230.05000
     t,    225.44557,    225.66129,    225.64999
     t,    224.00230,    224.24294,    224.25000
     t,    221.76131,    222.01929,    221.64999
     t,    221.50304,    221.75616,    221.64999
     t,    218.87332,    219.08347,    218.45000
     t,    214.70981,    214.86459,    213.85001
     t,    210.78496,    210.86595,    209.45000
     t,    208.04018,    208.04050,    206.45000
     t,    207.00060,    207.03983,    204.85001
     t,    205.56085,    205.65579,    203.05000
     t,    204.65689,    204.81883,    202.85001
     t,    204.19609,    204.43956,    200.85001
     t,    203.87730,    204.17830,    200.25000
     t,    203.79590,    204.08669,    201.05000
     t,    203.67886,    203.89729,    199.64999
     t,    203.58212,    203.74019,    200.05000
     t,    203.53638,    203.65767,    203.05000
     t,    203.47806,    203.54860,    203.25000
     t,    203.36813,    203.33881,    201.64999
     t,    206.03192,    205.12817,    205.85001
     t,    206.50584,    205.91991,    205.05000
     t,    207.52603,    207.50320,    207.05000
     t,    207.85469,    207.76402,    209.25000
     t,    208.05528,    207.92322,    210.25000
     t,    208.93207,    208.61905,    208.25000
     t,    210.59311,    209.49976,    208.25000
     t,    211.00623,    209.97360,    211.05000
     t,    211.92065,    211.27988,    213.05000
     t,    306.34207,    306.10794,    305.47879
     t,    304.81537,    304.58405,    303.94342
     t,    204.16785,    203.42188,    203.87270
     t,    305.23520,    305.96942,    301.45001
     t,    305.23520,    305.96942,    300.95001
     t,    303.50751,    304.17389,    299.25000
     t,    302.44083,    302.62729,    299.25000
     t,    302.01648,    302.07898,    299.25000
     t,    296.82275,    297.09915,    293.95001
     t,    295.99252,    296.44406,    293.14999
     t,    291.34439,    291.72998,    289.75000
     t,    289.31363,    289.41891,    288.95001
     t,    286.04684,    286.41568,    285.85001
     t,    285.02432,    285.44891,    284.85001
     t,    281.28296,    281.88995,    281.54999
     t,    278.66953,    279.20468,    278.45001
     t,    276.83771,    277.31168,    277.25000
     t,    276.08362,    276.49432,    276.14999
     t,    275.19315,    275.52902,    275.04999
     t,    273.74829,    273.95761,    273.85001
     t,    273.43958,    273.62085,    273.85001
     t,    270.45996,    270.56439,    271.04999
     t,    268.75970,    268.89301,    268.95001
     t,    268.33948,    268.48547,    268.45001
     t,    268.25491,    268.40347,    268.25000
     t,    267.82962,    267.99103,    267.85001
     t,    265.71790,    265.93228,    265.54999
     t,    265.41452,    265.63370,    265.35001
     t,    264.91132,    265.13718,    265.14999
     t,    264.70590,    264.93491,    265.14999
     t,    262.80875,    263.07251,    262.54999
     t,    261.55765,    261.86234,    261.25000
     t,    260.78738,    261.11548,    260.54999
     t,    259.75082,    260.11395,    259.54999
     t,    257.42389,    257.61496,    256.95001
     t,    257.21301,    257.33765,    256.75000
     t,    255.81332,    255.50525,    254.35001
     t,    254.82043,    254.18985,    252.75000
     t,    254.59718,    253.89372,    252.45000
     t,    253.85503,    253.12817,    252.25000
     t,    250.74593,    249.91463,    250.05000
     t,    243.78032,    243.73576,    244.35001
     t,    241.62778,    241.68362,    243.55000
     t,    239.38507,    239.56541,    241.75000
     t,    236.52225,    236.68785,    238.55000
     t,    235.02737,    235.16463,    237.14999
     t,    234.27423,    234.39735,    236.14999
     t,    233.70787,    233.81470,    235.85001
     t,    232.36212,    232.42877,    234.05000
     t,    231.17805,    231.20938,    233.05000
     t,    228.79906,    228.76810,    230.05000
     t,    227.38110,    227.31631,    228.85001
     t,    222.16551,    222.09567,    222.64999
     t,    220.59430,    220.55212,    220.64999
     t,    219.66344,    219.64371,    219.45000
     t,    217.24796,    217.28638,    217.25000
     t,    210.44489,    210.62946,    209.45000
     t,    208.56998,    208.56145,    206.25000
     t,    206.41597,    205.99821,    199.64999
     t,    206.04024,    205.56264,    202.45000
     t,    205.71764,    205.45537,    202.85001
     t,    205.46701,    205.40633,    202.05000
     t,    205.28917,    205.38496,    202.85001
     t,    205.34708,    205.43181,    201.85001
     t,    205.40187,    205.47653,    202.64999
     t,    205.44884,    205.51486,    205.05000
     t,    206.17839,    206.29343,    204.45000
     t,    206.62981,    206.85606,    207.05000
     t,    207.86514,    208.31596,    206.45000
     t,    208.30312,    208.71971,    208.64999
     t,    208.93228,    209.29012,    208.85001
     t,    209.09563,    209.43987,    208.64999
     t,    210.51018,    210.68060,    213.05000
     t,    210.92859,    211.03734,    212.45000
     t,    211.75087,    211.63022,    213.85001
     t,    213.14967,    212.40749,    211.64999
     q,      0.49929,      0.50379,      0.53490
     q,      0.48745,      0.49230,      0.46930
     q,      0.56750,      0.57304,      0.57983
     q,      0.65677,      0.67710,      0.74545
     q,      0.66242,      0.68396,      0.76397
     q,      0.66533,      0.68883,      0.75105
     q,      0.67127,      0.69881,      0.63250
     q,      0.67896,      0.71171,      0.67295
     q,      0.68534,      0.72241,      0.65877
     q,      0.69529,      0.73910,      0.50404
     q,      0.69549,      0.74191,      0.40578
     q,      0.67493,      0.71281,      0.56235
     q,      0.57950,      0.51184,      0.27000
     q,      0.55212,      0.44382,      0.43855
     q,      0.53489,      0.38543,      0.61468
     q,      0.53313,      0.37946,      0.60614
     q,      0.57674,      0.37510,      0.65107
     q,      0.59890,      0.36125,      0.68672
     q,      0.60742,      0.35343,      0.68065
     q,      0.60923,      0.34644,      0.49861
     q,      0.60870,      0.34251,      0.58239
     q,      0.60779,      0.33570,      0.52958
     q,      0.60722,      0.33145,      0.70406
     q,      0.60039,      0.30071,      0.76794
     q,      0.59917,      0.29203,      0.75759
     q,      0.59841,      0.28660,      0.64269
     q,      0.56215,      0.24505,      0.57364
     q,      0.54343,      0.22705,      0.33284
     q,      0.53781,      0.22165,      0.36089
     q,      0.52287,      0.20775,      0.62435
     q,      0.48800,      0.17474,      0.68497
     q,      0.48459,      0.17152,      0.67905
     q,      0.47036,      0.15931,      0.60528
     q,      0.42548,      0.14048,      0.62524
     q,      0.41204,      0.13497,      0.30443
     q,      0.39129,      0.12485,      0.15359
     q,      0.33069,      0.09982,      0.17604
     q,      0.31347,      0.09274,      0.08945
     q,      0.25948,      0.07774,      0.12305
     q,      0.24652,      0.07717,      0.03127
     q,      0.21772,      0.07589,      0.06143
     q,      0.20368,      0.07520,      0.17830
     q,      0.17187,      0.08980,      0.04216
     q,      0.18065,      0.11102,      0.08548
     q,      0.18923,      0.14661,      0.13587
     q,      0.18480,      0.15151,      0.05594
     q,      0.17441,      0.16167,      0.09006
     q,      0.17189,      0.16441,      0.37443
     q,      0.17011,      0.16634,      0.41524
     q,      0.15873,      0.16549,      0.32733
     q,      0.14839,      0.16130,      0.15432
     q,      0.13894,      0.15831,      0.10260
     q,      0.14254,      0.16017,      0.10485
     q,      0.14827,      0.16423,      0.21538
     q,      0.15046,      0.16544,      0.17427
     q,      0.49666,      0.50243,      0.49887
     q,      0.52367,      0.52931,      0.53181
     q,      0.76613,      0.74672,      0.67191
     q,      0.76613,      0.74672,      0.65285
     q,      0.76649,      0.76559,      0.68306
     q,      0.76800,      0.78607,      0.74967
     q,      0.77137,      0.79539,      0.76232
     q,      0.87296,      0.79969,      0.80723
     q,      0.88752,      0.79969,      0.82587
     q,      0.94191,      0.86449,      0.87383
     q,      0.94197,      0.90105,      0.85624
     q,      0.92561,      0.90174,      0.92780
     q,      0.92356,      0.90026,      0.90835
     q,      0.91382,      0.89089,      0.87809
     q,      0.87872,      0.84409,      0.92929
     q,      0.84729,      0.80330,      0.86546
     q,      0.81379,      0.76247,      0.94139
     q,      0.76832,      0.70756,      0.93333
     q,      0.68535,      0.60913,      0.87927
     q,      0.66590,      0.58639,      0.76715
     q,      0.51448,      0.40783,      0.60426
     q,      0.45232,      0.33646,      0.39062
     q,      0.43890,      0.32118,      0.49171
     q,      0.43613,      0.31803,      0.52832
     q,      0.42186,      0.30178,      0.44700
     q,      0.36893,      0.23389,      0.43381
     q,      0.36578,      0.22745,      0.47474
     q,      0.35917,      0.21605,      0.20324
     q,      0.35683,      0.21128,      0.20647
     q,      0.33502,      0.16282,      0.20656
     q,      0.36775,      0.16764,      0.34707
     q,      0.39198,      0.17300,      0.19940
     q,      0.42678,      0.17897,      0.14663
     q,      0.53796,      0.22450,      0.16849
     q,      0.55199,      0.23537,      0.18560
     q,      0.65999,      0.32231,      0.18135
     q,      0.74233,      0.38406,      0.30640
     q,      0.76291,      0.40044,      0.44043
     q,      0.75894,      0.38811,      0.57176
     q,      0.73157,      0.29221,      0.66611
     q,      0.51718,      0.03676,      0.74610
     q,      0.40986,      0.04400,      0.79406
     t,    296.13101,    295.92374,    296.85001
     t,    296.09543,    295.84158,    296.35001
     t,    295.42969,    295.05450,    294.54999
     t,    291.31238,    291.08289,    290.25000
     t,    288.14505,    288.15540,    287.25000
     t,    286.24304,    286.06650,    286.54999
     t,    286.07742,    285.87878,    286.95001
     t,    285.65991,    285.40555,    287.45001
     t,    285.47934,    285.14316,    286.95001
     t,    284.73877,    284.32965,    283.25000
     t,    283.91187,    283.57166,    281.75000
     t,    283.28577,    282.93472,    282.95001
     t,    282.59549,    282.23248,    282.14999
     t,    281.17398,    280.78403,    280.25000
     t,    280.51086,    280.09976,    279.95001
     t,    279.58865,    279.14807,    279.85001
     t,    278.44962,    277.97342,    278.75000
     t,    277.37030,    276.90930,    278.14999
     t,    271.53467,    271.28088,    271.64999
     t,    268.18231,    268.05719,    267.85001
     t,    266.99716,    266.92227,    266.85001
     t,    266.66943,    266.60843,    266.64999
     t,    265.45151,    265.42499,    265.45001
     t,    265.00229,    264.97028,    265.14999
     t,    263.63211,    263.58331,    263.54999
     t,    261.98892,    261.92004,    262.14999
     t,    258.99139,    258.81985,    258.75000
     t,    256.74313,    256.48450,    257.95001
     t,    254.76274,    254.53888,    255.14999
     t,    254.63640,    254.41478,    254.95000
     t,    253.62721,    253.42461,    253.55000
     t,    252.84708,    252.65804,    253.25000
     t,    251.40968,    251.24803,    251.25000
     t,    250.34300,    250.20241,    250.45000
     t,    248.55989,    248.45531,    248.85001
     t,    241.54263,    241.77507,    241.45000
     t,    293.17310,    292.78647,    292.18735
     t,    295.07510,    295.29700,    293.75000
     t,    294.91742,    295.10110,    292.85001
     t,    292.58383,    292.71594,    290.95001
     t,    290.90152,    290.94028,    290.04999
     t,    290.76694,    290.79471,    290.04999
     t,    290.44385,    290.33859,    290.75000
     t,    290.41183,    290.27112,    290.14999
     t,    289.77011,    289.82465,    288.14999
     t,    289.73679,    289.78613,    288.14999
     t,    286.45590,    286.27359,    285.35001
     t,    283.07242,    282.76801,    281.04999
     t,    282.48059,    282.15216,    280.14999
     t,    281.62460,    281.26141,    278.85001
     t,    272.17114,    271.75903,    271.54999
     t,    271.02658,    270.68719,    269.75000
     t,    270.57925,    270.26929,    268.85001
     t,    267.58801,    267.47507,    267.25000
     t,    266.30151,    266.25583,    266.64999
     t,    265.07303,    265.06934,    265.35001
     t,    264.21466,    264.25122,    264.45001
     t,    263.52969,    263.59155,    263.95001
     t,    262.43024,    262.49908,    263.14999
     t,    261.25403,    261.31586,    262.35001
     t,    256.58044,    256.59521,    256.85001
     t,    251.36519,    251.37326,    251.05000
     t,    248.28430,    248.29294,    248.64999
     t,    245.81558,    245.79190,    246.05000
     t,    243.56798,    243.56166,    243.25000
     t,    242.13101,    242.15981,    241.64999
     t,    240.83881,    240.89850,    241.05000
     t,    238.96158,    239.05130,    240.14999
     t,    230.84804,    230.89207,    231.05000
     t,    229.13715,    229.16510,    229.45000
     t,    225.39867,    225.45842,    225.85001
     t,    221.30257,    221.22353,    222.25000
     t,    220.49654,    220.40680,    221.05000
     t,    216.99422,    216.99928,    216.45000
     t,    215.47049,    215.49106,    215.25000
     t,    213.27188,    213.25732,    212.25000
     t,    212.41283,    212.36707,    211.45000
     t,    288.08731,    287.98560,    286.64224
     t,    278.37869,    278.04605,    276.12228
     q,      0.65513,      0.66434,      0.67014
     q,      0.65416,      0.66214,      0.61425
     q,      0.64765,      0.65840,      0.57343
     q,      0.75789,      0.74004,      0.68156
     q,      0.90180,      0.87873,      0.77243
     q,      0.99492,      0.98695,      0.93755
     q,      0.99533,      0.98566,      0.96660
     q,      0.99638,      0.98235,      0.99221
     q,      0.97115,      0.93786,      0.95609
     q,      0.78580,      0.73134,      0.80712
     q,      0.75697,      0.71415,      0.66404
     q,      0.71379,      0.68932,      0.60914
     q,      0.66428,      0.66085,      0.59806
     q,      0.55574,      0.59812,      0.56944
     q,      0.50975,      0.56645,      0.50278
     q,      0.44225,      0.51996,      0.21319
     q,      0.35336,      0.45887,      0.16303
     q,      0.30605,      0.41935,      0.27004
     q,      0.22015,      0.29646,      0.18296
     q,      0.20879,      0.25401,      0.28386
     q,      0.20167,      0.23750,      0.21768
     q,      0.19953,      0.23252,      0.21923
     q,      0.19439,      0.21755,      0.31008
     q,      0.19667,      0.21751,      0.21955
     q,      0.20435,      0.21737,      0.11795
     q,      0.21540,      0.21717,      0.09556
     q,      0.22506,      0.19925,      0.28195
     q,      0.22925,      0.17627,      0.14425
     q,      0.20021,      0.15383,      0.23317
     q,      0.19811,      0.15220,      0.23102
     q,      0.17938,      0.13780,      0.17838
     q,      0.16345,      0.12543,      0.08866
     q,      0.14890,      0.11743,      0.15485
     q,      0.14048,      0.11400,      0.02737
     q,      0.23114,      0.21756,      0.14144
     q,      0.70088,      0.70534,      0.62939
     q,      0.86994,      0.86460,      0.85398
     q,      0.87349,      0.86797,      0.82761
     q,      0.93752,      0.93394,      0.85936
     q,      0.99634,      0.99476,      0.90634
     q,      0.99769,      0.99723,      0.91377
     q,      0.95127,      0.95220,      0.95283
     q,      0.93820,      0.93914,      0.85885
     q,      0.80601,      0.80854,      0.74151
     q,      0.80430,      0.80687,      0.74288
     q,      0.80479,      0.79570,      0.83810
     q,      0.82032,      0.83768,      0.78351
     q,      0.81479,      0.83712,      0.72664
     q,      0.80637,      0.83629,      0.67987
     q,      0.72493,      0.78807,      0.68379
     q,      0.70656,      0.76181,      0.57771
     q,      0.69871,      0.75059,      0.40468
     q,      0.59530,      0.62386,      0.51634
     q,      0.53830,      0.55569,      0.49645
     q,      0.47639,      0.48309,      0.49033
     q,      0.42783,      0.42426,      0.28860
     q,      0.38511,      0.37413,      0.41145
     q,      0.34482,      0.32533,      0.20439
     q,      0.31414,      0.28641,      0.12713
     q,      0.22046,      0.16863,      0.07677
     q,      0.25302,      0.16864,      0.09831
     q,      0.32671,      0.23781,      0.05505
     q,      0.41096,      0.36186,      0.08122
     q,      0.47518,      0.46318,      0.25386
     q,      0.49913,      0.51029,      0.21741
     q,      0.52682,      0.56361,      0.35847
     q,      0.77061,      0.76530,      0.78347
     q,      0.78087,      0.83241,      0.67753
     t,    298.61264,    298.54727,    300.04999
     t,    297.82932,    297.77444,    298.14999
     t,    295.66776,    295.61664,    295.64999
     t,    293.85654,    293.80569,    294.04999
     t,    287.73404,    287.78156,    287.45001
     t,    287.46234,    287.51694,    286.95001
     t,    284.89517,    284.97046,    283.14999
     t,    283.92764,    284.01431,    282.64999
     t,    283.69696,    283.81473,    282.75000
     t,    283.17996,    283.36496,    282.75000
     t,    282.94464,    283.16150,    282.85001
     t,    282.58508,    282.88895,    283.14999
     t,    282.13895,    282.55844,    283.14999
     t,    281.60934,    282.16608,    283.35001
     t,    280.57465,    281.07449,    281.25000
     t,    280.32690,    280.76569,    281.04999
     t,    279.86722,    280.19269,    280.04999
     t,    278.59100,    278.66479,    277.85001
     t,    276.92435,    276.83801,    276.45001
     t,    276.10803,    275.94263,    276.04999
     t,    274.08160,    273.83609,    273.54999
     t,    272.15985,    271.90198,    271.45001
     t,    269.09799,    268.87610,    269.54999
     t,    268.47394,    268.26355,    268.95001
     t,    267.47672,    267.28476,    268.45001
     t,    266.23798,    266.07825,    267.25000
     t,    265.14941,    265.01865,    265.64999
     t,    264.87332,    264.74982,    265.45001
     t,    264.69458,    264.57556,    265.25000
     t,    262.65897,    262.59018,    262.54999
     t,    259.49197,    259.49365,    258.95001
     t,    256.60123,    256.63077,    256.54999
     t,    255.82196,    255.85892,    255.75000
     t,    254.05031,    254.10245,    254.35001
     t,    253.62796,    253.68343,    254.14999
     t,    253.34441,    253.40215,    253.95000
     t,    253.05942,    253.11945,    253.75000
     t,    248.45297,    248.54869,    248.85001
     t,    246.40648,    246.51947,    246.64999
     t,    243.43770,    243.55006,    243.25000
     t,    240.83766,    240.93942,    241.25000
     t,    236.91920,    236.98634,    237.05000
     t,    234.75075,    234.80032,    234.85001
     t,    232.29060,    232.32965,    232.64999
     t,    226.47331,    226.51891,    226.64999
     t,    218.72765,    218.84407,    216.85001
     t,    217.26997,    217.34187,    215.64999
     t,    217.21024,    217.26805,    215.64999
     t,    216.55931,    216.45384,    213.25000
     t,    216.09164,    215.86687,    215.45000
     t,    215.89926,    215.64384,    213.85001
     t,    215.84473,    215.58168,    215.45000
     t,    215.75375,    215.49716,    215.25000
     t,    215.62256,    215.37892,    217.64999
     t,    215.58456,    215.34467,    217.25000
     t,    215.43007,    215.20624,    217.05000
     t,    215.21216,    215.01056,    215.45000
     t,    214.62700,    214.52292,    214.45000
     t,    214.46707,    214.40036,    215.05000
     t,    214.24916,    214.23534,    213.85001
     t,    214.08266,    214.09181,    213.85001
     t,    213.43872,    213.53880,    211.45000
     t,    213.32440,    213.50668,    212.85001
     t,    213.23836,    212.63824,    211.45000
     t,    213.16801,    212.46043,    213.45000
     t,    213.21152,    212.45946,    213.85001
     t,    213.50835,    212.98997,    215.05000
     t,    217.23947,    218.15204,    215.05000
     t,    213.52518,    213.76041,    212.14679
     t,    285.66501,    285.69592,    289.04999
     t,    290.14658,    290.35226,    295.64999
     t,    285.66501,    285.69592,    288.14999
     t,    290.06638,    290.24811,    297.25000
     t,    285.66504,    285.69595,    286.45001
     t,    290.06638,    290.24811,    296.54999
     q,      0.47800,      0.47331,      0.37543
     q,      0.47969,      0.47444,      0.34815
     q,      0.52222,      0.51640,      0.35985
     q,      0.56634,      0.56074,      0.41350
     q,      0.50720,      0.44004,      0.52995
     q,      0.49372,      0.42729,      0.48714
     q,      0.39375,      0.33943,      0.43669
     q,      0.39177,      0.34006,      0.31465
     q,      0.39390,      0.33933,      0.37200
     q,      0.39871,      0.33758,      0.10919
     q,      0.40099,      0.33674,      0.08680
     q,      0.41075,      0.35294,      0.12830
     q,      0.41975,      0.38284,      0.39521
     q,      0.43078,      0.41948,      0.35717
     q,      0.44748,      0.46243,      0.32821
     q,      0.45078,      0.46839,      0.44068
     q,      0.45704,      0.47971,      0.49072
     q,      0.46595,      0.49930,      0.48868
     q,      0.45107,      0.48780,      0.52961
     q,      0.44297,      0.48139,      0.37337
     q,      0.43814,      0.47414,      0.48364
     q,      0.44361,      0.47246,      0.43690
     q,      0.44893,      0.47574,      0.30956
     q,      0.44990,      0.47728,      0.36569
     q,      0.45160,      0.47996,      0.20630
     q,      0.46163,      0.48390,      0.31722
     q,      0.47090,      0.48717,      0.35678
     q,      0.47371,      0.48829,      0.32819
     q,      0.47479,      0.48798,      0.27350
     q,      0.47053,      0.47607,      0.22990
     q,      0.42147,      0.42157,      0.27952
     q,      0.38975,      0.38286,      0.17123
     q,      0.37966,      0.37063,      0.27762
     q,      0.36937,      0.35888,      0.25391
     q,      0.37014,      0.36015,      0.19015
     q,      0.36993,      0.36012,      0.23391
     q,      0.36971,      0.36008,      0.25936
     q,      0.35923,      0.34727,      0.11088
     q,      0.34854,      0.32881,      0.25236
     q,      0.33056,      0.30248,      0.25504
     q,      0.30789,      0.27295,      0.16871
     q,      0.28844,      0.25513,      0.13119
     q,      0.67809,      0.68154,      0.85615
     q,      0.67809,      0.68154,      0.79551
     q,      0.67809,      0.68154,      0.87862
