Note (2018.08.22) This script is outputed from mpi_readobs.f90
obtype, ensmean_obbc,      h_xnobc,           ob
    sm,      0.25830,      0.24412,      0.25300
    sm,      0.22730,      0.24523,      0.16400
    sm,      0.30517,      0.30375,      0.38100
    sm,      0.21141,      0.21235,      0.07400
    sm,      0.33468,      0.31785,      0.24000
    sm,      0.30933,      0.30331,      0.35500
    sm,      0.21043,      0.20147,      0.19600
    sm,      0.19698,      0.19539,      0.06000
    sm,      0.18609,      0.18648,      0.24800
    sm,      0.19082,      0.18733,      0.15800
    sm,      0.24735,      0.24718,      0.09300
    sm,      0.26952,      0.26816,      0.13500
    sm,      0.25253,      0.25216,      0.09300
    sm,      0.17207,      0.15992,      0.22500
    sm,      0.27384,      0.26390,      0.22400
    sm,      0.32210,      0.33897,      0.11300
    sm,      0.23798,      0.23825,      0.31600
    sm,      0.21313,      0.21471,      0.23700
    sm,      0.24004,      0.24033,      0.26600
    sm,      0.22141,      0.22163,      0.29500
    sm,      0.21824,      0.22750,      0.25300
    sm,      0.14624,      0.14278,      0.07700
    sm,      0.21771,      0.21699,      0.21100
    sm,      0.30799,      0.29380,      0.37800
    sm,      0.24443,      0.24529,      0.34400
    sm,      0.24660,      0.24671,      0.07200
    sm,      0.33611,      0.33566,      0.32500
    sm,      0.23054,      0.23054,      0.33900
    sm,      0.18120,      0.17896,      0.36700
    sm,      0.27400,      0.27270,      0.23700
    sm,      0.31884,      0.32884,      0.27600
    sm,      0.27306,      0.27275,      0.27100
    sm,      0.18981,      0.18896,      0.10600
    sm,      0.24954,      0.24650,      0.22600
    sm,      0.27108,      0.26819,      0.20900
    sm,      0.27301,      0.27137,      0.26900
    sm,      0.26274,      0.26176,      0.20100
    sm,      0.17412,      0.17317,      0.17600
    sm,      0.25785,      0.25635,      0.37400
    sm,      0.16911,      0.17213,      0.13300
    sm,      0.21256,      0.21278,      0.22200
    sm,      0.16625,      0.16637,      0.11700
    sm,      0.20310,      0.20326,      0.21000
    sm,      0.27455,      0.27654,      0.12100
    sm,      0.27776,      0.27781,      0.17100
    sm,      0.22489,      0.22308,      0.08100
    sm,      0.17665,      0.17937,      0.18000
    sm,      0.27594,      0.27322,      0.36700
    sm,      0.24089,      0.27414,      0.23300
    sm,      0.22900,      0.23276,      0.30000
    sm,      0.19858,      0.18844,      0.14900
    sm,      0.19858,      0.18844,      0.16400
    sm,      0.19150,      0.18700,      0.14400
    sm,      0.15368,      0.15426,      0.06700
    sm,      0.32180,      0.28308,      0.45100
    sm,      0.20662,      0.19906,      0.20200
    sm,      0.27713,      0.27691,      0.22900
    sm,      0.29459,      0.27888,      0.34500
    sm,      0.30799,      0.29380,      0.41100
    sm,      0.26868,      0.26630,      0.38100
    sm,      0.15770,      0.16423,      0.08700
    sm,      0.28217,      0.28275,      0.08000
    sm,      0.15939,      0.15802,      0.13100
    sm,      0.14694,      0.14385,      0.06800
    sm,      0.21043,      0.20147,      0.07100
    sm,      0.23351,      0.22813,      0.35300
    sm,      0.27261,      0.27109,      0.06500
    sm,      0.23993,      0.23384,      0.10900
    sm,      0.19158,      0.19027,      0.24100
    sm,      0.36529,      0.38084,      0.16500
    sm,      0.18997,      0.18929,      0.18700
    sm,      0.27211,      0.27206,      0.18400
    sm,      0.18609,      0.18648,      0.30800
    sm,      0.18896,      0.18439,      0.36700
    sm,      0.18896,      0.18439,      0.28100
    sm,      0.19493,      0.19016,      0.06100
     t,    313.60907,    313.61200,    315.35001
     t,    312.69254,    312.69388,    312.75000
     t,    309.62579,    309.62582,    309.64999
     t,    302.25659,    302.25439,    302.35001
     t,    300.93951,    300.93668,    300.85001
     t,    296.36169,    296.35895,    296.45001
     t,    294.87064,    294.86761,    295.54999
     t,    287.71475,    287.71170,    287.64999
     t,    286.10153,    286.09808,    285.75000
     t,    280.86313,    280.86081,    280.25000
     t,    278.10397,    278.10376,    277.25000
     t,    276.05618,    276.05780,    275.14999
     t,    274.78085,    274.78329,    273.54999
     t,    274.16644,    274.16806,    272.95001
     t,    273.09488,    273.09509,    272.04999
     t,    272.73248,    272.73221,    271.85001
     t,    271.99945,    271.99823,    271.14999
     t,    271.34900,    271.34689,    271.14999
     t,    268.97049,    268.96411,    268.14999
     t,    268.77533,    268.76859,    267.95001
     t,    267.68985,    267.68106,    267.14999
     t,    266.97928,    266.96927,    266.64999
     t,    266.02481,    266.01379,    266.14999
     t,    264.17108,    264.15814,    263.95001
     t,    262.80905,    262.79477,    262.35001
     t,    261.95389,    261.93921,    261.64999
     t,    261.58319,    261.56833,    261.35001
     t,    260.70810,    260.69278,    260.25000
     t,    260.32864,    260.31311,    260.14999
     t,    259.94647,    259.93079,    259.95001
     t,    257.50446,    257.48743,    258.14999
     t,    256.85828,    256.84119,    257.45001
     t,    256.59726,    256.58005,    257.54999
     t,    256.07132,    256.05377,    256.75000
     t,    255.40622,    255.38826,    255.95000
     t,    253.77739,    253.75877,    253.75000
     t,    252.94823,    252.92982,    252.75000
     t,    252.24683,    252.22858,    252.05000
     t,    250.81438,    250.79646,    250.95000
     t,    249.47766,    249.46007,    249.35001
     t,    248.85393,    248.83656,    248.75000
     t,    247.90125,    247.88458,    247.55000
     t,    247.42009,    247.40359,    247.35001
     t,    246.93452,    246.91821,    246.75000
     t,    246.44447,    246.42833,    246.25000
     t,    245.78395,    245.76805,    245.85001
     t,    244.08533,    244.06984,    244.55000
     t,    243.03575,    243.02043,    243.05000
     t,    242.50314,    242.48792,    242.55000
     t,    240.13039,    240.11612,    239.75000
     t,    239.56847,    239.55466,    238.95000
     t,    236.86516,    236.85356,    236.45000
     t,    234.03004,    234.02194,    233.25000
     t,    232.77374,    232.76735,    232.25000
     t,    229.04390,    229.04129,    228.64999
     t,    225.04037,    225.03889,    224.45000
     t,    223.54988,    223.54765,    222.85001
     t,    222.27748,    222.27457,    221.85001
     t,    220.97365,    220.97003,    220.64999
     t,    207.19136,    207.14554,    204.85001
     t,    208.95055,    208.91760,    204.45000
     t,    311.97107,    311.94598,    313.35001
     t,    311.81152,    311.78174,    312.04999
     t,    305.81812,    305.79355,    306.35001
     t,    295.80136,    295.77701,    295.85001
     t,    289.24545,    289.22287,    289.14999
     t,    280.03500,    280.02042,    279.85001
     t,    275.89029,    275.93747,    274.04999
     t,    275.53735,    275.58688,    273.25000
     t,    275.20651,    275.25488,    274.45001
     t,    274.79813,    274.84464,    274.64999
     t,    274.46091,    274.50629,    274.45001
     t,    273.51651,    273.55765,    275.04999
     t,    270.14667,    270.13763,    271.45001
     t,    268.78644,    268.74490,    269.45001
     t,    266.06921,    266.00409,    266.45001
     t,    264.79773,    264.72809,    264.75000
     t,    262.48669,    262.41132,    262.14999
     t,    258.87604,    258.80167,    259.64999
     t,    257.37234,    257.30966,    257.45001
     t,    251.98943,    251.96964,    251.25000
     t,    249.87788,    249.86426,    250.85001
     t,    245.96310,    245.95316,    245.45000
     t,    242.93657,    242.92416,    242.64999
     t,    235.82242,    235.78455,    236.64999
     t,    232.86195,    232.81122,    233.45000
     t,    223.42088,    223.36021,    222.64999
     t,    221.68443,    221.63649,    221.64999
     t,    221.17693,    221.13295,    221.05000
     t,    218.02705,    218.01033,    217.45000
     t,    207.52257,    207.52628,    206.05000
     t,    206.44432,    206.42754,    204.45000
     t,    204.35991,    204.34599,    200.85001
     t,    203.82166,    203.79837,    201.85001
     t,    202.50276,    202.48006,    200.85001
     t,    202.41460,    202.39650,    201.25000
     t,    202.32561,    202.31216,    203.45000
     t,    202.18254,    202.16528,    202.64999
     t,    203.16693,    203.17775,    201.45000
     t,    204.18967,    204.36542,    206.45000
     t,    205.76347,    206.03612,    206.85001
     t,    207.88243,    207.98300,    206.85001
     t,    209.93333,    209.90984,    210.05000
     t,    210.57936,    210.52898,    208.64999
     t,    301.54361,    301.51929,    301.91916
     q,      0.28975,      0.28975,      0.28146
     q,      0.30066,      0.30066,      0.32196
     q,      0.34322,      0.34322,      0.34007
     q,      0.46160,      0.46177,      0.44825
     q,      0.47575,      0.47598,      0.47065
     q,      0.52662,      0.52666,      0.46978
     q,      0.55048,      0.55050,      0.40088
     q,      0.63725,      0.63712,      0.54517
     q,      0.65548,      0.65553,      0.56892
     q,      0.59229,      0.59254,      0.66541
     q,      0.49274,      0.49276,      0.59927
     q,      0.44272,      0.44241,      0.47572
     q,      0.41180,      0.41132,      0.57470
     q,      0.41345,      0.41296,      0.57210
     q,      0.41657,      0.41607,      0.49512
     q,      0.41770,      0.41720,      0.33888
     q,      0.42013,      0.41963,      0.13232
     q,      0.42244,      0.42194,      0.10503
     q,      0.41764,      0.41744,      0.10290
     q,      0.41702,      0.41685,      0.10231
     q,      0.41098,      0.41100,      0.11336
     q,      0.40739,      0.40754,      0.21781
     q,      0.39960,      0.39985,      0.11626
     q,      0.38194,      0.38245,      0.46376
     q,      0.36904,      0.36977,      0.49120
     q,      0.37089,      0.37175,      0.34897
     q,      0.37176,      0.37267,      0.49369
     q,      0.37395,      0.37500,      0.33874
     q,      0.37497,      0.37609,      0.16382
     q,      0.37605,      0.37725,      0.12281
     q,      0.36798,      0.36970,      0.12460
     q,      0.35813,      0.35996,      0.08979
     q,      0.35456,      0.35646,      0.18926
     q,      0.34700,      0.34904,      0.36048
     q,      0.33668,      0.33892,      0.29225
     q,      0.31148,      0.31411,      0.39938
     q,      0.30330,      0.30588,      0.29019
     q,      0.29570,      0.29823,      0.15671
     q,      0.27779,      0.28020,      0.21467
     q,      0.26455,      0.26681,      0.37849
     q,      0.26845,      0.27060,      0.30680
     q,      0.27550,      0.27741,      0.36117
     q,      0.27905,      0.28086,      0.30133
     q,      0.28289,      0.28459,      0.40201
     q,      0.28706,      0.28863,      0.21638
     q,      0.29319,      0.29459,      0.15952
     q,      0.29926,      0.30061,      0.34014
     q,      0.29875,      0.30027,      0.28978
     q,      0.29845,      0.30007,      0.35329
     q,      0.15778,      0.15725,      0.16072
     q,      0.15879,      0.15824,      0.18150
     q,      0.20618,      0.20530,      0.21265
     q,      0.32986,      0.32840,      0.28664
     q,      0.45462,      0.45271,      0.38499
     q,      0.65932,      0.65051,      0.56069
     q,      0.39574,      0.35524,      0.69238
     q,      0.37295,      0.33170,      0.60002
     q,      0.35609,      0.31628,      0.37729
     q,      0.33058,      0.29334,      0.22433
     q,      0.31259,      0.27688,      0.24541
     q,      0.26192,      0.23086,      0.07980
     q,      0.12761,      0.11368,      0.03501
     q,      0.09547,      0.08902,      0.03877
     q,      0.08147,      0.07973,      0.03067
     q,      0.08373,      0.08244,      0.17721
     q,      0.08349,      0.08327,      0.11185
     q,      0.05625,      0.05600,      0.04565
     q,      0.25075,      0.24966,      0.24149
     t,    304.63034,    305.16183,    301.54999
     t,    303.41895,    303.95703,    299.35001
     t,    302.11987,    302.65594,    297.45001
     t,    300.03784,    300.57132,    295.45001
     t,    297.53912,    298.06924,    293.25000
     t,    296.12018,    296.64926,    292.04999
     t,    294.79538,    295.31677,    291.14999
     t,    290.34763,    290.50696,    287.54999
     t,    290.02429,    290.11945,    287.64999
     t,    289.66568,    289.68719,    288.54999
     t,    289.30423,    289.25156,    289.14999
     t,    288.87534,    288.73001,    289.35001
     t,    285.44241,    285.17200,    285.75000
     t,    285.06625,    284.78506,    285.54999
     t,    283.45877,    283.14157,    284.04999
     t,    282.58850,    282.26450,    283.25000
     t,    280.48041,    280.14139,    280.85001
     t,    278.37628,    278.13120,    279.04999
     t,    277.27979,    277.10257,    278.04999
     t,    276.16281,    276.05502,    277.04999
     t,    271.75363,    271.85388,    271.85001
     t,    267.20374,    267.42676,    266.35001
     t,    267.09274,    267.31799,    266.14999
     t,    266.64502,    266.87607,    265.75000
     t,    265.39490,    265.64206,    264.75000
     t,    264.00183,    264.26706,    263.54999
     t,    263.40976,    263.68277,    262.75000
     t,    262.81131,    263.09216,    262.85001
     t,    259.95984,    260.20990,    260.25000
     t,    258.80652,    259.04517,    259.35001
     t,    256.61484,    256.77811,    256.45001
     t,    255.96548,    256.10281,    255.64999
     t,    255.83363,    255.96519,    255.64999
     t,    255.16946,    255.27199,    255.64999
     t,    254.90149,    254.99229,    255.45000
     t,    254.36148,    254.42867,    255.25000
     t,    252.83546,    252.87485,    253.85001
     t,    248.72836,    248.75185,    250.05000
     t,    243.39952,    243.40912,    242.85001
     t,    240.10397,    240.06340,    240.45000
     t,    239.54143,    239.50020,    239.85001
     t,    238.39926,    238.35715,    239.64999
     t,    233.10925,    233.04532,    233.05000
     t,    232.63603,    232.57660,    232.45000
     t,    230.15990,    230.11719,    230.45000
     t,    306.29947,    306.56766,    305.45001
     t,    305.82507,    306.09164,    304.95001
     t,    303.50259,    303.76398,    301.85001
     t,    302.06140,    302.32126,    300.35001
     t,    299.77786,    300.03574,    298.04999
     t,    292.54388,    292.79001,    291.25000
     t,    290.77066,    291.04742,    289.64999
     t,    287.72467,    288.07156,    285.85001
     t,    286.74014,    287.09085,    284.54999
     t,    282.99567,    283.16501,    280.85001
     t,    281.74203,    281.84235,    280.75000
     t,    280.86429,    280.91492,    280.45001
     t,    276.94876,    276.79132,    277.54999
     t,    273.79431,    273.48340,    274.04999
     t,    273.32565,    273.00784,    273.64999
     t,    270.90591,    270.54810,    271.04999
     t,    269.85028,    269.50037,    269.85001
     t,    269.18350,    268.85403,    268.85001
     t,    268.42075,    268.11462,    268.14999
     t,    268.34055,    268.03394,    268.14999
     t,    267.30130,    267.02734,    268.14999
     t,    264.05173,    263.87152,    264.85001
     t,    256.49615,    256.43478,    256.85001
     t,    248.27150,    248.30714,    247.64999
     t,    242.15991,    242.23515,    244.25000
     t,    241.40903,    241.48999,    243.64999
     t,    233.69170,    233.77287,    234.05000
     t,    223.04825,    223.14116,    222.05000
     t,    222.03270,    222.12708,    221.05000
     t,    210.45383,    210.62506,    209.05000
     t,    208.40889,    208.59622,    207.05000
     t,    207.85948,    208.02403,    205.64999
     t,    206.43542,    206.34377,    202.45000
     t,    206.04414,    205.95007,    203.05000
     t,    205.78226,    205.68028,    204.45000
     t,    205.23233,    205.12503,    204.64999
     t,    204.62241,    204.51375,    203.45000
     t,    203.21959,    203.10944,    203.05000
     t,    203.06093,    202.94493,    204.05000
     t,    203.17661,    202.93860,    203.85001
     t,    203.34860,    202.92915,    202.25000
     t,    204.32074,    203.72046,    204.64999
     t,    205.90013,    205.47986,    204.45000
     t,    206.23618,    206.07166,    206.05000
     t,    207.39062,    207.90359,    204.85001
     t,    207.71907,    208.21730,    204.85001
     t,    209.35085,    209.63029,    210.25000
     t,    210.99416,    210.81512,    211.45000
     t,    211.17915,    210.95471,    213.25000
     q,      0.43368,      0.43730,      0.55707
     q,      0.45616,      0.46025,      0.50172
     q,      0.48342,      0.48797,      0.51416
     q,      0.53232,      0.53770,      0.56704
     q,      0.59859,      0.60514,      0.60937
     q,      0.64073,      0.64810,      0.63487
     q,      0.67992,      0.69046,      0.60313
     q,      0.62914,      0.81335,      0.62924
     q,      0.58301,      0.76898,      0.61177
     q,      0.52176,      0.70162,      0.38973
     q,      0.45939,      0.63305,      0.23473
     q,      0.38440,      0.54867,      0.22414
     q,      0.16953,      0.30832,      0.10012
     q,      0.16203,      0.29540,      0.08476
     q,      0.14058,      0.25248,      0.13694
     q,      0.14627,      0.25327,      0.25657
     q,      0.16105,      0.25323,      0.19482
     q,      0.21758,      0.29307,      0.33810
     q,      0.26058,      0.32765,      0.21028
     q,      0.30822,      0.36348,      0.24889
     q,      0.50227,      0.52534,      0.39786
     q,      0.67252,      0.66331,      0.65025
     q,      0.67596,      0.66613,      0.65575
     q,      0.68334,      0.67167,      0.62407
     q,      0.70594,      0.68864,      0.76597
     q,      0.73459,      0.70996,      0.79968
     q,      0.74877,      0.72065,      0.76718
     q,      0.76424,      0.73231,      0.68370
     q,      0.69742,      0.68900,      0.73480
     q,      0.66159,      0.66668,      0.62428
     q,      0.57582,      0.58034,      0.58010
     q,      0.54634,      0.54870,      0.51943
     q,      0.53989,      0.54146,      0.47944
     q,      0.50569,      0.50307,      0.13088
     q,      0.49104,      0.48661,      0.06839
     q,      0.45984,      0.45158,      0.02764
     q,      0.28498,      0.21797,      0.03038
     q,      0.13921,      0.13284,      0.09948
     q,      0.36496,      0.39406,      0.35733
     q,      0.37207,      0.40182,      0.37675
     q,      0.41218,      0.44535,      0.40355
     q,      0.44032,      0.47583,      0.42769
     q,      0.49021,      0.52983,      0.45267
     q,      0.67759,      0.73188,      0.59054
     q,      0.69922,      0.74568,      0.73209
     q,      0.66725,      0.69489,      0.74876
     q,      0.64719,      0.67908,      0.75143
     q,      0.67072,      0.70837,      0.81828
     q,      0.67890,      0.71604,      0.67624
     q,      0.68452,      0.72182,      0.68005
     q,      0.69260,      0.72791,      0.62999
     q,      0.64175,      0.68261,      0.65172
     q,      0.61209,      0.65262,      0.51948
     q,      0.43803,      0.47737,      0.42823
     q,      0.36220,      0.39758,      0.23317
     q,      0.32464,      0.35565,      0.22354
     q,      0.27874,      0.30441,      0.37027
     q,      0.27260,      0.29792,      0.37239
     q,      0.20346,      0.22053,      0.07779
     q,      0.13476,      0.14101,      0.06454
     q,      0.13190,      0.12180,      0.06896
     q,      0.08745,      0.08505,      0.02956
     t,    301.76114,    301.77048,    296.54999
     t,    301.76117,    301.77048,    298.35001
     t,    301.76114,    301.77048,    298.04999
     t,    301.76117,    301.77048,    298.95001
     t,    301.55603,    301.56223,    298.14999
     t,    300.98523,    300.99100,    296.64999
     t,    300.36041,    300.36639,    294.85001
     t,    299.76047,    299.76627,    295.35001
     t,    296.25781,    296.26331,    291.95001
     t,    295.47928,    295.48456,    291.75000
     t,    295.14346,    295.14865,    292.25000
     t,    294.14264,    294.14749,    291.64999
     t,    294.03094,    294.03577,    291.85001
     t,    291.78540,    291.78946,    290.35001
     t,    288.98395,    288.98682,    287.64999
     t,    287.29929,    287.30087,    286.45001
     t,    284.93610,    284.93860,    284.95001
     t,    282.28543,    282.28787,    281.75000
     t,    273.86523,    273.86960,    273.64999
     t,    270.04572,    270.05228,    269.85001
     t,    269.22235,    269.22913,    268.95001
     t,    266.95880,    266.96631,    266.54999
     t,    266.52158,    266.52820,    266.04999
     t,    264.54578,    264.54895,    263.64999
     t,    264.20959,    264.21222,    263.64999
     t,    263.30240,    263.30325,    263.95001
     t,    262.36740,    262.36630,    262.95001
     t,    261.70596,    261.70288,    262.35001
     t,    259.17358,    259.16165,    259.64999
     t,    253.57167,    253.54773,    254.25000
     t,    251.65594,    251.62886,    252.45000
     t,    246.18636,    246.16049,    246.55000
     t,    241.90837,    241.88521,    242.75000
     t,    239.16980,    239.14664,    239.64999
     t,    237.65385,    237.63123,    237.85001
     t,    237.27019,    237.24771,    237.45000
     t,    235.71182,    235.68929,    235.64999
     t,    231.27495,    231.24841,    230.85001
     t,    229.21619,    229.18309,    228.85001
     t,    227.78697,    227.74846,    227.64999
     t,    227.62529,    227.58620,    227.45000
     t,    223.77516,    223.72308,    222.25000
     t,    222.77042,    222.71906,    221.45000
     t,    221.39261,    221.34180,    220.85001
     t,    219.75302,    219.70428,    220.64999
     t,    219.50615,    219.45776,    220.85001
     t,    218.31696,    218.27939,    217.25000
     t,    218.17761,    218.14307,    217.85001
     t,    217.65973,    217.63423,    216.64999
     t,    217.32281,    217.30566,    217.85001
     t,    216.90361,    216.89687,    217.85001
     t,    216.33018,    216.33481,    217.05000
     t,    215.45731,    215.47319,    215.45000
     t,    213.62181,    213.65382,    212.25000
     t,    213.13281,    213.16707,    212.45000
     t,    211.40086,    211.44130,    208.64999
     t,    210.84885,    210.88989,    208.25000
     t,    210.66199,    210.70450,    209.25000
     t,    209.87473,    209.91507,    209.25000
     t,    208.09891,    208.13071,    207.05000
     t,    206.91228,    206.93341,    206.25000
     t,    207.31731,    207.32611,    205.05000
     t,    207.67346,    207.67863,    208.05000
     t,    208.73936,    208.75258,    208.85001
     t,    208.98294,    208.99741,    211.05000
     t,    210.60916,    210.56554,    209.85001
     t,    211.43788,    211.41216,    209.85001
     t,    212.50446,    212.68150,    211.45000
     t,    212.86530,    213.15987,    214.05000
     t,    302.30432,    302.64163,    299.75000
     t,    302.12817,    302.48669,    296.75000
     t,    296.73474,    297.08240,    291.75000
     t,    293.38812,    293.72241,    288.85001
     t,    293.17200,    293.47800,    288.85001
     t,    292.73730,    292.99255,    290.75000
     t,    292.29941,    292.50348,    291.35001
     t,    291.63635,    291.76294,    291.35001
     t,    291.06384,    291.12289,    290.54999
     t,    289.43289,    289.35220,    288.75000
     t,    288.69638,    288.56866,    288.04999
     t,    287.61917,    287.52267,    287.25000
     t,    285.65729,    285.62912,    285.45001
     t,    282.02588,    282.01547,    281.95001
     t,    276.42740,    276.42920,    275.95001
     t,    275.83023,    275.83377,    275.54999
     t,    274.20816,    274.21643,    273.95001
     t,    272.99411,    273.00443,    273.04999
     t,    267.08322,    267.11499,    266.95001
     t,    265.82510,    265.86945,    266.14999
     t,    265.07404,    265.12482,    265.85001
     t,    262.41223,    262.49622,    262.45001
     t,    259.08197,    259.19791,    259.14999
     t,    256.83871,    256.97021,    256.75000
     t,    255.18752,    255.29004,    255.14999
     t,    254.66226,    254.75223,    254.95000
     t,    254.13177,    254.20906,    254.25000
     t,    252.37363,    252.40785,    252.05000
     t,    251.50610,    251.52777,    250.95000
     t,    250.30722,    250.31544,    250.55000
     t,    243.09039,    243.12086,    243.95000
     t,    237.72046,    237.74622,    238.95000
     t,    234.88135,    234.90503,    236.25000
     t,    230.91280,    230.94246,    232.05000
     t,    228.21446,    228.26418,    229.25000
     t,    227.35655,    227.41290,    228.45000
     t,    221.44392,    221.44814,    218.85001
     t,    220.26913,    220.22568,    218.25000
     t,    220.13161,    220.07906,    218.85001
     t,    219.78348,    219.70540,    220.05000
     t,    219.01089,    218.90005,    219.64999
     t,    218.87326,    218.76358,    220.85001
     t,    218.37386,    218.27101,    220.64999
     t,    217.23773,    217.13759,    218.25000
     t,    215.60658,    215.51657,    216.25000
     t,    214.02463,    213.94382,    215.05000
     t,    211.45851,    211.44019,    210.45000
     t,    211.14967,    211.14386,    211.05000
     t,    209.61176,    209.67567,    208.25000
     t,    209.12642,    209.21803,    209.05000
     t,    208.62181,    208.73970,    207.05000
     t,    208.67776,    208.77634,    207.45000
     t,    209.77496,    209.64111,    207.05000
     t,    210.22800,    210.00520,    210.45000
     t,    210.53203,    210.34544,    210.85001
     t,    210.79527,    210.63858,    209.05000
     t,    211.28967,    211.22279,    209.45000
     t,    211.73187,    211.74948,    210.25000
     t,    211.75974,    211.76942,    210.45000
     t,    211.95967,    211.77353,    212.64999
     t,    212.56081,    212.05533,    213.85001
     t,    214.10812,    214.32027,    213.45000
     t,    214.40765,    214.79926,    216.05000
     t,    225.32753,    225.32442,    226.14999
     t,    223.34091,    223.34558,    226.14999
     q,      0.20530,      0.20521,      0.32084
     q,      0.20530,      0.20521,      0.66733
     q,      0.20530,      0.20521,      0.65328
     q,      0.20530,      0.20521,      0.62688
     q,      0.20712,      0.20702,      0.50961
     q,      0.21236,      0.21225,      0.34129
     q,      0.21829,      0.21818,      0.28062
     q,      0.22428,      0.22416,      0.29906
     q,      0.26473,      0.26463,      0.31679
     q,      0.27484,      0.27473,      0.32764
     q,      0.27944,      0.27934,      0.30302
     q,      0.29309,      0.29298,      0.33156
     q,      0.29464,      0.29453,      0.31537
     q,      0.32822,      0.32809,      0.32817
     q,      0.37343,      0.37330,      0.34906
     q,      0.40231,      0.40221,      0.38394
     q,      0.42600,      0.42570,      0.40305
     q,      0.45130,      0.45110,      0.43832
     q,      0.61142,      0.61092,      0.57928
     q,      0.70000,      0.69939,      0.69742
     q,      0.71283,      0.71224,      0.66337
     q,      0.75011,      0.74947,      0.69597
     q,      0.74820,      0.74760,      0.50889
     q,      0.73582,      0.73522,      0.69430
     q,      0.73342,      0.73283,      0.73036
     q,      0.72583,      0.72517,      0.83119
     q,      0.71216,      0.71164,      0.83797
     q,      0.69677,      0.69644,      0.95528
     q,      0.62670,      0.62735,      0.79191
     q,      0.55223,      0.55471,      0.68344
     q,      0.54118,      0.54434,      0.67510
     q,      0.52888,      0.53361,      0.57164
     q,      0.51118,      0.51693,      0.47552
     q,      0.50043,      0.50610,      0.36029
     q,      0.49195,      0.49734,      0.17400
     q,      0.48379,      0.46954,      0.57100
     q,      0.48704,      0.47276,      0.49455
     q,      0.62091,      0.60046,      0.54957
     q,      0.71904,      0.69472,      0.60292
     q,      0.69715,      0.66682,      0.62072
     q,      0.65242,      0.60706,      0.56356
     q,      0.60637,      0.54554,      0.49367
     q,      0.53469,      0.44980,      0.44792
     q,      0.43913,      0.36961,      0.46327
     q,      0.24789,      0.23955,      0.38478
     q,      0.22343,      0.22922,      0.20160
     q,      0.21813,      0.22582,      0.13794
     q,      0.22694,      0.23061,      0.23319
     q,      0.25859,      0.25781,      0.33094
     q,      0.30756,      0.29736,      0.30661
     q,      0.31390,      0.30361,      0.19039
     q,      0.33337,      0.32278,      0.17075
     q,      0.34584,      0.33569,      0.39656
     q,      0.31798,      0.31824,      0.36928
     q,      0.29212,      0.29401,      0.37934
     q,      0.27536,      0.27836,      0.33229
     q,      0.22931,      0.22890,      0.35871
     q,      0.18355,      0.17847,      0.26463
     q,      0.17220,      0.16441,      0.30758
     q,      0.21877,      0.21600,      0.24853
     q,      0.24003,      0.24001,      0.17046
     q,      0.26304,      0.26600,      0.13620
     q,      0.35518,      0.36954,      0.14074
     q,      0.39386,      0.40940,      0.33605
     q,      0.44547,      0.45867,      0.57853
     q,      0.69365,      0.67860,      0.69225
     q,      0.68508,      0.66206,      0.59171
     t,    303.24380,    302.71533,    302.04999
     t,    303.24384,    302.71533,    300.95001
     t,    301.96838,    301.47427,    299.35001
     t,    301.05750,    300.70761,    298.54999
     t,    295.46167,    295.48547,    293.45001
     t,    292.64511,    292.64383,    290.85001
     t,    289.97925,    289.91510,    291.04999
     t,    289.09674,    289.05432,    290.75000
     t,    288.27322,    288.25150,    290.04999
     t,    282.15042,    282.07562,    283.54999
     t,    281.67578,    281.58759,    282.95001
     t,    279.47897,    279.45718,    280.85001
     t,    277.21625,    277.27902,    278.04999
     t,    276.05521,    276.13406,    276.75000
     t,    274.24213,    274.33563,    274.35001
     t,    273.87112,    273.96823,    274.04999
     t,    273.49881,    273.59909,    273.64999
     t,    272.45618,    272.55911,    272.35001
     t,    271.98056,    272.08527,    271.85001
     t,    271.40256,    271.51028,    271.35001
     t,    269.63565,    269.75052,    269.35001
     t,    269.33606,    269.45197,    268.95001
     t,    268.52917,    268.64795,    268.45001
     t,    268.03323,    268.15039,    268.14999
     t,    266.07727,    266.16666,    265.75000
     t,    265.77814,    265.86310,    265.85001
     t,    265.37656,    265.45563,    265.75000
     t,    263.64590,    263.69217,    263.54999
     t,    263.24005,    263.27396,    263.35001
     t,    263.03589,    263.06357,    263.04999
     t,    261.89603,    261.88776,    262.04999
     t,    261.05017,    261.01443,    261.85001
     t,    251.85742,    251.81715,    252.25000
     t,    251.07712,    251.03256,    251.45000
     t,    248.23546,    248.15120,    248.05000
     t,    246.96359,    246.86707,    246.45000
     t,    245.17551,    245.09346,    244.45000
     t,    240.61833,    240.55789,    240.64999
     t,    239.02248,    238.96518,    240.05000
     t,    236.19035,    236.11008,    237.45000
     t,    230.41220,    230.25667,    231.64999
     t,    226.35773,    226.20610,    229.25000
     t,    225.79648,    225.66850,    228.45000
     t,    224.26450,    224.19934,    226.85001
     t,    221.80499,    221.80296,    223.45000
     t,    219.79321,    219.79147,    220.25000
     t,    218.94846,    218.99364,    218.45000
     t,    218.05905,    218.17273,    216.64999
     t,    216.71837,    216.97865,    211.25000
     t,    216.60419,    216.88519,    212.45000
     t,    216.57576,    216.87480,    212.05000
     t,    216.54828,    216.86578,    217.05000
     t,    216.54243,    216.86400,    217.85001
     t,    216.45457,    216.76654,    215.85001
     t,    216.43817,    216.70149,    216.25000
     t,    216.44818,    216.69659,    216.85001
     t,    216.40027,    216.50038,    215.85001
     t,    216.36572,    216.35435,    214.25000
     t,    216.32863,    216.23355,    216.45000
     t,    216.31480,    216.20926,    218.25000
     t,    216.22710,    216.06627,    218.64999
     t,    215.93536,    215.73193,    216.45000
     t,    215.80969,    215.60971,    214.64999
     t,    215.63695,    215.45326,    214.05000
     t,    302.23782,    302.15845,    294.64999
     t,    302.23782,    302.15848,    296.85001
     t,    301.80966,    301.74777,    296.75000
     t,    301.06760,    301.00943,    296.14999
     t,    299.36020,    299.25140,    296.54999
     t,    295.94543,    296.00934,    295.35001
     t,    290.78018,    290.97748,    289.64999
     t,    287.90424,    288.14148,    287.75000
     t,    285.13138,    285.36365,    284.64999
     t,    285.03290,    285.26456,    284.64999
     t,    282.43408,    282.67831,    281.64999
     t,    281.00998,    281.27914,    280.14999
     t,    279.18228,    279.45493,    277.95001
     t,    278.38611,    278.64349,    277.04999
     t,    275.51447,    275.71426,    274.85001
     t,    273.79324,    273.94873,    273.64999
     t,    271.50970,    271.60965,    270.45001
     t,    271.08499,    271.17462,    270.45001
     t,    270.86423,    270.94595,    270.95001
     t,    270.76065,    270.83951,    270.75000
     t,    270.56036,    270.63501,    269.85001
     t,    270.35931,    270.42975,    270.25000
     t,    270.05646,    270.12051,    269.85001
     t,    269.75189,    269.80960,    269.14999
     t,    269.44571,    269.49698,    269.35001
     t,    265.77267,    265.74557,    265.45001
     t,    264.50159,    264.45361,    264.14999
     t,    255.14093,    255.04346,    256.54999
     t,    252.46298,    252.37578,    253.05000
     t,    247.61739,    247.54362,    248.45000
     t,    245.67163,    245.60608,    245.95000
     t,    239.83289,    239.82883,    240.35001
     t,    236.74063,    236.75247,    237.14999
     t,    235.79196,    235.80798,    236.14999
     t,    232.68036,    232.71426,    234.45000
     t,    226.14935,    226.18286,    227.45000
     t,    222.35213,    222.29169,    222.85001
     t,    221.35492,    221.26752,    222.64999
     t,    218.77357,    218.59840,    218.85001
     t,    217.94138,    217.75471,    218.45000
     t,    217.72493,    217.54395,    219.64999
     t,    216.97270,    216.81190,    218.45000
     t,    216.67450,    216.51868,    216.45000
     t,    216.60834,    216.45816,    216.85001
     t,    216.43269,    216.29370,    215.64999
     t,    216.32268,    216.18895,    216.05000
     t,    216.07997,    215.95911,    214.45000
     t,    215.85167,    215.73451,    216.45000
     t,    215.66249,    215.54863,    214.85001
     t,    215.56593,    215.45218,    215.64999
     t,    215.27260,    215.13608,    215.85001
     t,    215.23331,    215.09097,    216.05000
     t,    215.02988,    214.85800,    214.85001
     t,    214.86240,    214.66455,    215.05000
     t,    214.83385,    214.62949,    214.45000
     t,    214.77338,    214.55486,    214.85001
     t,    214.71510,    214.48294,    217.05000
     t,    214.68336,    214.44283,    217.64999
     t,    214.47078,    214.17683,    215.64999
     t,    214.38777,    214.09818,    217.45000
     t,    214.30212,    214.01570,    215.85001
     t,    214.17250,    213.89397,    215.45000
     t,    213.59702,    213.40674,    210.85001
     t,    213.30138,    213.17653,    210.45000
     t,    213.10780,    213.05060,    208.85001
     t,    212.97717,    213.02052,    208.64999
     t,    212.93681,    213.01064,    209.64999
     t,    212.90518,    213.00288,    213.05000
     t,    212.85585,    213.00485,    213.64999
     t,    212.77892,    213.02747,    213.45000
     t,    213.00369,    213.24176,    210.64999
     t,    213.16171,    213.32916,    214.45000
     t,    213.67499,    213.20410,    212.64999
     t,    213.76274,    213.13556,    214.45000
     t,    213.92366,    213.28166,    215.25000
     t,    214.25548,    213.58139,    213.64999
     t,    215.06297,    214.59389,    216.05000
     t,    216.55679,    216.70328,    214.05000
     t,    259.72397,    259.62146,    260.24567
     q,      0.51124,      0.54165,      0.49938
     q,      0.51124,      0.54165,      0.44751
     q,      0.52621,      0.55304,      0.46419
     q,      0.52737,      0.54550,      0.49413
     q,      0.62904,      0.63832,      0.60199
     q,      0.69652,      0.70563,      0.60940
     q,      0.73915,      0.76763,      0.28909
     q,      0.73147,      0.76057,      0.34255
     q,      0.72533,      0.75483,      0.51623
     q,      0.71751,      0.69773,      0.63574
     q,      0.72159,      0.69914,      0.62862
     q,      0.73615,      0.71410,      0.62533
     q,      0.75133,      0.72933,      0.68883
     q,      0.75245,      0.73069,      0.55008
     q,      0.75177,      0.72941,      0.60332
     q,      0.75203,      0.72993,      0.64872
     q,      0.75200,      0.72974,      0.55771
     q,      0.75288,      0.73111,      0.54753
     q,      0.74976,      0.72839,      0.63068
     q,      0.74692,      0.72640,      0.54296
     q,      0.73525,      0.71680,      0.61591
     q,      0.73282,      0.71469,      0.66034
     q,      0.72581,      0.70862,      0.57948
     q,      0.71996,      0.70405,      0.63101
     q,      0.69126,      0.68541,      0.47303
     q,      0.68558,      0.68138,      0.24481
     q,      0.67766,      0.67575,      0.14417
     q,      0.64621,      0.65607,      0.19569
     q,      0.63997,      0.65298,      0.12182
     q,      0.63672,      0.65137,      0.08106
     q,      0.62059,      0.64551,      0.07969
     q,      0.60791,      0.64154,      0.02784
     q,      0.56397,      0.60847,      0.02373
     q,      0.57689,      0.61907,      0.02925
     q,      0.65876,      0.68549,      0.21371
     q,      0.66308,      0.69238,      0.14386
     q,      0.66024,      0.69361,      0.14180
     q,      0.65251,      0.68693,      0.09518
     q,      0.64117,      0.67290,      0.10305
     q,      0.42413,      0.43435,      0.42295
     q,      0.42413,      0.43435,      0.40446
     q,      0.43033,      0.44060,      0.34753
     q,      0.44242,      0.45263,      0.37273
     q,      0.47076,      0.47985,      0.35020
     q,      0.49958,      0.46636,      0.39270
     q,      0.45597,      0.43470,      0.47144
     q,      0.46293,      0.45301,      0.60301
     q,      0.48836,      0.48827,      0.62562
     q,      0.48974,      0.48984,      0.62959
     q,      0.52981,      0.52980,      0.74068
     q,      0.55574,      0.55270,      0.60716
     q,      0.58710,      0.57987,      0.67269
     q,      0.59756,      0.58903,      0.62523
     q,      0.64379,      0.62958,      0.77799
     q,      0.66401,      0.65080,      0.74221
     q,      0.69395,      0.68323,      0.81792
     q,      0.70044,      0.69026,      0.82595
     q,      0.70470,      0.69515,      0.78474
     q,      0.70580,      0.69641,      0.77868
     q,      0.70666,      0.69758,      0.85225
     q,      0.70754,      0.69877,      0.72363
     q,      0.70890,      0.70062,      0.71060
     q,      0.71032,      0.70254,      0.82191
     q,      0.71178,      0.70453,      0.80176
     q,      0.72868,      0.72866,      0.85421
     q,      0.72700,      0.72854,      0.85969
     q,      0.72849,      0.73132,      0.88764
     q,      0.74515,      0.74626,      0.77385
     q,      0.76541,      0.76322,      0.78141
     q,      0.76055,      0.75525,      0.66482
     q,      0.71261,      0.69850,      0.77064
     q,      0.68730,      0.67703,      0.70539
     q,      0.71881,      0.72386,      0.89652
     t,    312.72122,    312.72055,    312.25000
     t,    312.57657,    312.58420,    309.64999
     t,    311.76099,    311.76450,    308.85001
     t,    307.32867,    307.32568,    304.54999
     t,    299.95932,    299.95090,    297.64999
     t,    298.12918,    298.11969,    295.85001
     t,    296.24698,    296.24576,    295.25000
     t,    295.75748,    295.76013,    296.04999
     t,    294.30920,    294.31586,    295.14999
     t,    287.22498,    287.21851,    287.64999
     t,    286.58014,    286.57507,    286.85001
     t,    285.93207,    285.92609,    286.25000
     t,    283.72153,    283.70682,    283.64999
     t,    281.15497,    281.11447,    281.45001
     t,    279.56567,    279.50885,    280.04999
     t,    278.70111,    278.68036,    279.35001
     t,    277.40421,    277.46848,    277.64999
     t,    276.65463,    276.76907,    276.75000
     t,    275.46558,    275.65955,    275.35001
     t,    275.13657,    275.32523,    274.85001
     t,    273.89908,    274.06738,    273.25000
     t,    273.47760,    273.63898,    272.95001
     t,    272.69250,    272.84027,    272.64999
     t,    271.40765,    271.54837,    270.54999
     t,    269.73898,    269.87454,    270.25000
     t,    269.64474,    269.78006,    270.25000
     t,    267.46402,    267.57108,    267.14999
     t,    265.77341,    265.84067,    266.45001
     t,    265.12485,    265.17654,    265.54999
     t,    264.79736,    264.84122,    265.54999
     t,    263.77258,    263.80438,    264.14999
     t,    263.30624,    263.33444,    263.54999
     t,    261.88138,    261.89865,    261.64999
     t,    261.64011,    261.65573,    261.45001
     t,    260.54001,    260.54733,    260.45001
     t,    258.33582,    258.34940,    258.04999
     t,    257.66684,    257.68317,    257.85001
     t,    252.61891,    252.63921,    252.45000
     t,    251.13199,    251.14980,    251.85001
     t,    249.75523,    249.76474,    250.85001
     t,    245.15982,    245.12161,    245.85001
     t,    242.99103,    242.90889,    243.25000
     t,    241.87430,    241.76959,    242.05000
     t,    237.34457,    237.18896,    238.05000
     t,    232.93187,    232.78033,    233.05000
     t,    223.01572,    222.94345,    223.85001
     t,    221.26532,    221.20981,    221.64999
     t,    210.72069,    210.75175,    209.45000
     t,    207.94971,    208.07553,    207.05000
     t,    207.42412,    207.56792,    206.64999
     t,    205.36928,    205.37756,    202.85001
     t,    204.46547,    204.36804,    203.64999
     t,    203.75139,    203.53491,    201.45000
     t,    203.46524,    203.23793,    202.45000
     t,    203.24051,    203.06436,    200.85001
     t,    203.01591,    202.92302,    200.45000
     t,    202.99472,    203.00566,    202.85001
     t,    202.97827,    203.06976,    203.25000
     t,    203.70412,    203.91183,    200.45000
     t,    205.19958,    205.36859,    206.25000
     t,    206.50981,    206.58688,    205.85001
     t,    209.45964,    209.33116,    206.05000
     t,    309.40479,    309.40350,    306.61050
     t,    303.22443,    303.19916,    304.04999
     t,    303.22443,    303.19916,    303.75000
     t,    303.47333,    303.46286,    303.95001
     t,    303.47333,    303.46283,    303.75000
     t,    303.19296,    303.13058,    306.75000
     t,    303.19296,    303.13055,    306.14999
     t,    303.22211,    303.16693,    303.85001
     t,    303.22211,    303.16690,    303.64999
     t,    303.69009,    303.68542,    304.45001
     t,    303.69006,    303.68539,    304.14999
     t,    304.08975,    304.08957,    304.95001
     t,    304.08972,    304.08957,    304.54999
     t,    303.90155,    303.89902,    304.35001
     t,    303.90158,    303.89902,    303.95001
     t,    303.22443,    303.19916,    304.25000
     t,    303.22443,    303.19916,    303.64999
     t,    303.22443,    303.19916,    303.64999
     t,    303.47333,    303.46283,    304.25000
     t,    303.47333,    303.46283,    303.64999
     t,    303.47333,    303.46286,    303.45001
     t,    303.19296,    303.13058,    307.35001
     t,    303.19296,    303.13058,    305.85001
     t,    303.19296,    303.13058,    305.75000
     t,    303.22211,    303.16690,    304.54999
     t,    303.22211,    303.16690,    303.14999
     t,    303.22214,    303.16693,    302.95001
     t,    303.69006,    303.68542,    305.25000
     t,    303.69006,    303.68542,    303.85001
     t,    303.69006,    303.68539,    303.54999
     t,    304.08975,    304.08957,    305.95001
     t,    304.08975,    304.08957,    303.95001
     t,    304.08975,    304.08957,    303.45001
     t,    303.90155,    303.89902,    305.35001
     t,    303.90158,    303.89902,    303.45001
     t,    303.90158,    303.89902,    302.95001
     t,    303.22443,    303.19916,    304.04999
     t,    303.22446,    303.19919,    303.95001
     t,    303.47333,    303.46283,    304.14999
     t,    303.47333,    303.46283,    304.14999
     t,    303.19296,    303.13055,    307.04999
     t,    303.19296,    303.13055,    306.54999
     t,    303.22211,    303.16693,    304.25000
     t,    303.22211,    303.16693,    304.35001
     t,    303.69006,    303.68539,    305.14999
     t,    303.69006,    303.68539,    305.04999
     t,    304.08975,    304.08957,    305.45001
     t,    304.08975,    304.08957,    305.35001
     t,    303.90155,    303.89902,    304.85001
     t,    303.90155,    303.89902,    304.64999
     q,      0.37605,      0.37359,      0.48691
     q,      0.37817,      0.37572,      0.41126
     q,      0.39070,      0.38816,      0.43534
     q,      0.47394,      0.47102,      0.51783
     q,      0.66580,      0.66212,      0.68474
     q,      0.72539,      0.72133,      0.73576
     q,      0.76433,      0.76053,      0.69458
     q,      0.77101,      0.76732,      0.59440
     q,      0.77725,      0.77276,      0.57285
     q,      0.73663,      0.72204,      0.56895
     q,      0.73477,      0.71801,      0.59996
     q,      0.73297,      0.71450,      0.52651
     q,      0.72638,      0.70414,      0.57878
     q,      0.71674,      0.69704,      0.44227
     q,      0.71004,      0.69236,      0.47759
     q,      0.68403,      0.66648,      0.41311
     q,      0.62542,      0.60775,      0.53047
     q,      0.58968,      0.57160,      0.41460
     q,      0.52780,      0.50900,      0.47014
     q,      0.50544,      0.48829,      0.36626
     q,      0.42045,      0.40830,      0.35106
     q,      0.38960,      0.37926,      0.25434
     q,      0.33140,      0.32472,      0.20335
     q,      0.30272,      0.30090,      0.10755
     q,      0.28977,      0.29509,      0.04422
     q,      0.28893,      0.29470,      0.04012
     q,      0.29436,      0.31210,      0.06980
     q,      0.31879,      0.34853,      0.02566
     q,      0.32793,      0.36280,      0.17230
     q,      0.33283,      0.37044,      0.08939
     q,      0.34531,      0.38610,      0.22206
     q,      0.34836,      0.38934,      0.40200
     q,      0.35877,      0.40040,      0.38341
     q,      0.36220,      0.40406,      0.35109
     q,      0.37099,      0.41332,      0.03067
     q,      0.35135,      0.38587,      0.04390
     q,      0.34225,      0.37354,      0.06344
     q,      0.27005,      0.29089,      0.06583
     q,      0.23446,      0.25625,      0.09917
     q,      0.17764,      0.19982,      0.08456
     q,      0.43241,      0.42965,      0.47747
     t,    225.43979,    225.42984,    225.64999
     t,    223.37901,    223.38130,    223.05000
     t,    216.82623,    216.86908,    215.64999
     t,    212.91331,    212.94826,    212.64999
     t,    211.88492,    211.90100,    210.85001
     t,    209.45587,    209.37222,    205.64999
     t,    208.04605,    207.86192,    203.45000
     t,    207.16216,    206.92180,    203.64999
     t,    206.48544,    206.20190,    205.45000
     t,    206.01566,    205.70355,    205.25000
     t,    205.28680,    204.95717,    206.05000
     t,    204.74989,    204.65703,    203.85001
     t,    204.94429,    204.88254,    205.05000
     t,    205.24374,    205.22820,    205.25000
     t,    205.90907,    205.93967,    206.45000
     t,    206.01715,    206.02203,    208.45000
     t,    206.41272,    206.32072,    206.05000
     t,    208.79132,    209.13818,    207.25000
     t,    209.62863,    210.08372,    209.64999
     t,    210.13461,    210.55002,    210.45000
     t,    211.50807,    211.54042,    208.85001
     t,    211.91373,    211.15648,    210.85001
     t,    212.32214,    211.49026,    214.64999
     t,    212.47095,    211.61366,    213.45000
     t,    308.87946,    308.72626,    307.95001
     t,    308.58310,    308.46329,    307.54999
     t,    307.29181,    307.17630,    306.85001
     t,    306.34824,    306.13751,    304.75000
     t,    299.87292,    299.76297,    298.04999
     t,    296.43005,    296.49368,    294.35001
     t,    295.14053,    295.20718,    294.04999
     t,    293.83707,    293.89978,    292.95001
     t,    290.45621,    290.42056,    290.45001
     t,    289.79736,    289.75681,    290.45001
     t,    288.87869,    288.83063,    288.85001
     t,    288.54175,    288.49091,    288.75000
     t,    288.11795,    288.06360,    288.14999
     t,    286.60602,    286.55075,    286.45001
     t,    286.51489,    286.45984,    286.25000
     t,    284.47632,    284.42618,    283.14999
     t,    278.39044,    278.27258,    279.35001
     t,    277.37320,    277.24490,    279.35001
     t,    275.66684,    275.52017,    275.45001
     t,    274.74820,    274.59967,    274.54999
     t,    274.43762,    274.28940,    273.75000
     t,    274.13721,    273.99261,    273.35001
     t,    273.99289,    273.85211,    272.75000
     t,    273.70270,    273.56961,    272.64999
     t,    273.62985,    273.49869,    272.35001
     t,    273.55682,    273.42761,    272.04999
     t,    273.41043,    273.28513,    271.45001
     t,    272.89383,    272.78220,    271.14999
     t,    271.83984,    271.75531,    269.35001
     t,    271.37967,    271.30695,    268.54999
     t,    271.07001,    271.00525,    267.85001
     t,    270.63034,    270.56909,    267.35001
     t,    269.55618,    269.50687,    265.75000
     t,    269.09561,    269.04648,    265.35001
     t,    268.63495,    268.59012,    264.75000
     t,    268.07599,    268.03635,    267.25000
     t,    266.61319,    266.57721,    265.25000
     t,    266.26572,    266.23224,    265.04999
     t,    265.79901,    265.76889,    266.35001
     t,    265.19366,    265.15784,    266.35001
     t,    263.46188,    263.40152,    264.25000
     t,    260.41885,    260.49100,    262.14999
     t,    257.70523,    257.90869,    258.45001
     t,    257.26059,    257.46570,    257.35001
     t,    254.73167,    254.88211,    254.95000
     t,    254.09824,    254.20911,    254.55000
     t,    253.08516,    253.11909,    253.45000
     t,    251.90324,    251.86313,    251.85001
     t,    250.78232,    250.74028,    250.35001
     t,    249.66563,    249.66992,    249.75000
     t,    249.12495,    249.15083,    249.25000
     t,    247.02820,    247.15697,    247.85001
     t,    243.09932,    243.66306,    244.45000
     t,    235.99554,    236.35216,    238.45000
     t,    232.99348,    232.84770,    234.64999
     t,    231.96692,    231.64842,    233.45000
     t,    230.71959,    230.24702,    233.05000
     t,    222.00867,    221.95294,    222.85001
     t,    216.91350,    217.02628,    216.85001
     t,    215.36806,    215.50096,    216.64999
     t,    209.18033,    209.21468,    208.45000
     t,    207.82906,    207.80637,    206.45000
     t,    204.39244,    204.46741,    198.25000
     t,    203.95132,    204.04608,    198.85001
     t,    203.53802,    203.50826,    197.05000
     t,    203.37842,    203.29262,    198.05000
     t,    203.29207,    203.17986,    197.64999
     t,    203.11703,    202.95126,    198.45000
     t,    203.19312,    202.71962,    197.45000
     t,    203.27440,    202.70262,    200.45000
     t,    203.52495,    202.85191,    203.25000
     t,    204.36723,    204.01715,    201.05000
     t,    204.94229,    204.86710,    202.05000
     t,    205.00238,    204.95900,    202.64999
     t,    205.07790,    205.07451,    207.05000
     t,    205.20886,    205.26579,    207.85001
     t,    206.73520,    206.91391,    204.85001
     t,    207.36182,    207.39841,    206.05000
     t,    207.53888,    207.56207,    208.45000
     t,    207.81798,    207.84567,    208.45000
     t,    208.98703,    209.04131,    207.64999
     t,    210.16869,    210.21907,    211.25000
     t,    211.29533,    211.35555,    211.45000
     t,    308.88193,    308.58511,    305.25000
     t,    305.03781,    304.84500,    300.25000
     t,    302.30450,    302.11539,    297.35001
     t,    298.34079,    298.17401,    295.04999
     t,    292.08511,    292.02164,    289.85001
     t,    289.73083,    289.70712,    287.25000
     t,    288.97580,    288.96432,    288.45001
     t,    287.25604,    287.26337,    287.04999
     t,    286.29306,    286.29446,    286.25000
     t,    285.58316,    285.58020,    286.14999
     t,    274.96271,    274.89575,    274.25000
     t,    273.65054,    273.63431,    273.14999
     t,    269.30563,    269.39612,    267.64999
     t,    269.04813,    269.14188,    267.75000
     t,    268.87558,    268.97153,    267.75000
     t,    268.70236,    268.80051,    267.35001
     t,    267.01184,    267.13208,    265.95001
     t,    266.31650,    266.43759,    266.75000
     t,    263.65240,    263.78140,    264.04999
     t,    259.99960,    260.12463,    259.14999
     t,    257.80328,    257.98953,    258.25000
     t,    257.12988,    257.35440,    257.85001
     t,    251.66335,    251.93588,    251.45000
     t,    243.63487,    243.42300,    246.25000
     t,    242.17065,    241.97163,    244.45000
     t,    233.24834,    233.06039,    235.05000
     t,    232.48227,    232.29604,    234.25000
     t,    222.37714,    222.24168,    222.25000
     t,    218.55574,    218.41690,    217.85001
     t,    213.73383,    213.53017,    213.25000
     t,    213.01479,    212.80751,    214.25000
     t,    210.54678,    210.27342,    210.45000
     t,    205.88565,    205.78909,    202.25000
     t,    204.55624,    204.73553,    198.64999
     t,    203.93469,    204.28859,    198.85001
     t,    203.63141,    204.03461,    200.25000
     t,    203.52852,    203.71965,    201.05000
     t,    204.22020,    204.42885,    207.05000
     t,    207.14912,    207.54387,    205.45000
     t,    207.82135,    208.18053,    210.05000
     t,    208.60587,    208.90442,    207.25000
     t,    209.24088,    209.38126,    208.45000
     t,    294.92944,    294.79562,    292.33539
     t,    279.79712,    279.66876,    280.14023
     t,    227.85480,    227.67776,    228.66879
     q,      0.57188,      0.57859,      0.64801
     q,      0.57069,      0.57607,      0.58490
     q,      0.57635,      0.58375,      0.63274
     q,      0.56785,      0.57656,      0.59347
     q,      0.70958,      0.71635,      0.77280
     q,      0.80763,      0.80839,      0.82605
     q,      0.83715,      0.84071,      0.84621
     q,      0.86894,      0.87646,      0.73433
     q,      0.90686,      0.93866,      0.73801
     q,      0.88441,      0.91613,      0.67659
     q,      0.85051,      0.88188,      0.64598
     q,      0.83770,      0.86910,      0.76475
     q,      0.82111,      0.85255,      0.78300
     q,      0.78634,      0.81565,      0.71347
     q,      0.78483,      0.81401,      0.71228
     q,      0.74796,      0.77360,      0.82607
     q,      0.67259,      0.68439,      0.96484
     q,      0.65357,      0.66335,      1.02644
     q,      0.59106,      0.60240,      0.86544
     q,      0.55443,      0.56597,      0.87453
     q,      0.54202,      0.55357,      0.74737
     q,      0.53019,      0.54174,      0.77423
     q,      0.52506,      0.53655,      0.62718
     q,      0.51456,      0.52590,      0.83951
     q,      0.51188,      0.52319,      0.82490
     q,      0.50918,      0.52046,      0.84776
     q,      0.50372,      0.51492,      0.75923
     q,      0.48390,      0.49483,      0.80423
     q,      0.44154,      0.45219,      0.63165
     q,      0.42135,      0.43180,      0.72178
     q,      0.40727,      0.41758,      0.64151
     q,      0.39933,      0.41055,      0.68760
     q,      0.37658,      0.38906,      0.58965
     q,      0.36790,      0.38172,      0.58563
     q,      0.35707,      0.37159,      0.58187
     q,      0.34322,      0.35863,      0.72334
     q,      0.33271,      0.35427,      0.78680
     q,      0.33563,      0.35905,      0.79421
     q,      0.33974,      0.36575,      0.92542
     q,      0.34890,      0.37962,      0.93877
     q,      0.37614,      0.42423,      0.89040
     q,      0.47754,      0.52878,      0.97931
     q,      0.62713,      0.67717,      0.85490
     q,      0.66012,      0.71234,      0.80075
     q,      0.78995,      0.85196,      0.69204
     q,      0.78722,      0.84704,      0.79582
     q,      0.78355,      0.83803,      0.73155
     q,      0.77715,      0.82649,      0.70245
     q,      0.76470,      0.80099,      0.50122
     q,      0.74600,      0.76610,      0.35048
     q,      0.73838,      0.74815,      0.17063
     q,      0.69669,      0.66359,      0.10171
     q,      0.57674,      0.59227,      0.09687
     q,      0.52958,      0.53610,      0.53160
     q,      0.61314,      0.62065,      0.59421
     q,      0.68143,      0.69292,      0.65314
     q,      0.78068,      0.79509,      0.71047
     q,      0.88708,      0.90706,      0.86049
     q,      0.83479,      0.85846,      0.79272
     q,      0.80921,      0.82885,      0.62081
     q,      0.75311,      0.76500,      0.51628
     q,      0.74767,      0.76023,      0.51565
     q,      0.74336,      0.75646,      0.46538
     q,      0.62837,      0.65013,      0.79231
     q,      0.58687,      0.60680,      0.61136
     q,      0.41929,      0.43082,      0.65782
     q,      0.40913,      0.42034,      0.31626
     q,      0.40217,      0.41317,      0.34890
     q,      0.39508,      0.40585,      0.37165
     q,      0.32131,      0.33060,      0.34274
     q,      0.30183,      0.31280,      0.10888
     q,      0.21193,      0.23134,      0.24015
     q,      0.17989,      0.23510,      0.13720
     q,      0.23787,      0.34020,      0.05848
     q,      0.28077,      0.40482,      0.10145
     q,      0.46239,      0.70682,      0.03546
     q,      0.85898,      0.87189,      0.79350
     q,      0.71189,      0.73274,      0.61959
     t,    297.93298,    297.56818,    297.04999
     t,    297.93301,    297.56821,    296.35001
     t,    297.00864,    296.61020,    294.25000
     t,    295.45126,    295.01807,    293.25000
     t,    294.24454,    293.29959,    292.64999
     t,    294.06433,    292.99542,    292.35001
     t,    294.04391,    293.15524,    293.04999
     t,    294.15039,    294.59613,    292.25000
     t,    293.73175,    294.03424,    291.35001
     t,    292.52194,    292.69553,    289.85001
     t,    292.28354,    292.43918,    289.14999
     t,    291.95035,    292.10547,    287.95001
     t,    291.61459,    291.76923,    287.14999
     t,    289.68210,    289.85919,    287.35001
     t,    284.75906,    284.90775,    282.54999
     t,    284.60632,    284.75098,    282.25000
     t,    283.52277,    283.63977,    281.75000
     t,    283.05228,    283.15671,    281.45001
     t,    282.65698,    282.75089,    281.54999
     t,    280.10104,    280.15460,    279.85001
     t,    277.93973,    277.96918,    278.95001
     t,    275.65527,    275.61591,    276.04999
     t,    275.15179,    275.09723,    275.95001
     t,    272.86041,    272.72046,    272.85001
     t,    271.91113,    271.72931,    272.45001
     t,    271.12003,    270.90329,    271.75000
     t,    270.49548,    270.25116,    271.25000
     t,    267.93173,    267.67761,    268.75000
     t,    267.63800,    267.38345,    268.35001
     t,    264.91833,    264.75394,    265.14999
     t,    263.68475,    263.59839,    263.85001
     t,    259.83667,    259.95303,    260.14999
     t,    256.56512,    256.77524,    256.04999
     t,    256.15524,    256.36111,    255.64999
     t,    254.62955,    254.82166,    254.55000
     t,    254.06259,    254.24879,    253.95000
     t,    253.05609,    253.23183,    252.95000
     t,    252.31297,    252.47005,    252.14999
     t,    250.47630,    250.57623,    250.35001
     t,    249.69293,    249.76849,    249.55000
     t,    248.25763,    248.28908,    248.55000
     t,    246.11098,    246.07373,    246.05000
     t,    244.73660,    244.66039,    245.45000
     t,    240.18471,    240.06119,    240.85001
     t,    238.33995,    238.21783,    238.64999
     t,    235.69594,    235.59520,    235.25000
     t,    234.40742,    234.32028,    234.85001
     t,    231.23735,    231.08723,    232.05000
     t,    222.57419,    222.70242,    223.45000
     t,    222.17294,    222.32368,    223.25000
     t,    220.68643,    220.87048,    222.85001
     t,    214.15665,    214.43987,    213.25000
     t,    212.60933,    212.88637,    211.25000
     t,    212.12703,    212.40137,    210.25000
     t,    211.38506,    211.62938,    208.25000
     t,    210.25540,    210.36371,    206.25000
     t,    209.99281,    210.06931,    207.25000
     t,    209.26048,    209.26718,    207.25000
     t,    207.98917,    207.91547,    204.85001
     t,    207.23813,    207.24411,    204.85001
     t,    207.02440,    207.09117,    207.05000
     t,    206.90997,    207.01485,    206.05000
     t,    207.02968,    207.11105,    208.25000
     t,    207.64578,    207.62619,    207.45000
     t,    207.89598,    207.84085,    209.05000
     t,    208.83527,    208.64868,    207.25000
     t,    210.64883,    210.91197,    207.85001
     t,    210.81114,    210.98419,    210.85001
     t,    210.82286,    210.98941,    210.85001
     t,    211.10919,    211.11681,    212.45000
     t,    211.91821,    211.65608,    209.85001
     t,    212.68263,    212.27309,    211.85001
     t,    212.91925,    212.45430,    213.64999
     t,    226.61285,    226.53873,    227.51543
     t,    295.40283,    292.32419,    295.75000
     t,    295.40283,    292.32419,    295.14999
     t,    292.02472,    288.85724,    291.04999
     t,    291.33167,    288.40121,    290.25000
     t,    289.05209,    288.68506,    287.25000
     t,    288.86212,    288.58078,    287.85001
     t,    288.45908,    289.29938,    287.45001
     t,    288.29318,    289.98755,    285.95001
     t,    287.55478,    288.18506,    283.95001
     t,    287.25894,    287.67709,    284.54999
     t,    285.40933,    285.75833,    282.45001
     t,    284.04468,    284.35767,    282.35001
     t,    283.85281,    284.16022,    282.04999
     t,    283.46661,    283.76285,    281.75000
     t,    283.20731,    283.49603,    281.25000
     t,    282.48633,    282.75418,    282.14999
     t,    281.61908,    281.86179,    281.04999
     t,    281.28159,    281.51129,    280.64999
     t,    280.94553,    281.14600,    280.45001
     t,    280.53882,    280.70395,    279.85001
     t,    278.65457,    278.65448,    277.04999
     t,    278.44064,    278.42194,    276.85001
     t,    277.54816,    277.48001,    276.75000
     t,    276.58084,    276.49866,    276.04999
     t,    274.16043,    274.04300,    273.25000
     t,    272.69742,    272.59991,    271.75000
     t,    268.32364,    268.35184,    267.54999
     t,    267.21179,    267.30154,    266.85001
     t,    266.64642,    266.76730,    266.85001
     t,    266.18997,    266.33600,    266.64999
     t,    265.04474,    265.24716,    265.25000
     t,    263.82642,    264.04764,    263.64999
     t,    260.22095,    260.46042,    259.25000
     t,    259.23416,    259.43582,    258.35001
     t,    257.97153,    258.12302,    256.64999
     t,    257.71542,    257.85669,    256.64999
     t,    257.06973,    257.18533,    256.54999
     t,    256.80930,    256.91452,    256.54999
     t,    255.13843,    255.20508,    255.14999
     t,    254.85031,    254.91167,    254.95000
     t,    253.83321,    253.87640,    253.95000
     t,    250.98207,    250.98479,    250.55000
     t,    248.81042,    248.81387,    248.35001
     t,    247.69395,    247.69804,    247.14999
     t,    243.62488,    243.60077,    244.14999
     t,    238.61981,    238.57428,    239.55000
     t,    238.42128,    238.37642,    239.35001
     t,    230.85986,    230.80927,    231.64999
     t,    228.10808,    228.07906,    228.64999
     t,    225.28740,    225.26151,    225.05000
     t,    222.21538,    222.12871,    220.25000
     t,    222.00513,    221.92560,    220.85001
     t,    220.68095,    220.63113,    219.45000
     t,    220.34000,    220.29935,    219.64999
     t,    219.42441,    219.42166,    220.25000
     t,    218.38632,    218.42738,    219.85001
     t,    216.67749,    216.73952,    216.64999
     t,    215.53535,    215.58397,    215.64999
     t,    215.12650,    215.16675,    214.45000
     t,    214.57056,    214.59863,    214.64999
     t,    211.97311,    211.89320,    210.05000
     t,    211.71613,    211.62915,    210.25000
     t,    210.64609,    210.52928,    208.85001
     t,    210.50792,    210.38713,    209.25000
     t,    209.51312,    209.47725,    206.64999
     t,    209.37778,    209.34595,    207.45000
     t,    209.27481,    209.20126,    206.85001
     t,    209.29196,    209.34300,    211.64999
     t,    209.55504,    209.62918,    211.64999
     t,    210.12331,    210.07584,    208.64999
     t,    210.40973,    210.28191,    209.45000
     t,    210.93338,    210.60335,    207.45000
     t,    211.53812,    211.19330,    209.25000
     t,    211.59566,    211.27469,    209.05000
     t,    211.84787,    211.63141,    211.45000
     t,    213.54449,    213.57341,    211.64999
     t,    293.65500,    290.49780,    293.05728
     q,      0.79955,      0.76024,      0.87190
     q,      0.79955,      0.76024,      0.78115
     q,      0.83102,      0.79084,      0.78539
     q,      0.89328,      0.85127,      0.84729
     q,      0.93652,      0.89400,      0.87851
     q,      0.94235,      0.89979,      0.87713
     q,      0.94768,      0.90473,      0.89758
     q,      0.92107,      0.87642,      0.83338
     q,      0.91924,      0.88568,      0.81174
     q,      0.92203,      0.89472,      0.80052
     q,      0.92212,      0.89583,      0.77020
     q,      0.91934,      0.89419,      0.64237
     q,      0.91648,      0.89250,      0.64155
     q,      0.88804,      0.85734,      0.78156
     q,      0.72119,      0.65615,      0.70827
     q,      0.71857,      0.65367,      0.70488
     q,      0.70027,      0.63652,      0.75840
     q,      0.69121,      0.62795,      0.74885
     q,      0.68330,      0.62047,      0.67575
     q,      0.66003,      0.60605,      0.72415
     q,      0.64948,      0.60723,      0.69317
     q,      0.63935,      0.61671,      0.76043
     q,      0.63682,      0.61910,      0.67813
     q,      0.61512,      0.62375,      0.72558
     q,      0.60047,      0.62207,      0.76332
     q,      0.58716,      0.62055,      0.52548
     q,      0.57586,      0.61926,      0.45307
     q,      0.53717,      0.60258,      0.34577
     q,      0.53202,      0.60017,      0.34158
     q,      0.50307,      0.57375,      0.37677
     q,      0.49776,      0.55840,      0.26022
     q,      0.48444,      0.50348,      0.25166
     q,      0.47680,      0.45072,      0.51277
     q,      0.47559,      0.44575,      0.51049
     q,      0.46985,      0.42344,      0.33096
     q,      0.46767,      0.41449,      0.39734
     q,      0.46334,      0.39671,      0.32655
     q,      0.45856,      0.38674,      0.19372
     q,      0.44447,      0.36119,      0.22998
     q,      0.43731,      0.34821,      0.34104
     q,      0.42286,      0.32064,      0.23455
     q,      0.40559,      0.28287,      0.17551
     q,      0.76942,      0.70173,      0.80602
     q,      0.76942,      0.70173,      0.73897
     q,      0.86375,      0.81049,      0.84250
     q,      0.88618,      0.83395,      0.87434
     q,      0.97369,      0.97220,      0.84854
     q,      0.97903,      0.97677,      0.85896
     q,      0.94539,      0.92884,      0.82687
     q,      0.91238,      0.88526,      0.70330
     q,      0.73842,      0.71461,      0.60014
     q,      0.70849,      0.69317,      0.68104
     q,      0.66573,      0.66407,      0.67535
     q,      0.61715,      0.61912,      0.65406
     q,      0.60785,      0.60953,      0.62477
     q,      0.58874,      0.58981,      0.54534
     q,      0.57561,      0.57627,      0.40590
     q,      0.53777,      0.53722,      0.21298
     q,      0.48947,      0.48739,      0.19047
     q,      0.46989,      0.46674,      0.40354
     q,      0.45062,      0.44379,      0.32642
     q,      0.42666,      0.41526,      0.46176
     q,      0.30562,      0.27270,      0.48749
     q,      0.29075,      0.25492,      0.36266
     q,      0.24435,      0.19906,      0.13222
     q,      0.21739,      0.16659,      0.04332
     q,      0.13825,      0.07126,      0.13318
     q,      0.14089,      0.08515,      0.06072
     q,      0.17597,      0.15161,      0.07450
     q,      0.19675,      0.17513,      0.05624
     q,      0.20848,      0.18851,      0.20394
     q,      0.21857,      0.20002,      0.22756
     q,      0.24314,      0.22823,      0.21984
     q,      0.25179,      0.24182,      0.35780
     q,      0.29357,      0.29820,      0.35209
     q,      0.31795,      0.32152,      0.24303
     q,      0.35451,      0.35636,      0.36433
     q,      0.36269,      0.36415,      0.44727
     q,      0.38462,      0.38505,      0.22273
     q,      0.39404,      0.39403,      0.27689
     q,      0.45200,      0.44879,      0.33554
     q,      0.46300,      0.45909,      0.33688
     q,      0.50398,      0.49776,      0.30268
     q,      0.63160,      0.61779,      0.41380
     q,      0.68008,      0.66610,      0.59150
     q,      0.71049,      0.69677,      0.53090
     q,      0.73969,      0.73213,      0.70717
     q,      0.72464,      0.72419,      0.63291
     q,      0.81133,      0.75686,      0.79142
     t,    215.32022,    215.16774,    213.64999
     t,    215.01031,    214.94516,    216.25000
     t,    214.93466,    215.12584,    211.85001
     t,    215.15680,    215.40710,    213.64999
     t,    215.35497,    215.65736,    213.64999
     t,    215.45695,    215.78629,    215.85001
     t,    217.22437,    217.18291,    215.64999
     t,    217.81766,    217.69315,    219.05000
     t,    301.76437,    301.75244,    302.25000
     t,    301.55685,    301.55090,    300.04999
     t,    300.79877,    300.79083,    299.14999
     t,    298.51840,    298.50897,    296.85001
     t,    291.46390,    291.36667,    289.85001
     t,    289.92480,    289.63751,    287.25000
     t,    289.85315,    289.54504,    287.35001
     t,    289.75714,    289.42120,    289.14999
     t,    289.66071,    289.29678,    289.64999
     t,    289.20520,    289.04858,    289.75000
     t,    288.93680,    288.94919,    289.64999
     t,    288.52847,    288.59470,    289.04999
     t,    288.00424,    288.13004,    288.45001
     t,    287.66730,    287.82990,    287.85001
     t,    287.11981,    287.29123,    287.04999
     t,    284.06158,    284.16785,    284.14999
     t,    283.41846,    283.52469,    283.35001
     t,    276.43542,    276.52988,    275.95001
     t,    273.57108,    273.64972,    273.85001
     t,    271.00415,    271.05463,    271.04999
     t,    269.02911,    269.05289,    269.35001
     t,    268.28070,    268.28680,    268.85001
     t,    264.19135,    264.13156,    264.25000
     t,    263.54443,    263.48874,    263.45001
     t,    263.35764,    263.30267,    263.25000
     t,    262.31671,    262.26593,    262.75000
     t,    259.67224,    259.64304,    259.54999
     t,    259.06540,    259.04181,    260.04999
     t,    258.03522,    258.02145,    259.04999
     t,    256.89487,    256.88919,    257.95001
     t,    254.44272,    254.44771,    255.55000
     t,    254.06474,    254.07138,    255.14999
     t,    252.60184,    252.60806,    253.55000
     t,    251.19138,    251.19072,    251.85001
     t,    249.15401,    249.14380,    249.64999
     t,    247.94643,    247.92899,    248.35001
     t,    243.47986,    243.43266,    243.64999
     t,    240.63350,    240.57726,    240.25000
     t,    238.36998,    238.30830,    237.64999
     t,    236.78246,    236.72147,    236.85001
     t,    236.60242,    236.54149,    236.64999
     t,    230.99939,    230.96651,    231.05000
     t,    228.40837,    228.39307,    228.05000
     t,    226.96147,    226.95132,    226.85001
     t,    223.74564,    223.75301,    224.25000
     t,    217.84190,    217.89957,    216.45000
     t,    217.25488,    217.30875,    215.85001
     t,    216.60321,    216.65083,    214.05000
     t,    216.38222,    216.42499,    215.05000
     t,    216.06296,    216.09315,    213.64999
     t,    215.95494,    215.97792,    215.05000
     t,    215.96527,    215.99078,    216.45000
     t,    215.99306,    216.01439,    217.64999
     t,    215.96744,    215.98520,    217.85001
     t,    215.91270,    215.92401,    216.64999
     t,    215.88361,    215.89143,    215.64999
     t,    215.80916,    215.82500,    216.05000
     t,    215.64362,    215.68941,    214.64999
     t,    215.47043,    215.55035,    214.45000
     t,    215.33109,    215.45784,    215.25000
     t,    215.11127,    215.31477,    213.85001
     t,    214.99805,    215.24010,    215.05000
     t,    214.80328,    215.10576,    213.45000
     t,    214.60358,    214.96642,    213.25000
     t,    214.16959,    214.64786,    211.85001
     t,    213.99371,    214.49681,    213.25000
     t,    213.91312,    214.35396,    210.85001
     t,    213.70772,    213.82004,    212.25000
     t,    213.62346,    213.55769,    214.85001
     t,    213.94664,    213.50566,    213.64999
     t,    214.00830,    213.56419,    213.64999
     t,    214.40849,    213.96509,    215.05000
     t,    216.97046,    216.75778,    214.25000
     t,    217.66069,    217.60497,    215.45000
     q,      0.41466,      0.40798,      0.45313
     q,      0.41728,      0.41052,      0.40463
     q,      0.42772,      0.42049,      0.40086
     q,      0.47305,      0.46520,      0.42370
     q,      0.63815,      0.62286,      0.60954
     q,      0.51735,      0.47171,      0.62325
     q,      0.49219,      0.44233,      0.61113
     q,      0.45872,      0.40325,      0.52203
     q,      0.42534,      0.36426,      0.44151
     q,      0.33650,      0.31176,      0.15397
     q,      0.28489,      0.28902,      0.27998
     q,      0.28424,      0.29944,      0.39146
     q,      0.28757,      0.31608,      0.29269
     q,      0.28956,      0.32688,      0.37925
     q,      0.30440,      0.34378,      0.32430
     q,      0.43058,      0.45406,      0.40121
     q,      0.45357,      0.47480,      0.42439
     q,      0.67738,      0.67782,      0.67126
     q,      0.70753,      0.70676,      0.65158
     q,      0.68068,      0.68611,      0.63041
     q,      0.65032,      0.66122,      0.64287
     q,      0.62897,      0.64087,      0.72127
     q,      0.49970,      0.51450,      0.60968
     q,      0.48584,      0.49950,      0.66743
     q,      0.48182,      0.49523,      0.67125
     q,      0.45783,      0.46973,      0.62650
     q,      0.42495,      0.43368,      0.63922
     q,      0.42081,      0.42901,      0.54512
     q,      0.41255,      0.41959,      0.45483
     q,      0.40753,      0.41351,      0.25891
     q,      0.40361,      0.40765,      0.30500
     q,      0.40295,      0.40665,      0.22557
     q,      0.40193,      0.40451,      0.19619
     q,      0.40265,      0.40445,      0.12166
     q,      0.40403,      0.40444,      0.16039
     q,      0.40442,      0.40442,      0.26036
     q,      0.40256,      0.40172,      0.26854
     q,      0.39746,      0.39568,      0.37149
     q,      0.39271,      0.39013,      0.39225
     q,      0.39141,      0.38843,      0.26581
     q,      0.39140,      0.38883,      0.26435
     t,    306.99466,    306.92856,    308.54999
     t,    306.03378,    305.96658,    306.14999
     t,    305.58337,    305.51556,    305.75000
     t,    299.59689,    299.57852,    299.54999
     t,    298.53284,    298.54388,    298.14999
     t,    298.07724,    298.09903,    297.85001
     t,    295.87534,    295.94223,    295.04999
     t,    295.28375,    295.36078,    294.35001
     t,    294.22458,    294.28970,    293.04999
     t,    293.59808,    293.65860,    292.85001
     t,    291.81094,    291.87320,    291.75000
     t,    290.76297,    290.82019,    290.45001
     t,    289.95593,    290.00906,    289.45001
     t,    288.92648,    288.97437,    288.45001
     t,    287.70291,    287.74594,    287.75000
     t,    286.74777,    286.78699,    286.75000
     t,    285.85046,    285.88614,    285.85001
     t,    283.74164,    283.77499,    283.75000
     t,    283.06085,    283.09378,    283.25000
     t,    280.78421,    280.81592,    280.35001
     t,    277.90610,    277.93121,    277.45001
     t,    277.46997,    277.49408,    276.95001
     t,    276.85324,    276.87592,    276.45001
     t,    276.43253,    276.45328,    276.04999
     t,    275.09662,    275.10797,    275.14999
     t,    274.37515,    274.38089,    274.64999
     t,    273.96918,    273.97189,    274.35001
     t,    273.06302,    273.05902,    273.75000
     t,    271.90271,    271.88785,    272.54999
     t,    268.68393,    268.63821,    268.45001
     t,    265.33643,    265.25989,    265.04999
     t,    263.12732,    263.03903,    263.35001
     t,    260.49289,    260.39523,    260.35001
     t,    259.02527,    258.94049,    258.85001
     t,    257.51074,    257.43927,    257.45001
     t,    252.77641,    252.74599,    252.85001
     t,    250.95345,    250.93207,    250.64999
     t,    250.14073,    250.12140,    249.85001
     t,    241.70943,    241.69832,    241.25000
     t,    234.99988,    234.98865,    234.45000
     t,    231.27095,    231.26292,    231.05000
     t,    221.85873,    221.88565,    221.25000
     t,    220.75240,    220.78053,    220.45000
     t,    220.13118,    220.15924,    219.85001
     t,    219.92064,    219.94858,    219.85001
     t,    219.06776,    219.09518,    218.85001
     t,    216.86435,    216.89268,    216.25000
     t,    211.67746,    211.79730,    210.05000
     t,    209.76941,    209.92253,    209.05000
     t,    208.84131,    208.99388,    208.05000
     t,    207.61407,    207.63864,    207.25000
     t,    205.83434,    205.68738,    204.05000
     t,    205.45776,    205.28264,    204.45000
     t,    204.29793,    204.09836,    202.64999
     t,    204.04443,    203.88091,    203.45000
     t,    203.25645,    203.20287,    203.05000
     t,    202.55260,    202.52673,    199.85001
     t,    202.09239,    202.05803,    199.45000
     t,    202.18004,    202.11699,    200.85001
     t,    202.45190,    202.34550,    205.25000
     t,    202.77847,    202.61711,    204.05000
     t,    203.28709,    203.23370,    205.25000
     t,    204.78314,    204.98833,    204.05000
     t,    205.79106,    205.84419,    206.25000
     t,    207.43001,    207.52115,    208.85001
     t,    209.02319,    209.32480,    207.64999
     t,    209.39957,    209.67976,    209.45000
     t,    210.40382,    210.62564,    209.85001
     t,    210.44363,    210.66318,    211.85001
     t,    304.08969,    304.02094,    304.31436
     t,    302.52661,    302.45810,    302.79196
     t,    310.56659,    310.63730,    309.95001
     t,    310.56656,    310.63730,    309.25000
     t,    309.80515,    309.89255,    308.04999
     t,    303.74091,    303.83020,    301.85001
     t,    298.85025,    298.93521,    297.14999
     t,    296.51785,    296.58704,    294.95001
     t,    292.33148,    292.35114,    291.04999
     t,    291.83536,    291.86560,    290.75000
     t,    291.33813,    291.37967,    291.75000
     t,    290.42371,    290.46173,    291.14999
     t,    287.89761,    287.90192,    288.85001
     t,    284.92416,    284.93912,    285.45001
     t,    284.77606,    284.79178,    285.25000
     t,    283.32700,    283.35172,    283.85001
     t,    282.62027,    282.65451,    283.45001
     t,    278.36176,    278.42706,    278.54999
     t,    277.43884,    277.50119,    276.95001
     t,    277.15076,    277.21222,    276.75000
     t,    276.67508,    276.73935,    276.95001
     t,    275.75476,    275.82553,    275.54999
     t,    275.24884,    275.32413,    274.75000
     t,    274.99191,    275.06882,    274.45001
     t,    274.64719,    274.72626,    274.25000
     t,    274.29999,    274.38126,    273.85001
     t,    273.77444,    273.85901,    273.25000
     t,    273.15308,    273.24185,    272.25000
     t,    271.92929,    272.02441,    271.04999
     t,    271.35577,    271.45303,    270.75000
     t,    270.77383,    270.87405,    270.75000
     t,    269.48938,    269.59616,    269.85001
     t,    269.28879,    269.39661,    269.54999
     t,    268.22162,    268.33493,    268.75000
     t,    266.13654,    266.26132,    267.14999
     t,    260.26456,    260.41940,    259.75000
     t,    259.37155,    259.52499,    258.54999
     t,    258.46323,    258.61520,    257.54999
     t,    258.06912,    258.22046,    256.95001
     t,    256.86871,    257.01819,    255.55000
     t,    255.67331,    255.80621,    255.05000
     t,    250.84917,    250.87257,    251.25000
     t,    242.39204,    242.25816,    242.64999
     t,    238.38329,    238.17146,    238.25000
     t,    232.87964,    232.55373,    233.45000
     t,    232.29355,    231.95657,    232.85001
     t,    229.45003,    229.28468,    229.45000
     t,    228.39272,    228.28925,    228.25000
     t,    226.30568,    226.30443,    225.64999
     t,    223.27885,    223.40570,    222.25000
     t,    221.42719,    221.59146,    220.64999
     t,    217.80455,    217.96631,    217.25000
     t,    210.02885,    209.92889,    208.64999
     t,    207.67421,    207.58458,    206.45000
     t,    205.08028,    205.26624,    202.05000
     t,    204.79742,    205.01144,    203.25000
     t,    204.03036,    204.29970,    200.85001
     t,    203.97304,    204.23787,    201.05000
     t,    203.91522,    204.17552,    202.05000
     t,    203.67889,    203.92067,    201.05000
     t,    203.32990,    203.47623,    201.64999
     t,    203.21005,    203.28712,    203.45000
     t,    203.08665,    203.09242,    202.25000
     t,    203.06499,    202.96039,    200.64999
     t,    203.26416,    202.95963,    204.05000
     t,    203.92914,    203.56995,    203.25000
     t,    204.35585,    204.03304,    204.45000
     t,    204.68442,    204.38400,    207.25000
     t,    205.94601,    205.85623,    206.85001
     t,    208.82262,    209.20984,    206.64999
     t,    209.48114,    209.90962,    208.05000
     t,    211.16936,    211.33472,    208.85001
     t,    308.78870,    308.87790,    307.01056
     t,    307.53461,    307.62247,    305.73318
     t,    305.95142,    306.04010,    304.12183
     t,    308.19141,    308.19495,    310.35001
     t,    308.19141,    308.19495,    309.45001
     t,    307.77768,    307.78806,    308.25000
     t,    301.95505,    301.96555,    302.04999
     t,    296.16055,    296.16446,    295.95001
     t,    295.18573,    295.19019,    295.45001
     t,    295.09647,    295.10098,    295.25000
     t,    292.67758,    292.68301,    292.85001
     t,    292.20724,    292.21289,    292.25000
     t,    290.02643,    290.03534,    289.54999
     t,    289.42557,    289.43930,    288.95001
     t,    288.76587,    288.78671,    288.14999
     t,    287.62436,    287.65753,    287.14999
     t,    286.49268,    286.52975,    285.85001
     t,    285.64490,    285.67804,    284.85001
     t,    284.51471,    284.54160,    283.85001
     t,    282.03958,    282.04449,    281.25000
     t,    281.47330,    281.47137,    281.04999
     t,    281.18756,    281.18219,    281.04999
     t,    280.90009,    280.89127,    280.85001
     t,    280.68332,    280.67184,    280.45001
     t,    280.46552,    280.45142,    280.25000
     t,    279.42789,    279.40793,    279.14999
     t,    278.51636,    278.50278,    278.35001
     t,    277.19305,    277.18994,    277.45001
     t,    276.23297,    276.23746,    276.45001
     t,    275.69034,    275.69888,    275.85001
     t,    274.06662,    274.08737,    273.75000
     t,    273.43286,    273.45825,    272.95001
     t,    272.54642,    272.57846,    271.95001
     t,    272.25369,    272.28690,    271.75000
     t,    271.88965,    271.92441,    271.64999
     t,    271.37418,    271.41116,    271.35001
     t,    270.32651,    270.36740,    270.54999
     t,    269.55807,    269.60214,    269.54999
     t,    265.67804,    265.71265,    265.95001
     t,    265.12848,    265.16153,    265.54999
     t,    263.97311,    264.00168,    263.95001
     t,    262.79150,    262.81625,    263.04999
     t,    258.86276,    258.87970,    258.54999
     t,    258.32596,    258.34238,    258.14999
     t,    255.07869,    255.09126,    254.85001
     t,    253.42706,    253.43704,    252.85001
     t,    252.03612,    252.04353,    252.25000
     t,    241.68883,    241.68893,    241.85001
     t,    234.75246,    234.75476,    234.05000
     t,    231.86829,    231.85875,    231.45000
     t,    229.04562,    229.03041,    228.45000
     t,    224.54364,    224.53020,    224.85001
     t,    221.01662,    221.01097,    220.64999
     t,    218.52673,    218.52652,    217.64999
     t,    212.82220,    212.82819,    211.25000
     t,    209.65544,    209.65085,    208.85001
     t,    208.46434,    208.45361,    209.05000
     t,    207.24188,    207.22488,    207.45000
     t,    206.75174,    206.72307,    206.05000
     t,    206.12265,    206.07603,    206.05000
     t,    205.28323,    205.23178,    203.25000
     t,    204.78256,    204.75285,    203.64999
     t,    204.47360,    204.45462,    202.25000
     t,    203.27824,    203.31573,    200.64999
     t,    202.98750,    203.03641,    202.25000
     t,    202.74152,    202.77734,    202.25000
     t,    202.42049,    202.43927,    200.85001
     t,    203.13843,    203.09372,    202.05000
     t,    203.69768,    203.61726,    205.05000
     t,    204.74635,    204.65788,    202.45000
     t,    205.56340,    205.50029,    207.45000
     t,    206.15353,    206.11179,    205.64999
     t,    206.49742,    206.46584,    206.25000
     t,    207.58612,    207.58961,    207.85001
     t,    208.30304,    208.31709,    207.05000
     t,    208.83057,    208.85175,    208.85001
     t,    210.35008,    210.37315,    207.64999
     t,    211.23578,    211.25108,    212.05000
     t,    305.86047,    305.87213,    306.11258
     t,    304.30795,    304.31967,    304.50119
     t,    306.87421,    306.84888,    306.95001
     t,    303.23175,    303.20853,    304.04999
     t,    303.23175,    303.20856,    303.75000
     t,    303.15219,    303.13693,    303.95001
     t,    303.15219,    303.13693,    303.75000
     t,    303.22040,    303.20721,    303.95001
     t,    303.22040,    303.20718,    303.54999
     t,    303.44427,    303.43497,    303.85001
     t,    303.44427,    303.43497,    303.25000
     t,    303.35376,    303.34012,    303.45001
     t,    303.35373,    303.34009,    303.35001
     t,    303.42740,    303.41260,    303.64999
     t,    303.42737,    303.41260,    303.54999
     t,    303.18631,    303.02292,    303.54999
     t,    303.18631,    303.02295,    303.75000
     t,    303.96149,    303.95624,    303.45001
     t,    303.96149,    303.95624,    302.95001
     t,    304.96033,    304.95279,    303.75000
     t,    304.96030,    304.95276,    304.54999
     t,    304.71216,    304.72552,    303.85001
     t,    304.71216,    304.72552,    303.35001
     t,    303.55200,    303.48431,    305.14999
     t,    303.55200,    303.48431,    304.25000
     t,    306.87421,    306.84888,    307.45001
     t,    303.23178,    303.20856,    304.35001
     t,    303.23178,    303.20856,    303.45001
     t,    303.23178,    303.20856,    302.95001
     t,    303.15219,    303.13693,    303.85001
     t,    303.15219,    303.13693,    303.64999
     t,    303.15219,    303.13693,    303.75000
     t,    303.22040,    303.20721,    304.35001
     t,    303.22040,    303.20718,    302.64999
     t,    303.22040,    303.20718,    302.54999
     t,    303.44424,    303.43497,    304.64999
     t,    303.44427,    303.43497,    302.75000
     t,    303.44424,    303.43497,    302.14999
     t,    303.35373,    303.34009,    303.64999
     t,    303.35373,    303.34009,    303.14999
     t,    303.35373,    303.34009,    303.04999
     t,    303.42740,    303.41260,    304.25000
     t,    303.42740,    303.41260,    303.25000
     t,    303.42740,    303.41260,    303.14999
     t,    303.18631,    303.02292,    303.64999
     t,    303.18631,    303.02295,    303.75000
     t,    303.18634,    303.02295,    303.45001
     t,    303.96149,    303.95624,    305.95001
     t,    303.96149,    303.95624,    302.35001
     t,    303.96149,    303.95624,    301.75000
     t,    304.96033,    304.95279,    303.35001
     t,    304.96030,    304.95276,    304.54999
     t,    304.96030,    304.95276,    304.04999
     t,    304.71216,    304.72552,    303.75000
     t,    304.71216,    304.72552,    302.95001
     t,    304.71213,    304.72549,    302.14999
     t,    303.55200,    303.48431,    305.75000
     t,    303.55200,    303.48431,    303.85001
     t,    303.55200,    303.48431,    303.25000
     t,    306.87418,    306.84885,    307.04999
     t,    303.23175,    303.20856,    304.25000
     t,    303.23175,    303.20856,    304.14999
     t,    303.15219,    303.13693,    304.14999
     t,    303.15219,    303.13693,    303.85001
     t,    303.22040,    303.20718,    304.25000
     t,    303.22040,    303.20718,    304.14999
     t,    303.44427,    303.43497,    303.85001
     t,    303.44424,    303.43497,    304.04999
     t,    303.35373,    303.34009,    303.54999
     t,    303.35373,    303.34009,    303.64999
     t,    303.42740,    303.41260,    304.14999
     t,    303.42737,    303.41260,    304.04999
     t,    303.18631,    303.02292,    303.64999
     t,    303.18631,    303.02295,    303.75000
     t,    303.96149,    303.95624,    305.85001
     t,    303.96149,    303.95624,    304.75000
     t,    304.96033,    304.95279,    303.25000
     t,    304.96033,    304.95279,    303.25000
     t,    304.71216,    304.72552,    304.25000
     t,    304.71213,    304.72549,    304.14999
     t,    303.55200,    303.48431,    305.75000
     t,    303.55200,    303.48431,    305.25000
     q,      0.70206,      0.70544,      0.68526
     q,      0.72135,      0.72437,      0.67410
     q,      0.73420,      0.73721,      0.67473
     q,      0.80426,      0.79880,      0.84529
     q,      0.70865,      0.70524,      0.86918
     q,      0.67817,      0.67084,      0.79190
     q,      0.52553,      0.51438,      0.70242
     q,      0.48225,      0.47279,      0.62495
     q,      0.42785,      0.42353,      0.53953
     q,      0.40180,      0.39986,      0.35339
     q,      0.38076,      0.37979,      0.36498
     q,      0.38273,      0.38173,      0.33180
     q,      0.38492,      0.38401,      0.48442
     q,      0.39063,      0.38980,      0.26058
     q,      0.40805,      0.40748,      0.35733
     q,      0.42305,      0.42268,      0.46620
     q,      0.43841,      0.43826,      0.43434
     q,      0.47331,      0.47269,      0.43002
     q,      0.48473,      0.48374,      0.56865
     q,      0.52932,      0.52686,      0.62827
     q,      0.44779,      0.44582,      0.49632
     q,      0.43298,      0.43110,      0.42449
     q,      0.41096,      0.40920,      0.19262
     q,      0.39594,      0.39429,      0.22698
     q,      0.34879,      0.34777,      0.13729
     q,      0.32091,      0.32031,      0.27329
     q,      0.30451,      0.30415,      0.15090
     q,      0.26557,      0.26576,      0.15229
     q,      0.25056,      0.25139,      0.27169
     q,      0.21487,      0.21784,      0.24315
     q,      0.19224,      0.19598,      0.27601
     q,      0.17738,      0.18120,      0.12038
     q,      0.15751,      0.16111,      0.16467
     q,      0.14627,      0.14929,      0.07002
     q,      0.13245,      0.13477,      0.06832
     q,      0.12892,      0.12938,      0.03794
     q,      0.14492,      0.14505,      0.07759
     q,      0.15660,      0.15673,      0.16488
     q,      0.29265,      0.29450,      0.17509
     q,      0.78234,      0.78531,      0.71868
     q,      0.83868,      0.84122,      0.76844
     q,      0.41937,      0.41888,      0.49177
     q,      0.41937,      0.41888,      0.47493
     q,      0.42194,      0.42147,      0.46467
     q,      0.53347,      0.53213,      0.57698
     q,      0.66623,      0.66488,      0.70551
     q,      0.73516,      0.73594,      0.74128
     q,      0.77890,      0.77805,      0.77912
     q,      0.77840,      0.77299,      0.77583
     q,      0.77834,      0.76822,      0.62362
     q,      0.77580,      0.76680,      0.55755
     q,      0.76438,      0.77239,      0.48880
     q,      0.62661,      0.63431,      0.56068
     q,      0.61868,      0.62626,      0.55740
     q,      0.53939,      0.54478,      0.48043
     q,      0.48986,      0.49138,      0.36478
     q,      0.24412,      0.22274,      0.13413
     q,      0.20666,      0.18044,      0.28451
     q,      0.19434,      0.16654,      0.12401
     q,      0.18685,      0.15856,      0.27603
     q,      0.18283,      0.15641,      0.41850
     q,      0.17990,      0.15534,      0.44032
     q,      0.17872,      0.15473,      0.54907
     q,      0.17710,      0.15388,      0.37953
     q,      0.17540,      0.15300,      0.44216
     q,      0.17272,      0.15160,      0.34667
     q,      0.16953,      0.14995,      0.30788
     q,      0.17291,      0.15639,      0.15360
     q,      0.17490,      0.16037,      0.07410
     q,      0.17684,      0.16392,      0.09382
     q,      0.18157,      0.17261,      0.16530
     q,      0.18237,      0.17408,      0.13706
     q,      0.17264,      0.16406,      0.06942
     q,      0.14407,      0.13274,      0.07642
     q,      0.11380,      0.10204,      0.09491
     q,      0.11746,      0.10696,      0.20093
     q,      0.12160,      0.11254,      0.11858
     q,      0.12356,      0.11517,      0.17283
     q,      0.13017,      0.12407,      0.20393
     q,      0.12790,      0.12418,      0.06819
     q,      0.09726,      0.10307,      0.04162
     q,      0.11427,      0.12081,      0.05154
     q,      0.43351,      0.43278,      0.48082
     q,      0.45312,      0.45292,      0.50241
     q,      0.48419,      0.48362,      0.53208
     q,      0.53780,      0.53709,      0.49778
     q,      0.53780,      0.53709,      0.47545
     q,      0.49465,      0.49445,      0.45128
     q,      0.59774,      0.59730,      0.55107
     q,      0.74159,      0.74316,      0.68112
     q,      0.76189,      0.76330,      0.62466
     q,      0.76385,      0.76524,      0.61977
     q,      0.78360,      0.78494,      0.61606
     q,      0.78450,      0.78587,      0.50909
     q,      0.71462,      0.71294,      0.65743
     q,      0.69363,      0.69083,      0.57617
     q,      0.67056,      0.66645,      0.60589
     q,      0.62794,      0.62143,      0.53118
     q,      0.58779,      0.58085,      0.63438
     q,      0.56430,      0.55905,      0.62145
     q,      0.53010,      0.52748,      0.58517
     q,      0.44381,      0.44416,      0.40021
     q,      0.42214,      0.42266,      0.19078
     q,      0.41083,      0.41143,      0.17878
     q,      0.39917,      0.39987,      0.28689
     q,      0.39020,      0.39096,      0.28170
     q,      0.38102,      0.38185,      0.44140
     q,      0.34590,      0.34624,      0.40478
     q,      0.33472,      0.33312,      0.40375
     q,      0.31722,      0.31238,      0.22059
     q,      0.30348,      0.29620,      0.23588
     q,      0.29605,      0.28806,      0.37471
     q,      0.27372,      0.26519,      0.20138
     q,      0.26413,      0.25559,      0.29837
     q,      0.24941,      0.24053,      0.24695
     q,      0.24084,      0.23247,      0.26984
     q,      0.22931,      0.22168,      0.17899
     q,      0.21235,      0.20580,      0.25442
     q,      0.17531,      0.17127,      0.09547
     q,      0.14582,      0.14362,      0.11108
     q,      0.15464,      0.15488,      0.14074
     q,      0.15750,      0.15782,      0.07035
     q,      0.16446,      0.16466,      0.19311
     q,      0.17190,      0.17198,      0.05906
     q,      0.18693,      0.18669,      0.19005
     q,      0.18750,      0.18722,      0.12791
     q,      0.18246,      0.18240,      0.02447
     q,      0.17252,      0.17296,      0.08051
     q,      0.16193,      0.16283,      0.10627
     q,      0.18546,      0.18375,      0.09178
     q,      0.50867,      0.50818,      0.47844
     q,      0.54220,      0.54163,      0.50589
     q,      0.72983,      0.73123,      0.74153
     q,      0.72983,      0.73123,      0.72351
     q,      0.72983,      0.73123,      0.71057
     t,    308.40659,    308.50601,    309.04999
     t,    307.98129,    308.09250,    307.25000
     t,    302.82040,    302.93002,    301.95001
     t,    296.40909,    296.63879,    294.85001
     t,    295.42947,    295.65570,    293.54999
     t,    295.28091,    295.49771,    293.45001
     t,    294.98267,    295.18048,    293.75000
     t,    294.60785,    294.78183,    292.95001
     t,    294.30637,    294.46112,    292.75000
     t,    293.85135,    293.97717,    292.85001
     t,    292.80154,    292.88449,    292.45001
     t,    292.14359,    292.22366,    292.04999
     t,    288.78372,    288.81989,    289.35001
     t,    287.81924,    287.84177,    288.54999
     t,    285.31519,    285.35641,    285.45001
     t,    285.08884,    285.13211,    284.95001
     t,    279.64859,    279.78613,    279.75000
     t,    277.22275,    277.31821,    276.25000
     t,    276.40796,    276.48721,    275.64999
     t,    275.83054,    275.90118,    275.35001
     t,    275.58075,    275.64832,    275.25000
     t,    275.16156,    275.22391,    274.64999
     t,    274.90826,    274.96747,    274.64999
     t,    273.44504,    273.48553,    272.54999
     t,    273.00693,    273.04202,    272.85001
     t,    272.74213,    272.77396,    272.95001
     t,    271.20212,    271.23993,    271.04999
     t,    270.55307,    270.59656,    270.54999
     t,    270.36603,    270.41113,    270.35001
     t,    269.98883,    270.03732,    270.04999
     t,    268.93903,    268.99683,    268.85001
     t,    268.84244,    268.90112,    268.85001
     t,    268.45630,    268.51770,    268.14999
     t,    267.51721,    267.58151,    266.75000
     t,    267.23178,    267.29684,    266.64999
     t,    266.64993,    266.72003,    266.54999
     t,    265.57471,    265.64883,    266.14999
     t,    265.27719,    265.35220,    265.95001
     t,    263.94464,    264.00192,    264.14999
     t,    263.41620,    263.45892,    263.64999
     t,    262.34122,    262.35437,    263.04999
     t,    261.90411,    261.90634,    262.35001
     t,    259.55615,    259.53409,    259.64999
     t,    258.16068,    258.14822,    258.04999
     t,    255.92575,    255.94211,    255.75000
     t,    254.84366,    254.90865,    255.64999
     t,    252.89555,    253.04829,    253.45000
     t,    252.46790,    252.63977,    252.95000
     t,    252.18080,    252.36551,    252.75000
     t,    250.10872,    250.31230,    250.55000
     t,    248.72800,    248.93532,    249.05000
     t,    246.62015,    246.80348,    246.64999
     t,    245.23161,    245.36185,    244.85001
     t,    243.62581,    243.69368,    242.85001
     t,    243.07954,    243.12569,    242.45000
     t,    242.89612,    242.93526,    242.45000
     t,    242.52740,    242.55247,    242.14999
     t,    242.16000,    242.17564,    241.55000
     t,    239.32761,    239.27914,    239.25000
     t,    237.16318,    237.07721,    236.64999
     t,    236.57408,    236.49684,    236.05000
     t,    234.56160,    234.51295,    235.05000
     t,    233.31346,    233.27943,    233.64999
     t,    232.67924,    232.65474,    232.64999
     t,    229.83502,    229.83449,    230.05000
     t,    225.44557,    225.44138,    225.64999
     t,    224.00230,    223.98459,    224.25000
     t,    221.76131,    221.72961,    221.64999
     t,    221.50304,    221.47002,    221.64999
     t,    218.87332,    218.84073,    218.45000
     t,    214.70981,    214.67177,    213.85001
     t,    210.78496,    210.70506,    209.45000
     t,    208.04018,    207.89470,    206.45000
     t,    207.00060,    206.85069,    204.85001
     t,    205.56085,    205.40361,    203.05000
     t,    204.65689,    204.41608,    202.85001
     t,    204.19609,    203.77666,    200.85001
     t,    203.87730,    203.33560,    200.25000
     t,    203.79590,    203.23351,    201.05000
     t,    203.67886,    203.11646,    199.64999
     t,    203.58212,    203.01959,    200.05000
     t,    203.53638,    202.98146,    203.05000
     t,    203.47806,    202.99142,    203.25000
     t,    203.36813,    203.01880,    201.64999
     t,    206.03192,    206.67409,    205.85001
     t,    206.50584,    207.08328,    205.05000
     t,    207.52603,    208.00890,    207.05000
     t,    207.85469,    208.39551,    209.25000
     t,    208.05528,    208.63147,    210.25000
     t,    208.93207,    209.66286,    208.25000
     t,    210.59311,    211.63226,    208.25000
     t,    211.00623,    211.90361,    211.05000
     t,    211.92065,    212.28517,    213.05000
     t,    306.34207,    306.46149,    305.47879
     t,    304.81537,    304.93182,    303.94342
     t,    204.16785,    204.29248,    203.87270
     t,    305.23520,    304.82678,    301.45001
     t,    305.23520,    304.82678,    300.95001
     t,    303.50751,    303.10416,    299.25000
     t,    302.44083,    302.52600,    299.25000
     t,    302.01648,    302.19815,    299.25000
     t,    296.82275,    297.13818,    293.95001
     t,    295.99252,    296.29858,    293.14999
     t,    291.34439,    291.38046,    289.75000
     t,    289.31363,    289.21381,    288.95001
     t,    286.04684,    285.76434,    285.85001
     t,    285.02432,    284.72153,    284.85001
     t,    281.28296,    280.90860,    281.54999
     t,    278.66953,    278.39322,    278.45001
     t,    276.83771,    276.63797,    277.25000
     t,    276.08362,    275.88074,    276.14999
     t,    275.19315,    274.98071,    275.04999
     t,    273.74829,    273.52393,    273.85001
     t,    273.43958,    273.21106,    273.85001
     t,    270.45996,    270.31744,    271.04999
     t,    268.75970,    268.66553,    268.95001
     t,    268.33948,    268.25775,    268.45001
     t,    268.25491,    268.17569,    268.25000
     t,    267.82962,    267.76300,    267.85001
     t,    265.71790,    265.69342,    265.54999
     t,    265.41452,    265.39386,    265.35001
     t,    264.91132,    264.89102,    265.14999
     t,    264.70590,    264.68802,    265.14999
     t,    262.80875,    262.79681,    262.54999
     t,    261.55765,    261.50647,    261.25000
     t,    260.78738,    260.71097,    260.54999
     t,    259.75082,    259.63483,    259.54999
     t,    257.42389,    257.49020,    256.95001
     t,    257.21301,    257.34683,    256.75000
     t,    255.81332,    256.39215,    254.35001
     t,    254.82043,    255.73114,    252.75000
     t,    254.59718,    255.58145,    252.45000
     t,    253.85503,    254.82182,    252.25000
     t,    250.74593,    251.65259,    250.05000
     t,    243.78032,    243.90111,    244.35001
     t,    241.62778,    241.38799,    243.55000
     t,    239.38507,    238.76715,    241.75000
     t,    236.52225,    236.01582,    238.55000
     t,    235.02737,    234.60277,    237.14999
     t,    234.27423,    233.87564,    236.14999
     t,    233.70787,    233.32201,    235.85001
     t,    232.36212,    232.00717,    234.05000
     t,    231.17805,    230.85088,    233.05000
     t,    228.79906,    228.53917,    230.05000
     t,    227.38110,    227.16920,    228.85001
     t,    222.16551,    222.26659,    222.64999
     t,    220.59430,    220.80919,    220.64999
     t,    219.66344,    219.94485,    219.45000
     t,    217.24796,    217.69731,    217.25000
     t,    210.44489,    210.67326,    209.45000
     t,    208.56998,    208.64803,    206.25000
     t,    206.41597,    206.43869,    199.64999
     t,    206.04024,    206.10719,    202.45000
     t,    205.71764,    205.84520,    202.85001
     t,    205.46701,    205.63908,    202.05000
     t,    205.28917,    205.47977,    202.85001
     t,    205.34708,    205.47321,    201.85001
     t,    205.40187,    205.47075,    202.64999
     t,    205.44884,    205.46867,    205.05000
     t,    206.17839,    205.96362,    204.45000
     t,    206.62981,    206.40692,    207.05000
     t,    207.86514,    207.64087,    206.45000
     t,    208.30312,    207.99367,    208.64999
     t,    208.93228,    208.51610,    208.85001
     t,    209.09563,    208.65771,    208.64999
     t,    210.51018,    210.02441,    213.05000
     t,    210.92859,    210.52394,    212.45000
     t,    211.75087,    211.47462,    213.85001
     t,    213.14967,    213.03433,    211.64999
     q,      0.49929,      0.49702,      0.53490
     q,      0.48745,      0.48517,      0.46930
     q,      0.56750,      0.56606,      0.57983
     q,      0.65677,      0.66133,      0.74545
     q,      0.66242,      0.67795,      0.76397
     q,      0.66533,      0.68190,      0.75105
     q,      0.67127,      0.69000,      0.63250
     q,      0.67896,      0.70048,      0.67295
     q,      0.68534,      0.70917,      0.65877
     q,      0.69529,      0.72273,      0.50404
     q,      0.69549,      0.72862,      0.40578
     q,      0.67493,      0.70888,      0.56235
     q,      0.57950,      0.62098,      0.27000
     q,      0.55212,      0.59602,      0.43855
     q,      0.53489,      0.54327,      0.61468
     q,      0.53313,      0.53785,      0.60614
     q,      0.57674,      0.52128,      0.65107
     q,      0.59890,      0.55726,      0.68672
     q,      0.60742,      0.57194,      0.68065
     q,      0.60923,      0.57515,      0.49861
     q,      0.60870,      0.57454,      0.58239
     q,      0.60779,      0.57348,      0.52958
     q,      0.60722,      0.57282,      0.70406
     q,      0.60039,      0.56511,      0.76794
     q,      0.59917,      0.56359,      0.75759
     q,      0.59841,      0.56264,      0.64269
     q,      0.56215,      0.52153,      0.57364
     q,      0.54343,      0.50034,      0.33284
     q,      0.53781,      0.49398,      0.36089
     q,      0.52287,      0.47678,      0.62435
     q,      0.48800,      0.43724,      0.68497
     q,      0.48459,      0.43338,      0.67905
     q,      0.47036,      0.41755,      0.60528
     q,      0.42548,      0.37548,      0.62524
     q,      0.41204,      0.36319,      0.30443
     q,      0.39129,      0.34492,      0.15359
     q,      0.33069,      0.28827,      0.17604
     q,      0.31347,      0.27242,      0.08945
     q,      0.25948,      0.22370,      0.12305
     q,      0.24652,      0.21324,      0.03127
     q,      0.21772,      0.19001,      0.06143
     q,      0.20368,      0.17827,      0.17830
     q,      0.17187,      0.14702,      0.04216
     q,      0.18065,      0.14565,      0.08548
     q,      0.18923,      0.14063,      0.13587
     q,      0.18480,      0.13601,      0.05594
     q,      0.17441,      0.12560,      0.09006
     q,      0.17189,      0.12297,      0.37443
     q,      0.17011,      0.12111,      0.41524
     q,      0.15873,      0.11449,      0.32733
     q,      0.14839,      0.11029,      0.15432
     q,      0.13894,      0.10992,      0.10260
     q,      0.14254,      0.11839,      0.10485
     q,      0.14827,      0.13107,      0.21538
     q,      0.15046,      0.13605,      0.17427
     q,      0.49666,      0.49424,      0.49887
     q,      0.52367,      0.52158,      0.53181
     q,      0.76613,      0.78068,      0.67191
     q,      0.76613,      0.78068,      0.65285
     q,      0.76649,      0.77524,      0.68306
     q,      0.76800,      0.78215,      0.74967
     q,      0.77137,      0.78741,      0.76232
     q,      0.87296,      0.90938,      0.80723
     q,      0.88752,      0.93261,      0.82587
     q,      0.94191,      0.97500,      0.87383
     q,      0.94197,      0.96943,      0.85624
     q,      0.92561,      0.95720,      0.92780
     q,      0.92356,      0.95589,      0.90835
     q,      0.91382,      0.94950,      0.87809
     q,      0.87872,      0.92628,      0.92929
     q,      0.84729,      0.90526,      0.86546
     q,      0.81379,      0.87375,      0.94139
     q,      0.76832,      0.83039,      0.93333
     q,      0.68535,      0.75036,      0.87927
     q,      0.66590,      0.73266,      0.76715
     q,      0.51448,      0.57639,      0.60426
     q,      0.45232,      0.50651,      0.39062
     q,      0.43890,      0.49024,      0.49171
     q,      0.43613,      0.48689,      0.52832
     q,      0.42186,      0.46959,      0.44700
     q,      0.36893,      0.41018,      0.43381
     q,      0.36578,      0.40739,      0.47474
     q,      0.35917,      0.40331,      0.20324
     q,      0.35683,      0.40128,      0.20647
     q,      0.33502,      0.38637,      0.20656
     q,      0.36775,      0.43926,      0.34707
     q,      0.39198,      0.47785,      0.19940
     q,      0.42678,      0.53708,      0.14663
     q,      0.53796,      0.69306,      0.16849
     q,      0.55199,      0.70775,      0.18560
     q,      0.65999,      0.81840,      0.18135
     q,      0.74233,      0.90591,      0.30640
     q,      0.76291,      0.92711,      0.44043
     q,      0.75894,      0.91920,      0.57176
     q,      0.73157,      0.87582,      0.66611
     q,      0.51718,      0.87229,      0.74610
     q,      0.40986,      0.65820,      0.79406
     t,    296.13101,    296.23105,    296.85001
     t,    296.09543,    296.22101,    296.35001
     t,    295.42969,    295.54401,    294.54999
     t,    291.31238,    291.73050,    290.25000
     t,    288.14505,    288.57822,    287.25000
     t,    286.24304,    286.72879,    286.54999
     t,    286.07742,    286.55646,    286.95001
     t,    285.65991,    286.12198,    287.45001
     t,    285.47934,    285.86148,    286.95001
     t,    284.73877,    284.72592,    283.25000
     t,    283.91187,    283.83154,    281.75000
     t,    283.28577,    283.25296,    282.95001
     t,    282.59549,    282.61502,    282.14999
     t,    281.17398,    281.30298,    280.25000
     t,    280.51086,    280.75400,    279.95001
     t,    279.58865,    279.99051,    279.85001
     t,    278.44962,    279.04492,    278.75000
     t,    277.37030,    277.99695,    278.14999
     t,    271.53467,    271.87134,    271.64999
     t,    268.18231,    268.36923,    267.85001
     t,    266.99716,    267.12997,    266.85001
     t,    266.66943,    266.78729,    266.64999
     t,    265.45151,    265.52063,    265.45001
     t,    265.00229,    265.06143,    265.14999
     t,    263.63211,    263.66080,    263.54999
     t,    261.98892,    261.98111,    262.14999
     t,    258.99139,    258.99792,    258.75000
     t,    256.74313,    256.78030,    257.95001
     t,    254.76274,    254.86694,    255.14999
     t,    254.63640,    254.74496,    254.95000
     t,    253.62721,    253.77206,    253.55000
     t,    252.84708,    253.01929,    253.25000
     t,    251.40968,    251.57719,    251.25000
     t,    250.34300,    250.49544,    250.45000
     t,    248.55989,    248.68887,    248.85001
     t,    241.54263,    241.46400,    241.45000
     t,    293.17310,    293.48041,    292.18735
     t,    295.07510,    295.09915,    293.75000
     t,    294.91742,    294.97253,    292.85001
     t,    292.58383,    292.64590,    290.95001
     t,    290.90152,    290.92850,    290.04999
     t,    290.76694,    290.80017,    290.04999
     t,    290.44385,    290.67905,    290.75000
     t,    290.41183,    290.70398,    290.14999
     t,    289.77011,    290.03195,    288.14999
     t,    289.73679,    290.00235,    288.14999
     t,    286.45590,    287.12418,    285.35001
     t,    283.07242,    283.48953,    281.04999
     t,    282.48059,    282.81750,    280.14999
     t,    281.62460,    281.84552,    278.85001
     t,    272.17114,    272.23907,    271.54999
     t,    271.02658,    271.07980,    269.75000
     t,    270.57925,    270.62646,    268.85001
     t,    267.58801,    267.51276,    267.25000
     t,    266.30151,    266.19208,    266.64999
     t,    265.07303,    264.95129,    265.35001
     t,    264.21466,    264.08136,    264.45001
     t,    263.52969,    263.38913,    263.95001
     t,    262.43024,    262.28397,    263.14999
     t,    261.25403,    261.10150,    262.35001
     t,    256.58044,    256.45676,    256.85001
     t,    251.36519,    251.27708,    251.05000
     t,    248.28430,    248.21681,    248.64999
     t,    245.81558,    245.79030,    246.05000
     t,    243.56798,    243.57832,    243.25000
     t,    242.13101,    242.16237,    241.64999
     t,    240.83881,    240.89114,    241.05000
     t,    238.96158,    239.02487,    240.14999
     t,    230.84804,    230.83533,    231.05000
     t,    229.13715,    229.08553,    229.45000
     t,    225.39867,    225.16110,    225.85001
     t,    221.30257,    221.11066,    222.25000
     t,    220.49654,    220.31068,    221.05000
     t,    216.99422,    216.78680,    216.45000
     t,    215.47049,    215.34966,    215.25000
     t,    213.27188,    213.32327,    212.25000
     t,    212.41283,    212.54242,    211.45000
     t,    288.08731,    288.54633,    286.64224
     t,    278.37869,    278.44037,    276.12228
     q,      0.65513,      0.66663,      0.67014
     q,      0.65416,      0.66699,      0.61425
     q,      0.64765,      0.66096,      0.57343
     q,      0.75789,      0.76809,      0.68156
     q,      0.90180,      0.92192,      0.77243
     q,      0.99492,      1.02789,      0.93755
     q,      0.99533,      1.02734,      0.96660
     q,      0.99638,      1.02590,      0.99221
     q,      0.97115,      0.99435,      0.95609
     q,      0.78580,      0.87841,      0.80712
     q,      0.75697,      0.87571,      0.66404
     q,      0.71379,      0.82835,      0.60914
     q,      0.66428,      0.77404,      0.59806
     q,      0.55574,      0.65478,      0.56944
     q,      0.50975,      0.58253,      0.50278
     q,      0.44225,      0.47648,      0.21319
     q,      0.35336,      0.33697,      0.16303
     q,      0.30605,      0.26857,      0.27004
     q,      0.22015,      0.18752,      0.18296
     q,      0.20879,      0.19489,      0.28386
     q,      0.20167,      0.19410,      0.21768
     q,      0.19953,      0.19387,      0.21923
     q,      0.19439,      0.19560,      0.31008
     q,      0.19667,      0.20000,      0.21955
     q,      0.20435,      0.21485,      0.11795
     q,      0.21540,      0.23619,      0.09556
     q,      0.22506,      0.25672,      0.28195
     q,      0.22925,      0.26789,      0.14425
     q,      0.20021,      0.22297,      0.23317
     q,      0.19811,      0.21970,      0.23102
     q,      0.17938,      0.19066,      0.17838
     q,      0.16345,      0.16600,      0.08866
     q,      0.14890,      0.14818,      0.15485
     q,      0.14048,      0.14106,      0.02737
     q,      0.23114,      0.23543,      0.14144
     q,      0.70088,      0.70701,      0.62939
     q,      0.86994,      0.87110,      0.85398
     q,      0.87349,      0.87488,      0.82761
     q,      0.93752,      0.93972,      0.85936
     q,      0.99634,      0.99943,      0.90634
     q,      0.99769,      1.00051,      0.91377
     q,      0.95127,      0.94775,      0.95283
     q,      0.93820,      0.93303,      0.85885
     q,      0.80601,      0.80248,      0.74151
     q,      0.80430,      0.80079,      0.74288
     q,      0.80479,      0.85076,      0.83810
     q,      0.82032,      0.89994,      0.78351
     q,      0.81479,      0.88974,      0.72664
     q,      0.80637,      0.87421,      0.67987
     q,      0.72493,      0.71650,      0.68379
     q,      0.70656,      0.69460,      0.57771
     q,      0.69871,      0.68527,      0.40468
     q,      0.59530,      0.57685,      0.51634
     q,      0.53830,      0.52304,      0.49645
     q,      0.47639,      0.47203,      0.49033
     q,      0.42783,      0.43182,      0.28860
     q,      0.38511,      0.39617,      0.41145
     q,      0.34482,      0.36411,      0.20439
     q,      0.31414,      0.34149,      0.12713
     q,      0.22046,      0.27186,      0.07677
     q,      0.25302,      0.31628,      0.09831
     q,      0.32671,      0.39077,      0.05505
     q,      0.41096,      0.46651,      0.08122
     q,      0.47518,      0.52016,      0.25386
     q,      0.49913,      0.53461,      0.21741
     q,      0.52682,      0.55266,      0.35847
     q,      0.77061,      0.78048,      0.78347
     q,      0.78087,      0.81018,      0.67753
     t,    298.61264,    298.56662,    300.04999
     t,    297.82932,    297.79099,    298.14999
     t,    295.66776,    295.62790,    295.64999
     t,    293.85654,    293.81561,    294.04999
     t,    287.73404,    287.54022,    287.45001
     t,    287.46234,    287.26624,    286.95001
     t,    284.89517,    284.77145,    283.14999
     t,    283.92764,    283.90579,    282.64999
     t,    283.69696,    283.70490,    282.75000
     t,    283.17996,    283.25415,    282.75000
     t,    282.94464,    283.04965,    282.85001
     t,    282.58508,    282.71378,    283.14999
     t,    282.13895,    282.25085,    283.14999
     t,    281.60934,    281.70129,    283.35001
     t,    280.57465,    280.68774,    281.25000
     t,    280.32690,    280.45392,    281.04999
     t,    279.86722,    280.01996,    280.04999
     t,    278.59100,    278.80533,    277.85001
     t,    276.92435,    277.18277,    276.45001
     t,    276.10803,    276.38861,    276.04999
     t,    274.08160,    274.36325,    273.54999
     t,    272.15985,    272.41177,    271.45001
     t,    269.09799,    269.19714,    269.54999
     t,    268.47394,    268.53357,    268.95001
     t,    267.47672,    267.47318,    268.45001
     t,    266.23798,    266.17978,    267.25000
     t,    265.14941,    265.04483,    265.64999
     t,    264.87332,    264.75674,    265.45001
     t,    264.69458,    264.56976,    265.25000
     t,    262.65897,    262.50839,    262.54999
     t,    259.49197,    259.38574,    258.95001
     t,    256.60123,    256.52444,    256.54999
     t,    255.82196,    255.75328,    255.75000
     t,    254.05031,    253.97789,    254.35001
     t,    253.62796,    253.55211,    254.14999
     t,    253.34441,    253.26602,    253.95000
     t,    253.05942,    252.97850,    253.75000
     t,    248.45297,    248.34966,    248.85001
     t,    246.40648,    246.30385,    246.64999
     t,    243.43770,    243.36168,    243.25000
     t,    240.83766,    240.79424,    241.25000
     t,    236.91920,    236.89342,    237.05000
     t,    234.75075,    234.72694,    234.85001
     t,    232.29060,    232.24890,    232.64999
     t,    226.47331,    226.41507,    226.64999
     t,    218.72765,    218.87868,    216.85001
     t,    217.26997,    217.52922,    215.64999
     t,    217.21024,    217.47389,    215.64999
     t,    216.55931,    216.88956,    213.25000
     t,    216.09164,    216.45659,    215.45000
     t,    215.89926,    216.22331,    213.85001
     t,    215.84473,    216.15858,    215.45000
     t,    215.75375,    216.04590,    215.25000
     t,    215.62256,    215.88251,    217.64999
     t,    215.58456,    215.83456,    217.25000
     t,    215.43007,    215.64322,    217.05000
     t,    215.21216,    215.36990,    215.45000
     t,    214.62700,    214.62308,    214.45000
     t,    214.46707,    214.41306,    215.05000
     t,    214.24916,    214.12611,    213.85001
     t,    214.08266,    213.89627,    213.85001
     t,    213.43872,    212.97246,    211.45000
     t,    213.32440,    212.78592,    212.85001
     t,    213.23836,    213.54976,    211.45000
     t,    213.16801,    213.48235,    213.45000
     t,    213.21152,    213.45013,    213.85001
     t,    213.50835,    213.58574,    215.05000
     t,    217.23947,    216.62706,    215.05000
     t,    213.52518,    213.34074,    212.14679
     t,    285.66501,    285.65280,    289.04999
     t,    290.14658,    290.12967,    295.64999
     t,    285.66501,    285.65280,    288.14999
     t,    290.06638,    290.02744,    297.25000
     t,    285.66504,    285.65283,    286.45001
     t,    290.06638,    290.02744,    296.54999
     q,      0.47800,      0.48030,      0.37543
     q,      0.47969,      0.48313,      0.34815
     q,      0.52222,      0.52683,      0.35985
     q,      0.56634,      0.57330,      0.41350
     q,      0.50720,      0.52031,      0.52995
     q,      0.49372,      0.50150,      0.48714
     q,      0.39375,      0.37668,      0.43669
     q,      0.39177,      0.37136,      0.31465
     q,      0.39390,      0.35907,      0.37200
     q,      0.39871,      0.33076,      0.10919
     q,      0.40099,      0.31759,      0.08680
     q,      0.41075,      0.32236,      0.12830
     q,      0.41975,      0.33636,      0.39521
     q,      0.43078,      0.35352,      0.35717
     q,      0.44748,      0.38765,      0.32821
     q,      0.45078,      0.39601,      0.44068
     q,      0.45704,      0.41188,      0.49072
     q,      0.46595,      0.43902,      0.48868
     q,      0.45107,      0.42049,      0.52961
     q,      0.44297,      0.41046,      0.37337
     q,      0.43814,      0.40701,      0.48364
     q,      0.44361,      0.41845,      0.43690
     q,      0.44893,      0.43293,      0.30956
     q,      0.44990,      0.43591,      0.36569
     q,      0.45160,      0.44111,      0.20630
     q,      0.46163,      0.45607,      0.31722
     q,      0.47090,      0.47011,      0.35678
     q,      0.47371,      0.47426,      0.32819
     q,      0.47479,      0.47654,      0.27350
     q,      0.47053,      0.48515,      0.22990
     q,      0.42147,      0.46193,      0.27952
     q,      0.38975,      0.43295,      0.17123
     q,      0.37966,      0.42347,      0.27762
     q,      0.36937,      0.41343,      0.25391
     q,      0.37014,      0.41338,      0.19015
     q,      0.36993,      0.41297,      0.23391
     q,      0.36971,      0.41255,      0.25936
     q,      0.35923,      0.39455,      0.11088
     q,      0.34854,      0.37822,      0.25236
     q,      0.33056,      0.34982,      0.25504
     q,      0.30789,      0.31501,      0.16871
     q,      0.28844,      0.28793,      0.13119
     q,      0.67809,      0.67580,      0.85615
     q,      0.67809,      0.67580,      0.79551
     q,      0.67809,      0.67580,      0.87862
