Note (2018.08.22) This script is outputed from mpi_readobs.f90
obtype, ensmean_obbc,      h_xnobc,           ob
    sm,      0.25830,      0.23744,      0.25300
    sm,      0.22730,      0.22238,      0.16400
    sm,      0.30517,      0.30494,      0.38100
    sm,      0.21141,      0.21039,      0.07400
    sm,      0.33468,      0.35522,      0.24000
    sm,      0.30933,      0.29026,      0.35500
    sm,      0.21043,      0.22455,      0.19600
    sm,      0.19698,      0.19946,      0.06000
    sm,      0.18609,      0.18491,      0.24800
    sm,      0.19082,      0.20741,      0.15800
    sm,      0.24735,      0.24983,      0.09300
    sm,      0.26952,      0.27103,      0.13500
    sm,      0.25253,      0.25411,      0.09300
    sm,      0.17207,      0.15912,      0.22500
    sm,      0.27384,      0.26526,      0.22400
    sm,      0.32210,      0.31623,      0.11300
    sm,      0.23798,      0.23771,      0.31600
    sm,      0.21313,      0.22239,      0.23700
    sm,      0.24004,      0.24024,      0.26600
    sm,      0.22141,      0.22155,      0.29500
    sm,      0.21824,      0.21519,      0.25300
    sm,      0.14624,      0.14912,      0.07700
    sm,      0.21771,      0.21719,      0.21100
    sm,      0.30799,      0.29925,      0.37800
    sm,      0.24443,      0.24426,      0.34400
    sm,      0.24660,      0.24693,      0.07200
    sm,      0.33611,      0.32372,      0.32500
    sm,      0.23054,      0.23033,      0.33900
    sm,      0.18120,      0.17321,      0.36700
    sm,      0.27400,      0.27561,      0.23700
    sm,      0.31884,      0.31484,      0.27600
    sm,      0.27306,      0.27476,      0.27100
    sm,      0.18981,      0.18996,      0.10600
    sm,      0.24954,      0.25539,      0.22600
    sm,      0.27108,      0.27586,      0.20900
    sm,      0.27301,      0.27640,      0.26900
    sm,      0.26274,      0.26382,      0.20100
    sm,      0.17412,      0.17640,      0.17600
    sm,      0.25785,      0.25962,      0.37400
    sm,      0.16911,      0.17182,      0.13300
    sm,      0.21256,      0.21167,      0.22200
    sm,      0.16625,      0.16612,      0.11700
    sm,      0.20310,      0.20216,      0.21000
    sm,      0.27455,      0.27928,      0.12100
    sm,      0.27776,      0.28080,      0.17100
    sm,      0.22489,      0.22225,      0.08100
    sm,      0.17665,      0.17699,      0.18000
    sm,      0.27594,      0.27405,      0.36700
    sm,      0.24089,      0.22507,      0.23300
    sm,      0.22900,      0.22959,      0.30000
    sm,      0.19858,      0.20067,      0.14900
    sm,      0.19858,      0.20067,      0.16400
    sm,      0.19150,      0.19370,      0.14400
    sm,      0.15368,      0.15445,      0.06700
    sm,      0.32180,      0.32200,      0.45100
    sm,      0.20662,      0.21498,      0.20200
    sm,      0.27713,      0.27837,      0.22900
    sm,      0.29459,      0.26220,      0.34500
    sm,      0.30799,      0.29925,      0.41100
    sm,      0.26868,      0.26997,      0.38100
    sm,      0.15770,      0.15730,      0.08700
    sm,      0.28217,      0.28205,      0.08000
    sm,      0.15939,      0.15921,      0.13100
    sm,      0.14694,      0.14960,      0.06800
    sm,      0.21043,      0.22455,      0.07100
    sm,      0.23351,      0.23160,      0.35300
    sm,      0.27261,      0.27534,      0.06500
    sm,      0.23993,      0.24090,      0.10900
    sm,      0.19158,      0.18848,      0.24100
    sm,      0.36529,      0.36557,      0.16500
    sm,      0.18997,      0.19103,      0.18700
    sm,      0.27211,      0.27199,      0.18400
    sm,      0.18609,      0.18491,      0.30800
    sm,      0.18896,      0.18630,      0.36700
    sm,      0.18896,      0.18630,      0.28100
    sm,      0.19493,      0.19151,      0.06100
     t,    313.60907,    313.60568,    315.35001
     t,    312.69254,    312.69244,    312.75000
     t,    309.62579,    309.62451,    309.64999
     t,    302.25659,    302.25330,    302.35001
     t,    300.93951,    300.93512,    300.85001
     t,    296.36169,    296.35788,    296.45001
     t,    294.87064,    294.86716,    295.54999
     t,    287.71475,    287.71011,    287.64999
     t,    286.10153,    286.09576,    285.75000
     t,    280.86313,    280.85568,    280.25000
     t,    278.10397,    278.09848,    277.25000
     t,    276.05618,    276.05490,    275.14999
     t,    274.78085,    274.78195,    273.54999
     t,    274.16644,    274.16824,    272.95001
     t,    273.09488,    273.09790,    272.04999
     t,    272.73248,    272.73587,    271.85001
     t,    271.99945,    272.00369,    271.14999
     t,    271.34900,    271.35397,    271.14999
     t,    268.97049,    268.97601,    268.14999
     t,    268.77533,    268.78088,    267.95001
     t,    267.68985,    267.69528,    267.14999
     t,    266.97928,    266.98474,    266.64999
     t,    266.02481,    266.02982,    266.14999
     t,    264.17108,    264.17517,    263.95001
     t,    262.80905,    262.81262,    262.35001
     t,    261.95389,    261.95721,    261.64999
     t,    261.58319,    261.58643,    261.35001
     t,    260.70810,    260.71106,    260.25000
     t,    260.32864,    260.33151,    260.14999
     t,    259.94647,    259.94925,    259.95001
     t,    257.50446,    257.50732,    258.14999
     t,    256.85828,    256.86151,    257.45001
     t,    256.59726,    256.60065,    257.54999
     t,    256.07132,    256.07498,    256.75000
     t,    255.40622,    255.41023,    255.95000
     t,    253.77739,    253.78268,    253.75000
     t,    252.94823,    252.95480,    252.75000
     t,    252.24683,    252.25449,    252.05000
     t,    250.81438,    250.82423,    250.95000
     t,    249.47766,    249.48964,    249.35001
     t,    248.85393,    248.86690,    248.75000
     t,    247.90125,    247.91539,    247.55000
     t,    247.42009,    247.43498,    247.35001
     t,    246.93452,    246.95016,    246.75000
     t,    246.44447,    246.46088,    246.25000
     t,    245.78395,    245.80139,    245.85001
     t,    244.08533,    244.10501,    244.55000
     t,    243.03575,    243.05666,    243.05000
     t,    242.50314,    242.52467,    242.55000
     t,    240.13039,    240.15376,    239.75000
     t,    239.56847,    239.59177,    238.95000
     t,    236.86516,    236.88808,    236.45000
     t,    234.03004,    234.05153,    233.25000
     t,    232.77374,    232.79463,    232.25000
     t,    229.04390,    229.06299,    228.64999
     t,    225.04037,    225.05841,    224.45000
     t,    223.54988,    223.56671,    222.85001
     t,    222.27748,    222.29364,    221.85001
     t,    220.97365,    220.98912,    220.64999
     t,    207.19136,    207.14594,    204.85001
     t,    208.95055,    208.92252,    204.45000
     t,    311.97107,    311.97766,    313.35001
     t,    311.81152,    311.83295,    312.04999
     t,    305.81812,    305.82898,    306.35001
     t,    295.80136,    295.80991,    295.85001
     t,    289.24545,    289.25589,    289.14999
     t,    280.03500,    280.07645,    279.85001
     t,    275.89029,    276.06519,    274.04999
     t,    275.53735,    275.71774,    273.25000
     t,    275.20651,    275.38757,    274.45001
     t,    274.79813,    274.97696,    274.64999
     t,    274.46091,    274.64044,    274.45001
     t,    273.51651,    273.69653,    275.04999
     t,    270.14667,    270.26428,    271.45001
     t,    268.78644,    268.85770,    269.45001
     t,    266.06921,    266.10095,    266.45001
     t,    264.79773,    264.81836,    264.75000
     t,    262.48669,    262.50229,    262.14999
     t,    258.87604,    258.90881,    259.64999
     t,    257.37234,    257.42139,    257.45001
     t,    251.98943,    252.04454,    251.25000
     t,    249.87788,    249.90977,    250.85001
     t,    245.96310,    245.95863,    245.45000
     t,    242.93657,    242.91284,    242.64999
     t,    235.82242,    235.78812,    236.64999
     t,    232.86195,    232.83089,    233.45000
     t,    223.42088,    223.44524,    222.64999
     t,    221.68443,    221.72501,    221.64999
     t,    221.17693,    221.22224,    221.05000
     t,    218.02705,    218.10275,    217.45000
     t,    207.52257,    207.49294,    206.05000
     t,    206.44432,    206.33694,    204.45000
     t,    204.35991,    204.33095,    200.85001
     t,    203.82166,    203.83382,    201.85001
     t,    202.50276,    202.54556,    200.85001
     t,    202.41460,    202.45775,    201.25000
     t,    202.32561,    202.36913,    203.45000
     t,    202.18254,    202.30400,    202.64999
     t,    203.16693,    203.49040,    201.45000
     t,    204.18967,    204.63803,    206.45000
     t,    205.76347,    206.06104,    206.85001
     t,    207.88243,    207.70792,    206.85001
     t,    209.93333,    209.49103,    210.05000
     t,    210.57936,    210.21278,    208.64999
     t,    301.54361,    301.55313,    301.91916
     q,      0.28975,      0.28982,      0.28146
     q,      0.30066,      0.30072,      0.32196
     q,      0.34322,      0.34326,      0.34007
     q,      0.46160,      0.46187,      0.44825
     q,      0.47575,      0.47616,      0.47065
     q,      0.52662,      0.52700,      0.46978
     q,      0.55048,      0.55083,      0.40088
     q,      0.63725,      0.63843,      0.54517
     q,      0.65548,      0.65732,      0.56892
     q,      0.59229,      0.59494,      0.66541
     q,      0.49274,      0.49455,      0.59927
     q,      0.44272,      0.44363,      0.47572
     q,      0.41180,      0.41208,      0.57470
     q,      0.41345,      0.41366,      0.57210
     q,      0.41657,      0.41664,      0.49512
     q,      0.41770,      0.41772,      0.33888
     q,      0.42013,      0.42005,      0.13232
     q,      0.42244,      0.42226,      0.10503
     q,      0.41764,      0.41731,      0.10290
     q,      0.41702,      0.41667,      0.10231
     q,      0.41098,      0.41056,      0.11336
     q,      0.40739,      0.40695,      0.21781
     q,      0.39960,      0.39920,      0.11626
     q,      0.38194,      0.38167,      0.46376
     q,      0.36904,      0.36887,      0.49120
     q,      0.37089,      0.37086,      0.34897
     q,      0.37176,      0.37178,      0.49369
     q,      0.37395,      0.37413,      0.33874
     q,      0.37497,      0.37522,      0.16382
     q,      0.37605,      0.37638,      0.12281
     q,      0.36798,      0.36872,      0.12460
     q,      0.35813,      0.35889,      0.08979
     q,      0.35456,      0.35533,      0.18926
     q,      0.34700,      0.34782,      0.36048
     q,      0.33668,      0.33756,      0.29225
     q,      0.31148,      0.31234,      0.39938
     q,      0.30330,      0.30393,      0.29019
     q,      0.29570,      0.29611,      0.15671
     q,      0.27779,      0.27768,      0.21467
     q,      0.26455,      0.26393,      0.37849
     q,      0.26845,      0.26778,      0.30680
     q,      0.27550,      0.27476,      0.36117
     q,      0.27905,      0.27827,      0.30133
     q,      0.28289,      0.28206,      0.40201
     q,      0.28706,      0.28617,      0.21638
     q,      0.29319,      0.29223,      0.15952
     q,      0.29926,      0.29809,      0.34014
     q,      0.29875,      0.29742,      0.28978
     q,      0.29845,      0.29704,      0.35329
     q,      0.15778,      0.15597,      0.16072
     q,      0.15879,      0.15699,      0.18150
     q,      0.20618,      0.20399,      0.21265
     q,      0.32986,      0.32668,      0.28664
     q,      0.45462,      0.45034,      0.38499
     q,      0.65932,      0.62996,      0.56069
     q,      0.39574,      0.33647,      0.69238
     q,      0.37295,      0.31297,      0.60002
     q,      0.35609,      0.29857,      0.37729
     q,      0.33058,      0.27701,      0.22433
     q,      0.31259,      0.26166,      0.24541
     q,      0.26192,      0.21918,      0.07980
     q,      0.12761,      0.11030,      0.03501
     q,      0.09547,      0.08826,      0.03877
     q,      0.08147,      0.08049,      0.03067
     q,      0.08373,      0.08345,      0.17721
     q,      0.08349,      0.08385,      0.11185
     q,      0.05625,      0.05629,      0.04565
     q,      0.25075,      0.24818,      0.24149
     t,    304.63034,    305.19424,    301.54999
     t,    303.41895,    304.01733,    299.35001
     t,    302.11987,    302.71396,    297.45001
     t,    300.03784,    300.62515,    295.45001
     t,    297.53912,    298.11786,    293.25000
     t,    296.12018,    296.69492,    292.04999
     t,    294.79538,    295.36139,    291.14999
     t,    290.34763,    290.65720,    287.54999
     t,    290.02429,    290.33398,    287.64999
     t,    289.66568,    290.00491,    288.54999
     t,    289.30423,    289.67325,    289.14999
     t,    288.87534,    289.28271,    289.35001
     t,    285.44241,    285.71457,    285.75000
     t,    285.06625,    285.30728,    285.54999
     t,    283.45877,    283.56970,    284.04999
     t,    282.58850,    282.63620,    283.25000
     t,    280.48041,    280.36993,    280.85001
     t,    278.37628,    278.15689,    279.04999
     t,    277.27979,    277.00681,    278.04999
     t,    276.16281,    275.83847,    277.04999
     t,    271.75363,    271.34308,    271.85001
     t,    267.20374,    267.04260,    266.35001
     t,    267.09274,    266.93890,    266.14999
     t,    266.64502,    266.52466,    265.75000
     t,    265.39490,    265.36798,    264.75000
     t,    264.00183,    264.08270,    263.54999
     t,    263.40976,    263.53525,    262.75000
     t,    262.81131,    262.98193,    262.85001
     t,    259.95984,    260.13867,    260.25000
     t,    258.80652,    258.98560,    259.35001
     t,    256.61484,    256.77802,    256.45001
     t,    255.96548,    256.12415,    255.64999
     t,    255.83363,    255.99107,    255.64999
     t,    255.16946,    255.32069,    255.64999
     t,    254.90149,    255.05020,    255.45000
     t,    254.36148,    254.50514,    255.25000
     t,    252.83546,    252.98495,    253.85001
     t,    248.72836,    248.93307,    250.05000
     t,    243.39952,    243.67039,    242.85001
     t,    240.10397,    240.34961,    240.45000
     t,    239.54143,    239.79500,    239.85001
     t,    238.39926,    238.66844,    239.64999
     t,    233.10925,    233.27086,    233.05000
     t,    232.63603,    232.77638,    232.45000
     t,    230.15990,    230.19316,    230.45000
     t,    306.29947,    306.66928,    305.45001
     t,    305.82507,    306.19534,    304.95001
     t,    303.50259,    303.86755,    301.85001
     t,    302.06140,    302.42441,    300.35001
     t,    299.77786,    300.13779,    298.04999
     t,    292.54388,    292.88547,    291.25000
     t,    290.77066,    291.07968,    289.64999
     t,    287.72467,    287.87186,    285.85001
     t,    286.74014,    286.79611,    284.54999
     t,    282.99567,    283.13364,    280.85001
     t,    281.74203,    281.87912,    280.75000
     t,    280.86429,    280.99890,    280.45001
     t,    276.94876,    276.98758,    277.54999
     t,    273.79431,    273.62436,    274.04999
     t,    273.32565,    273.17813,    273.64999
     t,    270.90591,    270.87454,    271.04999
     t,    269.85028,    269.86758,    269.85001
     t,    269.18350,    269.23273,    268.85001
     t,    268.42075,    268.50650,    268.14999
     t,    268.34055,    268.43112,    268.14999
     t,    267.30130,    267.44199,    268.14999
     t,    264.05173,    264.07153,    264.85001
     t,    256.49615,    256.40509,    256.85001
     t,    248.27150,    248.15033,    247.64999
     t,    242.15991,    241.98558,    244.25000
     t,    241.40903,    241.23468,    243.64999
     t,    233.69170,    233.58673,    234.05000
     t,    223.04825,    222.99580,    222.05000
     t,    222.03270,    221.98610,    221.05000
     t,    210.45383,    210.52185,    209.05000
     t,    208.40889,    208.51994,    207.05000
     t,    207.85948,    207.99821,    205.64999
     t,    206.43542,    206.59460,    202.45000
     t,    206.04414,    206.22041,    203.05000
     t,    205.78226,    205.97232,    204.45000
     t,    205.23233,    205.44606,    204.64999
     t,    204.62241,    204.86493,    203.45000
     t,    203.21959,    203.53131,    203.05000
     t,    203.06093,    203.37529,    204.05000
     t,    203.17661,    203.44614,    203.85001
     t,    203.34860,    203.55148,    202.25000
     t,    204.32074,    204.30029,    204.64999
     t,    205.90013,    205.76570,    204.45000
     t,    206.23618,    206.21150,    206.05000
     t,    207.39062,    207.32718,    204.85001
     t,    207.71907,    207.74222,    204.85001
     t,    209.35085,    209.75078,    210.25000
     t,    210.99416,    211.14236,    211.45000
     t,    211.17915,    211.27264,    213.25000
     q,      0.43368,      0.44488,      0.55707
     q,      0.45616,      0.46763,      0.50172
     q,      0.48342,      0.49530,      0.51416
     q,      0.53232,      0.54506,      0.56704
     q,      0.59859,      0.61264,      0.60937
     q,      0.64073,      0.65588,      0.63487
     q,      0.67992,      0.69792,      0.60313
     q,      0.62914,      0.65186,      0.62924
     q,      0.58301,      0.58882,      0.61177
     q,      0.52176,      0.50025,      0.38973
     q,      0.45939,      0.41008,      0.23473
     q,      0.38440,      0.30477,      0.22414
     q,      0.16953,      0.11914,      0.10012
     q,      0.16203,      0.11879,      0.08476
     q,      0.14058,      0.12604,      0.13694
     q,      0.14627,      0.14192,      0.25657
     q,      0.16105,      0.18640,      0.19482
     q,      0.21758,      0.25497,      0.33810
     q,      0.26058,      0.30263,      0.21028
     q,      0.30822,      0.35426,      0.24889
     q,      0.50227,      0.54061,      0.39786
     q,      0.67252,      0.69466,      0.65025
     q,      0.67596,      0.69793,      0.65575
     q,      0.68334,      0.70219,      0.62407
     q,      0.70594,      0.71523,      0.76597
     q,      0.73459,      0.73171,      0.79968
     q,      0.74877,      0.73991,      0.76718
     q,      0.76424,      0.74886,      0.68370
     q,      0.69742,      0.65550,      0.73480
     q,      0.66159,      0.60612,      0.62428
     q,      0.57582,      0.50230,      0.58010
     q,      0.54634,      0.46882,      0.51943
     q,      0.53989,      0.46144,      0.47944
     q,      0.50569,      0.42234,      0.13088
     q,      0.49104,      0.40557,      0.06839
     q,      0.45984,      0.36990,      0.02764
     q,      0.28498,      0.24016,      0.03038
     q,      0.13921,      0.12407,      0.09948
     q,      0.36496,      0.36943,      0.35733
     q,      0.37207,      0.37659,      0.37675
     q,      0.41218,      0.41710,      0.40355
     q,      0.44032,      0.44559,      0.42769
     q,      0.49021,      0.49614,      0.45267
     q,      0.67759,      0.70016,      0.59054
     q,      0.69922,      0.73825,      0.73209
     q,      0.66725,      0.72903,      0.74876
     q,      0.64719,      0.71075,      0.75143
     q,      0.67072,      0.70990,      0.81828
     q,      0.67890,      0.71399,      0.67624
     q,      0.68452,      0.71689,      0.68005
     q,      0.69260,      0.72174,      0.62999
     q,      0.64175,      0.68651,      0.65172
     q,      0.61209,      0.65174,      0.51948
     q,      0.43803,      0.44763,      0.42823
     q,      0.36220,      0.36094,      0.23317
     q,      0.32464,      0.31872,      0.22354
     q,      0.27874,      0.26713,      0.37027
     q,      0.27260,      0.26016,      0.37239
     q,      0.20346,      0.18242,      0.07779
     q,      0.13476,      0.12152,      0.06454
     q,      0.13190,      0.10467,      0.06896
     q,      0.08745,      0.07744,      0.02956
     t,    301.76114,    301.75046,    296.54999
     t,    301.76117,    301.75049,    298.35001
     t,    301.76114,    301.75046,    298.04999
     t,    301.76117,    301.75049,    298.95001
     t,    301.55603,    301.54709,    298.14999
     t,    300.98523,    300.97687,    296.64999
     t,    300.36041,    300.35205,    294.85001
     t,    299.76047,    299.75223,    295.35001
     t,    296.25781,    296.25058,    291.95001
     t,    295.47928,    295.47211,    291.75000
     t,    295.14346,    295.13629,    292.25000
     t,    294.14264,    294.13550,    291.64999
     t,    294.03094,    294.02383,    291.85001
     t,    291.78540,    291.77884,    290.35001
     t,    288.98395,    288.97900,    287.64999
     t,    287.29929,    287.29581,    286.45001
     t,    284.93610,    284.92990,    284.95001
     t,    282.28543,    282.27985,    281.75000
     t,    273.86523,    273.85547,    273.64999
     t,    270.04572,    270.03204,    269.85001
     t,    269.22235,    269.20834,    268.95001
     t,    266.95880,    266.94315,    266.54999
     t,    266.52158,    266.50650,    266.04999
     t,    264.54578,    264.53235,    263.64999
     t,    264.20959,    264.19647,    263.64999
     t,    263.30240,    263.28928,    263.95001
     t,    262.36740,    262.35623,    262.95001
     t,    261.70596,    261.69727,    262.35001
     t,    259.17358,    259.17450,    259.64999
     t,    253.57167,    253.58276,    254.25000
     t,    251.65594,    251.66824,    252.45000
     t,    246.18636,    246.19861,    246.55000
     t,    241.90837,    241.91823,    242.75000
     t,    239.16980,    239.17859,    239.64999
     t,    237.65385,    237.66193,    237.85001
     t,    237.27019,    237.27815,    237.45000
     t,    235.71182,    235.71964,    235.64999
     t,    231.27495,    231.28215,    230.85001
     t,    229.21619,    229.22327,    228.85001
     t,    227.78697,    227.79391,    227.64999
     t,    227.62529,    227.63249,    227.45000
     t,    223.77516,    223.78670,    222.25000
     t,    222.77042,    222.78120,    221.45000
     t,    221.39261,    221.40215,    220.85001
     t,    219.75302,    219.76060,    220.64999
     t,    219.50615,    219.51346,    220.85001
     t,    218.31696,    218.32097,    217.25000
     t,    218.17761,    218.18097,    217.85001
     t,    217.65973,    217.66086,    216.64999
     t,    217.32281,    217.32153,    217.85001
     t,    216.90361,    216.89929,    217.85001
     t,    216.33018,    216.32204,    217.05000
     t,    215.45731,    215.44429,    215.45000
     t,    213.62181,    213.59875,    212.25000
     t,    213.13281,    213.10715,    212.45000
     t,    211.40086,    211.36470,    208.64999
     t,    210.84885,    210.80951,    208.25000
     t,    210.66199,    210.62097,    209.25000
     t,    209.87473,    209.82866,    209.25000
     t,    208.09891,    208.03990,    207.05000
     t,    206.91228,    206.83722,    206.25000
     t,    207.31731,    207.23103,    205.05000
     t,    207.67346,    207.59079,    208.05000
     t,    208.73936,    208.71582,    208.85001
     t,    208.98294,    208.98306,    211.05000
     t,    210.60916,    210.84183,    209.85001
     t,    211.43788,    211.78343,    209.85001
     t,    212.50446,    212.85188,    211.45000
     t,    212.86530,    213.16248,    214.05000
     t,    302.30432,    302.75970,    299.75000
     t,    302.12817,    302.58972,    296.75000
     t,    296.73474,    297.20139,    291.75000
     t,    293.38812,    293.83435,    288.85001
     t,    293.17200,    293.53177,    288.85001
     t,    292.73730,    292.92328,    290.75000
     t,    292.29941,    292.31027,    291.35001
     t,    291.63635,    291.38208,    291.35001
     t,    291.06384,    290.76556,    290.54999
     t,    289.43289,    289.14716,    288.75000
     t,    288.69638,    288.36490,    288.04999
     t,    287.61917,    287.29752,    287.25000
     t,    285.65729,    285.39679,    285.45001
     t,    282.02588,    281.89062,    281.95001
     t,    276.42740,    276.37070,    275.95001
     t,    275.83023,    275.77808,    275.54999
     t,    274.20816,    274.16843,    273.95001
     t,    272.99411,    272.96021,    273.04999
     t,    267.08322,    267.03369,    266.95001
     t,    265.82510,    265.77014,    266.14999
     t,    265.07404,    265.01678,    265.85001
     t,    262.41223,    262.34106,    262.45001
     t,    259.08197,    259.01074,    259.14999
     t,    256.83871,    256.78256,    256.75000
     t,    255.18752,    255.12657,    255.14999
     t,    254.66226,    254.59816,    254.95000
     t,    254.13177,    254.06450,    254.25000
     t,    252.37363,    252.29695,    252.05000
     t,    251.50610,    251.43771,    250.95000
     t,    250.30722,    250.25790,    250.55000
     t,    243.09039,    243.17894,    243.95000
     t,    237.72046,    237.80251,    238.95000
     t,    234.88135,    234.97066,    236.25000
     t,    230.91280,    231.02026,    232.05000
     t,    228.21446,    228.34413,    229.25000
     t,    227.35655,    227.49327,    228.45000
     t,    221.44392,    221.69284,    218.85001
     t,    220.26913,    220.53477,    218.25000
     t,    220.13161,    220.39551,    218.85001
     t,    219.78348,    220.03979,    220.05000
     t,    219.01089,    219.22771,    219.64999
     t,    218.87326,    219.07831,    220.85001
     t,    218.37386,    218.53424,    220.64999
     t,    217.23773,    217.33603,    218.25000
     t,    215.60658,    215.65939,    216.25000
     t,    214.02463,    214.05365,    215.05000
     t,    211.45851,    211.47115,    210.45000
     t,    211.14967,    211.15419,    211.05000
     t,    209.61176,    209.57735,    208.25000
     t,    209.12642,    209.07785,    209.05000
     t,    208.62181,    208.55685,    207.05000
     t,    208.67776,    208.62872,    207.45000
     t,    209.77496,    209.74068,    207.05000
     t,    210.22800,    210.18999,    210.45000
     t,    210.53203,    210.55879,    210.85001
     t,    210.79527,    210.87746,    209.05000
     t,    211.28967,    211.35431,    209.45000
     t,    211.73187,    211.76260,    210.25000
     t,    211.75974,    211.78886,    210.45000
     t,    211.95967,    211.91100,    212.64999
     t,    212.56081,    212.29471,    213.85001
     t,    214.10812,    213.76094,    213.45000
     t,    214.40765,    214.09528,    216.05000
     t,    225.32753,    225.25954,    226.14999
     t,    223.34091,    223.38000,    226.14999
     q,      0.20530,      0.20552,      0.32084
     q,      0.20530,      0.20552,      0.66733
     q,      0.20530,      0.20552,      0.65328
     q,      0.20530,      0.20552,      0.62688
     q,      0.20712,      0.20733,      0.50961
     q,      0.21236,      0.21256,      0.34129
     q,      0.21829,      0.21849,      0.28062
     q,      0.22428,      0.22447,      0.29906
     q,      0.26473,      0.26493,      0.31679
     q,      0.27484,      0.27504,      0.32764
     q,      0.27944,      0.27965,      0.30302
     q,      0.29309,      0.29330,      0.33156
     q,      0.29464,      0.29486,      0.31537
     q,      0.32822,      0.32843,      0.32817
     q,      0.37343,      0.37362,      0.34906
     q,      0.40231,      0.40253,      0.38394
     q,      0.42600,      0.42672,      0.40305
     q,      0.45130,      0.45197,      0.43832
     q,      0.61142,      0.61246,      0.57928
     q,      0.70000,      0.70157,      0.69742
     q,      0.71283,      0.71454,      0.66337
     q,      0.75011,      0.75243,      0.69597
     q,      0.74820,      0.75046,      0.50889
     q,      0.73582,      0.73797,      0.69430
     q,      0.73342,      0.73555,      0.73036
     q,      0.72583,      0.72808,      0.83119
     q,      0.71216,      0.71416,      0.83797
     q,      0.69677,      0.69844,      0.95528
     q,      0.62670,      0.62692,      0.79191
     q,      0.55223,      0.55153,      0.68344
     q,      0.54118,      0.54037,      0.67510
     q,      0.52888,      0.52737,      0.57164
     q,      0.51118,      0.50910,      0.47552
     q,      0.50043,      0.49836,      0.36029
     q,      0.49195,      0.48992,      0.17400
     q,      0.48379,      0.48752,      0.57100
     q,      0.48704,      0.49076,      0.49455
     q,      0.62091,      0.62471,      0.54957
     q,      0.71904,      0.73038,      0.60292
     q,      0.69715,      0.73104,      0.62072
     q,      0.65242,      0.73238,      0.56356
     q,      0.60637,      0.73376,      0.49367
     q,      0.53469,      0.73592,      0.44792
     q,      0.43913,      0.59766,      0.46327
     q,      0.24789,      0.26236,      0.38478
     q,      0.22343,      0.23065,      0.20160
     q,      0.21813,      0.21648,      0.13794
     q,      0.22694,      0.21463,      0.23319
     q,      0.25859,      0.24418,      0.33094
     q,      0.30756,      0.29352,      0.30661
     q,      0.31390,      0.30090,      0.19039
     q,      0.33337,      0.32352,      0.17075
     q,      0.34584,      0.33876,      0.39656
     q,      0.31798,      0.32509,      0.36928
     q,      0.29212,      0.30126,      0.37934
     q,      0.27536,      0.28573,      0.33229
     q,      0.22931,      0.23892,      0.35871
     q,      0.18355,      0.18734,      0.26463
     q,      0.17220,      0.16745,      0.30758
     q,      0.21877,      0.21355,      0.24853
     q,      0.24003,      0.23515,      0.17046
     q,      0.26304,      0.25852,      0.13620
     q,      0.35518,      0.35234,      0.14074
     q,      0.39386,      0.39013,      0.33605
     q,      0.44547,      0.43915,      0.57853
     q,      0.69365,      0.65661,      0.69225
     q,      0.68508,      0.64605,      0.59171
     t,    303.24380,    303.28275,    302.04999
     t,    303.24384,    303.28278,    300.95001
     t,    301.96838,    302.01239,    299.35001
     t,    301.05750,    301.08533,    298.54999
     t,    295.46167,    295.56494,    293.45001
     t,    292.64511,    292.80084,    290.85001
     t,    289.97925,    290.11401,    291.04999
     t,    289.09674,    289.18939,    290.75000
     t,    288.27322,    288.31833,    290.04999
     t,    282.15042,    282.30966,    283.54999
     t,    281.67578,    281.86188,    282.95001
     t,    279.47897,    279.57620,    280.85001
     t,    277.21625,    277.20721,    278.04999
     t,    276.05521,    276.00735,    276.75000
     t,    274.24213,    274.15701,    274.35001
     t,    273.87112,    273.77148,    274.04999
     t,    273.49881,    273.39172,    273.64999
     t,    272.45618,    272.33887,    272.35001
     t,    271.98056,    271.85913,    271.85001
     t,    271.40256,    271.27078,    271.35001
     t,    269.63565,    269.48508,    269.35001
     t,    269.33606,    269.18323,    268.95001
     t,    268.52917,    268.37024,    268.45001
     t,    268.03323,    267.87308,    268.14999
     t,    266.07727,    265.91986,    265.75000
     t,    265.77814,    265.62213,    265.85001
     t,    265.37656,    265.22253,    265.75000
     t,    263.64590,    263.50693,    263.54999
     t,    263.24005,    263.11029,    263.35001
     t,    263.03589,    262.91074,    263.04999
     t,    261.89603,    261.79672,    262.04999
     t,    261.05017,    260.97098,    261.85001
     t,    251.85742,    251.88889,    252.25000
     t,    251.07712,    251.10297,    251.45000
     t,    248.23546,    248.24306,    248.05000
     t,    246.96359,    246.96027,    246.45000
     t,    245.17551,    245.14195,    244.45000
     t,    240.61833,    240.57362,    240.64999
     t,    239.02248,    238.99861,    240.05000
     t,    236.19035,    236.21971,    237.45000
     t,    230.41220,    230.49315,    231.64999
     t,    226.35773,    226.31293,    229.25000
     t,    225.79648,    225.70695,    228.45000
     t,    224.26450,    224.06131,    226.85001
     t,    221.80499,    221.51434,    223.45000
     t,    219.79321,    219.57263,    220.25000
     t,    218.94846,    218.74117,    218.45000
     t,    218.05905,    217.85934,    216.64999
     t,    216.71837,    216.54878,    211.25000
     t,    216.60419,    216.42999,    212.45000
     t,    216.57576,    216.38077,    212.05000
     t,    216.54828,    216.33156,    217.05000
     t,    216.54243,    216.32076,    217.85001
     t,    216.45457,    216.20676,    215.85001
     t,    216.43817,    216.21349,    216.25000
     t,    216.44818,    216.23283,    216.85001
     t,    216.40027,    216.28662,    215.85001
     t,    216.36572,    216.34914,    214.25000
     t,    216.32863,    216.41084,    216.45000
     t,    216.31480,    216.41849,    218.25000
     t,    216.22710,    216.46100,    218.64999
     t,    215.93536,    216.41353,    216.45000
     t,    215.80969,    216.34883,    214.64999
     t,    215.63695,    216.17119,    214.05000
     t,    302.23782,    302.58914,    294.64999
     t,    302.23782,    302.58914,    296.85001
     t,    301.80966,    302.15536,    296.75000
     t,    301.06760,    301.39651,    296.14999
     t,    299.36020,    299.73062,    296.54999
     t,    295.94543,    296.24783,    295.35001
     t,    290.78018,    290.72412,    289.64999
     t,    287.90424,    287.82834,    287.75000
     t,    285.13138,    285.08292,    284.64999
     t,    285.03290,    284.98627,    284.64999
     t,    282.43408,    282.42709,    281.64999
     t,    281.00998,    281.01364,    280.14999
     t,    279.18228,    279.20013,    277.95001
     t,    278.38611,    278.40274,    277.04999
     t,    275.51447,    275.52856,    274.85001
     t,    273.79324,    273.78738,    273.64999
     t,    271.50970,    271.47260,    270.45001
     t,    271.08499,    271.04208,    270.45001
     t,    270.86423,    270.81616,    270.95001
     t,    270.76065,    270.71127,    270.75000
     t,    270.56036,    270.51068,    269.85001
     t,    270.35931,    270.30936,    270.25000
     t,    270.05646,    270.00601,    269.85001
     t,    269.75189,    269.70102,    269.14999
     t,    269.44571,    269.39438,    269.35001
     t,    265.77267,    265.72650,    265.45001
     t,    264.50159,    264.47156,    264.14999
     t,    255.14093,    255.19354,    256.54999
     t,    252.46298,    252.52240,    253.05000
     t,    247.61739,    247.62077,    248.45000
     t,    245.67163,    245.62971,    245.95000
     t,    239.83289,    239.72212,    240.35001
     t,    236.74063,    236.70256,    237.14999
     t,    235.79196,    235.77650,    236.14999
     t,    232.68036,    232.71928,    234.45000
     t,    226.14935,    226.25594,    227.45000
     t,    222.35213,    222.41867,    222.85001
     t,    221.35492,    221.40466,    222.64999
     t,    218.77357,    218.71727,    218.85001
     t,    217.94138,    217.85860,    218.45000
     t,    217.72493,    217.63922,    219.64999
     t,    216.97270,    216.88287,    218.45000
     t,    216.67450,    216.60594,    216.45000
     t,    216.60834,    216.54947,    216.85001
     t,    216.43269,    216.39676,    215.64999
     t,    216.32268,    216.30045,    216.05000
     t,    216.07997,    216.08150,    214.45000
     t,    215.85167,    215.86987,    216.45000
     t,    215.66249,    215.69400,    214.85001
     t,    215.56593,    215.60460,    215.64999
     t,    215.27260,    215.35191,    215.85001
     t,    215.23331,    215.31993,    216.05000
     t,    215.02988,    215.15344,    214.85001
     t,    214.86240,    215.01639,    215.05000
     t,    214.83385,    214.99460,    214.45000
     t,    214.77338,    214.94798,    214.85001
     t,    214.71510,    214.90385,    217.05000
     t,    214.68336,    214.87987,    217.64999
     t,    214.47078,    214.72145,    215.64999
     t,    214.38777,    214.63940,    217.45000
     t,    214.30212,    214.55576,    215.85001
     t,    214.17250,    214.42705,    215.45000
     t,    213.59702,    213.82025,    210.85001
     t,    213.30138,    213.49588,    210.45000
     t,    213.10780,    213.27789,    208.85001
     t,    212.97717,    213.13083,    208.64999
     t,    212.93681,    213.08382,    209.64999
     t,    212.90518,    213.04697,    213.05000
     t,    212.85585,    212.97893,    213.64999
     t,    212.77892,    212.89761,    213.45000
     t,    213.00369,    213.16615,    210.64999
     t,    213.16171,    213.38008,    214.45000
     t,    213.67499,    214.26105,    212.64999
     t,    213.76274,    214.44662,    214.45000
     t,    213.92366,    214.60689,    215.25000
     t,    214.25548,    214.93651,    213.64999
     t,    215.06297,    215.54742,    216.05000
     t,    216.55679,    216.54681,    214.05000
     t,    259.72397,    259.74109,    260.24567
     q,      0.51124,      0.52693,      0.49938
     q,      0.51124,      0.52693,      0.44751
     q,      0.52621,      0.54277,      0.46419
     q,      0.52737,      0.54348,      0.49413
     q,      0.62904,      0.64886,      0.60199
     q,      0.69652,      0.72159,      0.60940
     q,      0.73915,      0.76729,      0.28909
     q,      0.73147,      0.75249,      0.34255
     q,      0.72533,      0.74242,      0.51623
     q,      0.71751,      0.72388,      0.63574
     q,      0.72159,      0.72814,      0.62862
     q,      0.73615,      0.74489,      0.62533
     q,      0.75133,      0.76247,      0.68883
     q,      0.75245,      0.76384,      0.55008
     q,      0.75177,      0.76165,      0.60332
     q,      0.75203,      0.76204,      0.64872
     q,      0.75200,      0.76163,      0.55771
     q,      0.75288,      0.76079,      0.54753
     q,      0.74976,      0.75775,      0.63068
     q,      0.74692,      0.75545,      0.54296
     q,      0.73525,      0.74468,      0.61591
     q,      0.73282,      0.74233,      0.66034
     q,      0.72581,      0.73558,      0.57948
     q,      0.71996,      0.72956,      0.63101
     q,      0.69126,      0.69906,      0.47303
     q,      0.68558,      0.69289,      0.24481
     q,      0.67766,      0.68428,      0.14417
     q,      0.64621,      0.64745,      0.19569
     q,      0.63997,      0.63788,      0.12182
     q,      0.63672,      0.63290,      0.08106
     q,      0.62059,      0.60658,      0.07969
     q,      0.60791,      0.58526,      0.02784
     q,      0.56397,      0.49638,      0.02373
     q,      0.57689,      0.51570,      0.02925
     q,      0.65876,      0.64152,      0.21371
     q,      0.66308,      0.64964,      0.14386
     q,      0.66024,      0.65351,      0.14180
     q,      0.65251,      0.64584,      0.09518
     q,      0.64117,      0.63902,      0.10305
     q,      0.42413,      0.39400,      0.42295
     q,      0.42413,      0.39400,      0.40446
     q,      0.43033,      0.39989,      0.34753
     q,      0.44242,      0.41136,      0.37273
     q,      0.47076,      0.43816,      0.35020
     q,      0.49958,      0.49820,      0.39270
     q,      0.45597,      0.47871,      0.47144
     q,      0.46293,      0.45920,      0.60301
     q,      0.48836,      0.48082,      0.62562
     q,      0.48974,      0.48227,      0.62959
     q,      0.52981,      0.52719,      0.74068
     q,      0.55574,      0.55820,      0.60716
     q,      0.58710,      0.59524,      0.67269
     q,      0.59756,      0.60690,      0.62523
     q,      0.64379,      0.65880,      0.77799
     q,      0.66401,      0.67857,      0.74221
     q,      0.69395,      0.70626,      0.81792
     q,      0.70044,      0.71226,      0.82595
     q,      0.70470,      0.71637,      0.78474
     q,      0.70580,      0.71732,      0.77868
     q,      0.70666,      0.71780,      0.85225
     q,      0.70754,      0.71829,      0.72363
     q,      0.70890,      0.71905,      0.71060
     q,      0.71032,      0.71983,      0.82191
     q,      0.71178,      0.72065,      0.80176
     q,      0.72868,      0.72826,      0.85421
     q,      0.72700,      0.72315,      0.85969
     q,      0.72849,      0.70086,      0.88764
     q,      0.74515,      0.71162,      0.77385
     q,      0.76541,      0.73415,      0.78141
     q,      0.76055,      0.73888,      0.66482
     q,      0.71261,      0.71881,      0.77064
     q,      0.68730,      0.68802,      0.70539
     q,      0.71881,      0.70262,      0.89652
     t,    312.72122,    312.65677,    312.25000
     t,    312.57657,    312.50644,    309.64999
     t,    311.76099,    311.69598,    308.85001
     t,    307.32867,    307.26501,    304.54999
     t,    299.95932,    299.89493,    297.64999
     t,    298.12918,    298.06412,    295.85001
     t,    296.24698,    296.18570,    295.25000
     t,    295.75748,    295.69754,    296.04999
     t,    294.30920,    294.26205,    295.14999
     t,    287.22498,    287.20706,    287.64999
     t,    286.58014,    286.57800,    286.85001
     t,    285.93207,    285.94742,    286.25000
     t,    283.72153,    283.79074,    283.64999
     t,    281.15497,    281.27328,    281.45001
     t,    279.56567,    279.71539,    280.04999
     t,    278.70111,    278.83548,    279.35001
     t,    277.40421,    277.49176,    277.64999
     t,    276.65463,    276.71609,    276.75000
     t,    275.46558,    275.48557,    275.35001
     t,    275.13657,    275.13358,    274.85001
     t,    273.89908,    273.81888,    273.25000
     t,    273.47760,    273.37109,    272.95001
     t,    272.69250,    272.53293,    272.64999
     t,    271.40765,    271.22412,    270.54999
     t,    269.73898,    269.54288,    270.25000
     t,    269.64474,    269.44812,    270.25000
     t,    267.46402,    267.27945,    267.14999
     t,    265.77341,    265.61816,    266.45001
     t,    265.12485,    264.98132,    265.54999
     t,    264.79736,    264.65976,    265.54999
     t,    263.77258,    263.65985,    264.14999
     t,    263.30624,    263.20468,    263.54999
     t,    261.88138,    261.81403,    261.64999
     t,    261.64011,    261.58228,    261.45001
     t,    260.54001,    260.50845,    260.45001
     t,    258.33582,    258.33038,    258.04999
     t,    257.66684,    257.66696,    257.85001
     t,    252.61891,    252.63205,    252.45000
     t,    251.13199,    251.14371,    251.85001
     t,    249.75523,    249.76395,    250.85001
     t,    245.15982,    245.15016,    245.85001
     t,    242.99103,    242.96321,    243.25000
     t,    241.87430,    241.83685,    242.05000
     t,    237.34457,    237.35266,    238.05000
     t,    232.93187,    233.00572,    233.05000
     t,    223.01572,    223.16368,    223.85001
     t,    221.26532,    221.40733,    221.64999
     t,    210.72069,    210.74069,    209.45000
     t,    207.94971,    207.92592,    207.05000
     t,    207.42412,    207.39201,    206.64999
     t,    205.36928,    205.46445,    202.85001
     t,    204.46547,    204.63374,    203.64999
     t,    203.75139,    203.98215,    201.45000
     t,    203.46524,    203.67035,    202.45000
     t,    203.24051,    203.34717,    200.85001
     t,    203.01591,    203.02977,    200.45000
     t,    202.99472,    203.01077,    202.85001
     t,    202.97827,    202.99602,    203.25000
     t,    203.70412,    203.84503,    200.45000
     t,    205.19958,    205.28986,    206.25000
     t,    206.50981,    206.43147,    205.85001
     t,    209.45964,    209.23384,    206.05000
     t,    309.40479,    309.34146,    306.61050
     t,    303.22443,    303.26660,    304.04999
     t,    303.22443,    303.26660,    303.75000
     t,    303.47333,    303.48184,    303.95001
     t,    303.47333,    303.48184,    303.75000
     t,    303.19296,    303.30798,    306.75000
     t,    303.19296,    303.30798,    306.14999
     t,    303.22211,    303.31848,    303.85001
     t,    303.22211,    303.31848,    303.64999
     t,    303.69009,    303.68399,    304.45001
     t,    303.69006,    303.68396,    304.14999
     t,    304.08975,    304.08157,    304.95001
     t,    304.08972,    304.08154,    304.54999
     t,    303.90155,    303.89359,    304.35001
     t,    303.90158,    303.89362,    303.95001
     t,    303.22443,    303.26660,    304.25000
     t,    303.22443,    303.26660,    303.64999
     t,    303.22443,    303.26660,    303.64999
     t,    303.47333,    303.48184,    304.25000
     t,    303.47333,    303.48181,    303.64999
     t,    303.47333,    303.48184,    303.45001
     t,    303.19296,    303.30798,    307.35001
     t,    303.19296,    303.30798,    305.85001
     t,    303.19296,    303.30798,    305.75000
     t,    303.22211,    303.31848,    304.54999
     t,    303.22211,    303.31848,    303.14999
     t,    303.22214,    303.31851,    302.95001
     t,    303.69006,    303.68396,    305.25000
     t,    303.69006,    303.68399,    303.85001
     t,    303.69006,    303.68396,    303.54999
     t,    304.08975,    304.08157,    305.95001
     t,    304.08975,    304.08157,    303.95001
     t,    304.08975,    304.08157,    303.45001
     t,    303.90155,    303.89359,    305.35001
     t,    303.90158,    303.89362,    303.45001
     t,    303.90158,    303.89362,    302.95001
     t,    303.22443,    303.26660,    304.04999
     t,    303.22446,    303.26660,    303.95001
     t,    303.47333,    303.48181,    304.14999
     t,    303.47333,    303.48181,    304.14999
     t,    303.19296,    303.30798,    307.04999
     t,    303.19296,    303.30798,    306.54999
     t,    303.22211,    303.31848,    304.25000
     t,    303.22211,    303.31848,    304.35001
     t,    303.69006,    303.68396,    305.14999
     t,    303.69006,    303.68396,    305.04999
     t,    304.08975,    304.08157,    305.45001
     t,    304.08975,    304.08157,    305.35001
     t,    303.90155,    303.89359,    304.85001
     t,    303.90155,    303.89359,    304.64999
     q,      0.37605,      0.36790,      0.48691
     q,      0.37817,      0.36996,      0.41126
     q,      0.39070,      0.38218,      0.43534
     q,      0.47394,      0.46375,      0.51783
     q,      0.66580,      0.65159,      0.68474
     q,      0.72539,      0.71008,      0.73576
     q,      0.76433,      0.74376,      0.69458
     q,      0.77101,      0.74847,      0.59440
     q,      0.77725,      0.74772,      0.57285
     q,      0.73663,      0.74381,      0.56895
     q,      0.73477,      0.74347,      0.59996
     q,      0.73297,      0.74333,      0.52651
     q,      0.72638,      0.74023,      0.57878
     q,      0.71674,      0.72862,      0.44227
     q,      0.71004,      0.72007,      0.47759
     q,      0.68403,      0.69995,      0.41311
     q,      0.62542,      0.65668,      0.53047
     q,      0.58968,      0.62999,      0.41460
     q,      0.52780,      0.58380,      0.47014
     q,      0.50544,      0.56341,      0.36626
     q,      0.42045,      0.48158,      0.35106
     q,      0.38960,      0.45188,      0.25434
     q,      0.33140,      0.39724,      0.20335
     q,      0.30272,      0.36146,      0.10755
     q,      0.28977,      0.33396,      0.04422
     q,      0.28893,      0.33215,      0.04012
     q,      0.29436,      0.33113,      0.06980
     q,      0.31879,      0.36359,      0.02566
     q,      0.32793,      0.37603,      0.17230
     q,      0.33283,      0.38269,      0.08939
     q,      0.34531,      0.39610,      0.22206
     q,      0.34836,      0.39895,      0.40200
     q,      0.35877,      0.40866,      0.38341
     q,      0.36220,      0.41024,      0.35109
     q,      0.37099,      0.41802,      0.03067
     q,      0.35135,      0.38732,      0.04390
     q,      0.34225,      0.37476,      0.06344
     q,      0.27005,      0.29201,      0.06583
     q,      0.23446,      0.25136,      0.09917
     q,      0.17764,      0.17076,      0.08456
     q,      0.43241,      0.42304,      0.47747
     t,    225.43979,    225.45795,    225.64999
     t,    223.37901,    223.39764,    223.05000
     t,    216.82623,    216.85954,    215.64999
     t,    212.91331,    212.85252,    212.64999
     t,    211.88492,    211.76086,    210.85001
     t,    209.45587,    209.15970,    205.64999
     t,    208.04605,    207.64061,    203.45000
     t,    207.16216,    206.74602,    203.64999
     t,    206.48544,    206.06049,    205.45000
     t,    206.01566,    205.58830,    205.25000
     t,    205.28680,    204.88867,    206.05000
     t,    204.74989,    204.77049,    203.85001
     t,    204.94429,    205.02335,    205.05000
     t,    205.24374,    205.41890,    205.25000
     t,    205.90907,    206.09406,    206.45000
     t,    206.01715,    206.07869,    208.45000
     t,    206.41272,    206.01746,    206.05000
     t,    208.79132,    208.58032,    207.25000
     t,    209.62863,    209.54718,    209.64999
     t,    210.13461,    210.23073,    210.45000
     t,    211.50807,    211.88486,    208.85001
     t,    211.91373,    211.81084,    210.85001
     t,    212.32214,    212.16660,    214.64999
     t,    212.47095,    212.29596,    213.45000
     t,    308.87946,    310.07016,    307.95001
     t,    308.58310,    309.80771,    307.54999
     t,    307.29181,    308.47403,    306.85001
     t,    306.34824,    306.88785,    304.75000
     t,    299.87292,    300.17557,    298.04999
     t,    296.43005,    296.63766,    294.35001
     t,    295.14053,    295.38934,    294.04999
     t,    293.83707,    294.12021,    292.95001
     t,    290.45621,    290.65634,    290.45001
     t,    289.79736,    289.98486,    290.45001
     t,    288.87869,    289.03784,    288.85001
     t,    288.54175,    288.69470,    288.75000
     t,    288.11795,    288.26309,    288.14999
     t,    286.60602,    286.71030,    286.45001
     t,    286.51489,    286.61603,    286.25000
     t,    284.47632,    284.50699,    283.14999
     t,    278.39044,    278.18176,    279.35001
     t,    277.37320,    277.13361,    279.35001
     t,    275.66684,    275.43030,    275.45001
     t,    274.74820,    274.51321,    274.54999
     t,    274.43762,    274.19537,    273.75000
     t,    274.13721,    273.89365,    273.35001
     t,    273.99289,    273.74884,    272.75000
     t,    273.70270,    273.45764,    272.64999
     t,    273.62985,    273.38452,    272.35001
     t,    273.55682,    273.31125,    272.04999
     t,    273.41043,    273.16437,    271.45001
     t,    272.89383,    272.64597,    271.14999
     t,    271.83984,    271.58157,    269.35001
     t,    271.37967,    271.12012,    268.54999
     t,    271.07001,    270.80960,    267.85001
     t,    270.63034,    270.35757,    267.35001
     t,    269.55618,    269.26477,    265.75000
     t,    269.09561,    268.79712,    265.35001
     t,    268.63495,    268.33008,    264.75000
     t,    268.07599,    267.76340,    267.25000
     t,    266.61319,    266.28915,    265.25000
     t,    266.26572,    265.93658,    265.04999
     t,    265.79901,    265.46304,    266.35001
     t,    265.19366,    264.87128,    266.35001
     t,    263.46188,    263.15515,    264.25000
     t,    260.41885,    260.09415,    262.14999
     t,    257.70523,    257.42426,    258.45001
     t,    257.26059,    257.01138,    257.35001
     t,    254.73167,    254.54720,    254.95000
     t,    254.09824,    253.96028,    254.55000
     t,    253.08516,    252.99564,    253.45000
     t,    251.90324,    251.89102,    251.85001
     t,    250.78232,    250.77557,    250.35001
     t,    249.66563,    249.68199,    249.75000
     t,    249.12495,    249.11931,    249.25000
     t,    247.02820,    247.04436,    247.85001
     t,    243.09932,    243.04105,    244.45000
     t,    235.99554,    235.82343,    238.45000
     t,    232.99348,    233.08107,    234.64999
     t,    231.96692,    232.15137,    233.45000
     t,    230.71959,    230.99510,    233.05000
     t,    222.00867,    222.18596,    222.85001
     t,    216.91350,    217.09589,    216.85001
     t,    215.36806,    215.57573,    216.64999
     t,    209.18033,    209.30119,    208.45000
     t,    207.82906,    207.86948,    206.45000
     t,    204.39244,    204.27426,    198.25000
     t,    203.95132,    203.85390,    198.85001
     t,    203.53802,    203.51624,    197.05000
     t,    203.37842,    203.38034,    198.05000
     t,    203.29207,    203.30978,    197.64999
     t,    203.11703,    203.16675,    198.45000
     t,    203.19312,    203.19780,    197.45000
     t,    203.27440,    203.25330,    200.45000
     t,    203.52495,    203.44495,    203.25000
     t,    204.36723,    204.15936,    201.05000
     t,    204.94229,    204.80826,    202.05000
     t,    205.00238,    204.88185,    202.64999
     t,    205.07790,    204.97433,    207.05000
     t,    205.20886,    205.12488,    207.85001
     t,    206.73520,    206.52847,    204.85001
     t,    207.36182,    206.97171,    206.05000
     t,    207.53888,    207.10568,    208.45000
     t,    207.81798,    207.32597,    208.45000
     t,    208.98703,    208.26920,    207.64999
     t,    210.16869,    209.79041,    211.25000
     t,    211.29533,    211.53661,    211.45000
     t,    308.88193,    310.60107,    305.25000
     t,    305.03781,    306.85349,    300.25000
     t,    302.30450,    304.03638,    297.35001
     t,    298.34079,    299.83228,    295.04999
     t,    292.08511,    293.10931,    289.85001
     t,    289.73083,    290.31516,    287.25000
     t,    288.97580,    289.47421,    288.45001
     t,    287.25604,    287.57025,    287.04999
     t,    286.29306,    286.54123,    286.25000
     t,    285.58316,    285.78262,    286.14999
     t,    274.96271,    274.87784,    274.25000
     t,    273.65054,    273.57724,    273.14999
     t,    269.30563,    269.21353,    267.64999
     t,    269.04813,    268.95181,    267.75000
     t,    268.87558,    268.77649,    267.75000
     t,    268.70236,    268.60043,    267.35001
     t,    267.01184,    266.89331,    265.95001
     t,    266.31650,    266.22327,    266.75000
     t,    263.65240,    263.65912,    264.04999
     t,    259.99960,    260.14871,    259.14999
     t,    257.80328,    257.97971,    258.25000
     t,    257.12988,    257.29865,    257.85001
     t,    251.66335,    251.82874,    251.45000
     t,    243.63487,    243.81418,    246.25000
     t,    242.17065,    242.33185,    244.45000
     t,    233.24834,    233.26889,    235.05000
     t,    232.48227,    232.49655,    234.25000
     t,    222.37714,    222.42142,    222.25000
     t,    218.55574,    218.65195,    217.85001
     t,    213.73383,    213.91733,    213.25000
     t,    213.01479,    213.19669,    214.25000
     t,    210.54678,    210.59915,    210.45000
     t,    205.88565,    205.65790,    202.25000
     t,    204.55624,    204.24812,    198.64999
     t,    203.93469,    203.85184,    198.85001
     t,    203.63141,    203.79393,    200.25000
     t,    203.52852,    203.65427,    201.05000
     t,    204.22020,    204.23225,    207.05000
     t,    207.14912,    206.92795,    205.45000
     t,    207.82135,    207.56432,    210.05000
     t,    208.60587,    208.38860,    207.25000
     t,    209.24088,    209.19136,    208.45000
     t,    294.92944,    296.24951,    292.33539
     t,    279.79712,    279.72607,    280.14023
     t,    227.85480,    227.87041,    228.66879
     q,      0.57188,      0.55278,      0.64801
     q,      0.57069,      0.55140,      0.58490
     q,      0.57635,      0.55732,      0.63274
     q,      0.56785,      0.56121,      0.59347
     q,      0.70958,      0.71689,      0.77280
     q,      0.80763,      0.80466,      0.82605
     q,      0.83715,      0.82476,      0.84621
     q,      0.86894,      0.84810,      0.73433
     q,      0.90686,      0.90900,      0.73801
     q,      0.88441,      0.89327,      0.67659
     q,      0.85051,      0.87165,      0.64598
     q,      0.83770,      0.86259,      0.76475
     q,      0.82111,      0.85086,      0.78300
     q,      0.78634,      0.82475,      0.71347
     q,      0.78483,      0.82369,      0.71228
     q,      0.74796,      0.79762,      0.82607
     q,      0.67259,      0.73299,      0.96484
     q,      0.65357,      0.71223,      1.02644
     q,      0.59106,      0.64079,      0.86544
     q,      0.55443,      0.59877,      0.87453
     q,      0.54202,      0.58328,      0.74737
     q,      0.53019,      0.56947,      0.77423
     q,      0.52506,      0.56354,      0.62718
     q,      0.51456,      0.55139,      0.83951
     q,      0.51188,      0.54830,      0.82490
     q,      0.50918,      0.54518,      0.84776
     q,      0.50372,      0.53886,      0.75923
     q,      0.48390,      0.51593,      0.80423
     q,      0.44154,      0.46482,      0.63165
     q,      0.42135,      0.44129,      0.72178
     q,      0.40727,      0.42488,      0.64151
     q,      0.39933,      0.41446,      0.68760
     q,      0.37658,      0.39209,      0.58965
     q,      0.36790,      0.38066,      0.58563
     q,      0.35707,      0.36981,      0.58187
     q,      0.34322,      0.35594,      0.72334
     q,      0.33271,      0.34047,      0.78680
     q,      0.33563,      0.34307,      0.79421
     q,      0.33974,      0.34671,      0.92542
     q,      0.34890,      0.34960,      0.93877
     q,      0.37614,      0.37119,      0.89040
     q,      0.47754,      0.45069,      0.97931
     q,      0.62713,      0.57157,      0.85490
     q,      0.66012,      0.59859,      0.80075
     q,      0.78995,      0.73430,      0.69204
     q,      0.78722,      0.73390,      0.79582
     q,      0.78355,      0.72927,      0.73155
     q,      0.77715,      0.72758,      0.70245
     q,      0.76470,      0.71414,      0.50122
     q,      0.74600,      0.70095,      0.35048
     q,      0.73838,      0.68823,      0.17063
     q,      0.69669,      0.64803,      0.10171
     q,      0.57674,      0.56291,      0.09687
     q,      0.52958,      0.51725,      0.53160
     q,      0.61314,      0.59570,      0.59421
     q,      0.68143,      0.66252,      0.65314
     q,      0.78068,      0.76078,      0.71047
     q,      0.88708,      0.86369,      0.86049
     q,      0.83479,      0.83926,      0.79272
     q,      0.80921,      0.80526,      0.62081
     q,      0.75311,      0.72836,      0.51628
     q,      0.74767,      0.71792,      0.51565
     q,      0.74336,      0.70965,      0.46538
     q,      0.62837,      0.57552,      0.79231
     q,      0.58687,      0.53579,      0.61136
     q,      0.41929,      0.39050,      0.65782
     q,      0.40913,      0.38169,      0.31626
     q,      0.40217,      0.37566,      0.34890
     q,      0.39508,      0.36951,      0.37165
     q,      0.32131,      0.30412,      0.34274
     q,      0.30183,      0.28811,      0.10888
     q,      0.21193,      0.21376,      0.24015
     q,      0.17989,      0.18987,      0.13720
     q,      0.23787,      0.25141,      0.05848
     q,      0.28077,      0.29637,      0.10145
     q,      0.46239,      0.47798,      0.03546
     q,      0.85898,      0.81638,      0.79350
     q,      0.71189,      0.65895,      0.61959
     t,    297.93298,    298.65701,    297.04999
     t,    297.93301,    298.65704,    296.35001
     t,    297.00864,    297.80917,    294.25000
     t,    295.45126,    296.26956,    293.25000
     t,    294.24454,    295.07950,    292.64999
     t,    294.06433,    294.92145,    292.35001
     t,    294.04391,    295.24573,    293.04999
     t,    294.15039,    294.76715,    292.25000
     t,    293.73175,    293.91818,    291.35001
     t,    292.52194,    292.45285,    289.85001
     t,    292.28354,    292.18143,    289.14999
     t,    291.95035,    291.84531,    287.95001
     t,    291.61459,    291.50665,    287.14999
     t,    289.68210,    289.66122,    287.35001
     t,    284.75906,    284.72705,    282.54999
     t,    284.60632,    284.56805,    282.25000
     t,    283.52277,    283.43689,    281.75000
     t,    283.05228,    282.94714,    281.45001
     t,    282.65698,    282.53564,    281.54999
     t,    280.10104,    279.87830,    279.85001
     t,    277.93973,    277.63113,    278.95001
     t,    275.65527,    275.44141,    276.04999
     t,    275.15179,    274.95905,    275.95001
     t,    272.86041,    272.65979,    272.85001
     t,    271.91113,    271.66785,    272.45001
     t,    271.12003,    270.84119,    271.75000
     t,    270.49548,    270.18854,    271.25000
     t,    267.93173,    267.46957,    268.75000
     t,    267.63800,    267.15723,    268.35001
     t,    264.91833,    264.35931,    265.14999
     t,    263.68475,    263.12585,    263.85001
     t,    259.83667,    259.25131,    260.14999
     t,    256.56512,    256.01813,    256.04999
     t,    256.15524,    255.63933,    255.64999
     t,    254.62955,    254.22873,    254.55000
     t,    254.06259,    253.70485,    253.95000
     t,    253.05609,    252.77483,    252.95000
     t,    252.31297,    252.12221,    252.14999
     t,    250.47630,    250.51521,    250.35001
     t,    249.69293,    249.82979,    249.55000
     t,    248.25763,    248.57588,    248.55000
     t,    246.11098,    246.52393,    246.05000
     t,    244.73660,    245.18875,    245.45000
     t,    240.18471,    240.63805,    240.85001
     t,    238.33995,    238.75380,    238.64999
     t,    235.69594,    235.93683,    235.25000
     t,    234.40742,    234.56085,    234.85001
     t,    231.23735,    231.22847,    232.05000
     t,    222.57419,    222.24742,    223.45000
     t,    222.17294,    221.83047,    223.25000
     t,    220.68643,    220.35669,    222.85001
     t,    214.15665,    214.02946,    213.25000
     t,    212.60933,    212.71754,    211.25000
     t,    212.12703,    212.31236,    210.25000
     t,    211.38506,    211.67377,    208.25000
     t,    210.25540,    210.64705,    206.25000
     t,    209.99281,    210.40982,    207.25000
     t,    209.26048,    209.65675,    207.25000
     t,    207.98917,    208.22122,    204.85001
     t,    207.23813,    207.10591,    204.85001
     t,    207.02440,    206.73721,    207.05000
     t,    206.90997,    206.52104,    206.05000
     t,    207.02968,    206.68680,    208.25000
     t,    207.64578,    207.48122,    207.45000
     t,    207.89598,    207.78249,    209.05000
     t,    208.83527,    208.90930,    207.25000
     t,    210.64883,    210.89197,    207.85001
     t,    210.81114,    211.08234,    210.85001
     t,    210.82286,    211.09608,    210.85001
     t,    211.10919,    211.43192,    212.45000
     t,    211.91821,    212.52049,    209.85001
     t,    212.68263,    213.33177,    211.85001
     t,    212.91925,    213.49985,    213.64999
     t,    226.61285,    226.42807,    227.51543
     t,    295.40283,    294.49707,    295.75000
     t,    295.40283,    294.49707,    295.14999
     t,    292.02472,    292.12000,    291.04999
     t,    291.33167,    292.02087,    290.25000
     t,    289.05209,    289.47870,    287.25000
     t,    288.86212,    289.18704,    287.85001
     t,    288.45908,    287.79926,    287.45001
     t,    288.29318,    286.89337,    285.95001
     t,    287.55478,    287.19125,    283.95001
     t,    287.25894,    287.07855,    284.54999
     t,    285.40933,    285.44327,    282.45001
     t,    284.04468,    284.15442,    282.35001
     t,    283.85281,    283.96326,    282.04999
     t,    283.46661,    283.57852,    281.75000
     t,    283.20731,    283.32016,    281.25000
     t,    282.48633,    282.60187,    282.14999
     t,    281.61908,    281.73779,    281.04999
     t,    281.28159,    281.39642,    280.64999
     t,    280.94553,    281.03101,    280.45001
     t,    280.53882,    280.58881,    279.85001
     t,    278.65457,    278.54184,    277.04999
     t,    278.44064,    278.30872,    276.85001
     t,    277.54816,    277.38297,    276.75000
     t,    276.58084,    276.46204,    276.04999
     t,    274.16043,    274.15756,    273.25000
     t,    272.69742,    272.68918,    271.75000
     t,    268.32364,    268.27545,    267.54999
     t,    267.21179,    267.13998,    266.85001
     t,    266.64642,    266.56296,    266.85001
     t,    266.18997,    266.09714,    266.64999
     t,    265.04474,    264.92215,    265.25000
     t,    263.82642,    263.63287,    263.64999
     t,    260.22095,    259.85828,    259.25000
     t,    259.23416,    258.87479,    258.35001
     t,    257.97153,    257.61465,    256.64999
     t,    257.71542,    257.35904,    256.64999
     t,    257.06973,    256.71463,    256.54999
     t,    256.80930,    256.45468,    256.54999
     t,    255.13843,    254.81923,    255.14999
     t,    254.85031,    254.53885,    254.95000
     t,    253.83321,    253.54942,    253.95000
     t,    250.98207,    250.77185,    250.55000
     t,    248.81042,    248.64658,    248.35001
     t,    247.69395,    247.55516,    247.14999
     t,    243.62488,    243.57118,    244.14999
     t,    238.61981,    238.68138,    239.55000
     t,    238.42128,    238.48605,    239.35001
     t,    230.85986,    231.04108,    231.64999
     t,    228.10808,    228.21956,    228.64999
     t,    225.28740,    225.33473,    225.05000
     t,    222.21538,    222.19106,    220.25000
     t,    222.00513,    221.98090,    220.85001
     t,    220.68095,    220.64301,    219.45000
     t,    220.34000,    220.30161,    219.64999
     t,    219.42441,    219.37477,    220.25000
     t,    218.38632,    218.31798,    219.85001
     t,    216.67749,    216.62209,    216.64999
     t,    215.53535,    215.50490,    215.64999
     t,    215.12650,    215.10945,    214.45000
     t,    214.57056,    214.57117,    214.64999
     t,    211.97311,    212.04446,    210.05000
     t,    211.71613,    211.80574,    210.25000
     t,    210.64609,    210.81256,    208.85001
     t,    210.50792,    210.68419,    209.25000
     t,    209.51312,    209.83849,    206.64999
     t,    209.37778,    209.68187,    207.45000
     t,    209.27481,    209.40904,    206.85001
     t,    209.29196,    209.02968,    211.64999
     t,    209.55504,    209.17587,    211.64999
     t,    210.12331,    209.80478,    208.64999
     t,    210.40973,    210.14540,    209.45000
     t,    210.93338,    210.83218,    207.45000
     t,    211.53812,    211.49330,    209.25000
     t,    211.59566,    211.54024,    209.05000
     t,    211.84787,    211.74597,    211.45000
     t,    213.54449,    213.29195,    211.64999
     t,    293.65500,    292.68204,    293.05728
     q,      0.79955,      0.83695,      0.87190
     q,      0.79955,      0.83695,      0.78115
     q,      0.83102,      0.87025,      0.78539
     q,      0.89328,      0.93543,      0.84729
     q,      0.93652,      0.95061,      0.87851
     q,      0.94235,      0.94765,      0.87713
     q,      0.94768,      0.93363,      0.89758
     q,      0.92107,      0.93894,      0.83338
     q,      0.91924,      0.96207,      0.81174
     q,      0.92203,      0.97596,      0.80052
     q,      0.92212,      0.97774,      0.77020
     q,      0.91934,      0.97728,      0.64237
     q,      0.91648,      0.97681,      0.64155
     q,      0.88804,      0.96725,      0.78156
     q,      0.72119,      0.79567,      0.70827
     q,      0.71857,      0.79206,      0.70488
     q,      0.70027,      0.76697,      0.75840
     q,      0.69121,      0.75446,      0.74885
     q,      0.68330,      0.74355,      0.67575
     q,      0.66003,      0.70061,      0.72415
     q,      0.64948,      0.67036,      0.69317
     q,      0.63935,      0.66195,      0.76043
     q,      0.63682,      0.65988,      0.67813
     q,      0.61512,      0.64976,      0.72558
     q,      0.60047,      0.64458,      0.76332
     q,      0.58716,      0.63987,      0.52548
     q,      0.57586,      0.63588,      0.45307
     q,      0.53717,      0.61819,      0.34577
     q,      0.53202,      0.61581,      0.34158
     q,      0.50307,      0.59536,      0.37677
     q,      0.49776,      0.58593,      0.26022
     q,      0.48444,      0.57928,      0.25166
     q,      0.47680,      0.60663,      0.51277
     q,      0.47559,      0.61321,      0.51049
     q,      0.46985,      0.64067,      0.33096
     q,      0.46767,      0.65252,      0.39734
     q,      0.46334,      0.67606,      0.32655
     q,      0.45856,      0.68288,      0.19372
     q,      0.44447,      0.70271,      0.22998
     q,      0.43731,      0.71280,      0.34104
     q,      0.42286,      0.73391,      0.23455
     q,      0.40559,      0.73732,      0.17551
     q,      0.76942,      0.78268,      0.80602
     q,      0.76942,      0.78268,      0.73897
     q,      0.86375,      0.91471,      0.84250
     q,      0.88618,      0.95911,      0.87434
     q,      0.97369,      0.99946,      0.84854
     q,      0.97903,      1.00029,      0.85896
     q,      0.94539,      0.94491,      0.82687
     q,      0.91238,      0.89841,      0.70330
     q,      0.73842,      0.70572,      0.60014
     q,      0.70849,      0.67894,      0.68104
     q,      0.66573,      0.63179,      0.67535
     q,      0.61715,      0.58479,      0.65406
     q,      0.60785,      0.57654,      0.62477
     q,      0.58874,      0.55958,      0.54534
     q,      0.57561,      0.54792,      0.40590
     q,      0.53777,      0.51433,      0.21298
     q,      0.48947,      0.47146,      0.19047
     q,      0.46989,      0.45393,      0.40354
     q,      0.45062,      0.43558,      0.32642
     q,      0.42666,      0.41275,      0.46176
     q,      0.30562,      0.29530,      0.48749
     q,      0.29075,      0.28125,      0.36266
     q,      0.24435,      0.23649,      0.13222
     q,      0.21739,      0.20224,      0.04332
     q,      0.13825,      0.10166,      0.13318
     q,      0.14089,      0.10632,      0.06072
     q,      0.17597,      0.15518,      0.07450
     q,      0.19675,      0.18406,      0.05624
     q,      0.20848,      0.20039,      0.20394
     q,      0.21857,      0.21443,      0.22756
     q,      0.24314,      0.24874,      0.21984
     q,      0.25179,      0.26463,      0.35780
     q,      0.29357,      0.33050,      0.35209
     q,      0.31795,      0.35792,      0.24303
     q,      0.35451,      0.39924,      0.36433
     q,      0.36269,      0.40849,      0.44727
     q,      0.38462,      0.43327,      0.22273
     q,      0.39404,      0.44393,      0.27689
     q,      0.45200,      0.50305,      0.33554
     q,      0.46300,      0.51396,      0.33688
     q,      0.50398,      0.55440,      0.30268
     q,      0.63160,      0.67737,      0.41380
     q,      0.68008,      0.71340,      0.59150
     q,      0.71049,      0.73563,      0.53090
     q,      0.73969,      0.75334,      0.70717
     q,      0.72464,      0.73629,      0.63291
     q,      0.81133,      0.84107,      0.79142
     t,    215.32022,    215.72211,    213.64999
     t,    215.01031,    215.23126,    216.25000
     t,    214.93466,    215.14796,    211.85001
     t,    215.15680,    215.35222,    213.64999
     t,    215.35497,    215.53741,    213.64999
     t,    215.45695,    215.63129,    215.85001
     t,    217.22437,    217.11697,    215.64999
     t,    217.81766,    217.70668,    219.05000
     t,    301.76437,    302.27182,    302.25000
     t,    301.55685,    302.07718,    300.04999
     t,    300.79877,    301.30798,    299.14999
     t,    298.51840,    299.02011,    296.85001
     t,    291.46390,    291.83252,    289.85001
     t,    289.92480,    289.94821,    287.25000
     t,    289.85315,    289.83322,    287.35001
     t,    289.75714,    289.67926,    289.14999
     t,    289.66071,    289.52454,    289.64999
     t,    289.20520,    289.45819,    289.75000
     t,    288.93680,    289.50443,    289.64999
     t,    288.52847,    289.06055,    289.04999
     t,    288.00424,    288.45700,    288.45001
     t,    287.66730,    288.06885,    287.85001
     t,    287.11981,    287.47037,    287.04999
     t,    284.06158,    284.16919,    284.14999
     t,    283.41846,    283.51257,    283.35001
     t,    276.43542,    276.39188,    275.95001
     t,    273.57108,    273.46808,    273.85001
     t,    271.00415,    270.82346,    271.04999
     t,    269.02911,    268.78799,    269.35001
     t,    268.28070,    268.01810,    268.85001
     t,    264.19135,    263.85217,    264.25000
     t,    263.54443,    263.21298,    263.45001
     t,    263.35764,    263.02850,    263.25000
     t,    262.31671,    262.00055,    262.75000
     t,    259.67224,    259.43582,    259.54999
     t,    259.06540,    258.85242,    260.04999
     t,    258.03522,    257.86124,    259.04999
     t,    256.89487,    256.74438,    257.95001
     t,    254.44272,    254.33226,    255.55000
     t,    254.06474,    253.96059,    255.14999
     t,    252.60184,    252.51457,    253.55000
     t,    251.19138,    251.11206,    251.85001
     t,    249.15401,    249.08618,    249.64999
     t,    247.94643,    247.88556,    248.35001
     t,    243.47986,    243.44847,    243.64999
     t,    240.63350,    240.62398,    240.25000
     t,    238.36998,    238.37535,    237.64999
     t,    236.78246,    236.79486,    236.85001
     t,    236.60242,    236.61426,    236.64999
     t,    230.99939,    231.03131,    231.05000
     t,    228.40837,    228.44254,    228.05000
     t,    226.96147,    226.99213,    226.85001
     t,    223.74564,    223.77525,    224.25000
     t,    217.84190,    218.01282,    216.45000
     t,    217.25488,    217.46478,    215.85001
     t,    216.60321,    216.87709,    214.05000
     t,    216.38222,    216.70305,    215.05000
     t,    216.06296,    216.45428,    213.64999
     t,    215.95494,    216.37320,    215.05000
     t,    215.96527,    216.38142,    216.45000
     t,    215.99306,    216.40839,    217.64999
     t,    215.96744,    216.33028,    217.85001
     t,    215.91270,    216.21046,    216.64999
     t,    215.88361,    216.14877,    215.64999
     t,    215.80916,    216.02753,    216.05000
     t,    215.64362,    215.78419,    214.64999
     t,    215.47043,    215.52725,    214.45000
     t,    215.33109,    215.31981,    215.25000
     t,    215.11127,    214.99066,    213.85001
     t,    214.99805,    214.82266,    215.05000
     t,    214.80328,    214.58116,    213.45000
     t,    214.60358,    214.33601,    213.25000
     t,    214.16959,    213.87036,    211.85001
     t,    213.99371,    213.69090,    213.25000
     t,    213.91312,    213.56078,    210.85001
     t,    213.70772,    213.32587,    212.25000
     t,    213.62346,    213.23328,    214.85001
     t,    213.94664,    213.59093,    213.64999
     t,    214.00830,    213.66815,    213.64999
     t,    214.40849,    214.15851,    215.05000
     t,    216.97046,    217.21410,    214.25000
     t,    217.66069,    217.90829,    215.45000
     q,      0.41466,      0.47831,      0.45313
     q,      0.41728,      0.48183,      0.40463
     q,      0.42772,      0.49524,      0.40086
     q,      0.47305,      0.54919,      0.42370
     q,      0.63815,      0.76681,      0.60954
     q,      0.51735,      0.68440,      0.62325
     q,      0.49219,      0.66164,      0.61113
     q,      0.45872,      0.63135,      0.52203
     q,      0.42534,      0.60115,      0.44151
     q,      0.33650,      0.45267,      0.15397
     q,      0.28489,      0.35554,      0.27998
     q,      0.28424,      0.33327,      0.39146
     q,      0.28757,      0.31051,      0.29269
     q,      0.28956,      0.29564,      0.37925
     q,      0.30440,      0.30501,      0.32430
     q,      0.43058,      0.45239,      0.40121
     q,      0.45357,      0.47469,      0.42439
     q,      0.67738,      0.69404,      0.67126
     q,      0.70753,      0.72632,      0.65158
     q,      0.68068,      0.70701,      0.63041
     q,      0.65032,      0.68229,      0.64287
     q,      0.62897,      0.65957,      0.72127
     q,      0.49970,      0.51993,      0.60968
     q,      0.48584,      0.50341,      0.66743
     q,      0.48182,      0.49867,      0.67125
     q,      0.45783,      0.47030,      0.62650
     q,      0.42495,      0.43231,      0.63922
     q,      0.42081,      0.42786,      0.54512
     q,      0.41255,      0.41892,      0.45483
     q,      0.40753,      0.41370,      0.25891
     q,      0.40361,      0.40837,      0.30500
     q,      0.40295,      0.40746,      0.22557
     q,      0.40193,      0.40579,      0.19619
     q,      0.40265,      0.40625,      0.12166
     q,      0.40403,      0.40707,      0.16039
     q,      0.40442,      0.40647,      0.26036
     q,      0.40256,      0.39809,      0.26854
     q,      0.39746,      0.38878,      0.37149
     q,      0.39271,      0.38052,      0.39225
     q,      0.39141,      0.38032,      0.26581
     q,      0.39140,      0.38014,      0.26435
     t,    306.99466,    307.12479,    308.54999
     t,    306.03378,    306.16159,    306.14999
     t,    305.58337,    305.71127,    305.75000
     t,    299.59689,    299.63260,    299.54999
     t,    298.53284,    298.49820,    298.14999
     t,    298.07724,    298.01294,    297.85001
     t,    295.87534,    295.69949,    295.04999
     t,    295.28375,    295.08908,    294.35001
     t,    294.22458,    294.08850,    293.04999
     t,    293.59808,    293.48544,    292.85001
     t,    291.81094,    291.68906,    291.75000
     t,    290.76297,    290.64557,    290.45001
     t,    289.95593,    289.84207,    289.45001
     t,    288.92648,    288.81955,    288.45001
     t,    287.70291,    287.61078,    287.75000
     t,    286.74777,    286.66714,    286.75000
     t,    285.85046,    285.78067,    285.85001
     t,    283.74164,    283.68457,    283.75000
     t,    283.06085,    283.00650,    283.25000
     t,    280.78421,    280.73865,    280.35001
     t,    277.90610,    277.86844,    277.45001
     t,    277.46997,    277.43347,    276.95001
     t,    276.85324,    276.81836,    276.45001
     t,    276.43253,    276.39911,    276.04999
     t,    275.09662,    275.06631,    275.14999
     t,    274.37515,    274.34695,    274.64999
     t,    273.96918,    273.94177,    274.35001
     t,    273.06302,    273.03741,    273.75000
     t,    271.90271,    271.86887,    272.54999
     t,    268.68393,    268.62686,    268.45001
     t,    265.33643,    265.27884,    265.04999
     t,    263.12732,    263.07501,    263.35001
     t,    260.49289,    260.44946,    260.35001
     t,    259.02527,    258.99988,    258.85001
     t,    257.51074,    257.50394,    257.45001
     t,    252.77641,    252.79761,    252.85001
     t,    250.95345,    250.97609,    250.64999
     t,    250.14073,    250.16229,    249.85001
     t,    241.70943,    241.71835,    241.25000
     t,    234.99988,    235.02654,    234.45000
     t,    231.27095,    231.32614,    231.05000
     t,    221.85873,    222.00723,    221.25000
     t,    220.75240,    220.90007,    220.45000
     t,    220.13118,    220.27452,    219.85001
     t,    219.92064,    220.06247,    219.85001
     t,    219.06776,    219.20346,    218.85001
     t,    216.86435,    216.98352,    216.25000
     t,    211.67746,    211.70006,    210.05000
     t,    209.76941,    209.72787,    209.05000
     t,    208.84131,    208.76236,    208.05000
     t,    207.61407,    207.43269,    207.25000
     t,    205.83434,    205.62790,    204.05000
     t,    205.45776,    205.32181,    204.45000
     t,    204.29793,    204.37013,    202.64999
     t,    204.04443,    204.15620,    203.45000
     t,    203.25645,    203.48627,    203.05000
     t,    202.55260,    202.74611,    199.85001
     t,    202.09239,    202.20894,    199.45000
     t,    202.18004,    202.24380,    200.85001
     t,    202.45190,    202.44112,    205.25000
     t,    202.77847,    202.68524,    204.05000
     t,    203.28709,    203.10449,    205.25000
     t,    204.78314,    204.50226,    204.05000
     t,    205.79106,    205.70277,    206.25000
     t,    207.43001,    207.41629,    208.85001
     t,    209.02319,    208.89008,    207.64999
     t,    209.39957,    209.27592,    209.45000
     t,    210.40382,    210.30812,    209.85001
     t,    210.44363,    210.34885,    211.85001
     t,    304.08969,    304.21756,    304.31436
     t,    302.52661,    302.65378,    302.79196
     t,    310.56659,    310.51724,    309.95001
     t,    310.56656,    310.51721,    309.25000
     t,    309.80515,    309.75208,    308.04999
     t,    303.74091,    303.69131,    301.85001
     t,    298.85025,    298.80994,    297.14999
     t,    296.51785,    296.45718,    294.95001
     t,    292.33148,    292.27539,    291.04999
     t,    291.83536,    291.78870,    290.75000
     t,    291.33813,    291.30197,    291.75000
     t,    290.42371,    290.39951,    291.14999
     t,    287.89761,    287.90936,    288.85001
     t,    284.92416,    285.00339,    285.45001
     t,    284.77606,    284.85867,    285.25000
     t,    283.32700,    283.42783,    283.85001
     t,    282.62027,    282.70334,    283.45001
     t,    278.36176,    278.32977,    278.54999
     t,    277.43884,    277.37775,    276.95001
     t,    277.15076,    277.08057,    276.75000
     t,    276.67508,    276.59399,    276.95001
     t,    275.75476,    275.65692,    275.54999
     t,    275.24884,    275.14249,    274.75000
     t,    274.99191,    274.88068,    274.45001
     t,    274.64719,    274.52939,    274.25000
     t,    274.29999,    274.17557,    273.85001
     t,    273.77444,    273.64001,    273.25000
     t,    273.15308,    273.00754,    272.25000
     t,    271.92929,    271.80219,    271.04999
     t,    271.35577,    271.23740,    270.75000
     t,    270.77383,    270.66455,    270.75000
     t,    269.48938,    269.40009,    269.85001
     t,    269.28879,    269.20264,    269.54999
     t,    268.22162,    268.15793,    268.75000
     t,    266.13654,    266.11911,    267.14999
     t,    260.26456,    260.31738,    259.75000
     t,    259.37155,    259.43713,    258.54999
     t,    258.46323,    258.54172,    257.54999
     t,    258.06912,    258.15323,    256.95001
     t,    256.86871,    256.96994,    255.55000
     t,    255.67331,    255.77312,    255.05000
     t,    250.84917,    250.88513,    251.25000
     t,    242.39204,    242.33034,    242.64999
     t,    238.38329,    238.34962,    238.25000
     t,    232.87964,    232.97086,    233.45000
     t,    232.29355,    232.40047,    232.85001
     t,    229.45003,    229.54099,    229.45000
     t,    228.39272,    228.47887,    228.25000
     t,    226.30568,    226.35568,    225.64999
     t,    223.27885,    223.25688,    222.25000
     t,    221.42719,    221.37852,    220.64999
     t,    217.80455,    217.73622,    217.25000
     t,    210.02885,    209.92729,    208.64999
     t,    207.67421,    207.38290,    206.45000
     t,    205.08028,    204.72371,    202.05000
     t,    204.79742,    204.63422,    203.25000
     t,    204.03036,    204.31918,    200.85001
     t,    203.97304,    204.27155,    201.05000
     t,    203.91522,    204.22350,    202.05000
     t,    203.67889,    204.02713,    201.05000
     t,    203.32990,    203.64656,    201.64999
     t,    203.21005,    203.46730,    203.45000
     t,    203.08665,    203.28273,    202.25000
     t,    203.06499,    203.13600,    200.64999
     t,    203.26416,    203.06805,    204.05000
     t,    203.92914,    203.58134,    203.25000
     t,    204.35585,    204.09135,    204.45000
     t,    204.68442,    204.49384,    207.25000
     t,    205.94601,    206.03917,    206.85001
     t,    208.82262,    209.52347,    206.64999
     t,    209.48114,    210.28699,    208.05000
     t,    211.16936,    211.55806,    208.85001
     t,    308.78870,    308.73495,    307.01056
     t,    307.53461,    307.48404,    305.73318
     t,    305.95142,    305.90143,    304.12183
     t,    308.19141,    308.18973,    310.35001
     t,    308.19141,    308.18973,    309.45001
     t,    307.77768,    307.76761,    308.25000
     t,    301.95505,    301.96494,    302.04999
     t,    296.16055,    296.16037,    295.95001
     t,    295.18573,    295.18845,    295.45001
     t,    295.09647,    295.09946,    295.25000
     t,    292.67758,    292.67969,    292.85001
     t,    292.20724,    292.20834,    292.25000
     t,    290.02643,    289.96759,    289.54999
     t,    289.42557,    289.36011,    288.95001
     t,    288.76587,    288.69754,    288.14999
     t,    287.62436,    287.55112,    287.14999
     t,    286.49268,    286.42004,    285.85001
     t,    285.64490,    285.57599,    284.85001
     t,    284.51471,    284.45267,    283.85001
     t,    282.03958,    281.99142,    281.25000
     t,    281.47330,    281.42828,    281.04999
     t,    281.18756,    281.14417,    281.04999
     t,    280.90009,    280.85828,    280.85001
     t,    280.68332,    280.64273,    280.45001
     t,    280.46552,    280.42612,    280.25000
     t,    279.42789,    279.38763,    279.14999
     t,    278.51636,    278.46170,    278.35001
     t,    277.19305,    277.11542,    277.45001
     t,    276.23297,    276.14041,    276.45001
     t,    275.69034,    275.59402,    275.85001
     t,    274.06662,    273.96802,    273.75000
     t,    273.43286,    273.33517,    272.95001
     t,    272.54642,    272.44754,    271.95001
     t,    272.25369,    272.16000,    271.75000
     t,    271.88965,    271.80270,    271.64999
     t,    271.37418,    271.29684,    271.35001
     t,    270.32651,    270.26950,    270.54999
     t,    269.55807,    269.51501,    269.54999
     t,    265.67804,    265.65732,    265.95001
     t,    265.12848,    265.10995,    265.54999
     t,    263.97311,    263.95947,    263.95001
     t,    262.79150,    262.78275,    263.04999
     t,    258.86276,    258.86810,    258.54999
     t,    258.32596,    258.33313,    258.14999
     t,    255.07869,    255.09225,    254.85001
     t,    253.42706,    253.44106,    252.85001
     t,    252.03612,    252.04977,    252.25000
     t,    241.68883,    241.71014,    241.85001
     t,    234.75246,    234.79062,    234.05000
     t,    231.86829,    231.91243,    231.45000
     t,    229.04562,    229.09381,    228.45000
     t,    224.54364,    224.58644,    224.85001
     t,    221.01662,    221.04700,    220.64999
     t,    218.52673,    218.54865,    217.64999
     t,    212.82220,    212.82274,    211.25000
     t,    209.65544,    209.62000,    208.85001
     t,    208.46434,    208.41212,    209.05000
     t,    207.24188,    207.17245,    207.45000
     t,    206.75174,    206.67479,    206.05000
     t,    206.12265,    206.03024,    206.05000
     t,    205.28323,    205.19638,    203.25000
     t,    204.78256,    204.72678,    203.64999
     t,    204.47360,    204.43698,    202.25000
     t,    203.27824,    203.31979,    200.64999
     t,    202.98750,    203.04877,    202.25000
     t,    202.74152,    202.82138,    202.25000
     t,    202.42049,    202.52466,    200.85001
     t,    203.13843,    203.23610,    202.05000
     t,    203.69768,    203.78365,    205.05000
     t,    204.74635,    204.78572,    202.45000
     t,    205.56340,    205.59842,    207.45000
     t,    206.15353,    206.19167,    205.64999
     t,    206.49742,    206.54520,    206.25000
     t,    207.58612,    207.66028,    207.85001
     t,    208.30304,    208.38406,    207.05000
     t,    208.83057,    208.91602,    208.85001
     t,    210.35008,    210.41576,    207.64999
     t,    211.23578,    211.27504,    212.05000
     t,    305.86047,    305.86844,    306.11258
     t,    304.30795,    304.31961,    304.50119
     t,    306.87421,    306.92081,    306.95001
     t,    303.23175,    303.27600,    304.04999
     t,    303.23175,    303.27603,    303.75000
     t,    303.15219,    303.17932,    303.95001
     t,    303.15219,    303.17932,    303.75000
     t,    303.22040,    303.24451,    303.95001
     t,    303.22040,    303.24448,    303.54999
     t,    303.44427,    303.46539,    303.85001
     t,    303.44427,    303.46539,    303.25000
     t,    303.35376,    303.38083,    303.45001
     t,    303.35373,    303.38083,    303.35001
     t,    303.42740,    303.45639,    303.64999
     t,    303.42737,    303.45636,    303.54999
     t,    303.18631,    303.40958,    303.54999
     t,    303.18631,    303.40958,    303.75000
     t,    303.96149,    303.97183,    303.45001
     t,    303.96149,    303.97183,    302.95001
     t,    304.96033,    304.96292,    303.75000
     t,    304.96030,    304.96289,    304.54999
     t,    304.71216,    304.67197,    303.85001
     t,    304.71216,    304.67197,    303.35001
     t,    303.55200,    303.70154,    305.14999
     t,    303.55200,    303.70154,    304.25000
     t,    306.87421,    306.92081,    307.45001
     t,    303.23178,    303.27603,    304.35001
     t,    303.23178,    303.27603,    303.45001
     t,    303.23178,    303.27603,    302.95001
     t,    303.15219,    303.17932,    303.85001
     t,    303.15219,    303.17932,    303.64999
     t,    303.15219,    303.17932,    303.75000
     t,    303.22040,    303.24451,    304.35001
     t,    303.22040,    303.24448,    302.64999
     t,    303.22040,    303.24448,    302.54999
     t,    303.44424,    303.46539,    304.64999
     t,    303.44427,    303.46539,    302.75000
     t,    303.44424,    303.46539,    302.14999
     t,    303.35373,    303.38080,    303.64999
     t,    303.35373,    303.38080,    303.14999
     t,    303.35373,    303.38080,    303.04999
     t,    303.42740,    303.45639,    304.25000
     t,    303.42740,    303.45639,    303.25000
     t,    303.42740,    303.45639,    303.14999
     t,    303.18631,    303.40958,    303.64999
     t,    303.18631,    303.40958,    303.75000
     t,    303.18634,    303.40961,    303.45001
     t,    303.96149,    303.97183,    305.95001
     t,    303.96149,    303.97183,    302.35001
     t,    303.96149,    303.97183,    301.75000
     t,    304.96033,    304.96292,    303.35001
     t,    304.96030,    304.96289,    304.54999
     t,    304.96030,    304.96289,    304.04999
     t,    304.71216,    304.67197,    303.75000
     t,    304.71216,    304.67197,    302.95001
     t,    304.71213,    304.67197,    302.14999
     t,    303.55200,    303.70154,    305.75000
     t,    303.55200,    303.70154,    303.85001
     t,    303.55200,    303.70154,    303.25000
     t,    306.87418,    306.92078,    307.04999
     t,    303.23175,    303.27603,    304.25000
     t,    303.23175,    303.27603,    304.14999
     t,    303.15219,    303.17932,    304.14999
     t,    303.15219,    303.17932,    303.85001
     t,    303.22040,    303.24448,    304.25000
     t,    303.22040,    303.24448,    304.14999
     t,    303.44427,    303.46539,    303.85001
     t,    303.44424,    303.46539,    304.04999
     t,    303.35373,    303.38080,    303.54999
     t,    303.35373,    303.38080,    303.64999
     t,    303.42740,    303.45639,    304.14999
     t,    303.42737,    303.45636,    304.04999
     t,    303.18631,    303.40958,    303.64999
     t,    303.18631,    303.40958,    303.75000
     t,    303.96149,    303.97183,    305.85001
     t,    303.96149,    303.97183,    304.75000
     t,    304.96033,    304.96292,    303.25000
     t,    304.96033,    304.96292,    303.25000
     t,    304.71216,    304.67197,    304.25000
     t,    304.71213,    304.67197,    304.14999
     t,    303.55200,    303.70154,    305.75000
     t,    303.55200,    303.70154,    305.25000
     q,      0.70206,      0.69579,      0.68526
     q,      0.72135,      0.71495,      0.67410
     q,      0.73420,      0.72777,      0.67473
     q,      0.80426,      0.82047,      0.84529
     q,      0.70865,      0.72895,      0.86918
     q,      0.67817,      0.70585,      0.79190
     q,      0.52553,      0.55579,      0.70242
     q,      0.48225,      0.50634,      0.62495
     q,      0.42785,      0.43636,      0.53953
     q,      0.40180,      0.40350,      0.35339
     q,      0.38076,      0.38095,      0.36498
     q,      0.38273,      0.38440,      0.33180
     q,      0.38492,      0.38769,      0.48442
     q,      0.39063,      0.39427,      0.26058
     q,      0.40805,      0.41046,      0.35733
     q,      0.42305,      0.42438,      0.46620
     q,      0.43841,      0.43865,      0.43434
     q,      0.47331,      0.47365,      0.43002
     q,      0.48473,      0.48561,      0.56865
     q,      0.52932,      0.53232,      0.62827
     q,      0.44779,      0.45072,      0.49632
     q,      0.43298,      0.43592,      0.42449
     q,      0.41096,      0.41389,      0.19262
     q,      0.39594,      0.39884,      0.22698
     q,      0.34879,      0.35102,      0.13729
     q,      0.32091,      0.32272,      0.27329
     q,      0.30451,      0.30611,      0.15090
     q,      0.26557,      0.26665,      0.15229
     q,      0.25056,      0.25158,      0.27169
     q,      0.21487,      0.21561,      0.24315
     q,      0.19224,      0.19317,      0.27601
     q,      0.17738,      0.17884,      0.12038
     q,      0.15751,      0.16002,      0.16467
     q,      0.14627,      0.14850,      0.07002
     q,      0.13245,      0.13434,      0.06832
     q,      0.12892,      0.13116,      0.03794
     q,      0.14492,      0.14708,      0.07759
     q,      0.15660,      0.15854,      0.16488
     q,      0.29265,      0.29098,      0.17509
     q,      0.78234,      0.77583,      0.71868
     q,      0.83868,      0.83283,      0.76844
     q,      0.41937,      0.42250,      0.49177
     q,      0.41937,      0.42250,      0.47493
     q,      0.42194,      0.42460,      0.46467
     q,      0.53347,      0.53653,      0.57698
     q,      0.66623,      0.66716,      0.70551
     q,      0.73516,      0.73835,      0.74128
     q,      0.77890,      0.78153,      0.77912
     q,      0.77840,      0.78169,      0.77583
     q,      0.77834,      0.78237,      0.62362
     q,      0.77580,      0.77946,      0.55755
     q,      0.76438,      0.76263,      0.48880
     q,      0.62661,      0.62154,      0.56068
     q,      0.61868,      0.61343,      0.55740
     q,      0.53939,      0.53277,      0.48043
     q,      0.48986,      0.48374,      0.36478
     q,      0.24412,      0.23988,      0.13413
     q,      0.20666,      0.20220,      0.28451
     q,      0.19434,      0.18982,      0.12401
     q,      0.18685,      0.18553,      0.27603
     q,      0.18283,      0.19057,      0.41850
     q,      0.17990,      0.19360,      0.44032
     q,      0.17872,      0.19521,      0.54907
     q,      0.17710,      0.19744,      0.37953
     q,      0.17540,      0.19976,      0.44216
     q,      0.17272,      0.20344,      0.34667
     q,      0.16953,      0.20782,      0.30788
     q,      0.17291,      0.20560,      0.15360
     q,      0.17490,      0.20471,      0.07410
     q,      0.17684,      0.20341,      0.09382
     q,      0.18157,      0.20023,      0.16530
     q,      0.18237,      0.19969,      0.13706
     q,      0.17264,      0.18427,      0.06942
     q,      0.14407,      0.14329,      0.07642
     q,      0.11380,      0.10381,      0.09491
     q,      0.11746,      0.10921,      0.20093
     q,      0.12160,      0.11534,      0.11858
     q,      0.12356,      0.11823,      0.17283
     q,      0.13017,      0.12800,      0.20393
     q,      0.12790,      0.12740,      0.06819
     q,      0.09726,      0.10124,      0.04162
     q,      0.11427,      0.12139,      0.05154
     q,      0.43351,      0.43644,      0.48082
     q,      0.45312,      0.45599,      0.50241
     q,      0.48419,      0.48709,      0.53208
     q,      0.53780,      0.53842,      0.49778
     q,      0.53780,      0.53842,      0.47545
     q,      0.49465,      0.49521,      0.45128
     q,      0.59774,      0.59900,      0.55107
     q,      0.74159,      0.74718,      0.68112
     q,      0.76189,      0.76981,      0.62466
     q,      0.76385,      0.77198,      0.61977
     q,      0.78360,      0.79151,      0.61606
     q,      0.78450,      0.79191,      0.50909
     q,      0.71462,      0.72811,      0.65743
     q,      0.69363,      0.70704,      0.57617
     q,      0.67056,      0.68285,      0.60589
     q,      0.62794,      0.63817,      0.53118
     q,      0.58779,      0.59587,      0.63438
     q,      0.56430,      0.57055,      0.62145
     q,      0.53010,      0.53340,      0.58517
     q,      0.44381,      0.44464,      0.40021
     q,      0.42214,      0.42312,      0.19078
     q,      0.41083,      0.41187,      0.17878
     q,      0.39917,      0.40030,      0.28689
     q,      0.39020,      0.39138,      0.28170
     q,      0.38102,      0.38226,      0.44140
     q,      0.34590,      0.34762,      0.40478
     q,      0.33472,      0.33696,      0.40375
     q,      0.31722,      0.32046,      0.22059
     q,      0.30348,      0.30743,      0.23588
     q,      0.29605,      0.29924,      0.37471
     q,      0.27372,      0.27180,      0.20138
     q,      0.26413,      0.26018,      0.29837
     q,      0.24941,      0.24222,      0.24695
     q,      0.24084,      0.23435,      0.26984
     q,      0.22931,      0.22401,      0.17899
     q,      0.21235,      0.20880,      0.25442
     q,      0.17531,      0.17562,      0.09547
     q,      0.14582,      0.14908,      0.11108
     q,      0.15464,      0.15566,      0.14074
     q,      0.15750,      0.15829,      0.07035
     q,      0.16446,      0.16505,      0.19311
     q,      0.17190,      0.17229,      0.05906
     q,      0.18693,      0.18705,      0.19005
     q,      0.18750,      0.18763,      0.12791
     q,      0.18246,      0.18284,      0.02447
     q,      0.17252,      0.17320,      0.08051
     q,      0.16193,      0.16286,      0.10627
     q,      0.18546,      0.18340,      0.09178
     q,      0.50867,      0.50932,      0.47844
     q,      0.54220,      0.54285,      0.50589
     q,      0.72983,      0.72809,      0.74153
     q,      0.72983,      0.72809,      0.72351
     q,      0.72983,      0.72809,      0.71057
     t,    308.40659,    308.41064,    309.04999
     t,    307.98129,    307.99338,    307.25000
     t,    302.82040,    302.88199,    301.95001
     t,    296.40909,    296.24207,    294.85001
     t,    295.42947,    295.22321,    293.54999
     t,    295.28091,    295.08871,    293.45001
     t,    294.98267,    294.81870,    293.75000
     t,    294.60785,    294.47934,    292.95001
     t,    294.30637,    294.20639,    292.75000
     t,    293.85135,    293.79443,    292.85001
     t,    292.80154,    292.77551,    292.45001
     t,    292.14359,    292.07312,    292.04999
     t,    288.78372,    288.54602,    289.35001
     t,    287.81924,    287.54120,    288.54999
     t,    285.31519,    285.13513,    285.45001
     t,    285.08884,    284.91736,    284.95001
     t,    279.64859,    279.49661,    279.75000
     t,    277.22275,    277.13800,    276.25000
     t,    276.40796,    276.34509,    275.64999
     t,    275.83054,    275.79031,    275.35001
     t,    275.58075,    275.55161,    275.25000
     t,    275.16156,    275.15094,    274.64999
     t,    274.90826,    274.90887,    274.64999
     t,    273.44504,    273.50842,    272.54999
     t,    273.00693,    273.08951,    272.85001
     t,    272.74213,    272.83630,    272.95001
     t,    271.20212,    271.31409,    271.04999
     t,    270.55307,    270.66824,    270.54999
     t,    270.36603,    270.48215,    270.35001
     t,    269.98883,    270.10593,    270.04999
     t,    268.93903,    269.06207,    268.85001
     t,    268.84244,    268.96603,    268.85001
     t,    268.45630,    268.58157,    268.14999
     t,    267.51721,    267.63309,    266.75000
     t,    267.23178,    267.34476,    266.64999
     t,    266.64993,    266.76083,    266.54999
     t,    265.57471,    265.67563,    266.14999
     t,    265.27719,    265.37497,    265.95001
     t,    263.94464,    264.01947,    264.14999
     t,    263.41620,    263.47778,    263.64999
     t,    262.34122,    262.37589,    263.04999
     t,    261.90411,    261.93073,    262.35001
     t,    259.55615,    259.51593,    259.64999
     t,    258.16068,    258.07275,    258.04999
     t,    255.92575,    255.78220,    255.75000
     t,    254.84366,    254.70457,    255.64999
     t,    252.89555,    252.76663,    253.45000
     t,    252.46790,    252.34067,    252.95000
     t,    252.18080,    252.05470,    252.75000
     t,    250.10872,    250.06926,    250.55000
     t,    248.72800,    248.75221,    249.05000
     t,    246.62015,    246.69032,    246.64999
     t,    245.23161,    245.27812,    244.85001
     t,    243.62581,    243.64781,    242.85001
     t,    243.07954,    243.09186,    242.45000
     t,    242.89612,    242.90530,    242.45000
     t,    242.52740,    242.53032,    242.14999
     t,    242.16000,    242.15657,    241.55000
     t,    239.32761,    239.27437,    239.25000
     t,    237.16318,    237.08371,    236.64999
     t,    236.57408,    236.50296,    236.05000
     t,    234.56160,    234.52019,    235.05000
     t,    233.31346,    233.28943,    233.64999
     t,    232.67924,    232.66402,    232.64999
     t,    229.83502,    229.85594,    230.05000
     t,    225.44557,    225.50917,    225.64999
     t,    224.00230,    224.07681,    224.25000
     t,    221.76131,    221.85481,    221.64999
     t,    221.50304,    221.60002,    221.64999
     t,    218.87332,    219.00429,    218.45000
     t,    214.70981,    214.91902,    213.85001
     t,    210.78496,    211.00204,    209.45000
     t,    208.04018,    208.17632,    206.45000
     t,    207.00060,    207.02982,    204.85001
     t,    205.56085,    205.42096,    203.05000
     t,    204.65689,    204.49568,    202.85001
     t,    204.19609,    204.16898,    200.85001
     t,    203.87730,    203.94629,    200.25000
     t,    203.79590,    203.90051,    201.05000
     t,    203.67886,    203.85855,    199.64999
     t,    203.58212,    203.82408,    200.05000
     t,    203.53638,    203.78586,    203.05000
     t,    203.47806,    203.56346,    203.25000
     t,    203.36813,    203.10501,    201.64999
     t,    206.03192,    206.23537,    205.85001
     t,    206.50584,    206.76312,    205.05000
     t,    207.52603,    207.88593,    207.05000
     t,    207.85469,    208.21902,    209.25000
     t,    208.05528,    208.42233,    210.25000
     t,    208.93207,    209.31097,    208.25000
     t,    210.59311,    211.12216,    208.25000
     t,    211.00623,    211.43285,    211.05000
     t,    211.92065,    211.98080,    213.05000
     t,    306.34207,    306.36789,    305.47879
     t,    304.81537,    304.85541,    303.94342
     t,    204.16785,    203.70526,    203.87270
     t,    305.23520,    305.58643,    301.45001
     t,    305.23520,    305.58643,    300.95001
     t,    303.50751,    303.89114,    299.25000
     t,    302.44083,    302.48581,    299.25000
     t,    302.01648,    301.99277,    299.25000
     t,    296.82275,    296.31833,    293.95001
     t,    295.99252,    295.49808,    293.14999
     t,    291.34439,    291.33249,    289.75000
     t,    289.31363,    289.60333,    288.95001
     t,    286.04684,    286.36945,    285.85001
     t,    285.02432,    285.32196,    284.85001
     t,    281.28296,    281.48300,    281.54999
     t,    278.66953,    278.71625,    278.45001
     t,    276.83771,    276.77554,    277.25000
     t,    276.08362,    276.02441,    276.14999
     t,    275.19315,    275.14059,    275.04999
     t,    273.74829,    273.71497,    273.85001
     t,    273.43958,    273.40659,    273.85001
     t,    270.45996,    270.54465,    271.04999
     t,    268.75970,    268.90552,    268.95001
     t,    268.33948,    268.49860,    268.45001
     t,    268.25491,    268.41669,    268.25000
     t,    267.82962,    268.00485,    267.85001
     t,    265.71790,    265.99869,    265.54999
     t,    265.41452,    265.71564,    265.35001
     t,    264.91132,    265.25189,    265.14999
     t,    264.70590,    265.06021,    265.14999
     t,    262.80875,    263.31812,    262.54999
     t,    261.55765,    262.09885,    261.25000
     t,    260.78738,    261.34717,    260.54999
     t,    259.75082,    260.34729,    259.54999
     t,    257.42389,    257.91766,    256.95001
     t,    257.21301,    257.66086,    256.75000
     t,    255.81332,    255.98340,    254.35001
     t,    254.82043,    254.76093,    252.75000
     t,    254.59718,    254.48663,    252.45000
     t,    253.85503,    253.69061,    252.25000
     t,    250.74593,    250.34718,    250.05000
     t,    243.78032,    243.68298,    244.35001
     t,    241.62778,    241.60767,    243.55000
     t,    239.38507,    239.47333,    241.75000
     t,    236.52225,    236.51727,    238.55000
     t,    235.02737,    234.96768,    237.14999
     t,    234.27423,    234.19302,    236.14999
     t,    233.70787,    233.61273,    235.85001
     t,    232.36212,    232.23239,    234.05000
     t,    231.17805,    231.01675,    233.05000
     t,    228.79906,    228.57394,    230.05000
     t,    227.38110,    227.12495,    228.85001
     t,    222.16551,    221.91679,    222.64999
     t,    220.59430,    220.36708,    220.64999
     t,    219.66344,    219.44963,    219.45000
     t,    217.24796,    217.07109,    217.25000
     t,    210.44489,    210.64052,    209.45000
     t,    208.56998,    208.74445,    206.25000
     t,    206.41597,    206.38120,    199.64999
     t,    206.04024,    205.95065,    202.45000
     t,    205.71764,    205.53357,    202.85001
     t,    205.46701,    205.20004,    202.05000
     t,    205.28917,    204.92888,    202.85001
     t,    205.34708,    204.88873,    201.85001
     t,    205.40187,    204.84476,    202.64999
     t,    205.44884,    204.80711,    205.05000
     t,    206.17839,    205.56943,    204.45000
     t,    206.62981,    206.26917,    207.05000
     t,    207.86514,    208.29338,    206.45000
     t,    208.30312,    208.90288,    208.64999
     t,    208.93228,    209.70416,    208.85001
     t,    209.09563,    209.88127,    208.64999
     t,    210.51018,    211.28725,    213.05000
     t,    210.92859,    211.61560,    212.45000
     t,    211.75087,    212.24059,    213.85001
     t,    213.14967,    213.25690,    211.64999
     q,      0.49929,      0.49320,      0.53490
     q,      0.48745,      0.47934,      0.46930
     q,      0.56750,      0.55079,      0.57983
     q,      0.65677,      0.65728,      0.74545
     q,      0.66242,      0.66028,      0.76397
     q,      0.66533,      0.66236,      0.75105
     q,      0.67127,      0.66660,      0.63250
     q,      0.67896,      0.67210,      0.67295
     q,      0.68534,      0.67665,      0.65877
     q,      0.69529,      0.68376,      0.50404
     q,      0.69549,      0.69414,      0.40578
     q,      0.67493,      0.69467,      0.56235
     q,      0.57950,      0.67479,      0.27000
     q,      0.55212,      0.66514,      0.43855
     q,      0.53489,      0.65479,      0.61468
     q,      0.53313,      0.65382,      0.60614
     q,      0.57674,      0.67542,      0.65107
     q,      0.59890,      0.66741,      0.68672
     q,      0.60742,      0.66365,      0.68065
     q,      0.60923,      0.65894,      0.49861
     q,      0.60870,      0.65605,      0.58239
     q,      0.60779,      0.65104,      0.52958
     q,      0.60722,      0.64791,      0.70406
     q,      0.60039,      0.62481,      0.76794
     q,      0.59917,      0.61830,      0.75759
     q,      0.59841,      0.61422,      0.64269
     q,      0.56215,      0.56544,      0.57364
     q,      0.54343,      0.54207,      0.33284
     q,      0.53781,      0.53505,      0.36089
     q,      0.52287,      0.51704,      0.62435
     q,      0.48800,      0.47351,      0.68497
     q,      0.48459,      0.46925,      0.67905
     q,      0.47036,      0.45178,      0.60528
     q,      0.42548,      0.40215,      0.62524
     q,      0.41204,      0.38722,      0.30443
     q,      0.39129,      0.36375,      0.15359
     q,      0.33069,      0.29689,      0.17604
     q,      0.31347,      0.27781,      0.08945
     q,      0.25948,      0.22843,      0.12305
     q,      0.24652,      0.22114,      0.03127
     q,      0.21772,      0.20495,      0.06143
     q,      0.20368,      0.19686,      0.17830
     q,      0.17187,      0.19832,      0.04216
     q,      0.18065,      0.23124,      0.08548
     q,      0.18923,      0.26928,      0.13587
     q,      0.18480,      0.25006,      0.05594
     q,      0.17441,      0.20684,      0.09006
     q,      0.17189,      0.19590,      0.37443
     q,      0.17011,      0.18816,      0.41524
     q,      0.15873,      0.14992,      0.32733
     q,      0.14839,      0.11787,      0.15432
     q,      0.13894,      0.08657,      0.10260
     q,      0.14254,      0.09592,      0.10485
     q,      0.14827,      0.10972,      0.21538
     q,      0.15046,      0.11527,      0.17427
     q,      0.49666,      0.48546,      0.49887
     q,      0.52367,      0.51018,      0.53181
     q,      0.76613,      0.73584,      0.67191
     q,      0.76613,      0.73584,      0.65285
     q,      0.76649,      0.73295,      0.68306
     q,      0.76800,      0.74652,      0.74967
     q,      0.77137,      0.75469,      0.76232
     q,      0.87296,      0.86096,      0.80723
     q,      0.88752,      0.88389,      0.82587
     q,      0.94191,      0.94466,      0.87383
     q,      0.94197,      0.93295,      0.85624
     q,      0.92561,      0.91658,      0.92780
     q,      0.92356,      0.91465,      0.90835
     q,      0.91382,      0.90507,      0.87809
     q,      0.87872,      0.85431,      0.92929
     q,      0.84729,      0.80887,      0.86546
     q,      0.81379,      0.76787,      0.94139
     q,      0.76832,      0.71264,      0.93333
     q,      0.68535,      0.61136,      0.87927
     q,      0.66590,      0.58718,      0.76715
     q,      0.51448,      0.42503,      0.60426
     q,      0.45232,      0.37183,      0.39062
     q,      0.43890,      0.36237,      0.49171
     q,      0.43613,      0.36042,      0.52832
     q,      0.42186,      0.35037,      0.44700
     q,      0.36893,      0.30915,      0.43381
     q,      0.36578,      0.30580,      0.47474
     q,      0.35917,      0.29844,      0.20324
     q,      0.35683,      0.29596,      0.20647
     q,      0.33502,      0.27072,      0.20656
     q,      0.36775,      0.29510,      0.34707
     q,      0.39198,      0.31321,      0.19940
     q,      0.42678,      0.33710,      0.14663
     q,      0.53796,      0.42968,      0.16849
     q,      0.55199,      0.44424,      0.18560
     q,      0.65999,      0.56425,      0.18135
     q,      0.74233,      0.64972,      0.30640
     q,      0.76291,      0.67189,      0.44043
     q,      0.75894,      0.65908,      0.57176
     q,      0.73157,      0.57792,      0.66611
     q,      0.51718,      0.16814,      0.74610
     q,      0.40986,      0.18519,      0.79406
     t,    296.13101,    296.08923,    296.85001
     t,    296.09543,    296.03680,    296.35001
     t,    295.42969,    295.35800,    294.54999
     t,    291.31238,    291.12753,    290.25000
     t,    288.14505,    287.97314,    287.25000
     t,    286.24304,    286.01950,    286.54999
     t,    286.07742,    285.84714,    286.95001
     t,    285.65991,    285.41260,    287.45001
     t,    285.47934,    285.01987,    286.95001
     t,    284.73877,    284.58609,    283.25000
     t,    283.91187,    283.68082,    281.75000
     t,    283.28577,    283.04974,    282.95001
     t,    282.59549,    282.35394,    282.14999
     t,    281.17398,    280.92230,    280.25000
     t,    280.51086,    280.29245,    279.95001
     t,    279.58865,    279.41647,    279.85001
     t,    278.44962,    278.33154,    278.75000
     t,    277.37030,    277.31293,    278.14999
     t,    271.53467,    271.61481,    271.64999
     t,    268.18231,    268.21866,    267.85001
     t,    266.99716,    267.02325,    266.85001
     t,    266.66943,    266.69272,    266.64999
     t,    265.45151,    265.47101,    265.45001
     t,    265.00229,    265.02914,    265.14999
     t,    263.63211,    263.68143,    263.54999
     t,    261.98892,    262.06519,    262.14999
     t,    258.99139,    258.97928,    258.75000
     t,    256.74313,    256.63361,    257.95001
     t,    254.76274,    254.57018,    255.14999
     t,    254.63640,    254.43855,    254.95000
     t,    253.62721,    253.38765,    253.55000
     t,    252.84708,    252.57495,    253.25000
     t,    251.40968,    251.12605,    251.25000
     t,    250.34300,    250.06070,    250.45000
     t,    248.55989,    248.28018,    248.85001
     t,    241.54263,    241.56227,    241.45000
     t,    293.17310,    293.04843,    292.18735
     t,    295.07510,    295.05045,    293.75000
     t,    294.91742,    294.86731,    292.85001
     t,    292.58383,    292.48975,    290.95001
     t,    290.90152,    290.88596,    290.04999
     t,    290.76694,    290.74933,    290.04999
     t,    290.44385,    290.10620,    290.75000
     t,    290.41183,    289.98550,    290.14999
     t,    289.77011,    289.41443,    288.14999
     t,    289.73679,    289.37952,    288.14999
     t,    286.45590,    285.81348,    285.35001
     t,    283.07242,    282.84793,    281.04999
     t,    282.48059,    282.36081,    280.14999
     t,    281.62460,    281.65625,    278.85001
     t,    272.17114,    272.22260,    271.54999
     t,    271.02658,    271.06082,    269.75000
     t,    270.57925,    270.60715,    268.85001
     t,    267.58801,    267.52377,    267.25000
     t,    266.30151,    266.21161,    266.64999
     t,    265.07303,    264.97476,    265.35001
     t,    264.21466,    264.10635,    264.45001
     t,    263.52969,    263.41580,    263.95001
     t,    262.43024,    262.32498,    263.14999
     t,    261.25403,    261.16986,    262.35001
     t,    256.58044,    256.57425,    256.85001
     t,    251.36519,    251.44693,    251.05000
     t,    248.28430,    248.38121,    248.64999
     t,    245.81558,    245.88962,    246.05000
     t,    243.56798,    243.59868,    243.25000
     t,    242.13101,    242.12209,    241.64999
     t,    240.83881,    240.79422,    241.05000
     t,    238.96158,    238.87192,    240.14999
     t,    230.84804,    230.73706,    231.05000
     t,    229.13715,    229.05264,    229.45000
     t,    225.39867,    225.37375,    225.85001
     t,    221.30257,    221.26884,    222.25000
     t,    220.49654,    220.48248,    221.05000
     t,    216.99422,    217.24504,    216.45000
     t,    215.47049,    215.68401,    215.25000
     t,    213.27188,    213.42761,    212.25000
     t,    212.41283,    212.54543,    211.45000
     t,    288.08731,    287.57053,    286.64224
     t,    278.37869,    278.48724,    276.12228
     q,      0.65513,      0.64831,      0.67014
     q,      0.65416,      0.64625,      0.61425
     q,      0.64765,      0.63733,      0.57343
     q,      0.75789,      0.75854,      0.68156
     q,      0.90180,      0.89498,      0.77243
     q,      0.99492,      0.97627,      0.93755
     q,      0.99533,      0.97720,      0.96660
     q,      0.99638,      0.97960,      0.99221
     q,      0.97115,      0.93958,      0.95609
     q,      0.78580,      0.75259,      0.80712
     q,      0.75697,      0.74443,      0.66404
     q,      0.71379,      0.71333,      0.60914
     q,      0.66428,      0.67768,      0.59806
     q,      0.55574,      0.59862,      0.56944
     q,      0.50975,      0.54790,      0.50278
     q,      0.44225,      0.47347,      0.21319
     q,      0.35336,      0.37537,      0.16303
     q,      0.30605,      0.31723,      0.27004
     q,      0.22015,      0.20770,      0.18296
     q,      0.20879,      0.21580,      0.28386
     q,      0.20167,      0.21450,      0.21768
     q,      0.19953,      0.21410,      0.21923
     q,      0.19439,      0.21472,      0.31008
     q,      0.19667,      0.21714,      0.21955
     q,      0.20435,      0.22533,      0.11795
     q,      0.21540,      0.23710,      0.09556
     q,      0.22506,      0.23202,      0.28195
     q,      0.22925,      0.21688,      0.14425
     q,      0.20021,      0.18270,      0.23317
     q,      0.19811,      0.18022,      0.23102
     q,      0.17938,      0.15845,      0.17838
     q,      0.16345,      0.13965,      0.08866
     q,      0.14890,      0.12707,      0.15485
     q,      0.14048,      0.12173,      0.02737
     q,      0.23114,      0.23419,      0.14144
     q,      0.70088,      0.69568,      0.62939
     q,      0.86994,      0.86972,      0.85398
     q,      0.87349,      0.87323,      0.82761
     q,      0.93752,      0.94009,      0.85936
     q,      0.99634,      0.99484,      0.90634
     q,      0.99769,      0.99626,      0.91377
     q,      0.95127,      0.96069,      0.95283
     q,      0.93820,      0.95052,      0.85885
     q,      0.80601,      0.81563,      0.74151
     q,      0.80430,      0.81396,      0.74288
     q,      0.80479,      0.79224,      0.83810
     q,      0.82032,      0.79714,      0.78351
     q,      0.81479,      0.79039,      0.72664
     q,      0.80637,      0.78011,      0.67987
     q,      0.72493,      0.69779,      0.68379
     q,      0.70656,      0.67663,      0.57771
     q,      0.69871,      0.66758,      0.40468
     q,      0.59530,      0.55949,      0.51634
     q,      0.53830,      0.50164,      0.49645
     q,      0.47639,      0.44199,      0.49033
     q,      0.42783,      0.39453,      0.28860
     q,      0.38511,      0.35271,      0.41145
     q,      0.34482,      0.31433,      0.20439
     q,      0.31414,      0.28590,      0.12713
     q,      0.22046,      0.18771,      0.07677
     q,      0.25302,      0.19819,      0.09831
     q,      0.32671,      0.28785,      0.05505
     q,      0.41096,      0.42353,      0.08122
     q,      0.47518,      0.51820,      0.25386
     q,      0.49913,      0.54637,      0.21741
     q,      0.52682,      0.57995,      0.35847
     q,      0.77061,      0.77300,      0.78347
     q,      0.78087,      0.75680,      0.67753
     t,    298.61264,    298.91290,    300.04999
     t,    297.82932,    298.12906,    298.14999
     t,    295.66776,    295.95694,    295.64999
     t,    293.85654,    294.14508,    294.04999
     t,    287.73404,    288.31854,    287.45001
     t,    287.46234,    288.03036,    286.95001
     t,    284.89517,    284.99347,    283.14999
     t,    283.92764,    283.64038,    282.64999
     t,    283.69696,    283.35791,    282.75000
     t,    283.17996,    282.73029,    282.75000
     t,    282.94464,    282.44226,    282.85001
     t,    282.58508,    282.09378,    283.14999
     t,    282.13895,    281.75906,    283.14999
     t,    281.60934,    281.36169,    283.35001
     t,    280.57465,    280.52866,    281.25000
     t,    280.32690,    280.32077,    281.04999
     t,    279.86722,    279.93506,    280.04999
     t,    278.59100,    278.78604,    277.85001
     t,    276.92435,    277.06317,    276.45001
     t,    276.10803,    276.21899,    276.04999
     t,    274.08160,    274.16504,    273.54999
     t,    272.15985,    272.23929,    271.45001
     t,    269.09799,    269.12543,    269.54999
     t,    268.47394,    268.48709,    268.95001
     t,    267.47672,    267.46701,    268.45001
     t,    266.23798,    266.23764,    267.25000
     t,    265.14941,    265.15726,    265.64999
     t,    264.87332,    264.88354,    265.45001
     t,    264.69458,    264.70480,    265.25000
     t,    262.65897,    262.67993,    262.54999
     t,    259.49197,    259.51941,    258.95001
     t,    256.60123,    256.61111,    256.54999
     t,    255.82196,    255.82738,    255.75000
     t,    254.05031,    254.06158,    254.35001
     t,    253.62796,    253.64247,    254.14999
     t,    253.34441,    253.36110,    253.95000
     t,    253.05942,    253.07832,    253.75000
     t,    248.45297,    248.49542,    248.85001
     t,    246.40648,    246.45209,    246.64999
     t,    243.43770,    243.45676,    243.25000
     t,    240.83766,    240.82196,    241.25000
     t,    236.91920,    236.87086,    237.05000
     t,    234.75075,    234.69243,    234.85001
     t,    232.29060,    232.24773,    232.64999
     t,    226.47331,    226.46594,    226.64999
     t,    218.72765,    218.71516,    216.85001
     t,    217.26997,    217.22061,    215.64999
     t,    217.21024,    217.15149,    215.64999
     t,    216.55931,    216.39960,    213.25000
     t,    216.09164,    215.87743,    215.45000
     t,    215.89926,    215.72781,    213.85001
     t,    215.84473,    215.68608,    215.45000
     t,    215.75375,    215.59315,    215.25000
     t,    215.62256,    215.45540,    217.64999
     t,    215.58456,    215.41534,    217.25000
     t,    215.43007,    215.23917,    217.05000
     t,    215.21216,    214.97984,    215.45000
     t,    214.62700,    214.33618,    214.45000
     t,    214.46707,    214.17946,    215.05000
     t,    214.24916,    213.96841,    213.85001
     t,    214.08266,    213.82408,    213.85001
     t,    213.43872,    213.35672,    211.45000
     t,    213.32440,    213.35564,    212.85001
     t,    213.23836,    213.77515,    211.45000
     t,    213.16801,    213.58839,    213.45000
     t,    213.21152,    213.41266,    213.85001
     t,    213.50835,    213.62025,    215.05000
     t,    217.23947,    217.43803,    215.05000
     t,    213.52518,    214.03407,    212.14679
     t,    285.66501,    285.67273,    289.04999
     t,    290.14658,    290.30249,    295.64999
     t,    285.66501,    285.67273,    288.14999
     t,    290.06638,    290.21378,    297.25000
     t,    285.66504,    285.67276,    286.45001
     t,    290.06638,    290.21375,    296.54999
     q,      0.47800,      0.51656,      0.37543
     q,      0.47969,      0.51952,      0.34815
     q,      0.52222,      0.56567,      0.35985
     q,      0.56634,      0.60956,      0.41350
     q,      0.50720,      0.60225,      0.52995
     q,      0.49372,      0.59973,      0.48714
     q,      0.39375,      0.60266,      0.43669
     q,      0.39177,      0.60922,      0.31465
     q,      0.39390,      0.60006,      0.37200
     q,      0.39871,      0.57906,      0.10919
     q,      0.40099,      0.56920,      0.08680
     q,      0.41075,      0.56176,      0.12830
     q,      0.41975,      0.53915,      0.39521
     q,      0.43078,      0.51143,      0.35717
     q,      0.44748,      0.49103,      0.32821
     q,      0.45078,      0.49139,      0.44068
     q,      0.45704,      0.49206,      0.49072
     q,      0.46595,      0.48883,      0.48868
     q,      0.45107,      0.46807,      0.52961
     q,      0.44297,      0.45672,      0.37337
     q,      0.43814,      0.44802,      0.48364
     q,      0.44361,      0.45251,      0.43690
     q,      0.44893,      0.46550,      0.30956
     q,      0.44990,      0.46917,      0.36569
     q,      0.45160,      0.47559,      0.20630
     q,      0.46163,      0.48225,      0.31722
     q,      0.47090,      0.48813,      0.35678
     q,      0.47371,      0.48997,      0.32819
     q,      0.47479,      0.49057,      0.27350
     q,      0.47053,      0.47974,      0.22990
     q,      0.42147,      0.41982,      0.27952
     q,      0.38975,      0.37872,      0.17123
     q,      0.37966,      0.36587,      0.27762
     q,      0.36937,      0.34993,      0.25391
     q,      0.37014,      0.35027,      0.19015
     q,      0.36993,      0.34933,      0.23391
     q,      0.36971,      0.34835,      0.25936
     q,      0.35923,      0.32825,      0.11088
     q,      0.34854,      0.31412,      0.25236
     q,      0.33056,      0.29803,      0.25504
     q,      0.30789,      0.28178,      0.16871
     q,      0.28844,      0.26858,      0.13119
     q,      0.67809,      0.68433,      0.85615
     q,      0.67809,      0.68433,      0.79551
     q,      0.67809,      0.68433,      0.87862
