Note (2018.08.22) This script is outputed from mpi_readobs.f90
    0.2946,     0.3416,     0.2530,     0.2374,     0.2574,     0.2441,     0.2559,     0.2328,     0.2454,     0.2208, 
    0.2225,     0.2217,     0.2240,     0.2224,     0.2241,     0.2452,     0.2305,     0.2296,     0.2281,     0.2246, 
    0.3093,     0.3087,     0.3081,     0.3049,     0.3040,     0.3037,     0.3036,     0.3033,     0.3030,     0.3031, 
    0.2113,     0.2114,     0.2117,     0.2104,     0.2130,     0.2123,     0.2141,     0.2082,     0.2071,     0.2146, 
    0.3196,     0.3264,     0.3662,     0.3552,     0.3608,     0.3179,     0.3087,     0.3328,     0.3255,     0.3337, 
    0.3145,     0.3234,     0.3455,     0.2903,     0.2880,     0.3033,     0.2987,     0.2987,     0.3206,     0.3104, 
    0.2235,     0.2195,     0.2165,     0.2245,     0.2101,     0.2015,     0.1954,     0.2050,     0.2037,     0.2047, 
    0.2032,     0.2028,     0.2022,     0.1995,     0.1963,     0.1954,     0.1949,     0.1946,     0.1906,     0.1904, 
    0.1857,     0.1859,     0.1862,     0.1849,     0.1858,     0.1865,     0.1866,     0.1860,     0.1859,     0.1875, 
    0.1992,     0.1931,     0.1860,     0.2074,     0.1883,     0.1873,     0.1899,     0.1839,     0.1882,     0.1848, 
    0.2503,     0.2487,     0.2475,     0.2498,     0.2484,     0.2472,     0.2462,     0.2461,     0.2451,     0.2442, 
    0.2762,     0.2746,     0.2734,     0.2710,     0.2692,     0.2682,     0.2673,     0.2662,     0.2649,     0.2641, 
    0.2533,     0.2542,     0.2549,     0.2541,     0.2524,     0.2522,     0.2524,     0.2515,     0.2503,     0.2500, 
    0.2197,     0.2222,     0.1627,     0.1591,     0.1599,     0.1599,     0.1610,     0.1594,     0.1581,     0.1586, 
    0.2840,     0.2838,     0.2829,     0.2653,     0.2726,     0.2639,     0.2721,     0.2702,     0.2701,     0.2735, 
    0.2966,     0.3213,     0.2809,     0.3162,     0.3388,     0.3390,     0.3313,     0.3263,     0.3230,     0.3476, 
    0.2363,     0.2363,     0.2364,     0.2377,     0.2383,     0.2383,     0.2383,     0.2389,     0.2395,     0.2397, 
    0.2332,     0.2298,     0.2265,     0.2224,     0.2164,     0.2147,     0.2105,     0.1950,     0.1920,     0.1907, 
    0.2401,     0.2402,     0.2403,     0.2402,     0.2401,     0.2403,     0.2400,     0.2403,     0.2396,     0.2394, 
    0.2217,     0.2217,     0.2217,     0.2216,     0.2216,     0.2216,     0.2217,     0.2212,     0.2205,     0.2208, 
    0.2203,     0.2157,     0.2038,     0.2152,     0.2309,     0.2275,     0.2176,     0.2246,     0.2094,     0.2173, 
    0.1649,     0.1576,     0.1530,     0.1491,     0.1456,     0.1428,     0.1405,     0.1384,     0.1362,     0.1344, 
    0.2192,     0.2195,     0.2191,     0.2172,     0.2172,     0.2170,     0.2170,     0.2169,     0.2170,     0.2171, 
    0.3065,     0.3052,     0.3031,     0.2992,     0.2944,     0.2938,     0.3262,     0.3136,     0.3230,     0.3148, 
    0.2423,     0.2438,     0.2449,     0.2443,     0.2443,     0.2453,     0.2465,     0.2450,     0.2437,     0.2443, 
    0.2471,     0.2471,     0.2468,     0.2469,     0.2466,     0.2467,     0.2462,     0.2463,     0.2464,     0.2459, 
    0.3162,     0.3495,     0.3565,     0.3237,     0.3262,     0.3357,     0.3516,     0.3473,     0.3159,     0.3384, 
    0.2301,     0.2301,     0.2300,     0.2303,     0.2309,     0.2305,     0.2306,     0.2308,     0.2311,     0.2310, 
    0.1691,     0.1707,     0.1719,     0.1732,     0.1751,     0.1790,     0.1786,     0.1711,     0.2296,     0.1937, 
    0.2742,     0.2744,     0.2743,     0.2756,     0.2751,     0.2727,     0.2730,     0.2735,     0.2735,     0.2737, 
    0.2686,     0.2586,     0.3189,     0.3148,     0.3170,     0.3288,     0.3286,     0.3520,     0.3508,     0.3501, 
    0.2753,     0.2764,     0.2765,     0.2748,     0.2727,     0.2727,     0.2730,     0.2709,     0.2691,     0.2692, 
    0.1916,     0.1911,     0.1917,     0.1900,     0.1889,     0.1890,     0.1887,     0.1888,     0.1892,     0.1892, 
    0.2543,     0.2550,     0.2555,     0.2554,     0.2534,     0.2465,     0.2466,     0.2471,     0.2414,     0.2402, 
    0.2783,     0.2778,     0.2777,     0.2759,     0.2744,     0.2682,     0.2683,     0.2663,     0.2617,     0.2623, 
    0.2799,     0.2781,     0.2780,     0.2764,     0.2750,     0.2714,     0.2710,     0.2692,     0.2679,     0.2634, 
    0.2625,     0.2633,     0.2641,     0.2638,     0.2624,     0.2618,     0.2624,     0.2626,     0.2620,     0.2625, 
    0.1807,     0.1797,     0.1787,     0.1764,     0.1742,     0.1732,     0.1724,     0.1700,     0.1684,     0.1676, 
    0.2581,     0.2590,     0.2598,     0.2596,     0.2588,     0.2564,     0.2582,     0.2582,     0.2550,     0.2554, 
    0.1724,     0.1716,     0.1701,     0.1718,     0.1701,     0.1721,     0.1713,     0.1710,     0.1597,     0.1609, 
    0.2105,     0.2113,     0.2121,     0.2117,     0.2120,     0.2128,     0.2133,     0.2136,     0.2139,     0.2145, 
    0.1670,     0.1677,     0.1675,     0.1661,     0.1660,     0.1664,     0.1664,     0.1654,     0.1649,     0.1650, 
    0.2017,     0.2018,     0.2006,     0.2022,     0.2032,     0.2033,     0.2025,     0.2044,     0.2057,     0.2057, 
    0.3106,     0.2770,     0.2771,     0.2793,     0.2661,     0.2765,     0.2608,     0.2661,     0.2660,     0.2661, 
    0.2841,     0.2832,     0.2815,     0.2808,     0.2794,     0.2778,     0.2759,     0.2730,     0.2715,     0.2704, 
    0.2351,     0.2373,     0.2251,     0.2222,     0.2222,     0.2231,     0.2233,     0.2210,     0.2197,     0.2198, 
    0.1759,     0.1764,     0.1816,     0.1770,     0.1742,     0.1794,     0.1756,     0.1766,     0.1797,     0.1702, 
    0.2992,     0.2746,     0.2737,     0.2741,     0.2743,     0.2732,     0.2740,     0.2742,     0.2740,     0.2682, 
    0.2315,     0.2323,     0.2355,     0.2251,     0.2201,     0.2741,     0.2679,     0.2629,     0.2258,     0.2336, 
    0.2256,     0.2256,     0.2254,     0.2296,     0.2336,     0.2328,     0.2331,     0.2287,     0.2283,     0.2274, 
    0.2217,     0.2107,     0.2029,     0.2007,     0.2103,     0.1884,     0.1869,     0.1954,     0.1810,     0.1878, 
    0.2217,     0.2107,     0.2029,     0.2007,     0.2103,     0.1884,     0.1869,     0.1954,     0.1810,     0.1878, 
    0.2062,     0.2016,     0.1986,     0.1937,     0.1883,     0.1870,     0.1852,     0.1857,     0.1852,     0.1835, 
    0.1552,     0.1556,     0.1558,     0.1545,     0.1542,     0.1543,     0.1532,     0.1550,     0.1496,     0.1495, 
    0.3267,     0.3624,     0.3457,     0.3220,     0.3185,     0.2831,     0.3075,     0.3033,     0.3333,     0.3155, 
    0.2228,     0.2174,     0.2137,     0.2150,     0.2095,     0.1991,     0.1965,     0.1967,     0.1966,     0.1990, 
    0.2793,     0.2793,     0.2791,     0.2784,     0.2773,     0.2769,     0.2765,     0.2754,     0.2747,     0.2743, 
    0.2764,     0.2741,     0.2751,     0.2622,     0.2637,     0.2789,     0.3370,     0.3265,     0.3304,     0.3216, 
    0.3065,     0.3052,     0.3031,     0.2992,     0.2944,     0.2938,     0.3262,     0.3136,     0.3230,     0.3148, 
    0.2813,     0.2790,     0.2606,     0.2700,     0.2796,     0.2663,     0.2703,     0.2565,     0.2546,     0.2686, 
    0.1631,     0.1631,     0.1578,     0.1573,     0.1592,     0.1642,     0.1599,     0.1503,     0.1524,     0.1499, 
    0.2800,     0.2807,     0.2811,     0.2821,     0.2825,     0.2828,     0.2827,     0.2830,     0.2832,     0.2837, 
    0.1621,     0.1622,     0.1628,     0.1592,     0.1650,     0.1580,     0.1586,     0.1561,     0.1546,     0.1551, 
    0.1637,     0.1573,     0.1531,     0.1496,     0.1464,     0.1439,     0.1417,     0.1398,     0.1378,     0.1361, 
    0.2235,     0.2195,     0.2165,     0.2245,     0.2101,     0.2015,     0.1954,     0.2050,     0.2037,     0.2047, 
    0.2375,     0.2356,     0.2363,     0.2316,     0.2420,     0.2281,     0.2287,     0.2357,     0.2362,     0.2234, 
    0.2832,     0.2810,     0.2786,     0.2753,     0.2726,     0.2711,     0.2694,     0.2668,     0.2647,     0.2634, 
    0.2609,     0.2589,     0.2494,     0.2409,     0.2347,     0.2338,     0.2332,     0.2301,     0.2287,     0.2286, 
    0.1881,     0.1886,     0.1888,     0.1885,     0.1886,     0.1903,     0.1930,     0.1885,     0.2050,     0.1965, 
    0.3777,     0.3849,     0.3535,     0.3656,     0.3558,     0.3808,     0.3584,     0.3838,     0.3303,     0.3621, 
    0.1912,     0.1914,     0.1915,     0.1910,     0.1891,     0.1893,     0.1895,     0.1891,     0.1896,     0.1880, 
    0.2719,     0.2721,     0.2726,     0.2720,     0.2717,     0.2721,     0.2718,     0.2727,     0.2720,     0.2721, 
    0.1857,     0.1859,     0.1862,     0.1849,     0.1858,     0.1865,     0.1866,     0.1860,     0.1859,     0.1875, 
    0.2196,     0.2129,     0.1798,     0.1863,     0.1774,     0.1844,     0.1804,     0.1753,     0.1896,     0.1839, 
    0.2196,     0.2129,     0.1798,     0.1863,     0.1774,     0.1844,     0.1804,     0.1753,     0.1896,     0.1839, 
    0.1976,     0.1924,     0.1941,     0.1915,     0.1914,     0.1902,     0.1908,     0.2104,     0.1936,     0.1973, 
  313.6092,   313.6043,   313.6037,   313.6057,   313.6102,   313.6120,   313.6099,   313.6111,   313.6105,   313.6140, 
  312.6902,   312.6867,   312.6875,   312.6924,   312.6911,   312.6939,   312.6951,   312.6952,   312.6970,   312.6964, 
  309.6251,   309.6223,   309.6202,   309.6245,   309.6254,   309.6258,   309.6266,   309.6289,   309.6298,   309.6295, 
  302.2607,   302.2585,   302.2586,   302.2533,   302.2573,   302.2544,   302.2558,   302.2556,   302.2552,   302.2565, 
  300.9454,   300.9436,   300.9444,   300.9351,   300.9410,   300.9367,   300.9381,   300.9368,   300.9359,   300.9380, 
  296.3667,   296.3646,   296.3654,   296.3579,   296.3625,   296.3589,   296.3606,   296.3596,   296.3596,   296.3613, 
  294.8741,   294.8724,   294.8755,   294.8672,   294.8718,   294.8676,   294.8695,   294.8687,   294.8688,   294.8708, 
  287.7059,   287.7166,   287.7215,   287.7101,   287.7156,   287.7117,   287.7165,   287.7154,   287.7147,   287.7195, 
  286.0880,   286.1046,   286.1084,   286.0958,   286.1019,   286.0981,   286.1052,   286.1029,   286.1022,   286.1082, 
  280.8413,   280.8691,   280.8628,   280.8557,   280.8598,   280.8608,   280.8752,   280.8665,   280.8656,   280.8746, 
  278.0831,   278.1089,   278.0951,   278.0985,   278.0984,   278.1038,   278.1205,   278.1079,   278.1072,   278.1165, 
  276.0387,   276.0575,   276.0393,   276.0549,   276.0497,   276.0578,   276.0747,   276.0606,   276.0602,   276.0686, 
  274.7657,   274.7805,   274.7598,   274.7820,   274.7736,   274.7833,   274.8004,   274.7853,   274.7851,   274.7930, 
  274.1529,   274.1667,   274.1455,   274.1682,   274.1583,   274.1681,   274.1859,   274.1704,   274.1706,   274.1779, 
  273.0843,   273.0962,   273.0742,   273.0979,   273.0851,   273.0951,   273.1141,   273.0980,   273.0989,   273.1053, 
  272.7228,   272.7341,   272.7118,   272.7359,   272.7221,   272.7322,   272.7516,   272.7353,   272.7365,   272.7425, 
  271.9918,   272.0018,   271.9789,   272.0037,   271.9879,   271.9982,   272.0185,   272.0017,   272.0034,   272.0087, 
  271.3430,   271.3520,   271.3286,   271.3540,   271.3365,   271.3469,   271.3680,   271.3507,   271.3528,   271.3575, 
  268.9710,   268.9744,   268.9539,   268.9760,   268.9543,   268.9641,   268.9876,   268.9708,   268.9762,   268.9766, 
  268.7764,   268.7793,   268.7591,   268.7809,   268.7588,   268.7686,   268.7923,   268.7755,   268.7812,   268.7812, 
  267.6942,   267.6942,   267.6760,   267.6953,   267.6717,   267.6811,   267.7058,   267.6892,   267.6967,   267.6943, 
  266.9851,   266.9838,   266.9668,   266.9847,   266.9602,   266.9693,   266.9946,   266.9783,   266.9869,   266.9831, 
  266.0305,   266.0292,   266.0146,   266.0298,   266.0056,   266.0138,   266.0391,   266.0239,   266.0334,   266.0280, 
  264.1767,   264.1753,   264.1653,   264.1752,   264.1517,   264.1581,   264.1834,   264.1702,   264.1818,   264.1729, 
  262.8141,   262.8131,   262.8064,   262.8126,   262.7896,   262.7948,   262.8201,   262.8082,   262.8215,   262.8101, 
  261.9569,   261.9579,   261.9529,   261.9572,   261.9348,   261.9392,   261.9644,   261.9533,   261.9678,   261.9547, 
  261.5853,   261.5872,   261.5829,   261.5864,   261.5642,   261.5683,   261.5934,   261.5827,   261.5977,   261.5838, 
  260.7081,   260.7120,   260.7096,   260.7111,   260.6894,   260.6928,   260.7177,   260.7078,   260.7241,   260.7085, 
  260.3277,   260.3325,   260.3308,   260.3315,   260.3101,   260.3131,   260.3380,   260.3284,   260.3453,   260.3289, 
  259.9446,   259.9503,   259.9494,   259.9492,   259.9280,   259.9308,   259.9555,   259.9464,   259.9638,   259.9467, 
  257.4952,   257.5079,   257.5124,   257.5073,   257.4879,   257.4874,   257.5114,   257.5046,   257.5266,   257.5039, 
  256.8467,   256.8613,   256.8671,   256.8615,   256.8429,   256.8412,   256.8644,   256.8585,   256.8816,   256.8577, 
  256.5847,   256.6002,   256.6066,   256.6006,   256.5822,   256.5800,   256.6031,   256.5974,   256.6212,   256.5966, 
  256.0567,   256.0740,   256.0817,   256.0750,   256.0569,   256.0538,   256.0766,   256.0714,   256.0964,   256.0706, 
  255.3890,   255.4087,   255.4180,   255.4102,   255.3927,   255.3883,   255.4108,   255.4063,   255.4329,   255.4053, 
  253.7545,   253.7795,   253.7920,   253.7827,   253.7663,   253.7588,   253.7799,   253.7770,   253.8073,   253.7758, 
  252.9233,   252.9504,   252.9636,   252.9548,   252.9390,   252.9298,   252.9493,   252.9470,   252.9789,   252.9462, 
  252.2201,   252.2490,   252.2628,   252.2545,   252.2392,   252.2286,   252.2466,   252.2449,   252.2782,   252.2443, 
  250.7840,   250.8167,   250.8316,   250.8242,   250.8100,   250.7965,   250.8116,   250.8111,   250.8471,   250.8109, 
  249.4446,   249.4803,   249.4956,   249.4896,   249.4761,   249.4601,   249.4728,   249.4731,   249.5111,   249.4733, 
  248.8208,   248.8571,   248.8716,   248.8669,   248.8535,   248.8366,   248.8483,   248.8487,   248.8867,   248.8492, 
  247.8686,   247.9050,   247.9180,   247.9154,   247.9025,   247.8846,   247.8946,   247.8953,   247.9323,   247.8960, 
  247.3874,   247.4243,   247.4366,   247.4350,   247.4222,   247.4036,   247.4129,   247.4137,   247.4506,   247.4145, 
  246.9017,   246.9391,   246.9509,   246.9502,   246.9375,   246.9182,   246.9268,   246.9276,   246.9645,   246.9286, 
  246.4116,   246.4494,   246.4606,   246.4609,   246.4483,   246.4283,   246.4362,   246.4370,   246.4739,   246.4383, 
  245.7509,   245.7895,   245.7998,   245.8014,   245.7890,   245.7681,   245.7749,   245.7758,   245.8127,   245.7773, 
  244.0526,   244.0927,   244.1007,   244.1050,   244.0928,   244.0698,   244.0746,   244.0758,   244.1117,   244.0775, 
  243.0034,   243.0445,   243.0508,   243.0567,   243.0445,   243.0204,   243.0242,   243.0254,   243.0605,   243.0272, 
  242.4710,   242.5125,   242.5181,   242.5247,   242.5126,   242.4879,   242.4911,   242.4924,   242.5271,   242.4942, 
  240.1001,   240.1425,   240.1443,   240.1538,   240.1425,   240.1161,   240.1163,   240.1182,   240.1502,   240.1199, 
  239.5391,   239.5813,   239.5820,   239.5918,   239.5811,   239.5547,   239.5537,   239.5560,   239.5874,   239.5576, 
  236.8407,   236.8817,   236.8770,   236.8881,   236.8800,   236.8536,   236.8469,   236.8514,   236.8799,   236.8523, 
  234.0072,   234.0484,   234.0386,   234.0515,   234.0466,   234.0219,   234.0086,   234.0174,   234.0425,   234.0178, 
  232.7501,   232.7926,   232.7803,   232.7946,   232.7910,   232.7673,   232.7509,   232.7621,   232.7861,   232.7625, 
  229.0164,   229.0573,   229.0464,   229.0630,   229.0619,   229.0413,   229.0193,   229.0382,   229.0580,   229.0372, 
  225.0075,   225.0397,   225.0424,   225.0584,   225.0580,   225.0389,   225.0165,   225.0438,   225.0590,   225.0395, 
  223.5190,   223.5444,   223.5542,   223.5667,   223.5665,   223.5477,   223.5264,   223.5553,   223.5689,   223.5497, 
  222.2478,   222.2680,   222.2838,   222.2936,   222.2935,   222.2746,   222.2541,   222.2846,   222.2971,   222.2778, 
  220.9452,   220.9600,   220.9820,   220.9891,   220.9890,   220.9700,   220.9503,   220.9825,   220.9939,   220.9744, 
  207.2540,   207.3669,   207.1716,   207.1459,   207.1116,   207.1455,   207.3220,   207.0429,   207.1373,   207.2159, 
  208.9927,   209.0295,   208.9469,   208.9225,   208.9108,   208.9176,   208.9947,   208.8960,   208.9322,   208.9625, 
  311.9871,   311.9440,   311.9784,   311.9777,   311.9449,   311.9460,   311.9586,   311.9858,   311.9849,   312.0036, 
  311.8116,   311.7779,   311.8174,   311.8329,   311.7856,   311.7817,   311.7958,   311.8243,   311.8343,   311.8536, 
  305.8159,   305.7784,   305.8197,   305.8290,   305.7967,   305.7935,   305.8095,   305.8347,   305.8427,   305.8609, 
  295.8044,   295.7628,   295.8031,   295.8099,   295.7809,   295.7770,   295.7924,   295.8162,   295.8246,   295.8420, 
  289.2473,   289.2110,   289.2485,   289.2559,   289.2243,   289.2229,   289.2352,   289.2587,   289.2661,   289.2847, 
  279.9949,   280.0443,   280.0461,   280.0764,   280.0062,   280.0204,   280.0052,   280.0384,   280.0449,   280.0731, 
  275.7409,   275.9182,   275.7953,   276.0652,   275.9155,   275.9375,   275.8225,   275.8482,   275.9125,   275.9461, 
  275.3770,   275.5677,   275.4359,   275.7177,   275.5662,   275.5869,   275.4696,   275.4946,   275.5617,   275.5953, 
  275.0328,   275.2393,   275.1016,   275.3876,   275.2378,   275.2549,   275.1413,   275.1660,   275.2347,   275.2681, 
  274.6112,   274.8347,   274.6899,   274.9770,   274.8330,   274.8446,   274.7369,   274.7605,   274.8302,   274.8623, 
  274.2606,   274.4998,   274.3493,   274.6404,   274.4984,   274.5063,   274.4023,   274.4255,   274.4969,   274.5288, 
  273.2829,   273.5643,   273.3964,   273.6965,   273.5590,   273.5576,   273.4638,   273.4875,   273.5619,   273.5943, 
  270.0120,   270.2300,   270.0701,   270.2643,   270.1686,   270.1376,   270.0670,   270.1112,   270.1924,   270.2140, 
  268.7631,   268.8894,   268.7511,   268.8577,   268.7842,   268.7449,   268.6792,   268.7393,   268.8206,   268.8356, 
  266.1369,   266.1550,   266.0762,   266.1010,   266.0591,   266.0041,   265.9498,   266.0135,   266.0912,   266.1059, 
  264.8884,   264.8679,   264.8175,   264.8184,   264.7897,   264.7281,   264.6800,   264.7401,   264.8159,   264.8315, 
  262.5814,   262.5313,   262.5063,   262.5023,   262.4887,   262.4113,   262.3791,   262.4331,   262.5132,   262.5200, 
  258.9029,   258.8788,   258.8719,   258.9088,   258.8951,   258.8017,   258.8028,   258.8463,   258.9362,   258.9152, 
  257.3352,   257.3539,   257.3636,   257.4214,   257.3922,   257.3097,   257.3268,   257.3614,   257.4478,   257.4113, 
  251.8052,   251.9532,   251.9882,   252.0445,   251.9934,   251.9696,   252.0146,   252.0279,   252.0793,   252.0183, 
  249.7303,   249.8698,   249.8727,   249.9098,   249.8699,   249.8643,   249.9033,   249.9156,   249.9477,   249.8957, 
  245.9010,   246.0043,   245.9486,   245.9586,   245.9356,   245.9532,   245.9804,   245.9918,   245.9958,   245.9621, 
  242.9442,   243.0090,   242.9146,   242.9128,   242.8978,   242.9242,   242.9432,   242.9535,   242.9437,   242.9228, 
  235.9073,   235.9425,   235.8351,   235.7881,   235.7711,   235.7845,   235.7941,   235.8149,   235.8033,   235.7833, 
  232.9571,   232.9933,   232.9001,   232.8309,   232.8076,   232.8112,   232.8200,   232.8450,   232.8393,   232.8149, 
  223.3690,   223.4952,   223.5777,   223.4452,   223.3892,   223.3602,   223.3575,   223.3962,   223.4257,   223.3928, 
  221.6002,   221.7307,   221.8363,   221.7250,   221.6621,   221.6365,   221.6265,   221.6652,   221.6946,   221.6671, 
  221.0842,   221.2150,   221.3264,   221.2222,   221.1572,   221.1329,   221.1205,   221.1593,   221.1883,   221.1629, 
  217.8811,   218.0143,   218.1537,   218.1028,   218.0239,   218.0103,   217.9821,   218.0206,   218.0470,   218.0345, 
  207.4279,   207.5410,   207.5564,   207.4929,   207.4250,   207.5263,   207.4843,   207.6261,   207.6272,   207.5191, 
  206.4461,   206.4666,   206.5058,   206.3369,   206.3087,   206.4275,   206.4106,   206.5622,   206.5684,   206.4108, 
  204.5856,   204.3847,   204.5197,   204.3309,   204.2684,   204.3460,   204.3102,   204.3840,   204.3500,   204.1198, 
  204.1227,   203.8687,   204.0145,   203.8338,   203.7633,   203.7984,   203.7210,   203.8002,   203.7670,   203.5271, 
  202.8537,   202.4557,   202.5532,   202.5456,   202.5216,   202.4801,   202.3680,   202.4369,   202.5210,   202.2917, 
  202.7567,   202.3459,   202.4371,   202.4577,   202.4393,   202.3965,   202.2899,   202.3506,   202.4491,   202.2227, 
  202.6589,   202.2352,   202.3200,   202.3691,   202.3562,   202.3122,   202.2111,   202.2635,   202.3765,   202.1531, 
  202.4019,   201.9592,   201.9889,   202.3040,   202.2897,   202.1653,   202.2186,   202.1034,   202.2391,   202.1548, 
  202.9459,   202.5773,   202.9197,   203.4904,   203.3920,   203.1777,   203.4870,   203.1540,   203.1459,   203.3790, 
  203.8276,   203.5840,   204.0634,   204.6380,   204.4673,   204.3654,   204.4510,   204.0880,   204.0854,   204.3264, 
  205.5200,   205.5606,   205.8060,   206.0610,   205.9427,   206.0361,   205.7372,   205.6241,   205.5556,   205.7915, 
  207.8142,   208.0345,   207.9805,   207.7079,   207.4698,   207.9830,   208.2014,   208.0397,   207.6951,   207.8983, 
  209.8946,   210.2471,   209.7795,   209.4910,   209.3290,   209.9098,   210.3517,   210.2739,   209.9633,   210.0934, 
  210.5822,   211.0133,   210.2469,   210.2128,   210.1880,   210.5290,   210.8746,   210.8434,   210.6302,   210.6732, 
  301.5441,   301.5043,   301.5452,   301.5531,   301.5226,   301.5193,   301.5350,   301.5594,   301.5677,   301.5854, 
    0.2898,     0.2899,     0.2899,     0.2898,     0.2897,     0.2898,     0.2898,     0.2896,     0.2896,     0.2896, 
    0.3007,     0.3007,     0.3008,     0.3007,     0.3006,     0.3007,     0.3007,     0.3006,     0.3006,     0.3006, 
    0.3433,     0.3433,     0.3433,     0.3433,     0.3432,     0.3432,     0.3432,     0.3431,     0.3431,     0.3431, 
    0.4612,     0.4612,     0.4611,     0.4619,     0.4614,     0.4618,     0.4617,     0.4619,     0.4620,     0.4618, 
    0.4753,     0.4752,     0.4751,     0.4762,     0.4755,     0.4760,     0.4759,     0.4761,     0.4762,     0.4760, 
    0.5268,     0.5265,     0.5264,     0.5270,     0.5263,     0.5267,     0.5266,     0.5267,     0.5266,     0.5266, 
    0.5508,     0.5505,     0.5502,     0.5508,     0.5501,     0.5505,     0.5504,     0.5506,     0.5505,     0.5504, 
    0.6402,     0.6366,     0.6360,     0.6384,     0.6368,     0.6371,     0.6365,     0.6370,     0.6371,     0.6367, 
    0.6593,     0.6540,     0.6537,     0.6573,     0.6551,     0.6555,     0.6544,     0.6552,     0.6554,     0.6548, 
    0.5967,     0.5888,     0.5908,     0.5949,     0.5933,     0.5925,     0.5904,     0.5920,     0.5919,     0.5916, 
    0.4962,     0.4896,     0.4926,     0.4946,     0.4946,     0.4928,     0.4907,     0.4925,     0.4919,     0.4921, 
    0.4457,     0.4409,     0.4433,     0.4436,     0.4440,     0.4424,     0.4412,     0.4423,     0.4419,     0.4419, 
    0.4146,     0.4109,     0.4128,     0.4121,     0.4128,     0.4113,     0.4105,     0.4112,     0.4109,     0.4109, 
    0.4165,     0.4125,     0.4144,     0.4137,     0.4143,     0.4130,     0.4122,     0.4129,     0.4126,     0.4125, 
    0.4200,     0.4156,     0.4174,     0.4166,     0.4171,     0.4161,     0.4154,     0.4160,     0.4157,     0.4157, 
    0.4213,     0.4168,     0.4185,     0.4177,     0.4181,     0.4172,     0.4165,     0.4172,     0.4168,     0.4169, 
    0.4240,     0.4192,     0.4209,     0.4200,     0.4203,     0.4196,     0.4190,     0.4196,     0.4193,     0.4193, 
    0.4266,     0.4215,     0.4231,     0.4223,     0.4224,     0.4219,     0.4214,     0.4219,     0.4216,     0.4217, 
    0.4217,     0.4165,     0.4182,     0.4173,     0.4178,     0.4174,     0.4165,     0.4173,     0.4168,     0.4170, 
    0.4210,     0.4159,     0.4176,     0.4167,     0.4172,     0.4169,     0.4159,     0.4166,     0.4161,     0.4164, 
    0.4148,     0.4097,     0.4114,     0.4106,     0.4113,     0.4110,     0.4098,     0.4107,     0.4101,     0.4104, 
    0.4111,     0.4060,     0.4078,     0.4069,     0.4079,     0.4075,     0.4062,     0.4071,     0.4065,     0.4069, 
    0.4032,     0.3981,     0.3998,     0.3992,     0.4002,     0.3999,     0.3984,     0.3994,     0.3987,     0.3991, 
    0.3854,     0.3801,     0.3817,     0.3817,     0.3829,     0.3824,     0.3808,     0.3819,     0.3811,     0.3815, 
    0.3723,     0.3669,     0.3684,     0.3689,     0.3703,     0.3698,     0.3679,     0.3691,     0.3682,     0.3686, 
    0.3741,     0.3683,     0.3702,     0.3709,     0.3725,     0.3717,     0.3697,     0.3711,     0.3700,     0.3705, 
    0.3749,     0.3690,     0.3710,     0.3718,     0.3735,     0.3727,     0.3705,     0.3720,     0.3709,     0.3714, 
    0.3769,     0.3708,     0.3731,     0.3741,     0.3760,     0.3750,     0.3727,     0.3742,     0.3731,     0.3736, 
    0.3778,     0.3716,     0.3741,     0.3752,     0.3771,     0.3761,     0.3737,     0.3753,     0.3741,     0.3746, 
    0.3788,     0.3724,     0.3751,     0.3764,     0.3784,     0.3772,     0.3747,     0.3764,     0.3752,     0.3757, 
    0.3702,     0.3634,     0.3667,     0.3687,     0.3712,     0.3697,     0.3666,     0.3686,     0.3670,     0.3677, 
    0.3602,     0.3536,     0.3569,     0.3589,     0.3613,     0.3600,     0.3568,     0.3588,     0.3571,     0.3578, 
    0.3565,     0.3500,     0.3533,     0.3553,     0.3578,     0.3565,     0.3532,     0.3552,     0.3535,     0.3542, 
    0.3489,     0.3424,     0.3456,     0.3478,     0.3504,     0.3490,     0.3456,     0.3476,     0.3459,     0.3466, 
    0.3384,     0.3321,     0.3352,     0.3376,     0.3402,     0.3389,     0.3353,     0.3373,     0.3355,     0.3363, 
    0.3129,     0.3070,     0.3100,     0.3123,     0.3152,     0.3141,     0.3101,     0.3121,     0.3101,     0.3110, 
    0.3047,     0.2993,     0.3019,     0.3039,     0.3067,     0.3059,     0.3021,     0.3039,     0.3020,     0.3027, 
    0.2971,     0.2921,     0.2945,     0.2961,     0.2987,     0.2982,     0.2947,     0.2962,     0.2944,     0.2951, 
    0.2792,     0.2751,     0.2769,     0.2777,     0.2801,     0.2802,     0.2771,     0.2780,     0.2765,     0.2770, 
    0.2660,     0.2628,     0.2640,     0.2639,     0.2662,     0.2668,     0.2643,     0.2646,     0.2632,     0.2637, 
    0.2698,     0.2670,     0.2679,     0.2678,     0.2698,     0.2706,     0.2683,     0.2684,     0.2672,     0.2677, 
    0.2768,     0.2744,     0.2750,     0.2748,     0.2764,     0.2774,     0.2757,     0.2754,     0.2743,     0.2749, 
    0.2803,     0.2781,     0.2786,     0.2783,     0.2797,     0.2809,     0.2794,     0.2790,     0.2779,     0.2785, 
    0.2841,     0.2822,     0.2824,     0.2821,     0.2832,     0.2846,     0.2834,     0.2828,     0.2818,     0.2824, 
    0.2882,     0.2866,     0.2866,     0.2862,     0.2871,     0.2886,     0.2877,     0.2869,     0.2860,     0.2866, 
    0.2943,     0.2930,     0.2928,     0.2922,     0.2928,     0.2946,     0.2942,     0.2930,     0.2922,     0.2928, 
    0.3001,     0.2993,     0.2988,     0.2981,     0.2983,     0.3006,     0.3008,     0.2993,     0.2981,     0.2993, 
    0.2993,     0.2987,     0.2981,     0.2974,     0.2976,     0.3003,     0.3005,     0.2990,     0.2974,     0.2990, 
    0.2989,     0.2983,     0.2977,     0.2970,     0.2973,     0.3001,     0.3004,     0.2989,     0.2970,     0.2989, 
    0.1632,     0.1604,     0.1577,     0.1560,     0.1580,     0.1573,     0.1575,     0.1562,     0.1562,     0.1554, 
    0.1643,     0.1615,     0.1587,     0.1570,     0.1590,     0.1582,     0.1584,     0.1572,     0.1572,     0.1564, 
    0.2136,     0.2100,     0.2064,     0.2040,     0.2063,     0.2053,     0.2055,     0.2038,     0.2039,     0.2029, 
    0.3415,     0.3364,     0.3304,     0.3267,     0.3301,     0.3284,     0.3285,     0.3259,     0.3262,     0.3245, 
    0.4705,     0.4626,     0.4549,     0.4503,     0.4546,     0.4527,     0.4532,     0.4497,     0.4499,     0.4477, 
    0.7000,     0.6464,     0.6650,     0.6300,     0.6516,     0.6505,     0.6787,     0.6675,     0.6566,     0.6470, 
    0.5244,     0.4175,     0.4632,     0.3365,     0.3429,     0.3552,     0.3700,     0.3936,     0.3873,     0.3666, 
    0.5054,     0.3954,     0.4427,     0.3130,     0.3187,     0.3317,     0.3451,     0.3701,     0.3638,     0.3431, 
    0.4868,     0.3762,     0.4241,     0.2986,     0.3037,     0.3163,     0.3287,     0.3526,     0.3466,     0.3269, 
    0.4585,     0.3474,     0.3951,     0.2770,     0.2809,     0.2933,     0.3041,     0.3261,     0.3204,     0.3023, 
    0.4385,     0.3270,     0.3753,     0.2617,     0.2649,     0.2769,     0.2866,     0.3075,     0.3021,     0.2851, 
    0.3807,     0.2684,     0.3195,     0.2192,     0.2204,     0.2309,     0.2374,     0.2551,     0.2506,     0.2367, 
    0.1927,     0.1230,     0.1576,     0.1103,     0.1083,     0.1137,     0.1139,     0.1219,     0.1196,     0.1147, 
    0.1245,     0.0917,     0.1104,     0.0883,     0.0864,     0.0890,     0.0886,     0.0934,     0.0921,     0.0900, 
    0.0875,     0.0800,     0.0850,     0.0805,     0.0796,     0.0797,     0.0792,     0.0815,     0.0812,     0.0804, 
    0.0870,     0.0837,     0.0847,     0.0834,     0.0831,     0.0824,     0.0822,     0.0839,     0.0839,     0.0830, 
    0.0834,     0.0842,     0.0826,     0.0838,     0.0838,     0.0833,     0.0832,     0.0840,     0.0837,     0.0830, 
    0.0564,     0.0560,     0.0567,     0.0563,     0.0562,     0.0560,     0.0559,     0.0562,     0.0564,     0.0564, 
    0.2597,     0.2555,     0.2511,     0.2482,     0.2509,     0.2497,     0.2498,     0.2478,     0.2480,     0.2467, 
  303.9987,   303.7527,   304.3860,   305.1942,   304.8579,   305.1618,   305.4360,   304.8339,   304.5531,   304.1273, 
  302.7364,   302.5368,   303.1770,   304.0173,   303.6562,   303.9570,   304.2499,   303.6319,   303.3408,   302.8850, 
  301.4446,   301.2419,   301.8802,   302.7140,   302.3549,   302.6559,   302.9486,   302.3312,   302.0405,   301.5857, 
  299.3706,   299.1664,   299.8004,   300.6252,   300.2695,   300.5713,   300.8635,   300.2471,   299.9581,   299.5054, 
  296.8810,   296.6754,   297.3035,   298.1179,   297.7666,   298.0692,   298.3599,   297.7461,   297.4596,   297.0109, 
  295.4656,   295.2606,   295.8847,   296.6949,   296.3461,   296.6493,   296.9388,   296.3259,   296.0389,   295.5960, 
  294.1396,   293.9361,   294.5573,   295.3614,   295.0147,   295.3168,   295.6065,   294.9963,   294.7115,   294.3136, 
  289.3784,   289.4118,   290.4224,   290.6572,   290.3154,   290.5070,   290.7802,   290.4767,   290.8466,   290.6672, 
  289.0742,   289.2529,   290.1265,   290.3340,   290.0199,   290.1194,   290.2719,   290.1671,   290.4894,   290.3799, 
  288.7216,   289.1223,   289.7932,   290.0049,   289.7174,   289.6872,   289.6670,   289.8355,   290.0591,   290.0410, 
  288.3663,   288.9906,   289.4573,   289.6732,   289.4125,   289.2516,   289.0573,   289.5013,   289.6254,   289.6994, 
  287.9413,   288.8401,   289.0590,   289.2827,   289.0504,   288.7300,   288.3282,   289.1045,   289.1139,   289.2966, 
  285.4735,   285.8588,   285.6764,   285.7146,   285.3444,   285.1720,   284.9730,   285.4352,   285.3296,   285.4511, 
  285.1888,   285.4840,   285.2833,   285.3073,   284.9477,   284.7851,   284.6187,   285.0438,   284.9526,   285.0565, 
  283.8645,   283.8814,   283.5936,   283.5697,   283.2973,   283.1416,   283.1224,   283.3828,   283.3456,   283.3875, 
  283.0154,   283.0128,   282.6743,   282.6362,   282.4605,   282.2645,   282.3299,   282.5020,   282.4809,   282.5075, 
  280.9626,   280.9081,   280.4439,   280.3699,   280.4351,   280.1414,   280.4143,   280.3674,   280.3869,   280.3743, 
  278.7845,   278.7959,   278.2885,   278.1569,   278.3457,   278.1312,   278.4018,   278.2693,   278.3287,   278.2581, 
  277.6332,   277.6959,   277.1790,   277.0068,   277.2438,   277.1026,   277.3337,   277.1811,   277.2627,   277.1568, 
  276.4596,   276.5721,   276.0458,   275.8385,   276.1224,   276.0550,   276.2482,   276.0728,   276.1763,   276.0355, 
  271.7173,   272.0689,   271.6600,   271.3431,   271.6669,   271.8539,   271.9290,   271.7811,   271.8710,   271.6418, 
  266.9840,   267.4579,   267.0882,   267.0426,   267.3047,   267.4268,   267.3855,   267.1463,   267.1772,   267.0211, 
  266.8679,   267.3432,   266.9776,   266.9389,   267.1989,   267.3180,   267.2735,   267.0333,   267.0639,   266.9086, 
  266.4002,   266.8751,   266.5357,   266.5247,   266.7729,   266.8761,   266.8138,   266.5786,   266.6131,   266.4565, 
  265.0942,   265.5679,   265.3016,   265.3680,   265.5836,   265.6421,   265.5302,   265.3093,   265.3545,   265.1940, 
  263.6385,   264.1106,   263.9275,   264.0827,   264.2576,   264.2671,   264.0979,   263.8945,   263.9510,   263.7871, 
  263.0201,   263.4912,   263.3429,   263.5352,   263.6940,   263.6828,   263.4901,   263.2932,   263.3551,   263.1893, 
  262.3949,   262.8652,   262.7521,   262.9819,   263.1244,   263.0922,   262.8757,   262.6854,   262.7527,   262.5850, 
  259.5175,   259.9364,   259.9277,   260.1387,   260.3154,   260.2099,   260.0081,   259.8498,   259.9384,   259.7558, 
  258.3545,   258.7512,   258.7829,   258.9856,   259.1786,   259.0452,   258.8481,   258.7043,   258.8019,   258.6124, 
  256.1648,   256.5294,   256.6196,   256.7780,   256.9725,   256.7781,   256.6776,   256.5562,   256.6411,   256.4308, 
  255.5176,   255.8728,   255.9775,   256.1241,   256.3141,   256.1028,   256.0369,   255.9238,   256.0017,   255.7834, 
  255.3862,   255.7399,   255.8476,   255.9911,   256.1802,   255.9652,   255.9071,   255.7953,   255.8717,   255.6519, 
  254.7245,   255.0699,   255.1933,   255.3207,   255.5061,   255.2720,   255.2536,   255.1480,   255.2170,   254.9896, 
  254.4575,   254.7997,   254.9293,   255.0502,   255.2341,   254.9923,   254.9899,   254.8869,   254.9528,   254.7224, 
  253.9195,   254.2550,   254.3973,   254.5051,   254.6860,   254.4287,   254.4585,   254.3606,   254.4204,   254.1838, 
  252.4349,   252.7451,   252.8702,   252.9850,   253.1111,   252.8748,   252.9290,   252.8419,   252.8983,   252.6663, 
  248.4896,   248.7314,   248.7223,   248.9331,   248.8280,   248.7518,   248.7715,   248.7015,   248.7682,   248.5865, 
  243.2554,   243.4356,   243.3659,   243.6704,   243.3922,   243.4091,   243.3986,   243.4028,   243.4286,   243.2374, 
  240.0305,   240.1462,   240.1037,   240.3496,   240.0820,   240.0634,   240.0492,   240.1351,   240.1316,   239.9490, 
  239.4763,   239.5899,   239.5459,   239.7950,   239.5051,   239.5002,   239.4772,   239.5718,   239.5632,   239.3902, 
  238.3539,   238.4622,   238.4109,   238.6684,   238.3329,   238.3571,   238.3143,   238.4276,   238.4099,   238.2559, 
  233.1043,   233.2040,   233.1281,   233.2709,   233.0437,   233.0453,   233.0355,   233.1332,   233.0837,   233.0443, 
  232.6365,   232.7200,   232.6414,   232.7764,   232.5815,   232.5766,   232.5664,   232.6612,   232.6179,   232.5828, 
  230.1766,   230.1854,   230.1023,   230.1932,   230.1681,   230.1172,   230.1213,   230.1924,   230.1792,   230.1638, 
  305.2936,   305.9762,   306.4194,   306.6693,   306.4417,   306.5677,   306.5063,   306.2719,   306.2094,   306.6380, 
  304.8231,   305.5063,   305.9500,   306.1953,   305.9634,   306.0916,   306.0312,   305.7954,   305.7334,   306.1598, 
  302.5177,   303.1946,   303.6355,   303.8676,   303.6331,   303.7640,   303.7048,   303.4702,   303.4096,   303.8275, 
  301.0811,   301.7566,   302.1965,   302.4244,   302.1901,   302.3213,   302.2621,   302.0285,   301.9687,   302.3831, 
  298.8044,   299.4771,   299.9153,   300.1378,   299.9046,   300.0357,   299.9766,   299.7444,   299.6861,   300.0952, 
  291.6297,   292.2437,   292.6693,   292.8855,   292.6828,   292.7900,   292.7229,   292.4994,   292.4820,   292.8325, 
  289.9850,   290.4646,   290.7863,   291.0797,   290.9323,   291.0474,   290.9340,   290.7195,   290.7655,   290.9951, 
  287.4265,   287.5255,   287.4310,   287.8719,   287.8662,   288.0716,   287.8833,   287.6812,   287.7960,   287.6998, 
  286.6588,   286.6334,   286.3728,   286.7961,   286.8297,   287.0909,   286.9137,   286.7066,   286.7960,   286.6095, 
  283.1276,   283.0408,   282.9234,   283.1336,   283.1842,   283.1650,   283.0425,   282.8192,   282.8471,   282.6735, 
  281.9346,   281.8217,   281.7075,   281.8791,   281.8789,   281.8423,   281.7572,   281.5767,   281.5962,   281.4273, 
  281.0980,   280.9679,   280.8494,   280.9989,   280.9572,   280.9149,   280.8582,   280.7125,   280.7274,   280.5600, 
  277.2949,   277.0949,   276.9883,   276.9876,   276.8585,   276.7913,   276.8764,   276.9216,   276.9094,   276.7647, 
  274.0883,   273.8712,   273.8422,   273.6244,   273.5981,   273.4834,   273.7133,   273.9731,   273.9303,   273.8159, 
  273.5797,   273.3984,   273.4025,   273.1781,   273.1430,   273.0078,   273.2449,   273.5005,   273.4588,   273.3398, 
  270.9532,   270.9584,   271.1390,   270.8745,   270.7876,   270.5481,   270.8263,   271.0619,   271.0265,   270.8807, 
  269.8590,   269.9174,   270.1138,   269.8676,   269.7434,   269.5004,   269.7658,   269.9804,   269.9530,   269.8013, 
  269.1887,   269.2680,   269.4449,   269.2327,   269.0840,   268.8540,   269.0952,   269.2867,   269.2606,   269.1195, 
  268.4220,   268.5252,   268.6797,   268.5065,   268.3297,   268.1146,   268.3279,   268.4930,   268.4685,   268.3395, 
  268.3409,   268.4451,   268.6053,   268.4311,   268.2465,   268.0339,   268.2475,   268.4101,   268.3872,   268.2570, 
  267.2959,   267.4314,   267.5625,   267.4420,   267.2196,   267.0273,   267.2027,   267.3285,   267.3079,   267.1945, 
  264.0177,   264.1096,   264.1833,   264.0715,   263.9942,   263.8715,   263.9341,   264.1337,   264.1085,   264.0930, 
  256.4037,   256.4817,   256.5005,   256.4051,   256.4371,   256.4348,   256.4218,   256.6298,   256.5990,   256.6486, 
  248.2243,   248.4011,   248.2791,   248.1503,   248.3024,   248.3071,   248.2952,   248.2583,   248.2288,   248.2679, 
  242.1104,   242.2878,   242.1033,   241.9856,   242.1750,   242.2352,   242.2346,   242.1781,   242.0881,   242.2013, 
  241.3672,   241.5356,   241.3431,   241.2347,   241.4205,   241.4900,   241.4919,   241.4289,   241.3295,   241.4491, 
  233.6718,   233.7397,   233.5762,   233.5867,   233.7100,   233.7729,   233.7896,   233.7133,   233.6359,   233.7207, 
  222.9763,   223.0093,   222.9108,   222.9958,   223.0966,   223.1412,   223.1579,   223.0833,   223.0390,   223.0717, 
  221.9438,   221.9895,   221.8958,   221.9861,   222.0865,   222.1271,   222.1443,   222.0685,   222.0273,   222.0576, 
  210.0606,   210.3263,   210.3320,   210.5219,   210.6567,   210.6251,   210.5652,   210.4745,   210.4976,   210.4766, 
  207.9290,   208.2647,   208.2710,   208.5199,   208.6970,   208.5962,   208.4946,   208.4151,   208.4775,   208.4236, 
  207.3739,   207.7351,   207.7091,   207.9982,   208.1762,   208.0240,   207.9258,   207.8453,   207.9327,   207.8742, 
  206.5450,   206.4179,   206.3882,   206.5946,   206.6606,   206.3438,   206.2659,   206.3690,   206.4745,   206.2949, 
  206.1655,   206.0117,   206.0435,   206.2204,   206.2736,   205.9501,   205.8788,   205.9650,   206.0749,   205.8580, 
  205.9168,   205.7441,   205.8175,   205.9723,   206.0111,   205.6803,   205.6139,   205.6916,   205.8121,   205.5630, 
  205.3810,   205.1715,   205.3348,   205.4461,   205.4689,   205.1250,   205.0709,   205.1256,   205.2507,   204.9489, 
  204.7575,   204.5235,   204.7945,   204.8649,   204.8570,   204.5137,   204.4794,   204.4918,   204.6443,   204.2965, 
  203.2586,   203.0052,   203.5474,   203.5313,   203.4308,   203.1094,   203.1454,   203.0237,   203.2851,   202.8582, 
  203.0977,   202.8368,   203.4089,   203.3753,   203.2637,   202.9449,   202.9897,   202.8603,   203.1353,   202.6980, 
  203.2494,   202.9646,   203.5615,   203.4461,   203.2525,   202.9386,   203.0231,   203.0469,   203.3482,   202.9365, 
  203.4750,   203.1546,   203.7883,   203.5515,   203.2359,   202.9292,   203.0728,   203.3243,   203.6647,   203.2912, 
  204.4153,   204.2280,   204.7596,   204.3003,   203.9660,   203.7205,   203.9630,   204.5087,   204.7764,   204.5703, 
  205.8665,   205.9929,   206.2571,   205.7657,   205.4762,   205.4799,   205.5143,   206.1929,   206.1480,   206.3069, 
  206.1738,   206.3972,   206.5460,   206.2115,   205.9167,   206.0717,   205.8423,   206.4346,   206.2343,   206.5327, 
  207.1233,   207.1976,   207.5710,   207.3272,   207.3371,   207.9036,   207.0916,   207.3789,   207.2436,   207.7311, 
  207.5230,   207.5706,   207.7202,   207.7422,   207.7515,   208.2173,   207.4583,   207.6011,   207.5733,   208.0331, 
  209.6356,   209.4467,   208.3418,   209.7508,   209.8050,   209.6303,   209.3351,   208.8430,   209.2358,   209.4849, 
  211.7957,   211.0510,   210.0817,   211.1424,   211.4724,   210.8151,   211.2936,   210.7743,   210.8078,   210.7078, 
  212.0001,   211.2525,   210.5260,   211.2726,   211.5575,   210.9547,   211.4657,   210.9931,   210.9550,   210.8142, 
    0.4297,     0.4400,     0.4482,     0.4449,     0.4529,     0.4373,     0.4118,     0.4119,     0.4192,     0.4407, 
    0.4518,     0.4626,     0.4714,     0.4676,     0.4764,     0.4603,     0.4332,     0.4331,     0.4412,     0.4639, 
    0.4788,     0.4901,     0.4996,     0.4953,     0.5048,     0.4880,     0.4591,     0.4588,     0.4678,     0.4918, 
    0.5274,     0.5395,     0.5501,     0.5451,     0.5556,     0.5377,     0.5056,     0.5050,     0.5155,     0.5416, 
    0.5933,     0.6065,     0.6185,     0.6126,     0.6244,     0.6051,     0.5689,     0.5674,     0.5802,     0.6088, 
    0.6354,     0.6490,     0.6620,     0.6559,     0.6684,     0.6481,     0.6092,     0.6071,     0.6212,     0.6509, 
    0.6772,     0.6910,     0.7031,     0.6979,     0.7102,     0.6905,     0.6492,     0.6448,     0.6601,     0.6746, 
    0.7938,     0.7271,     0.4021,     0.6519,     0.6122,     0.8133,     0.7835,     0.5355,     0.4623,     0.5066, 
    0.7288,     0.6496,     0.3580,     0.5888,     0.5451,     0.7690,     0.7725,     0.4968,     0.4336,     0.4822, 
    0.6429,     0.5416,     0.3108,     0.5002,     0.4553,     0.7016,     0.7523,     0.4487,     0.4042,     0.4543, 
    0.5555,     0.4316,     0.2626,     0.4101,     0.3638,     0.6330,     0.7317,     0.3998,     0.3744,     0.4259, 
    0.4526,     0.2997,     0.2048,     0.3048,     0.2539,     0.5487,     0.7075,     0.3392,     0.3393,     0.3885, 
    0.1213,     0.1036,     0.0749,     0.1191,     0.1324,     0.3083,     0.2914,     0.1768,     0.1723,     0.1940, 
    0.1115,     0.0992,     0.0743,     0.1188,     0.1301,     0.2954,     0.2780,     0.1678,     0.1638,     0.1804, 
    0.0884,     0.0910,     0.0816,     0.1260,     0.1210,     0.2525,     0.2266,     0.1407,     0.1392,     0.1391, 
    0.1020,     0.1016,     0.0980,     0.1419,     0.1190,     0.2533,     0.2160,     0.1449,     0.1434,     0.1428, 
    0.1388,     0.1303,     0.1441,     0.1864,     0.1125,     0.2532,     0.1841,     0.1555,     0.1542,     0.1518, 
    0.2032,     0.1993,     0.2138,     0.2550,     0.1660,     0.2931,     0.2198,     0.2085,     0.2156,     0.2016, 
    0.2467,     0.2485,     0.2603,     0.3026,     0.2105,     0.3277,     0.2566,     0.2495,     0.2631,     0.2403, 
    0.2956,     0.3040,     0.3122,     0.3543,     0.2612,     0.3635,     0.2969,     0.2952,     0.3164,     0.2831, 
    0.4571,     0.4874,     0.5064,     0.5406,     0.4860,     0.5253,     0.5046,     0.5017,     0.5231,     0.4902, 
    0.6372,     0.6536,     0.6854,     0.6947,     0.6754,     0.6633,     0.6644,     0.6870,     0.6900,     0.6748, 
    0.6413,     0.6572,     0.6888,     0.6979,     0.6790,     0.6661,     0.6678,     0.6908,     0.6933,     0.6783, 
    0.6554,     0.6670,     0.6951,     0.7022,     0.6829,     0.6717,     0.6747,     0.6982,     0.6996,     0.6876, 
    0.6985,     0.6973,     0.7143,     0.7152,     0.6949,     0.6886,     0.6958,     0.7208,     0.7189,     0.7159, 
    0.7530,     0.7357,     0.7386,     0.7317,     0.7101,     0.7100,     0.7227,     0.7496,     0.7435,     0.7520, 
    0.7800,     0.7547,     0.7507,     0.7399,     0.7179,     0.7206,     0.7360,     0.7638,     0.7556,     0.7697, 
    0.8094,     0.7753,     0.7639,     0.7489,     0.7263,     0.7323,     0.7505,     0.7792,     0.7688,     0.7890, 
    0.7805,     0.7166,     0.6969,     0.6555,     0.6682,     0.6890,     0.6851,     0.6962,     0.6769,     0.7097, 
    0.7645,     0.6855,     0.6618,     0.6061,     0.6371,     0.6667,     0.6493,     0.6512,     0.6274,     0.6668, 
    0.6591,     0.5744,     0.5928,     0.5023,     0.6129,     0.5803,     0.5723,     0.5689,     0.5337,     0.5599, 
    0.6145,     0.5322,     0.5730,     0.4688,     0.6116,     0.5487,     0.5453,     0.5428,     0.5034,     0.5213, 
    0.6049,     0.5229,     0.5683,     0.4614,     0.6111,     0.5415,     0.5397,     0.5372,     0.4970,     0.5131, 
    0.5540,     0.4737,     0.5434,     0.4223,     0.6087,     0.5031,     0.5098,     0.5077,     0.4629,     0.4696, 
    0.5322,     0.4525,     0.5328,     0.4056,     0.6076,     0.4866,     0.4969,     0.4951,     0.4482,     0.4509, 
    0.4858,     0.4076,     0.5100,     0.3699,     0.6054,     0.4516,     0.4696,     0.4682,     0.4171,     0.4112, 
    0.1932,     0.1763,     0.3548,     0.2402,     0.5581,     0.2180,     0.3000,     0.3338,     0.2670,     0.2096, 
    0.1245,     0.1160,     0.1672,     0.1241,     0.2285,     0.1328,     0.1213,     0.1313,     0.1223,     0.1245, 
    0.3024,     0.3221,     0.3318,     0.3694,     0.3939,     0.3941,     0.3766,     0.3806,     0.3956,     0.3829, 
    0.3080,     0.3282,     0.3382,     0.3766,     0.4017,     0.4018,     0.3839,     0.3881,     0.4034,     0.3905, 
    0.3407,     0.3632,     0.3742,     0.4171,     0.4451,     0.4454,     0.4255,     0.4301,     0.4472,     0.4328, 
    0.3638,     0.3879,     0.3997,     0.4456,     0.4755,     0.4758,     0.4547,     0.4596,     0.4778,     0.4624, 
    0.4047,     0.4317,     0.4448,     0.4961,     0.5293,     0.5298,     0.5064,     0.5117,     0.5321,     0.5149, 
    0.5168,     0.6052,     0.6269,     0.7002,     0.7276,     0.7319,     0.7121,     0.7182,     0.7116,     0.7235, 
    0.4915,     0.6342,     0.6777,     0.7382,     0.7473,     0.7457,     0.7452,     0.7438,     0.7144,     0.7522, 
    0.4199,     0.6136,     0.7035,     0.7290,     0.7346,     0.6949,     0.7085,     0.6843,     0.6634,     0.7201, 
    0.4095,     0.5903,     0.6807,     0.7107,     0.7392,     0.6791,     0.6731,     0.6438,     0.6449,     0.7000, 
    0.5250,     0.6551,     0.6899,     0.7099,     0.7310,     0.7084,     0.6857,     0.6608,     0.6712,     0.6715, 
    0.5542,     0.6742,     0.6944,     0.7140,     0.7355,     0.7160,     0.6905,     0.6655,     0.6742,     0.6711, 
    0.5720,     0.6868,     0.6981,     0.7169,     0.7407,     0.7218,     0.6941,     0.6679,     0.6751,     0.6726, 
    0.6466,     0.7238,     0.6940,     0.7217,     0.7412,     0.7279,     0.6922,     0.6596,     0.6605,     0.6587, 
    0.6298,     0.6728,     0.6352,     0.6865,     0.6828,     0.6826,     0.6436,     0.5939,     0.5944,     0.5960, 
    0.6021,     0.6420,     0.6023,     0.6517,     0.6503,     0.6526,     0.6136,     0.5678,     0.5678,     0.5708, 
    0.4396,     0.4601,     0.4079,     0.4476,     0.4605,     0.4774,     0.4375,     0.4153,     0.4118,     0.4230, 
    0.3645,     0.3767,     0.3289,     0.3609,     0.3800,     0.3976,     0.3614,     0.3493,     0.3446,     0.3580, 
    0.3249,     0.3342,     0.2930,     0.3187,     0.3407,     0.3557,     0.3239,     0.3171,     0.3124,     0.3258, 
    0.2766,     0.2823,     0.2490,     0.2671,     0.2927,     0.3044,     0.2779,     0.2778,     0.2731,     0.2864, 
    0.2703,     0.2750,     0.2425,     0.2602,     0.2863,     0.2979,     0.2718,     0.2728,     0.2679,     0.2814, 
    0.1976,     0.1971,     0.1764,     0.1824,     0.2137,     0.2205,     0.2025,     0.2136,     0.2087,     0.2220, 
    0.1231,     0.1308,     0.1234,     0.1215,     0.1408,     0.1410,     0.1345,     0.1431,     0.1419,     0.1474, 
    0.0761,     0.1056,     0.1343,     0.1047,     0.1388,     0.1218,     0.1196,     0.1643,     0.1653,     0.1880, 
    0.0606,     0.0622,     0.0866,     0.0774,     0.0957,     0.0851,     0.0818,     0.1028,     0.1051,     0.1176, 
  301.7551,   301.7375,   301.7405,   301.7505,   301.7673,   301.7705,   301.7732,   301.7701,   301.7743,   301.7725, 
  301.7551,   301.7376,   301.7405,   301.7505,   301.7673,   301.7705,   301.7732,   301.7701,   301.7743,   301.7725, 
  301.7551,   301.7375,   301.7405,   301.7505,   301.7673,   301.7705,   301.7732,   301.7701,   301.7743,   301.7725, 
  301.7551,   301.7376,   301.7405,   301.7505,   301.7673,   301.7705,   301.7732,   301.7701,   301.7743,   301.7725, 
  301.5503,   301.5360,   301.5338,   301.5471,   301.5625,   301.5622,   301.5657,   301.5670,   301.5679,   301.5678, 
  300.9802,   300.9675,   300.9662,   300.9769,   300.9908,   300.9910,   300.9940,   300.9951,   300.9953,   300.9954, 
  300.3558,   300.3437,   300.3437,   300.3521,   300.3652,   300.3664,   300.3690,   300.3693,   300.3695,   300.3694, 
  299.7561,   299.7448,   299.7449,   299.7522,   299.7648,   299.7663,   299.7688,   299.7688,   299.7689,   299.7689, 
  296.2531,   296.2441,   296.2443,   296.2506,   296.2621,   296.2633,   296.2647,   296.2651,   296.2657,   296.2651, 
  295.4747,   295.4659,   295.4662,   295.4721,   295.4834,   295.4846,   295.4862,   295.4864,   295.4871,   295.4864, 
  295.1390,   295.1302,   295.1305,   295.1363,   295.1475,   295.1487,   295.1503,   295.1505,   295.1512,   295.1505, 
  294.1383,   294.1298,   294.1301,   294.1355,   294.1463,   294.1475,   294.1493,   294.1494,   294.1504,   294.1497, 
  294.0267,   294.0182,   294.0185,   294.0238,   294.0346,   294.0358,   294.0376,   294.0377,   294.0386,   294.0379, 
  291.7817,   291.7747,   291.7742,   291.7788,   291.7884,   291.7895,   291.7911,   291.7912,   291.7925,   291.7917, 
  288.9797,   288.9798,   288.9751,   288.9790,   288.9858,   288.9868,   288.9879,   288.9870,   288.9899,   288.9885, 
  287.2943,   287.3023,   287.2932,   287.2958,   287.2999,   287.3009,   287.3020,   287.2991,   287.3037,   287.3016, 
  284.9343,   284.9453,   284.9295,   284.9299,   284.9374,   284.9386,   284.9406,   284.9323,   284.9380,   284.9350, 
  282.2862,   282.2961,   282.2801,   282.2798,   282.2868,   282.2879,   282.2903,   282.2800,   282.2847,   282.2824, 
  273.8696,   273.8819,   273.8548,   273.8555,   273.8676,   273.8696,   273.8772,   273.8529,   273.8645,   273.8590, 
  270.0548,   270.0676,   270.0292,   270.0320,   270.0523,   270.0523,   270.0652,   270.0277,   270.0434,   270.0327, 
  269.2326,   269.2455,   269.2049,   269.2083,   269.2303,   269.2291,   269.2430,   269.2034,   269.2192,   269.2071, 
  266.9723,   266.9858,   266.9377,   266.9431,   266.9713,   266.9663,   266.9845,   266.9363,   266.9536,   266.9371, 
  266.5338,   266.5500,   266.4999,   266.5065,   266.5361,   266.5282,   266.5473,   266.4985,   266.5167,   266.4989, 
  264.5529,   264.5796,   264.5210,   264.5323,   264.5695,   264.5490,   264.5723,   264.5200,   264.5423,   264.5188, 
  264.2159,   264.2444,   264.1843,   264.1965,   264.2349,   264.2122,   264.2363,   264.1833,   264.2063,   264.1819, 
  263.3060,   263.3398,   263.2746,   263.2893,   263.3328,   263.3033,   263.3315,   263.2739,   263.3000,   263.2731, 
  262.3680,   262.4049,   262.3397,   262.3562,   262.4020,   262.3663,   262.3945,   262.3384,   262.3665,   262.3373, 
  261.7043,   261.7420,   261.6793,   261.6973,   261.7433,   261.7029,   261.7296,   261.6778,   261.7068,   261.6764, 
  259.1599,   259.2028,   259.1510,   259.1745,   259.2231,   259.1617,   259.1841,   259.1490,   259.1820,   259.1476, 
  253.5624,   253.5813,   253.5693,   253.5828,   253.6123,   253.5477,   253.5564,   253.5612,   253.5855,   253.5579, 
  251.6508,   251.6621,   251.6598,   251.6682,   251.6911,   251.6289,   251.6352,   251.6486,   251.6694,   251.6454, 
  246.1882,   246.1904,   246.1963,   246.1986,   246.2070,   246.1605,   246.1623,   246.1829,   246.1949,   246.1823, 
  241.9140,   241.9126,   241.9202,   241.9182,   241.9203,   241.8852,   241.8859,   241.9064,   241.9145,   241.9064, 
  239.1771,   239.1748,   239.1824,   239.1786,   239.1788,   239.1466,   239.1474,   239.1683,   239.1751,   239.1689, 
  237.6618,   237.6593,   237.6667,   237.6619,   237.6611,   237.6312,   237.6320,   237.6526,   237.6585,   237.6534, 
  237.2782,   237.2758,   237.2831,   237.2782,   237.2771,   237.2477,   237.2484,   237.2689,   237.2747,   237.2698, 
  235.7210,   235.7181,   235.7252,   235.7196,   235.7174,   235.6893,   235.6896,   235.7103,   235.7159,   235.7119, 
  231.2899,   231.2855,   231.2922,   231.2822,   231.2757,   231.2484,   231.2481,   231.2724,   231.2787,   231.2763, 
  229.2366,   229.2307,   229.2379,   229.2233,   229.2139,   229.1831,   229.1831,   229.2133,   229.2215,   229.2185, 
  227.8121,   227.8043,   227.8125,   227.7939,   227.7824,   227.7485,   227.7483,   227.7837,   227.7943,   227.7898, 
  227.6506,   227.6432,   227.6514,   227.6325,   227.6204,   227.5862,   227.5858,   227.6219,   227.6326,   227.6283, 
  223.8079,   223.8078,   223.8145,   223.7867,   223.7623,   223.7231,   223.7168,   223.7699,   223.7819,   223.7808, 
  222.8018,   222.8064,   222.8111,   222.7812,   222.7544,   222.7191,   222.7110,   222.7653,   222.7766,   222.7774, 
  221.4228,   221.4342,   221.4357,   221.4021,   221.3721,   221.3418,   221.3312,   221.3874,   221.3980,   221.4008, 
  219.7787,   219.8067,   219.8015,   219.7606,   219.7157,   219.7043,   219.6866,   219.7507,   219.7560,   219.7694, 
  219.5310,   219.5617,   219.5553,   219.5135,   219.4660,   219.4578,   219.4390,   219.5044,   219.5087,   219.5241, 
  218.3331,   218.3770,   218.3627,   218.3210,   218.2618,   218.2794,   218.2520,   218.3222,   218.3168,   218.3436, 
  218.1914,   218.2388,   218.2225,   218.1810,   218.1202,   218.1431,   218.1134,   218.1844,   218.1765,   218.2047, 
  217.6673,   217.7195,   217.6986,   217.6609,   217.5956,   217.6342,   217.5998,   217.6721,   217.6573,   217.6920, 
  217.3266,   217.3773,   217.3540,   217.3215,   217.2567,   217.3057,   217.2690,   217.3402,   217.3203,   217.3568, 
  216.9029,   216.9508,   216.9247,   216.8993,   216.8352,   216.8969,   216.8578,   216.9276,   216.9010,   216.9400, 
  216.3252,   216.3672,   216.3399,   216.3220,   216.2608,   216.3348,   216.2930,   216.3619,   216.3277,   216.3691, 
  215.4508,   215.4790,   215.4539,   215.4443,   215.3905,   215.4732,   215.4316,   215.4961,   215.4559,   215.4976, 
  213.6151,   213.6155,   213.5985,   213.5988,   213.5586,   213.6538,   213.6129,   213.6768,   213.6230,   213.6651, 
  213.1271,   213.1187,   213.1052,   213.1071,   213.0706,   213.1671,   213.1278,   213.1913,   213.1359,   213.1774, 
  211.3987,   211.3560,   211.3646,   211.3647,   211.3445,   211.4413,   211.4050,   211.4767,   211.4087,   211.4484, 
  210.8481,   210.7937,   210.8102,   210.8095,   210.7946,   210.8899,   210.8557,   210.9296,   210.8595,   210.8977, 
  210.6618,   210.6034,   210.6223,   210.6210,   210.6082,   210.7045,   210.6697,   210.7459,   210.6722,   210.7110, 
  209.8730,   209.7982,   209.8363,   209.8287,   209.8269,   209.9151,   209.8833,   209.9694,   209.8909,   209.9255, 
  208.0851,   207.9681,   208.0706,   208.0399,   208.0691,   208.1307,   208.1086,   208.2262,   208.1351,   208.1557, 
  206.8637,   206.7028,   206.9109,   206.8372,   206.9073,   206.9334,   206.9200,   207.0943,   206.9758,   206.9773, 
  207.1857,   206.9881,   207.3897,   207.2310,   207.3622,   207.3261,   207.3293,   207.5622,   207.4162,   207.3826, 
  207.5073,   207.3088,   207.7823,   207.5908,   207.7408,   207.6786,   207.6879,   207.9279,   207.7822,   207.7280, 
  208.5524,   208.4324,   208.9374,   208.7158,   208.8374,   208.7526,   208.7602,   208.8839,   208.8220,   208.6996, 
  208.8351,   208.7421,   209.1815,   208.9831,   209.0719,   208.9974,   208.9984,   209.0654,   209.0452,   208.9092, 
  210.8900,   210.9831,   210.4541,   210.8418,   210.5322,   210.5655,   210.6210,   210.2195,   210.5913,   210.3930, 
  211.7820,   211.9365,   210.8746,   211.7834,   211.2565,   211.4122,   211.5380,   211.0170,   211.4589,   211.3196, 
  212.7490,   212.9795,   211.6913,   212.8519,   212.2601,   212.6815,   212.6674,   212.1932,   212.5126,   212.4580, 
  213.0503,   213.3113,   212.0944,   213.1625,   212.6277,   213.1599,   213.0144,   212.6070,   212.8315,   212.7941, 
  302.0360,   301.5494,   301.9119,   302.7597,   303.5933,   302.6416,   302.9334,   301.6912,   302.0705,   301.8544, 
  301.8125,   301.3510,   301.7292,   302.5897,   303.4411,   302.4867,   302.7867,   301.5045,   301.9007,   301.6770, 
  296.4301,   295.9722,   296.3360,   297.2014,   298.0430,   297.0824,   297.3837,   296.1115,   296.4985,   296.2873, 
  293.0749,   292.6710,   293.0036,   293.8344,   294.6635,   293.7224,   294.0367,   292.7912,   293.1564,   292.9458, 
  292.7821,   292.5833,   292.8395,   293.5318,   294.3558,   293.4780,   293.7356,   292.6944,   292.9814,   292.7492, 
  292.1933,   292.4069,   292.5095,   292.9233,   293.7376,   292.9926,   293.1313,   292.4997,   292.6316,   292.3537, 
  291.6001,   292.2292,   292.1770,   292.3103,   293.1148,   292.5035,   292.5225,   292.3035,   292.2791,   291.9553, 
  290.7019,   291.9602,   291.6736,   291.3821,   292.1718,   291.7629,   291.6007,   292.0065,   291.7455,   291.3521, 
  290.3160,   291.5200,   291.2332,   290.7656,   291.2401,   291.1229,   290.8407,   291.4543,   291.1550,   290.9907, 
  289.2605,   289.8146,   289.7791,   289.1472,   288.8988,   289.3522,   289.1304,   289.6609,   289.4803,   289.8001, 
  288.6431,   288.9167,   289.0171,   288.3649,   288.0791,   288.5687,   288.5834,   288.9130,   288.8043,   289.0711, 
  287.5659,   287.7227,   287.8804,   287.2975,   287.0574,   287.5227,   287.6049,   287.7985,   287.7595,   287.9771, 
  285.5455,   285.6558,   285.8301,   285.3968,   285.2632,   285.6291,   285.6985,   285.7724,   285.8116,   285.9675, 
  281.8416,   281.9911,   282.1298,   281.8906,   281.8581,   282.0155,   282.0481,   282.0738,   282.1519,   282.2572, 
  276.2525,   276.3176,   276.4433,   276.3707,   276.3507,   276.4292,   276.4784,   276.4513,   276.5256,   276.6544, 
  275.6647,   275.7183,   275.8347,   275.7781,   275.7571,   275.8338,   275.8863,   275.8519,   275.9213,   276.0559, 
  274.0679,   274.0903,   274.1815,   274.1684,   274.1446,   274.2164,   274.2781,   274.2239,   274.2800,   274.4301, 
  272.8785,   272.8808,   272.9414,   272.9602,   272.9352,   273.0044,   273.0751,   273.0060,   273.0526,   273.2072, 
  267.0871,   267.0919,   266.9044,   267.0337,   267.0274,   267.1150,   267.2350,   267.0732,   267.1014,   267.1632, 
  265.8412,   265.8622,   265.6344,   265.7701,   265.7695,   265.8694,   265.9843,   265.8111,   265.8390,   265.8701, 
  265.0970,   265.1300,   264.8774,   265.0168,   265.0169,   265.1248,   265.2362,   265.0573,   265.0851,   265.0991, 
  262.4157,   262.5046,   262.2663,   262.3411,   262.3614,   262.4962,   262.5718,   262.3809,   262.4135,   262.3705, 
  259.0811,   259.1970,   258.9993,   259.0107,   259.0507,   259.1979,   259.2228,   259.0289,   259.0675,   258.9639, 
  256.8502,   256.9507,   256.7947,   256.7826,   256.8310,   256.9702,   256.9586,   256.7679,   256.8104,   256.6708, 
  255.2451,   255.2767,   255.1427,   255.1266,   255.1891,   255.2900,   255.2955,   255.1198,   255.1727,   255.0178, 
  254.7378,   254.7430,   254.6154,   254.5982,   254.6655,   254.7522,   254.7668,   254.5965,   254.6535,   254.4947, 
  254.2253,   254.2038,   254.0829,   254.0645,   254.1366,   254.2091,   254.2330,   254.0679,   254.1291,   253.9663, 
  252.5266,   252.4164,   252.3175,   252.2970,   252.3854,   252.4079,   252.4631,   252.3166,   252.3906,   252.2162, 
  251.6695,   251.5353,   251.4525,   251.4377,   251.5083,   251.5278,   251.5816,   251.4560,   251.5327,   251.3602, 
  250.4779,   250.3194,   250.2607,   250.2579,   250.2870,   250.3154,   250.3566,   250.2695,   250.3467,   250.1817, 
  243.1224,   243.0522,   243.1434,   243.1789,   242.9838,   243.1209,   243.0315,   243.1196,   243.1549,   242.9956, 
  237.6108,   237.7371,   237.8682,   237.8025,   237.6817,   237.7462,   237.6844,   237.7457,   237.7654,   237.5619, 
  234.7434,   234.8805,   235.0224,   234.9707,   234.8453,   234.9050,   234.8506,   234.9200,   234.9218,   234.7535, 
  230.7520,   230.8783,   231.0399,   231.0203,   230.8933,   230.9425,   230.8898,   230.9618,   230.9266,   230.8230, 
  228.0439,   228.1531,   228.3397,   228.3441,   228.2410,   228.2642,   228.2057,   228.2509,   228.1775,   228.1239, 
  227.1830,   227.2865,   227.4815,   227.4933,   227.3979,   227.4129,   227.3524,   227.3890,   227.3036,   227.2650, 
  221.3413,   221.3041,   221.5317,   221.6928,   221.4260,   221.4481,   221.3918,   221.4745,   221.4147,   221.4137, 
  220.1579,   220.1353,   220.3492,   220.5348,   220.2145,   220.2257,   220.1970,   220.3358,   220.2830,   220.2587, 
  220.0238,   220.0052,   220.2093,   220.3955,   220.0685,   220.0791,   220.0587,   220.2057,   220.1501,   220.1207, 
  219.6846,   219.6785,   219.8546,   220.0398,   219.6979,   219.7054,   219.7072,   219.8764,   219.8167,   219.7743, 
  218.9228,   218.9609,   219.0647,   219.2277,   218.9046,   218.9001,   218.9427,   219.1121,   219.0645,   219.0089, 
  218.7842,   218.8347,   218.9239,   219.0783,   218.7713,   218.7636,   218.8118,   218.9663,   218.9255,   218.8731, 
  218.2840,   218.3773,   218.4112,   218.5342,   218.2859,   218.2710,   218.3363,   218.4403,   218.4199,   218.3785, 
  217.1598,   217.3080,   217.2471,   217.3360,   217.1859,   217.1376,   217.2249,   217.2648,   217.2791,   217.2341, 
  215.5618,   215.7437,   215.5832,   215.6594,   215.5932,   215.5166,   215.6102,   215.5996,   215.6214,   215.5771, 
  214.0218,   214.2083,   213.9759,   214.0536,   214.0337,   213.9438,   214.0313,   213.9995,   214.0051,   213.9735, 
  211.5384,   211.6852,   211.3725,   211.4711,   211.4884,   211.4402,   211.4537,   211.4204,   211.3509,   211.3645, 
  211.2444,   211.3652,   211.0512,   211.1542,   211.1819,   211.1439,   211.1492,   211.1145,   211.0325,   211.0600, 
  209.7902,   209.7400,   209.4500,   209.5773,   209.6648,   209.6757,   209.6343,   209.5915,   209.4463,   209.5474, 
  209.3463,   209.1674,   208.9418,   209.0779,   209.2018,   209.2180,   209.1540,   209.1075,   208.9584,   209.0912, 
  208.8831,   208.5744,   208.4130,   208.5569,   208.7188,   208.7397,   208.6531,   208.6034,   208.4550,   208.6209, 
  208.9606,   208.4165,   208.5395,   208.6287,   208.8064,   208.7763,   208.7272,   208.6376,   208.5397,   208.7446, 
  209.8282,   209.3829,   210.0999,   209.7407,   209.8134,   209.6411,   209.7675,   209.5962,   209.8260,   210.0533, 
  210.1610,   209.9605,   210.6921,   210.1900,   210.1853,   210.0052,   210.1726,   209.9755,   210.3589,   210.5793, 
  210.4914,   210.4482,   210.7936,   210.5588,   210.4547,   210.3454,   210.4619,   210.1714,   210.6702,   210.9249, 
  210.7752,   210.8769,   210.8825,   210.8775,   210.6856,   210.6386,   210.7141,   210.3370,   210.9375,   211.2283, 
  211.1645,   211.3172,   210.8314,   211.3543,   211.3493,   211.2228,   211.3644,   210.9473,   211.5079,   211.8367, 
  211.4911,   211.6595,   210.7547,   211.7626,   211.9771,   211.7495,   211.9722,   211.5363,   212.0276,   212.3873, 
  211.5211,   211.6860,   210.7565,   211.7889,   212.0156,   211.7694,   212.0036,   211.5734,   212.0630,   212.4220, 
  211.9816,   212.1157,   210.9732,   211.9110,   212.1460,   211.7735,   212.0551,   211.9123,   212.2489,   212.4815, 
  213.1657,   213.1740,   211.7791,   212.2947,   212.6118,   212.0553,   212.2664,   212.7644,   212.8322,   212.6648, 
  214.5476,   214.2549,   213.8209,   213.7609,   214.0626,   214.3203,   213.7859,   214.0975,   214.4808,   213.9494, 
  214.7202,   214.3879,   214.1395,   214.0953,   214.3306,   214.7993,   214.1688,   214.3421,   214.8096,   214.2832, 
  225.3213,   225.3665,   225.4852,   225.2595,   225.2890,   225.3244,   225.2858,   225.3020,   225.3523,   225.2904, 
  223.1786,   223.4370,   223.4850,   223.3800,   223.1360,   223.3456,   223.3439,   223.3190,   223.4591,   223.3250, 
    0.2054,     0.2055,     0.2054,     0.2055,     0.2053,     0.2052,     0.2051,     0.2052,     0.2052,     0.2052, 
    0.2054,     0.2055,     0.2054,     0.2055,     0.2053,     0.2052,     0.2051,     0.2052,     0.2052,     0.2052, 
    0.2054,     0.2055,     0.2054,     0.2055,     0.2053,     0.2052,     0.2051,     0.2052,     0.2052,     0.2052, 
    0.2054,     0.2055,     0.2054,     0.2055,     0.2053,     0.2052,     0.2051,     0.2052,     0.2052,     0.2052, 
    0.2073,     0.2073,     0.2072,     0.2073,     0.2071,     0.2070,     0.2069,     0.2070,     0.2070,     0.2070, 
    0.2125,     0.2125,     0.2125,     0.2126,     0.2124,     0.2122,     0.2122,     0.2122,     0.2122,     0.2122, 
    0.2185,     0.2185,     0.2184,     0.2185,     0.2183,     0.2182,     0.2181,     0.2182,     0.2182,     0.2182, 
    0.2245,     0.2245,     0.2244,     0.2245,     0.2243,     0.2242,     0.2241,     0.2241,     0.2241,     0.2241, 
    0.2649,     0.2649,     0.2649,     0.2649,     0.2647,     0.2646,     0.2645,     0.2646,     0.2646,     0.2646, 
    0.2750,     0.2750,     0.2750,     0.2750,     0.2748,     0.2747,     0.2746,     0.2747,     0.2747,     0.2747, 
    0.2796,     0.2796,     0.2796,     0.2796,     0.2794,     0.2793,     0.2793,     0.2793,     0.2793,     0.2793, 
    0.2933,     0.2933,     0.2933,     0.2933,     0.2931,     0.2930,     0.2929,     0.2929,     0.2929,     0.2929, 
    0.2949,     0.2948,     0.2949,     0.2949,     0.2946,     0.2945,     0.2945,     0.2945,     0.2945,     0.2945, 
    0.3285,     0.3283,     0.3285,     0.3284,     0.3282,     0.3281,     0.3281,     0.3281,     0.3280,     0.3280, 
    0.3738,     0.3732,     0.3737,     0.3736,     0.3734,     0.3733,     0.3733,     0.3734,     0.3733,     0.3733, 
    0.4027,     0.4016,     0.4025,     0.4025,     0.4023,     0.4022,     0.4021,     0.4025,     0.4023,     0.4024, 
    0.4259,     0.4245,     0.4266,     0.4267,     0.4257,     0.4257,     0.4254,     0.4267,     0.4264,     0.4263, 
    0.4513,     0.4496,     0.4521,     0.4520,     0.4511,     0.4511,     0.4506,     0.4521,     0.4516,     0.4516, 
    0.6111,     0.6098,     0.6123,     0.6125,     0.6112,     0.6109,     0.6101,     0.6127,     0.6116,     0.6119, 
    0.6982,     0.6966,     0.7018,     0.7016,     0.6994,     0.6994,     0.6976,     0.7027,     0.7007,     0.7020, 
    0.7106,     0.7087,     0.7148,     0.7145,     0.7121,     0.7122,     0.7102,     0.7159,     0.7138,     0.7154, 
    0.7467,     0.7440,     0.7528,     0.7524,     0.7488,     0.7495,     0.7463,     0.7544,     0.7518,     0.7544, 
    0.7450,     0.7420,     0.7509,     0.7505,     0.7467,     0.7476,     0.7444,     0.7525,     0.7499,     0.7525, 
    0.7330,     0.7290,     0.7387,     0.7380,     0.7336,     0.7352,     0.7321,     0.7403,     0.7375,     0.7407, 
    0.7307,     0.7265,     0.7364,     0.7355,     0.7311,     0.7328,     0.7297,     0.7380,     0.7351,     0.7384, 
    0.7234,     0.7185,     0.7290,     0.7281,     0.7230,     0.7252,     0.7219,     0.7306,     0.7275,     0.7311, 
    0.7100,     0.7049,     0.7154,     0.7142,     0.7090,     0.7116,     0.7085,     0.7168,     0.7137,     0.7174, 
    0.6949,     0.6901,     0.6998,     0.6984,     0.6935,     0.6964,     0.6936,     0.7012,     0.6981,     0.7017, 
    0.6264,     0.6227,     0.6290,     0.6269,     0.6226,     0.6274,     0.6255,     0.6297,     0.6268,     0.6301, 
    0.5528,     0.5514,     0.5525,     0.5515,     0.5486,     0.5547,     0.5536,     0.5529,     0.5507,     0.5535, 
    0.5414,     0.5408,     0.5408,     0.5404,     0.5379,     0.5443,     0.5433,     0.5415,     0.5395,     0.5420, 
    0.5282,     0.5283,     0.5270,     0.5274,     0.5259,     0.5336,     0.5328,     0.5294,     0.5273,     0.5289, 
    0.5095,     0.5102,     0.5083,     0.5091,     0.5084,     0.5169,     0.5164,     0.5117,     0.5099,     0.5113, 
    0.4984,     0.4993,     0.4973,     0.4984,     0.4981,     0.5061,     0.5059,     0.5010,     0.4993,     0.5006, 
    0.4897,     0.4906,     0.4888,     0.4899,     0.4900,     0.4973,     0.4974,     0.4925,     0.4910,     0.4923, 
    0.4746,     0.4802,     0.4979,     0.4875,     0.4646,     0.4695,     0.4740,     0.5029,     0.4861,     0.5003, 
    0.4775,     0.4833,     0.5013,     0.4908,     0.4678,     0.4728,     0.4774,     0.5063,     0.4895,     0.5038, 
    0.6093,     0.6160,     0.6397,     0.6247,     0.5950,     0.6005,     0.6081,     0.6467,     0.6257,     0.6434, 
    0.7088,     0.7015,     0.7324,     0.7304,     0.6997,     0.6947,     0.7073,     0.7412,     0.7231,     0.7469, 
    0.7061,     0.6599,     0.6951,     0.7310,     0.7019,     0.6668,     0.7085,     0.6958,     0.6849,     0.7184, 
    0.7006,     0.5749,     0.6191,     0.7324,     0.7061,     0.6071,     0.7106,     0.6030,     0.6062,     0.6601, 
    0.6949,     0.4874,     0.5408,     0.7338,     0.7104,     0.5455,     0.7129,     0.5075,     0.5251,     0.6002, 
    0.6861,     0.3512,     0.4190,     0.7359,     0.7171,     0.4498,     0.7163,     0.3589,     0.3990,     0.5069, 
    0.5492,     0.2908,     0.3282,     0.5977,     0.6212,     0.3696,     0.6232,     0.2863,     0.3224,     0.3991, 
    0.2476,     0.2300,     0.1981,     0.2624,     0.3523,     0.2395,     0.3379,     0.1964,     0.2102,     0.2057, 
    0.2241,     0.2311,     0.1998,     0.2307,     0.2958,     0.2292,     0.2522,     0.1841,     0.1934,     0.1956, 
    0.2293,     0.2370,     0.2066,     0.2165,     0.2609,     0.2258,     0.2221,     0.1920,     0.1941,     0.1978, 
    0.2570,     0.2530,     0.2219,     0.2146,     0.2367,     0.2306,     0.2224,     0.2143,     0.2079,     0.2111, 
    0.3121,     0.2936,     0.2529,     0.2442,     0.2563,     0.2578,     0.2528,     0.2411,     0.2346,     0.2405, 
    0.3649,     0.3520,     0.3106,     0.2935,     0.2980,     0.2974,     0.2894,     0.2899,     0.2859,     0.2937, 
    0.3670,     0.3571,     0.3175,     0.3009,     0.3045,     0.3036,     0.2959,     0.2978,     0.2936,     0.3008, 
    0.3733,     0.3727,     0.3386,     0.3235,     0.3246,     0.3228,     0.3158,     0.3223,     0.3170,     0.3225, 
    0.3751,     0.3804,     0.3523,     0.3388,     0.3386,     0.3357,     0.3295,     0.3384,     0.3328,     0.3365, 
    0.3035,     0.3139,     0.3272,     0.3251,     0.3285,     0.3182,     0.3128,     0.3191,     0.3179,     0.3133, 
    0.2727,     0.2833,     0.3021,     0.3013,     0.3044,     0.2940,     0.2859,     0.2936,     0.2935,     0.2903, 
    0.2526,     0.2632,     0.2859,     0.2857,     0.2889,     0.2784,     0.2686,     0.2771,     0.2777,     0.2754, 
    0.2201,     0.2241,     0.2362,     0.2389,     0.2356,     0.2289,     0.2168,     0.2289,     0.2311,     0.2327, 
    0.1908,     0.2001,     0.1873,     0.1873,     0.1754,     0.1785,     0.1648,     0.1798,     0.1845,     0.1871, 
    0.1853,     0.2167,     0.1763,     0.1674,     0.1500,     0.1644,     0.1511,     0.1664,     0.1730,     0.1716, 
    0.2312,     0.2865,     0.2288,     0.2135,     0.1875,     0.2160,     0.1950,     0.2058,     0.2155,     0.2077, 
    0.2515,     0.3159,     0.2526,     0.2351,     0.2062,     0.2400,     0.2157,     0.2239,     0.2349,     0.2246, 
    0.2734,     0.3477,     0.2782,     0.2585,     0.2263,     0.2660,     0.2380,     0.2435,     0.2558,     0.2428, 
    0.3611,     0.4739,     0.3817,     0.3523,     0.3069,     0.3695,     0.3269,     0.3226,     0.3404,     0.3165, 
    0.3978,     0.5129,     0.4210,     0.3901,     0.3469,     0.4094,     0.3677,     0.3613,     0.3781,     0.3531, 
    0.4474,     0.5535,     0.4702,     0.4391,     0.4056,     0.4587,     0.4248,     0.4178,     0.4303,     0.4069, 
    0.6987,     0.7015,     0.6853,     0.6566,     0.6987,     0.6786,     0.6941,     0.7088,     0.6976,     0.7163, 
    0.6809,     0.6507,     0.6465,     0.6460,     0.7065,     0.6621,     0.6867,     0.7026,     0.6947,     0.7738, 
  303.3931,   302.7333,   303.9528,   303.2827,   302.6384,   302.7153,   302.8211,   303.7120,   303.4427,   303.7415, 
  303.3931,   302.7334,   303.9528,   303.2828,   302.6384,   302.7153,   302.8211,   303.7120,   303.4427,   303.7416, 
  302.1405,   301.4928,   302.6089,   302.0124,   301.3907,   301.4743,   301.5711,   302.3958,   302.1407,   302.4541, 
  301.3368,   300.7107,   301.5015,   301.0853,   300.6276,   300.7076,   300.7108,   301.3155,   301.2165,   301.3672, 
  295.9761,   295.3846,   295.2538,   295.5649,   295.6167,   295.4855,   295.5630,   295.2990,   295.2958,   295.1779, 
  293.0437,   292.4979,   292.6312,   292.8008,   292.7939,   292.6438,   292.7508,   292.5432,   292.4626,   292.2822, 
  290.1395,   289.6721,   290.2890,   290.1140,   289.9863,   289.9151,   289.9534,   290.2292,   289.8260,   289.6671, 
  289.1857,   288.7775,   289.3908,   289.1894,   289.0927,   289.0543,   289.0608,   289.3833,   289.0014,   288.8307, 
  288.2945,   287.9433,   288.5596,   288.3183,   288.2621,   288.2515,   288.2301,   288.5975,   288.2274,   288.0469, 
  282.0765,   281.8175,   282.3426,   282.3097,   282.0367,   282.0756,   282.0052,   282.3796,   282.2678,   282.1920, 
  281.5866,   281.3197,   281.8631,   281.8619,   281.5658,   281.5876,   281.5305,   281.8989,   281.7959,   281.7468, 
  279.3395,   279.1400,   279.6002,   279.5762,   279.5828,   279.4572,   279.4769,   279.6490,   279.4166,   279.5521, 
  277.0252,   276.8935,   277.2702,   277.2072,   277.5575,   277.2790,   277.3741,   277.3307,   276.9489,   277.2770, 
  275.8830,   275.7690,   276.0585,   276.0074,   276.4374,   276.1341,   276.2259,   276.1495,   275.7811,   276.1064, 
  274.1312,   274.0284,   274.1665,   274.1570,   274.6390,   274.3356,   274.3916,   274.3087,   273.9922,   274.2713, 
  273.7710,   273.6687,   273.7755,   273.7715,   274.2777,   273.9682,   274.0209,   273.9315,   273.6259,   273.9005, 
  273.4117,   273.3112,   273.3869,   273.3917,   273.9084,   273.5991,   273.6440,   273.5534,   273.2581,   273.5239, 
  272.4001,   272.3057,   272.3130,   272.3389,   272.8570,   272.5591,   272.5767,   272.5003,   272.2403,   272.4706, 
  271.9424,   271.8449,   271.8362,   271.8591,   272.3650,   272.0853,   272.0896,   272.0187,   271.7748,   271.9896, 
  271.3868,   271.2811,   271.2533,   271.2708,   271.7722,   271.5103,   271.5007,   271.4324,   271.2072,   271.4106, 
  269.6895,   269.5642,   269.4802,   269.4851,   269.9466,   269.7505,   269.6921,   269.6419,   269.4755,   269.6309, 
  269.4016,   269.2738,   269.1801,   269.1832,   269.6361,   269.4520,   269.3849,   269.3384,   269.1822,   269.3281, 
  268.6263,   268.4915,   268.3720,   268.3702,   268.8000,   268.6479,   268.5576,   268.5212,   268.3922,   268.5126, 
  268.1465,   268.0081,   267.8773,   267.8731,   268.2835,   268.1504,   268.0525,   268.0167,   267.9060,   268.0179, 
  266.2463,   266.0699,   265.9405,   265.9199,   266.2343,   266.1667,   266.0774,   266.0160,   265.9809,   266.1209, 
  265.9549,   265.7750,   265.6447,   265.6221,   265.9201,   265.8631,   265.7749,   265.7104,   265.6872,   265.8286, 
  265.5637,   265.3790,   265.2477,   265.2225,   265.4985,   265.4556,   265.3690,   265.3001,   265.2931,   265.4362, 
  263.8647,   263.6572,   263.5363,   263.5069,   263.6831,   263.6922,   263.6181,   263.5378,   263.5988,   263.7639, 
  263.4540,   263.2479,   263.1340,   263.1103,   263.2593,   263.2740,   263.2066,   263.1301,   263.2067,   263.3775, 
  263.2474,   263.0420,   262.9316,   262.9107,   263.0461,   263.0636,   262.9996,   262.9250,   263.0095,   263.1831, 
  262.0959,   261.8868,   261.8029,   261.7967,   261.8550,   261.8878,   261.8424,   261.7793,   261.9077,   262.1053, 
  261.2407,   261.0282,   260.9659,   260.9710,   260.9710,   261.0144,   260.9826,   260.9296,   261.0911,   261.3070, 
  251.8701,   251.9276,   251.7487,   251.8889,   251.6830,   251.8172,   251.6595,   251.8947,   252.0455,   252.0392, 
  251.0957,   251.1401,   250.9798,   251.1030,   250.9247,   251.0326,   250.8857,   251.1230,   251.2564,   251.2297, 
  248.2916,   248.2415,   248.2030,   248.2431,   248.2074,   248.1512,   248.0954,   248.2869,   248.3480,   248.2860, 
  247.0348,   246.9506,   246.9558,   246.9603,   246.9827,   246.8671,   246.8429,   247.0196,   247.0516,   246.9707, 
  245.2466,   245.1820,   245.1645,   245.1420,   245.2248,   245.0935,   245.0863,   245.2302,   245.2481,   245.1375, 
  240.6499,   240.6294,   240.5530,   240.5736,   240.7310,   240.5579,   240.6217,   240.6448,   240.6659,   240.5565, 
  239.0217,   239.0199,   238.9232,   238.9986,   239.1492,   238.9652,   239.0614,   239.0308,   239.0679,   238.9872, 
  236.1226,   236.1472,   236.0890,   236.2197,   236.3259,   236.1101,   236.2652,   236.1793,   236.2430,   236.2014, 
  230.2338,   230.3602,   230.4942,   230.4931,   230.4311,   230.2567,   230.4232,   230.4729,   230.5370,   230.4194, 
  226.1770,   226.4398,   226.6629,   226.3129,   226.1601,   226.2061,   226.2006,   226.5726,   226.5837,   226.2618, 
  225.6375,   225.8971,   226.1176,   225.7070,   225.5715,   225.6685,   225.6092,   226.0156,   226.0275,   225.7134, 
  224.1550,   224.4132,   224.6282,   224.0613,   223.9654,   224.1993,   223.9992,   224.4949,   224.5093,   224.2194, 
  221.7697,   221.9723,   222.1107,   221.5143,   221.5397,   221.8030,   221.5356,   221.9594,   221.9951,   221.8506, 
  219.8049,   219.8814,   219.8817,   219.5726,   219.7797,   219.7915,   219.6908,   219.7476,   219.8177,   219.9646, 
  219.0068,   218.9936,   218.9547,   218.7412,   219.0070,   218.9936,   218.8938,   218.8631,   218.9518,   219.0790, 
  218.1772,   218.0429,   217.9842,   217.8593,   218.1821,   218.1727,   218.0432,   217.9632,   218.0695,   218.0961, 
  217.1455,   216.7256,   216.5056,   216.5488,   216.9024,   216.9787,   216.8692,   216.5246,   216.6380,   216.3460, 
  217.0818,   216.6252,   216.3823,   216.4300,   216.7850,   216.8852,   216.7813,   216.3943,   216.5077,   216.1698, 
  217.0711,   216.6212,   216.3434,   216.3808,   216.7475,   216.8748,   216.7846,   216.3512,   216.4699,   216.1139, 
  217.0633,   216.6196,   216.3056,   216.3316,   216.7099,   216.8658,   216.7883,   216.3072,   216.4330,   216.0594, 
  217.0619,   216.6218,   216.2971,   216.3208,   216.7002,   216.8640,   216.7894,   216.2969,   216.4250,   216.0480, 
  216.9805,   216.6337,   216.2215,   216.2068,   216.5342,   216.7665,   216.7193,   216.1853,   216.3205,   215.9773, 
  216.9253,   216.6430,   216.2346,   216.2135,   216.4675,   216.7015,   216.6694,   216.1878,   216.3067,   216.0323, 
  216.9242,   216.6384,   216.2538,   216.2328,   216.4701,   216.6966,   216.6757,   216.2086,   216.3165,   216.0648, 
  216.7245,   216.6087,   216.3010,   216.2866,   216.2909,   216.5004,   216.5377,   216.2287,   216.3043,   216.2191, 
  216.5576,   216.5374,   216.3435,   216.3491,   216.1763,   216.3544,   216.4438,   216.2519,   216.3159,   216.3265, 
  216.4072,   216.4651,   216.3661,   216.4108,   216.0671,   216.2336,   216.3490,   216.2683,   216.3135,   216.4046, 
  216.3703,   216.4421,   216.3637,   216.4185,   216.0410,   216.2093,   216.3256,   216.2670,   216.3056,   216.4041, 
  216.1469,   216.3002,   216.3410,   216.4610,   215.8789,   216.0663,   216.1861,   216.2519,   216.2448,   216.3931, 
  215.6249,   215.9418,   216.1445,   216.4135,   215.4912,   215.7319,   215.7795,   216.1131,   215.9106,   216.2020, 
  215.4368,   215.7979,   216.0441,   216.3488,   215.3544,   215.6097,   215.6221,   216.0338,   215.7525,   216.0966, 
  215.2276,   215.5707,   215.8965,   216.1712,   215.2174,   215.4533,   215.4207,   215.8947,   215.5527,   215.9645, 
  302.2859,   302.2515,   301.8873,   302.5891,   302.3143,   302.1584,   302.1345,   302.3021,   302.2111,   302.2432, 
  302.2859,   302.2515,   301.8874,   302.5891,   302.3143,   302.1585,   302.1345,   302.3021,   302.2111,   302.2432, 
  301.8879,   301.8358,   301.4491,   302.1554,   301.8944,   301.7478,   301.6985,   301.8730,   301.7742,   301.7804, 
  301.1411,   301.0950,   300.7150,   301.3965,   301.1549,   301.0094,   300.9592,   301.1356,   301.0231,   301.0455, 
  299.4069,   299.3639,   298.9847,   299.7306,   299.4178,   299.2514,   299.2757,   299.4016,   299.3792,   299.3916, 
  295.9857,   295.8956,   295.5332,   296.2478,   295.9164,   296.0093,   295.9063,   295.9073,   296.0896,   295.9607, 
  291.0544,   290.7486,   290.6492,   290.7241,   290.7545,   290.9775,   290.8950,   290.8039,   290.7027,   290.4902, 
  288.2257,   287.8573,   287.8664,   287.8283,   287.9618,   288.1415,   287.9704,   287.9221,   287.6348,   287.6346, 
  285.4432,   285.1083,   285.0659,   285.0829,   285.2639,   285.3636,   285.1635,   285.0046,   284.8755,   284.9411, 
  285.3451,   285.0112,   284.9647,   284.9863,   285.1678,   285.2646,   285.0648,   284.8986,   284.7822,   284.8426, 
  282.7170,   282.4404,   282.3398,   282.4271,   282.6073,   282.6783,   282.4124,   282.2671,   282.2122,   282.2391, 
  281.2682,   281.0383,   280.9286,   281.0136,   281.1911,   281.2791,   280.9361,   280.9030,   280.7395,   280.8022, 
  279.3834,   279.2350,   279.1069,   279.2001,   279.3659,   279.4549,   279.0702,   279.1228,   278.9141,   278.9698, 
  278.5615,   278.4538,   278.3130,   278.4027,   278.5662,   278.6435,   278.2749,   278.3298,   278.1456,   278.1704, 
  275.5960,   275.6434,   275.4450,   275.5286,   275.6805,   275.7143,   275.4085,   275.4632,   275.3815,   275.2842, 
  273.8590,   273.9453,   273.7463,   273.7874,   273.9445,   273.9487,   273.6970,   273.7402,   273.7167,   273.5473, 
  271.5643,   271.6800,   271.5014,   271.4726,   271.6427,   271.6096,   271.4240,   271.4626,   271.4959,   271.2442, 
  271.1375,   271.2587,   271.0839,   271.0421,   271.2145,   271.1746,   271.0013,   271.0390,   271.0829,   270.8159, 
  270.9167,   271.0461,   270.8650,   270.8162,   270.9909,   270.9460,   270.7847,   270.8158,   270.8726,   270.5886, 
  270.8124,   270.9429,   270.7635,   270.7113,   270.8860,   270.8395,   270.6817,   270.7128,   270.7707,   270.4845, 
  270.6181,   270.7448,   270.5655,   270.5107,   270.6829,   270.6350,   270.4816,   270.5135,   270.5715,   270.2791, 
  270.4230,   270.5461,   270.3667,   270.3094,   270.4789,   270.4297,   270.2807,   270.3134,   270.3716,   270.0728, 
  270.1292,   270.2465,   270.0672,   270.0060,   270.1717,   270.1205,   269.9780,   270.0119,   270.0703,   269.7622, 
  269.8337,   269.9453,   269.7660,   269.7010,   269.8628,   269.8096,   269.6736,   269.7088,   269.7675,   269.4498, 
  269.5366,   269.6425,   269.4632,   269.3944,   269.5522,   269.4970,   269.3676,   269.4041,   269.4629,   269.1357, 
  265.9543,   266.0110,   265.8244,   265.7265,   265.8169,   265.7456,   265.7094,   265.7549,   265.8144,   265.3687, 
  264.7003,   264.7474,   264.5522,   264.4716,   264.5176,   264.4536,   264.4547,   264.4972,   264.5501,   264.0705, 
  255.3125,   255.3064,   255.1583,   255.1935,   255.0003,   255.0435,   255.2151,   255.1964,   255.2407,   254.7431, 
  252.5777,   252.5784,   252.4366,   252.5224,   252.3523,   252.3758,   252.5521,   252.5281,   252.5493,   252.1581, 
  247.6373,   247.6814,   247.5489,   247.6208,   247.6078,   247.5436,   247.6942,   247.7272,   247.6380,   247.4756, 
  245.6693,   245.7240,   245.6240,   245.6297,   245.6940,   245.6061,   245.7276,   245.8073,   245.6597,   245.5755, 
  239.8609,   239.8799,   239.8197,   239.7221,   239.8826,   239.8288,   239.8697,   239.9092,   239.8133,   239.7424, 
  236.7593,   236.7611,   236.7100,   236.7026,   236.7688,   236.7525,   236.7635,   236.7936,   236.7350,   236.6600, 
  235.8089,   235.8006,   235.7546,   235.7765,   235.8122,   235.8080,   235.8120,   235.8405,   235.7909,   235.7155, 
  232.6863,   232.6238,   232.6183,   232.7193,   232.6639,   232.7143,   232.6991,   232.7384,   232.7023,   232.6381, 
  226.1392,   225.9511,   226.0520,   226.2559,   226.0809,   226.1829,   226.1590,   226.2558,   226.2304,   226.1866, 
  222.3061,   222.1928,   222.3057,   222.4187,   222.3693,   222.2917,   222.2288,   222.4962,   222.4288,   222.4837, 
  221.2945,   221.2218,   221.3264,   221.4047,   221.3986,   221.2675,   221.1900,   221.5046,   221.4249,   221.5163, 
  218.6945,   218.8759,   218.8250,   218.7173,   218.8386,   218.5984,   218.5177,   218.8833,   218.7955,   218.9897, 
  217.8625,   218.1117,   218.0182,   217.8586,   217.9941,   217.7547,   217.6758,   218.0295,   217.9360,   218.1725, 
  217.6566,   217.9110,   217.8077,   217.6392,   217.7641,   217.5439,   217.4614,   217.8049,   217.6970,   217.9632, 
  216.9396,   217.2108,   217.0728,   216.8829,   216.9550,   216.8119,   216.7364,   217.0234,   216.8824,   217.2118, 
  216.6543,   216.8746,   216.7523,   216.6059,   216.6244,   216.5187,   216.4797,   216.7057,   216.5971,   216.9322, 
  216.5965,   216.7921,   216.6745,   216.5495,   216.5345,   216.4582,   216.4375,   216.6286,   216.5392,   216.8727, 
  216.4395,   216.5707,   216.4694,   216.3968,   216.3120,   216.2937,   216.3109,   216.4288,   216.3829,   216.7222, 
  216.3393,   216.4314,   216.3413,   216.3004,   216.1787,   216.1889,   216.2263,   216.3048,   216.2838,   216.6318, 
  216.1133,   216.1376,   216.0631,   216.0815,   215.8847,   215.9591,   216.0370,   216.0469,   216.0783,   216.3982, 
  215.8831,   215.8714,   215.8067,   215.8699,   215.6332,   215.7345,   215.8352,   215.8181,   215.8900,   216.1747, 
  215.6922,   215.6507,   215.5945,   215.6940,   215.4245,   215.5486,   215.6659,   215.6314,   215.7336,   215.9896, 
  215.5930,   215.5379,   215.4863,   215.6046,   215.3220,   215.4522,   215.5773,   215.5344,   215.6527,   215.8992, 
  215.2731,   215.1892,   215.2102,   215.3519,   215.0204,   215.1361,   215.2638,   215.2609,   215.4055,   215.6153, 
  215.2278,   215.1421,   215.1768,   215.3199,   214.9834,   215.0910,   215.2181,   215.2234,   215.3717,   215.5793, 
  214.9934,   214.8981,   215.0062,   215.1534,   214.7886,   214.8580,   214.9789,   215.0374,   215.1953,   215.3898, 
  214.7970,   214.6964,   214.8714,   215.0164,   214.6322,   214.6646,   214.7784,   214.8876,   215.0460,   215.2347, 
  214.7576,   214.6585,   214.8646,   214.9946,   214.6169,   214.6295,   214.7415,   214.8607,   215.0135,   215.2016, 
  214.6723,   214.5782,   214.8530,   214.9480,   214.5834,   214.5549,   214.6596,   214.8126,   214.9414,   215.1311, 
  214.5912,   214.5008,   214.8397,   214.9039,   214.5533,   214.4829,   214.5840,   214.7575,   214.8743,   215.0641, 
  214.5438,   214.4581,   214.8363,   214.8799,   214.5375,   214.4428,   214.5388,   214.7361,   214.8332,   215.0278, 
  214.2386,   214.1737,   214.7964,   214.7215,   214.4368,   214.1768,   214.2578,   214.5424,   214.5778,   214.7868, 
  214.1450,   214.0829,   214.7590,   214.6394,   214.3781,   214.0982,   214.1941,   214.4518,   214.4616,   214.6679, 
  214.0426,   213.9886,   214.7270,   214.5558,   214.3234,   214.0157,   214.1264,   214.3644,   214.3316,   214.5460, 
  213.8970,   213.8474,   214.6685,   214.4270,   214.2321,   213.8940,   214.0299,   214.2216,   214.1481,   214.3595, 
  213.2719,   213.2264,   214.2745,   213.8203,   213.7739,   213.4067,   213.6865,   213.5916,   213.3455,   213.5728, 
  212.9633,   212.9091,   214.0201,   213.4959,   213.5160,   213.1765,   213.5413,   213.2635,   212.9463,   213.1816, 
  212.7611,   212.7069,   213.8171,   213.2779,   213.3548,   213.0506,   213.4487,   213.0388,   212.6964,   212.9254, 
  212.6078,   212.5811,   213.6073,   213.1308,   213.2913,   213.0205,   213.3976,   212.8598,   212.5250,   212.7501, 
  212.5626,   212.5425,   213.5421,   213.0838,   213.2680,   213.0106,   213.3807,   212.8056,   212.4755,   212.6964, 
  212.5271,   212.5122,   213.4911,   213.0470,   213.2497,   213.0029,   213.3675,   212.7631,   212.4366,   212.6542, 
  212.4802,   212.4647,   213.3855,   212.9789,   213.2173,   213.0049,   213.3552,   212.6938,   212.3717,   212.6060, 
  212.4244,   212.4661,   213.1352,   212.8976,   213.2027,   213.0275,   213.3048,   212.5333,   212.2914,   212.5054, 
  212.7954,   212.9444,   213.0381,   213.1662,   213.4528,   213.2418,   213.3571,   212.6158,   212.6345,   212.7899, 
  213.0717,   213.3160,   213.0222,   213.3801,   213.5583,   213.3292,   213.3629,   212.7010,   212.8869,   212.9879, 
  213.8404,   214.5450,   213.2893,   214.2610,   213.4954,   213.2041,   213.2261,   213.3992,   213.9908,   213.4985, 
  213.8637,   214.6868,   213.3391,   214.4466,   213.4617,   213.1356,   213.2140,   213.6647,   214.2785,   213.5373, 
  213.8771,   214.7363,   213.4215,   214.6069,   213.6788,   213.2817,   213.4147,   214.0035,   214.5814,   213.6355, 
  213.9019,   214.8361,   213.5868,   214.9365,   214.1326,   213.5814,   213.8286,   214.7118,   215.2001,   213.8396, 
  214.2477,   215.1567,   213.9365,   215.5474,   215.3472,   214.5939,   214.9130,   216.0376,   216.3780,   214.4721, 
  215.7406,   215.9745,   215.4741,   216.5468,   217.1049,   216.7033,   216.8930,   217.3364,   217.4028,   216.3917, 
  259.9417,   259.9644,   259.7588,   259.7411,   259.6403,   259.6215,   259.7475,   259.7696,   259.8032,   259.2514, 
    0.5121,     0.5286,     0.4718,     0.5269,     0.5606,     0.5416,     0.5458,     0.4915,     0.4715,     0.4616, 
    0.5121,     0.5286,     0.4718,     0.5269,     0.5606,     0.5416,     0.5458,     0.4915,     0.4715,     0.4616, 
    0.5258,     0.5397,     0.4907,     0.5428,     0.5764,     0.5530,     0.5583,     0.5083,     0.4874,     0.4792, 
    0.5196,     0.5325,     0.5067,     0.5435,     0.5667,     0.5455,     0.5504,     0.5164,     0.4977,     0.4940, 
    0.6002,     0.6231,     0.6434,     0.6489,     0.6382,     0.6383,     0.6273,     0.6258,     0.6215,     0.6236, 
    0.6790,     0.6906,     0.6599,     0.7216,     0.7272,     0.7056,     0.7180,     0.6802,     0.6894,     0.6939, 
    0.7344,     0.7406,     0.6512,     0.7673,     0.7777,     0.7676,     0.7751,     0.6931,     0.7407,     0.7436, 
    0.7249,     0.7428,     0.6473,     0.7525,     0.7635,     0.7606,     0.7677,     0.6804,     0.7302,     0.7446, 
    0.7171,     0.7455,     0.6437,     0.7424,     0.7508,     0.7548,     0.7616,     0.6686,     0.7222,     0.7465, 
    0.7013,     0.7721,     0.6839,     0.7239,     0.7312,     0.6977,     0.7519,     0.6768,     0.7039,     0.7321, 
    0.7048,     0.7772,     0.6916,     0.7281,     0.7350,     0.6991,     0.7557,     0.6838,     0.7074,     0.7328, 
    0.7177,     0.7854,     0.7171,     0.7449,     0.7386,     0.7141,     0.7580,     0.7085,     0.7310,     0.7460, 
    0.7319,     0.7931,     0.7449,     0.7625,     0.7396,     0.7293,     0.7580,     0.7346,     0.7574,     0.7617, 
    0.7328,     0.7897,     0.7517,     0.7638,     0.7365,     0.7307,     0.7539,     0.7391,     0.7631,     0.7631, 
    0.7333,     0.7819,     0.7602,     0.7617,     0.7314,     0.7294,     0.7469,     0.7417,     0.7684,     0.7627, 
    0.7334,     0.7804,     0.7628,     0.7620,     0.7301,     0.7299,     0.7455,     0.7430,     0.7703,     0.7626, 
    0.7337,     0.7787,     0.7650,     0.7616,     0.7290,     0.7297,     0.7440,     0.7438,     0.7716,     0.7625, 
    0.7359,     0.7751,     0.7707,     0.7608,     0.7279,     0.7311,     0.7423,     0.7464,     0.7757,     0.7630, 
    0.7306,     0.7701,     0.7677,     0.7578,     0.7257,     0.7284,     0.7388,     0.7446,     0.7745,     0.7595, 
    0.7248,     0.7651,     0.7653,     0.7554,     0.7235,     0.7264,     0.7356,     0.7436,     0.7741,     0.7553, 
    0.7034,     0.7459,     0.7544,     0.7447,     0.7156,     0.7168,     0.7231,     0.7378,     0.7703,     0.7405, 
    0.6991,     0.7420,     0.7521,     0.7423,     0.7139,     0.7147,     0.7205,     0.7364,     0.7694,     0.7376, 
    0.6869,     0.7308,     0.7454,     0.7356,     0.7092,     0.7086,     0.7129,     0.7325,     0.7667,     0.7293, 
    0.6779,     0.7230,     0.7388,     0.7296,     0.7052,     0.7041,     0.7067,     0.7286,     0.7631,     0.7226, 
    0.6373,     0.6915,     0.7017,     0.6991,     0.6856,     0.6854,     0.6769,     0.7081,     0.7397,     0.6874, 
    0.6297,     0.6851,     0.6944,     0.6929,     0.6816,     0.6814,     0.6708,     0.7039,     0.7350,     0.6810, 
    0.6190,     0.6761,     0.6843,     0.6843,     0.6760,     0.6757,     0.6624,     0.6980,     0.7286,     0.6721, 
    0.5776,     0.6433,     0.6426,     0.6475,     0.6558,     0.6561,     0.6296,     0.6741,     0.7008,     0.6347, 
    0.5717,     0.6380,     0.6338,     0.6379,     0.6524,     0.6530,     0.6231,     0.6686,     0.6936,     0.6275, 
    0.5687,     0.6353,     0.6292,     0.6329,     0.6506,     0.6514,     0.6197,     0.6658,     0.6899,     0.6237, 
    0.5540,     0.6235,     0.6051,     0.6066,     0.6433,     0.6455,     0.6034,     0.6513,     0.6698,     0.6034, 
    0.5428,     0.6147,     0.5857,     0.5853,     0.6380,     0.6415,     0.5908,     0.6397,     0.6534,     0.5873, 
    0.5620,     0.5746,     0.5196,     0.4964,     0.6274,     0.6085,     0.5684,     0.5895,     0.5513,     0.5419, 
    0.5751,     0.5924,     0.5319,     0.5157,     0.6376,     0.6191,     0.5851,     0.5968,     0.5584,     0.5572, 
    0.6410,     0.7218,     0.6037,     0.6415,     0.6943,     0.6855,     0.6854,     0.6398,     0.6242,     0.6502, 
    0.6502,     0.7190,     0.5957,     0.6496,     0.6964,     0.6924,     0.6904,     0.6465,     0.6324,     0.6580, 
    0.6567,     0.6900,     0.5704,     0.6535,     0.6924,     0.6936,     0.6870,     0.6506,     0.6427,     0.6652, 
    0.6518,     0.6690,     0.5580,     0.6458,     0.6885,     0.6869,     0.6776,     0.6445,     0.6394,     0.6633, 
    0.6436,     0.6426,     0.5464,     0.6390,     0.6799,     0.6729,     0.6646,     0.6276,     0.6338,     0.6612, 
    0.4370,     0.4168,     0.4237,     0.3940,     0.4173,     0.4343,     0.4457,     0.4147,     0.4367,     0.4209, 
    0.4370,     0.4168,     0.4237,     0.3940,     0.4173,     0.4343,     0.4457,     0.4147,     0.4367,     0.4209, 
    0.4435,     0.4229,     0.4297,     0.3999,     0.4234,     0.4406,     0.4525,     0.4208,     0.4428,     0.4271, 
    0.4556,     0.4346,     0.4418,     0.4114,     0.4353,     0.4526,     0.4660,     0.4326,     0.4546,     0.4397, 
    0.4878,     0.4662,     0.4736,     0.4382,     0.4666,     0.4798,     0.4974,     0.4630,     0.4693,     0.4655, 
    0.4830,     0.4870,     0.5077,     0.4982,     0.5188,     0.4664,     0.4855,     0.5175,     0.5117,     0.5209, 
    0.4314,     0.4847,     0.4468,     0.4787,     0.4256,     0.4347,     0.4409,     0.4371,     0.5031,     0.4762, 
    0.4492,     0.4913,     0.4568,     0.4592,     0.4389,     0.4530,     0.4729,     0.4484,     0.5053,     0.4541, 
    0.4845,     0.4950,     0.4832,     0.4808,     0.4692,     0.4883,     0.5112,     0.4807,     0.5128,     0.4779, 
    0.4861,     0.4954,     0.4846,     0.4823,     0.4705,     0.4898,     0.5128,     0.4823,     0.5142,     0.4795, 
    0.5266,     0.5210,     0.5254,     0.5272,     0.5113,     0.5298,     0.5533,     0.5246,     0.5536,     0.5254, 
    0.5494,     0.5447,     0.5504,     0.5582,     0.5396,     0.5527,     0.5762,     0.5510,     0.5809,     0.5544, 
    0.5788,     0.5743,     0.5822,     0.5952,     0.5728,     0.5799,     0.6041,     0.5833,     0.6107,     0.5896, 
    0.5896,     0.5850,     0.5931,     0.6069,     0.5831,     0.5890,     0.6135,     0.5942,     0.6194,     0.6016, 
    0.6373,     0.6314,     0.6416,     0.6588,     0.6289,     0.6296,     0.6556,     0.6427,     0.6574,     0.6547, 
    0.6578,     0.6497,     0.6602,     0.6786,     0.6499,     0.6508,     0.6761,     0.6641,     0.6746,     0.6784, 
    0.6880,     0.6775,     0.6865,     0.7063,     0.6814,     0.6832,     0.7068,     0.6954,     0.7010,     0.7133, 
    0.6946,     0.6835,     0.6922,     0.7123,     0.6883,     0.6903,     0.7134,     0.7022,     0.7068,     0.7209, 
    0.6989,     0.6870,     0.6959,     0.7164,     0.6929,     0.6952,     0.7178,     0.7068,     0.7103,     0.7260, 
    0.6999,     0.6879,     0.6968,     0.7173,     0.6941,     0.6964,     0.7189,     0.7080,     0.7113,     0.7274, 
    0.7000,     0.6885,     0.6974,     0.7178,     0.6953,     0.6976,     0.7198,     0.7091,     0.7121,     0.7291, 
    0.7002,     0.6890,     0.6981,     0.7183,     0.6965,     0.6988,     0.7208,     0.7102,     0.7129,     0.7308, 
    0.7005,     0.6898,     0.6990,     0.7190,     0.6984,     0.7006,     0.7222,     0.7119,     0.7141,     0.7335, 
    0.7007,     0.6907,     0.7001,     0.7198,     0.7003,     0.7025,     0.7238,     0.7136,     0.7155,     0.7363, 
    0.7010,     0.6915,     0.7011,     0.7206,     0.7024,     0.7045,     0.7254,     0.7154,     0.7168,     0.7392, 
    0.7024,     0.7008,     0.7129,     0.7283,     0.7278,     0.7287,     0.7427,     0.7360,     0.7317,     0.7755, 
    0.6967,     0.6986,     0.7114,     0.7231,     0.7287,     0.7285,     0.7395,     0.7343,     0.7291,     0.7801, 
    0.6874,     0.7102,     0.7183,     0.7009,     0.7523,     0.7313,     0.7359,     0.7321,     0.7216,     0.7946, 
    0.7119,     0.7344,     0.7396,     0.7116,     0.7688,     0.7463,     0.7530,     0.7465,     0.7394,     0.7999, 
    0.7528,     0.7662,     0.7666,     0.7341,     0.7765,     0.7632,     0.7728,     0.7596,     0.7719,     0.7900, 
    0.7556,     0.7661,     0.7587,     0.7389,     0.7649,     0.7552,     0.7673,     0.7521,     0.7749,     0.7715, 
    0.7029,     0.7212,     0.7115,     0.7188,     0.7153,     0.6985,     0.7120,     0.7121,     0.7264,     0.7075, 
    0.6791,     0.6939,     0.6879,     0.6880,     0.6919,     0.6770,     0.6887,     0.6907,     0.6928,     0.6829, 
    0.6769,     0.6916,     0.7063,     0.7026,     0.7318,     0.7239,     0.7263,     0.7238,     0.7163,     0.7886, 
  312.7183,   312.8802,   312.6077,   312.6568,   312.7892,   312.7206,   312.7249,   312.7191,   312.7070,   312.6884, 
  312.5667,   312.7586,   312.4535,   312.5064,   312.6555,   312.5842,   312.5932,   312.5589,   312.5443,   312.5439, 
  311.7554,   311.9523,   311.6477,   311.6960,   311.8353,   311.7645,   311.7737,   311.7402,   311.7240,   311.7206, 
  307.3220,   307.5275,   307.2218,   307.2650,   307.3990,   307.3257,   307.3420,   307.3098,   307.2906,   307.2831, 
  299.9507,   300.1599,   299.8557,   299.8949,   300.0269,   299.9509,   299.9752,   299.9431,   299.9229,   299.9126, 
  298.1184,   298.3324,   298.0256,   298.0641,   298.1961,   298.1197,   298.1468,   298.1137,   298.0931,   298.0817, 
  296.2989,   296.4655,   296.1213,   296.1857,   296.2975,   296.2458,   296.2525,   296.2220,   296.1966,   296.1841, 
  295.8342,   295.9829,   295.6228,   295.6975,   295.8016,   295.7601,   295.7575,   295.7277,   295.7008,   295.6891, 
  294.4613,   294.5610,   294.1705,   294.2621,   294.3313,   294.3159,   294.2913,   294.2594,   294.2249,   294.2133, 
  287.3308,   287.3168,   287.2843,   287.2071,   287.2162,   287.2185,   287.1933,   287.1427,   287.1403,   287.2009, 
  286.6797,   286.6169,   286.6470,   286.5780,   286.5632,   286.5751,   286.5508,   286.5107,   286.5115,   286.5698, 
  286.0267,   285.9146,   286.0058,   285.9474,   285.9067,   285.9261,   285.9039,   285.8755,   285.8806,   285.9346, 
  283.7805,   283.5782,   283.8141,   283.7907,   283.6939,   283.7068,   283.6848,   283.6837,   283.7109,   283.7712, 
  281.1305,   281.0044,   281.2578,   281.2733,   281.1859,   281.1145,   281.0770,   281.0834,   281.1553,   281.2676, 
  279.4891,   279.4099,   279.6761,   279.7154,   279.6323,   279.5089,   279.4624,   279.4727,   279.5728,   279.7172, 
  278.5809,   278.5406,   278.7877,   278.8355,   278.8029,   278.6804,   278.6073,   278.5999,   278.7061,   278.8684, 
  277.2044,   277.2439,   277.4306,   277.4918,   277.5710,   277.4685,   277.3450,   277.2912,   277.4005,   277.5936, 
  276.4091,   276.4932,   276.6480,   276.7161,   276.8595,   276.7691,   276.6155,   276.5340,   276.6445,   276.8558, 
  275.1476,   275.3023,   275.4066,   275.4856,   275.7307,   275.6595,   275.4581,   275.3327,   275.4455,   275.6855, 
  274.7879,   274.9617,   275.0600,   275.1336,   275.3881,   275.3252,   275.1546,   275.0520,   275.1464,   275.3564, 
  273.4521,   273.6840,   273.7691,   273.8189,   274.1161,   274.0674,   274.0042,   273.9695,   273.9947,   274.1153, 
  272.9971,   273.2488,   273.3295,   273.3711,   273.6828,   273.6390,   273.6123,   273.6008,   273.6024,   273.6926, 
  272.1500,   272.4416,   272.5025,   272.5329,   272.8771,   272.8403,   272.8829,   272.9197,   272.8732,   272.9051, 
  270.9297,   271.2088,   271.2271,   271.2241,   271.5479,   271.5484,   271.6063,   271.6274,   271.5745,   271.5821, 
  269.4011,   269.6400,   269.5927,   269.5429,   269.8170,   269.8745,   269.9168,   269.8962,   269.8572,   269.8508, 
  269.3148,   269.5512,   269.5007,   269.4481,   269.7192,   269.7801,   269.8215,   269.7982,   269.7601,   269.7532, 
  267.2595,   267.4573,   267.3752,   267.2794,   267.4874,   267.5711,   267.6133,   267.5520,   267.5359,   267.5090, 
  265.6248,   265.8045,   265.7331,   265.6182,   265.7793,   265.8407,   265.8983,   265.8250,   265.8283,   265.7818, 
  264.9973,   265.1707,   265.1031,   264.9813,   265.1239,   265.1765,   265.2401,   265.1619,   265.1733,   265.1200, 
  264.6805,   264.8507,   264.7850,   264.6598,   264.7930,   264.8412,   264.9078,   264.8271,   264.8426,   264.7858, 
  263.6601,   263.8351,   263.7703,   263.6599,   263.7628,   263.8044,   263.8766,   263.7909,   263.8111,   263.7546, 
  263.1917,   263.3711,   263.3047,   263.2047,   263.2949,   263.3344,   263.4089,   263.3211,   263.3425,   263.2882, 
  261.7603,   261.9537,   261.8821,   261.8140,   261.8652,   261.8987,   261.9798,   261.8860,   261.9108,   261.8630, 
  261.5166,   261.7129,   261.6410,   261.5823,   261.6229,   261.6557,   261.7365,   261.6428,   261.6686,   261.6216, 
  260.4116,   260.6187,   260.5420,   260.5085,   260.5193,   260.5473,   260.6330,   260.5348,   260.5634,   260.5214, 
  258.1864,   258.3734,   258.3224,   258.3304,   258.3135,   258.3494,   258.4382,   258.3496,   258.3517,   258.3435, 
  257.5110,   257.6895,   257.6485,   257.6670,   257.6441,   257.6832,   257.7732,   257.6880,   257.6806,   257.6837, 
  252.5226,   252.6173,   252.6248,   252.6320,   252.5814,   252.6392,   252.7123,   252.6429,   252.5854,   252.6313, 
  251.0743,   251.1403,   251.1560,   251.1437,   251.0891,   251.1498,   251.2154,   251.1449,   251.0784,   251.1280, 
  249.7555,   249.7994,   249.7862,   249.7639,   249.7065,   249.7647,   249.8280,   249.7398,   249.6793,   249.7287, 
  245.3562,   245.3490,   245.2034,   245.1502,   245.0888,   245.1216,   245.1983,   245.0519,   245.0155,   245.0629, 
  243.2807,   243.2750,   243.0287,   242.9632,   242.9050,   242.9089,   243.0142,   242.8434,   242.8225,   242.8684, 
  242.2109,   242.2071,   241.9092,   241.8369,   241.7798,   241.7696,   241.8896,   241.7068,   241.6936,   241.7393, 
  237.7115,   237.7490,   237.3620,   237.3527,   237.2934,   237.1890,   237.3375,   237.1378,   237.1387,   237.1740, 
  233.2082,   233.2516,   232.9197,   233.0057,   232.9376,   232.7803,   232.9386,   232.7544,   232.7518,   232.7708, 
  222.9841,   223.1009,   222.9868,   223.1637,   222.9970,   222.9435,   223.0975,   222.9606,   222.9619,   222.9614, 
  221.1873,   221.3144,   221.2381,   221.4073,   221.2178,   221.2098,   221.3588,   221.2381,   221.2397,   221.2421, 
  210.3718,   210.6907,   210.7578,   210.7407,   210.5985,   210.7518,   210.8284,   210.8720,   210.7596,   210.8352, 
  207.5428,   208.0002,   208.0000,   207.9259,   207.9082,   208.0755,   208.0086,   208.0947,   207.9553,   207.9855, 
  207.0063,   207.4899,   207.4769,   207.3920,   207.3979,   207.5679,   207.4738,   207.5680,   207.4233,   207.4449, 
  205.4753,   205.6202,   205.3992,   205.4644,   205.4312,   205.3776,   205.1697,   205.3170,   205.2297,   205.2085, 
  204.7660,   204.6939,   204.4536,   204.6337,   204.5530,   204.3680,   204.2387,   204.3900,   204.2933,   204.2647, 
  204.1708,   203.8726,   203.6808,   203.9821,   203.8484,   203.5349,   203.5789,   203.7167,   203.5778,   203.5512, 
  203.8191,   203.4659,   203.3241,   203.6703,   203.5629,   203.2379,   203.4369,   203.4894,   203.3238,   203.3219, 
  203.3656,   203.0238,   202.9682,   203.3472,   203.3344,   203.0644,   203.5161,   203.3787,   203.1743,   203.2321, 
  202.8589,   202.5423,   202.6450,   203.0298,   203.1187,   202.9230,   203.5959,   203.2747,   203.0277,   203.1434, 
  202.6537,   202.3759,   202.7001,   203.0108,   203.1351,   203.0057,   203.6057,   203.2917,   203.0216,   203.1472, 
  202.4946,   202.2467,   202.7428,   202.9960,   203.1478,   203.0698,   203.6133,   203.3048,   203.0169,   203.1501, 
  203.5347,   202.9058,   204.0466,   203.8450,   203.7529,   203.9118,   203.4941,   203.8043,   203.7949,   203.9515, 
  205.9866,   205.3047,   205.7150,   205.2899,   204.8650,   205.3686,   204.0220,   204.8326,   205.3724,   205.2389, 
  207.3452,   206.7791,   206.8060,   206.4315,   206.2523,   206.5869,   205.4024,   206.1789,   206.8791,   206.4367, 
  210.0042,   209.1235,   209.5826,   209.2338,   209.8512,   209.3312,   209.2037,   209.3714,   209.5557,   209.3390, 
  309.3987,   309.6019,   309.2965,   309.3415,   309.4762,   309.4035,   309.4173,   309.3850,   309.3665,   309.3605, 
  303.2253,   303.2247,   303.2361,   303.2666,   303.2115,   303.1992,   303.2286,   303.2581,   303.2041,   303.1902, 
  303.2253,   303.2247,   303.2361,   303.2666,   303.2115,   303.1992,   303.2286,   303.2581,   303.2041,   303.1902, 
  303.4649,   303.4643,   303.4693,   303.4818,   303.4711,   303.4629,   303.4805,   303.4911,   303.4776,   303.4698, 
  303.4649,   303.4643,   303.4693,   303.4818,   303.4710,   303.4628,   303.4805,   303.4911,   303.4776,   303.4698, 
  303.1924,   303.1904,   303.2195,   303.3080,   303.1588,   303.1306,   303.2023,   303.2859,   303.1379,   303.1039, 
  303.1924,   303.1904,   303.2195,   303.3080,   303.1588,   303.1306,   303.2023,   303.2859,   303.1379,   303.1039, 
  303.2260,   303.2220,   303.2464,   303.3185,   303.1946,   303.1669,   303.2314,   303.2950,   303.1752,   303.1451, 
  303.2260,   303.2220,   303.2464,   303.3185,   303.1946,   303.1669,   303.2313,   303.2950,   303.1752,   303.1451, 
  303.6768,   303.6801,   303.6770,   303.6840,   303.6958,   303.6854,   303.6951,   303.6987,   303.7079,   303.7000, 
  303.6767,   303.6801,   303.6770,   303.6840,   303.6958,   303.6854,   303.6951,   303.6987,   303.7079,   303.7000, 
  304.0639,   304.0654,   304.0657,   304.0816,   304.0979,   304.0896,   304.0983,   304.1061,   304.1183,   304.1108, 
  304.0638,   304.0653,   304.0656,   304.0815,   304.0979,   304.0896,   304.0983,   304.1060,   304.1183,   304.1108, 
  303.8824,   303.8867,   303.8829,   303.8936,   303.9099,   303.8990,   303.9067,   303.9120,   303.9255,   303.9169, 
  303.8824,   303.8867,   303.8829,   303.8936,   303.9099,   303.8990,   303.9067,   303.9120,   303.9256,   303.9169, 
  303.2253,   303.2247,   303.2361,   303.2666,   303.2115,   303.1992,   303.2286,   303.2581,   303.2041,   303.1902, 
  303.2253,   303.2247,   303.2361,   303.2666,   303.2115,   303.1992,   303.2286,   303.2581,   303.2041,   303.1902, 
  303.2253,   303.2247,   303.2361,   303.2666,   303.2115,   303.1992,   303.2286,   303.2581,   303.2041,   303.1902, 
  303.4649,   303.4643,   303.4693,   303.4818,   303.4710,   303.4628,   303.4805,   303.4911,   303.4776,   303.4698, 
  303.4649,   303.4643,   303.4693,   303.4818,   303.4710,   303.4628,   303.4804,   303.4910,   303.4776,   303.4698, 
  303.4649,   303.4643,   303.4693,   303.4818,   303.4711,   303.4629,   303.4805,   303.4911,   303.4776,   303.4698, 
  303.1924,   303.1904,   303.2195,   303.3080,   303.1588,   303.1306,   303.2023,   303.2859,   303.1379,   303.1039, 
  303.1924,   303.1904,   303.2195,   303.3080,   303.1588,   303.1306,   303.2023,   303.2859,   303.1379,   303.1039, 
  303.1924,   303.1904,   303.2195,   303.3080,   303.1588,   303.1306,   303.2023,   303.2859,   303.1379,   303.1039, 
  303.2260,   303.2220,   303.2464,   303.3185,   303.1946,   303.1669,   303.2313,   303.2950,   303.1752,   303.1451, 
  303.2260,   303.2220,   303.2464,   303.3185,   303.1946,   303.1669,   303.2313,   303.2950,   303.1752,   303.1451, 
  303.2260,   303.2220,   303.2464,   303.3185,   303.1946,   303.1669,   303.2314,   303.2950,   303.1752,   303.1451, 
  303.6767,   303.6801,   303.6770,   303.6840,   303.6958,   303.6854,   303.6951,   303.6987,   303.7079,   303.7000, 
  303.6767,   303.6801,   303.6770,   303.6840,   303.6958,   303.6854,   303.6951,   303.6987,   303.7079,   303.7000, 
  303.6767,   303.6801,   303.6769,   303.6840,   303.6958,   303.6854,   303.6951,   303.6987,   303.7079,   303.7000, 
  304.0639,   304.0654,   304.0657,   304.0816,   304.0979,   304.0896,   304.0983,   304.1061,   304.1183,   304.1108, 
  304.0639,   304.0654,   304.0657,   304.0816,   304.0979,   304.0896,   304.0983,   304.1061,   304.1183,   304.1108, 
  304.0639,   304.0654,   304.0657,   304.0816,   304.0979,   304.0896,   304.0983,   304.1061,   304.1183,   304.1108, 
  303.8824,   303.8867,   303.8829,   303.8936,   303.9099,   303.8990,   303.9067,   303.9120,   303.9255,   303.9169, 
  303.8824,   303.8867,   303.8829,   303.8936,   303.9099,   303.8990,   303.9067,   303.9120,   303.9256,   303.9169, 
  303.8824,   303.8867,   303.8829,   303.8936,   303.9099,   303.8990,   303.9067,   303.9120,   303.9256,   303.9169, 
  303.2253,   303.2247,   303.2361,   303.2666,   303.2115,   303.1992,   303.2286,   303.2581,   303.2041,   303.1902, 
  303.2253,   303.2247,   303.2361,   303.2666,   303.2115,   303.1992,   303.2286,   303.2581,   303.2041,   303.1902, 
  303.4649,   303.4643,   303.4693,   303.4818,   303.4710,   303.4628,   303.4804,   303.4910,   303.4776,   303.4698, 
  303.4649,   303.4643,   303.4693,   303.4818,   303.4710,   303.4628,   303.4804,   303.4910,   303.4776,   303.4698, 
  303.1924,   303.1904,   303.2195,   303.3080,   303.1588,   303.1306,   303.2023,   303.2859,   303.1379,   303.1039, 
  303.1924,   303.1904,   303.2195,   303.3080,   303.1588,   303.1306,   303.2023,   303.2859,   303.1379,   303.1039, 
  303.2260,   303.2220,   303.2464,   303.3185,   303.1946,   303.1669,   303.2313,   303.2950,   303.1752,   303.1451, 
  303.2260,   303.2220,   303.2464,   303.3185,   303.1946,   303.1669,   303.2314,   303.2950,   303.1752,   303.1451, 
  303.6767,   303.6801,   303.6770,   303.6840,   303.6958,   303.6854,   303.6951,   303.6987,   303.7079,   303.7000, 
  303.6767,   303.6801,   303.6769,   303.6840,   303.6958,   303.6854,   303.6951,   303.6987,   303.7079,   303.7000, 
  304.0639,   304.0654,   304.0657,   304.0816,   304.0979,   304.0896,   304.0983,   304.1061,   304.1183,   304.1108, 
  304.0638,   304.0653,   304.0657,   304.0816,   304.0979,   304.0896,   304.0983,   304.1061,   304.1183,   304.1108, 
  303.8824,   303.8867,   303.8829,   303.8936,   303.9099,   303.8990,   303.9067,   303.9120,   303.9255,   303.9169, 
  303.8824,   303.8867,   303.8828,   303.8936,   303.9099,   303.8990,   303.9067,   303.9120,   303.9255,   303.9169, 
    0.3841,     0.3801,     0.3775,     0.3679,     0.3767,     0.3736,     0.3744,     0.3759,     0.3751,     0.3753, 
    0.3863,     0.3823,     0.3796,     0.3700,     0.3788,     0.3757,     0.3765,     0.3780,     0.3772,     0.3774, 
    0.3991,     0.3948,     0.3922,     0.3822,     0.3914,     0.3882,     0.3890,     0.3906,     0.3897,     0.3899, 
    0.4844,     0.4788,     0.4759,     0.4637,     0.4749,     0.4710,     0.4716,     0.4736,     0.4725,     0.4729, 
    0.6811,     0.6721,     0.6689,     0.6516,     0.6677,     0.6621,     0.6621,     0.6649,     0.6633,     0.6642, 
    0.7431,     0.7313,     0.7289,     0.7101,     0.7275,     0.7213,     0.7210,     0.7242,     0.7226,     0.7240, 
    0.7683,     0.7683,     0.7712,     0.7438,     0.7730,     0.7605,     0.7624,     0.7656,     0.7640,     0.7662, 
    0.7687,     0.7738,     0.7794,     0.7485,     0.7824,     0.7673,     0.7704,     0.7735,     0.7719,     0.7741, 
    0.7671,     0.7744,     0.7910,     0.7477,     0.7951,     0.7728,     0.7795,     0.7822,     0.7802,     0.7827, 
    0.7421,     0.7116,     0.7477,     0.7438,     0.7236,     0.7220,     0.7451,     0.7461,     0.7462,     0.7380, 
    0.7403,     0.7134,     0.7456,     0.7435,     0.7200,     0.7180,     0.7427,     0.7439,     0.7444,     0.7358, 
    0.7372,     0.7139,     0.7440,     0.7433,     0.7165,     0.7145,     0.7409,     0.7418,     0.7431,     0.7346, 
    0.7253,     0.7140,     0.7385,     0.7402,     0.7023,     0.7041,     0.7358,     0.7369,     0.7384,     0.7283, 
    0.7084,     0.7080,     0.7312,     0.7286,     0.6796,     0.6970,     0.7330,     0.7364,     0.7317,     0.7134, 
    0.6957,     0.7037,     0.7264,     0.7201,     0.6629,     0.6924,     0.7317,     0.7368,     0.7274,     0.7032, 
    0.6569,     0.6738,     0.7054,     0.7000,     0.6343,     0.6665,     0.7066,     0.7142,     0.7043,     0.6785, 
    0.5716,     0.6053,     0.6574,     0.6567,     0.5741,     0.6078,     0.6471,     0.6602,     0.6509,     0.6231, 
    0.5188,     0.5632,     0.6284,     0.6300,     0.5372,     0.5716,     0.6110,     0.6274,     0.6189,     0.5902, 
    0.4275,     0.4902,     0.5782,     0.5838,     0.4731,     0.5090,     0.5486,     0.5708,     0.5634,     0.5332, 
    0.4068,     0.4698,     0.5567,     0.5634,     0.4556,     0.4883,     0.5223,     0.5425,     0.5383,     0.5104, 
    0.3278,     0.3894,     0.4742,     0.4816,     0.3880,     0.4083,     0.4245,     0.4365,     0.4463,     0.4276, 
    0.2991,     0.3602,     0.4443,     0.4519,     0.3635,     0.3793,     0.3891,     0.3980,     0.4128,     0.3976, 
    0.2438,     0.3053,     0.3887,     0.3972,     0.3176,     0.3247,     0.3216,     0.3243,     0.3497,     0.3407, 
    0.2023,     0.2645,     0.3594,     0.3615,     0.3039,     0.3009,     0.2894,     0.3006,     0.3256,     0.3190, 
    0.1621,     0.2266,     0.3438,     0.3340,     0.3113,     0.2951,     0.2765,     0.3066,     0.3236,     0.3178, 
    0.1596,     0.2243,     0.3428,     0.3321,     0.3118,     0.2947,     0.2757,     0.3070,     0.3235,     0.3177, 
    0.1277,     0.2003,     0.3387,     0.3311,     0.3391,     0.3121,     0.2822,     0.3340,     0.3419,     0.3361, 
    0.1232,     0.2049,     0.3501,     0.3636,     0.3754,     0.3485,     0.3088,     0.3713,     0.3740,     0.3677, 
    0.1209,     0.2056,     0.3534,     0.3760,     0.3894,     0.3628,     0.3188,     0.3859,     0.3863,     0.3797, 
    0.1197,     0.2060,     0.3552,     0.3827,     0.3969,     0.3704,     0.3242,     0.3937,     0.3929,     0.3861, 
    0.1296,     0.2151,     0.3577,     0.3961,     0.4114,     0.3861,     0.3426,     0.4076,     0.4049,     0.4014, 
    0.1354,     0.2187,     0.3564,     0.3989,     0.4138,     0.3893,     0.3489,     0.4099,     0.4067,     0.4051, 
    0.1552,     0.2309,     0.3519,     0.4087,     0.4223,     0.4004,     0.3701,     0.4175,     0.4127,     0.4175, 
    0.1627,     0.2349,     0.3510,     0.4102,     0.4251,     0.4041,     0.3770,     0.4201,     0.4147,     0.4217, 
    0.1811,     0.2453,     0.3459,     0.4180,     0.4319,     0.4133,     0.3959,     0.4262,     0.4193,     0.4324, 
    0.1937,     0.2429,     0.3271,     0.3873,     0.4104,     0.3859,     0.3799,     0.3975,     0.3873,     0.4013, 
    0.1952,     0.2405,     0.3204,     0.3748,     0.4009,     0.3735,     0.3704,     0.3853,     0.3741,     0.3871, 
    0.1653,     0.2004,     0.2687,     0.2920,     0.3281,     0.2909,     0.2854,     0.2956,     0.2890,     0.2850, 
    0.1425,     0.1733,     0.2382,     0.2514,     0.2870,     0.2562,     0.2419,     0.2560,     0.2549,     0.2431, 
    0.1309,     0.1255,     0.1666,     0.1708,     0.1972,     0.1998,     0.1820,     0.2040,     0.2040,     0.1957, 
    0.4419,     0.4369,     0.4341,     0.4230,     0.4332,     0.4296,     0.4304,     0.4322,     0.4312,     0.4315, 
  225.4441,   225.4168,   225.3719,   225.4579,   225.4491,   225.4298,   225.4216,   225.4721,   225.4601,   225.4740, 
  223.3722,   223.3493,   223.3168,   223.3976,   223.3929,   223.3813,   223.3670,   223.4064,   223.3932,   223.4130, 
  216.6955,   216.7431,   216.8040,   216.8595,   216.8634,   216.8691,   216.8356,   216.8551,   216.8489,   216.8870, 
  212.6808,   212.8294,   212.9713,   212.8525,   213.0063,   212.9483,   212.9166,   212.9534,   212.9418,   213.0333, 
  211.6429,   211.8220,   211.9853,   211.7609,   211.9857,   211.9010,   211.8869,   211.9252,   211.9153,   212.0247, 
  209.3976,   209.5046,   209.6254,   209.1597,   209.4384,   209.3722,   209.4675,   209.5049,   209.4811,   209.6115, 
  208.2766,   208.1978,   208.2245,   207.6406,   207.8524,   207.8619,   208.0702,   208.1051,   208.0571,   208.1803, 
  207.6817,   207.2990,   207.3071,   206.7460,   206.8917,   206.9218,   207.1656,   207.2048,   207.1250,   207.2848, 
  207.2276,   206.6109,   206.6044,   206.0605,   206.1577,   206.2019,   206.4701,   206.5153,   206.4113,   206.6008, 
  206.9099,   206.1311,   206.1165,   205.5883,   205.6487,   205.7036,   205.9908,   206.0351,   205.9157,   206.1227, 
  206.3575,   205.3253,   205.3766,   204.8887,   204.8573,   204.9572,   205.2422,   205.2994,   205.1534,   205.4053, 
  205.3997,   204.1796,   204.9934,   204.7705,   204.2826,   204.6570,   204.7170,   204.8396,   204.6642,   204.9909, 
  205.4825,   204.3271,   205.1769,   205.0233,   204.4991,   204.8825,   204.9155,   205.0331,   204.8920,   205.2066, 
  205.6069,   204.5547,   205.4608,   205.4189,   204.8328,   205.2282,   205.2233,   205.3306,   205.2432,   205.5336, 
  205.8999,   205.2294,   206.0053,   206.0941,   205.6151,   205.9397,   205.9797,   206.0122,   206.0622,   206.2544, 
  205.9505,   205.4443,   206.0396,   206.0787,   205.7678,   206.0220,   206.1471,   206.1338,   206.2249,   206.3638, 
  206.1333,   206.2384,   206.1574,   206.0175,   206.3291,   206.3207,   206.7650,   206.5820,   206.8233,   206.7616, 
  208.6441,   209.3385,   208.8797,   208.5803,   208.8915,   209.1382,   208.7637,   208.3847,   208.6922,   208.5958, 
  209.0987,   209.9863,   209.4536,   209.5472,   209.8520,   210.0837,   209.7408,   209.2742,   209.6575,   209.5877, 
  209.3429,   210.2593,   209.6885,   210.2307,   210.3513,   210.5500,   210.3259,   209.9666,   210.3817,   210.2450, 
  210.4448,   211.1308,   210.7016,   211.8849,   211.6889,   211.5404,   211.6653,   211.7934,   212.3047,   211.9296, 
  212.0091,   211.8363,   212.1484,   211.8108,   211.9783,   211.1565,   211.4292,   212.0298,   212.6053,   212.1340, 
  212.6467,   212.3686,   213.0848,   212.1666,   212.3623,   211.4903,   211.7782,   212.0961,   212.8097,   212.4185, 
  212.8825,   212.5622,   213.4269,   212.2960,   212.5029,   211.6137,   211.9060,   212.1186,   212.8801,   212.5209, 
  308.0450,   307.4879,   310.0020,   310.0702,   309.6255,   308.7263,   308.6272,   308.7691,   308.9301,   308.5043, 
  307.6576,   307.2000,   309.7497,   309.8077,   309.3400,   308.4633,   308.3947,   308.4311,   308.6015,   308.1689, 
  306.2971,   306.1153,   308.4554,   308.4740,   307.9795,   307.1763,   307.2319,   307.1092,   307.2200,   306.8410, 
  305.3365,   306.4761,   307.2874,   306.8878,   306.6756,   306.1375,   306.5238,   306.1652,   306.1098,   305.8831, 
  299.1811,   299.9398,   300.3451,   300.1756,   300.0776,   299.7630,   300.0541,   299.7633,   299.8066,   299.6337, 
  295.7070,   296.3287,   296.5337,   296.6377,   296.6794,   296.4937,   296.6121,   296.4437,   296.4632,   296.4027, 
  294.4813,   295.0379,   295.2563,   295.3893,   295.3576,   295.2072,   295.2776,   295.1653,   295.1391,   295.0952, 
  293.2665,   293.7285,   293.9564,   294.1202,   294.0194,   293.8998,   293.9303,   293.8707,   293.8092,   293.7800, 
  290.3602,   290.2785,   290.4160,   290.6563,   290.5197,   290.4206,   290.6244,   290.4488,   290.4626,   290.3745, 
  289.7199,   289.6378,   289.7707,   289.9849,   289.8659,   289.7568,   289.9277,   289.7899,   289.7971,   289.7224, 
  288.8170,   288.7455,   288.8692,   289.0378,   288.9590,   288.8306,   288.9566,   288.8754,   288.8732,   288.8221, 
  288.4890,   288.4184,   288.5393,   288.6947,   288.6243,   288.4909,   288.6009,   288.5384,   288.5327,   288.4886, 
  288.0764,   288.0069,   288.1243,   288.2631,   288.2033,   288.0636,   288.1535,   288.1144,   288.1044,   288.0690, 
  286.5819,   286.5591,   286.6053,   286.7103,   286.6945,   286.5508,   286.6181,   286.5986,   286.5761,   286.5646, 
  286.4915,   286.4719,   286.5128,   286.6160,   286.6035,   286.4598,   286.5271,   286.5071,   286.4841,   286.4740, 
  284.4710,   284.5209,   284.4429,   284.5070,   284.5674,   284.4262,   284.4916,   284.4626,   284.4254,   284.4475, 
  278.2968,   278.7588,   278.3574,   278.1818,   278.4408,   278.2726,   278.4391,   278.3540,   278.3566,   278.4442, 
  277.2718,   277.7694,   277.3498,   277.1336,   277.4095,   277.2449,   277.4344,   277.3306,   277.3483,   277.4362, 
  275.4994,   276.0748,   275.7206,   275.4303,   275.6861,   275.5202,   275.7899,   275.5873,   275.6488,   275.7076, 
  274.5518,   275.1507,   274.8447,   274.5132,   274.7632,   274.5997,   274.9060,   274.6488,   274.7309,   274.7695, 
  274.2320,   274.8396,   274.5431,   274.1954,   274.4548,   274.2894,   274.5991,   274.3358,   274.4255,   274.4582, 
  273.9298,   274.5332,   274.2544,   273.8936,   274.1562,   273.9926,   274.3054,   274.0312,   274.1245,   274.1489, 
  273.7849,   274.3846,   274.1161,   273.7488,   274.0157,   273.8521,   274.1622,   273.8854,   273.9788,   273.9979, 
  273.4935,   274.0856,   273.8381,   273.4576,   273.7334,   273.5696,   273.8744,   273.5923,   273.6859,   273.6943, 
  273.4203,   274.0105,   273.7683,   273.3845,   273.6626,   273.4987,   273.8021,   273.5186,   273.6124,   273.6181, 
  273.3470,   273.9353,   273.6984,   273.3112,   273.5915,   273.4276,   273.7296,   273.4449,   273.5387,   273.5417, 
  273.2000,   273.7845,   273.5582,   273.1644,   273.4491,   273.2851,   273.5844,   273.2970,   273.3910,   273.3885, 
  272.6812,   273.2523,   273.0632,   272.6460,   272.9465,   272.7822,   273.0720,   272.7750,   272.8696,   272.8481, 
  271.6266,   272.1673,   272.0522,   271.5816,   271.9221,   271.7553,   272.0173,   271.7155,   271.8106,   271.7475, 
  271.1651,   271.6932,   271.6121,   271.1201,   271.4738,   271.3069,   271.5606,   271.2508,   271.3462,   271.2654, 
  270.8526,   271.3741,   271.3160,   270.8096,   271.1722,   271.0052,   271.2533,   270.9381,   271.0337,   270.9409, 
  270.4198,   270.9496,   270.8869,   270.3576,   270.7375,   270.5691,   270.7783,   270.5231,   270.5984,   270.4825, 
  269.3552,   269.9109,   269.8301,   269.2648,   269.6712,   269.5069,   269.6339,   269.4983,   269.5255,   269.3641, 
  268.9047,   269.4683,   269.3791,   268.7971,   269.2100,   269.0465,   269.1358,   269.0667,   269.0685,   268.8786, 
  268.4484,   269.0232,   268.9264,   268.3301,   268.7518,   268.5901,   268.6455,   268.6277,   268.6080,   268.3974, 
  267.8948,   268.4832,   268.3770,   267.7634,   268.1958,   268.0363,   268.0505,   268.0951,   268.0492,   267.8135, 
  266.3943,   267.0608,   266.9963,   266.2892,   266.7023,   266.5772,   266.4972,   266.6904,   266.6104,   266.3098, 
  266.0273,   266.7172,   266.6784,   265.9366,   266.3409,   266.2322,   266.1309,   266.3504,   266.2738,   265.9650, 
  265.5344,   266.2558,   266.2514,   265.4630,   265.8556,   265.7689,   265.6388,   265.8938,   265.8217,   265.5019, 
  264.8954,   265.6560,   265.7061,   264.8713,   265.2168,   265.1578,   264.9986,   265.3084,   265.2327,   264.8883, 
  263.0708,   263.9328,   264.1562,   263.1552,   263.3801,   263.4015,   263.1463,   263.6376,   263.5546,   263.1781, 
  260.1101,   260.5616,   260.9994,   260.0941,   260.3343,   260.4910,   260.2684,   260.4569,   260.6601,   260.2162, 
  257.6100,   257.6388,   257.9686,   257.4243,   257.6257,   257.9087,   257.6993,   257.6150,   258.0137,   257.5549, 
  257.2360,   257.2495,   257.4234,   257.0114,   257.1647,   257.4657,   257.2305,   257.1785,   257.5508,   257.1028, 
  255.0155,   255.0683,   254.3578,   254.5472,   254.5765,   254.8821,   254.5905,   254.6965,   254.9498,   254.6336, 
  254.3752,   254.4820,   253.6533,   253.9603,   253.9457,   254.2091,   253.9751,   254.0462,   254.2871,   254.0495, 
  253.3644,   253.5627,   252.5219,   252.9956,   252.9359,   253.1191,   252.9756,   253.0156,   253.2413,   253.1211, 
  252.1721,   252.4747,   251.2041,   251.8910,   251.7598,   251.8631,   251.8250,   251.8025,   252.0064,   252.0356, 
  251.0164,   251.2561,   249.9780,   250.7756,   250.7078,   250.7403,   250.8239,   250.6333,   250.8495,   251.0453, 
  249.8540,   249.9132,   248.7685,   249.6820,   249.6827,   249.6699,   249.8885,   249.4504,   249.6847,   250.0654, 
  249.3006,   249.2677,   248.1686,   249.1193,   249.1949,   249.1508,   249.4335,   248.8791,   249.1282,   249.6098, 
  247.1179,   246.7290,   245.8726,   247.0444,   247.2886,   247.1570,   247.6963,   246.6463,   246.9339,   247.7988, 
  242.8955,   242.4566,   242.3146,   243.0410,   243.6232,   243.6631,   244.1269,   242.5575,   242.6250,   243.6776, 
  236.1971,   236.0695,   236.2707,   235.8234,   235.9507,   236.3522,   236.1591,   235.9054,   235.7882,   235.4405, 
  233.3380,   233.3291,   233.3817,   233.0811,   232.8416,   232.8477,   232.6839,   232.9847,   232.9712,   232.4777, 
  232.3476,   232.3783,   232.3745,   232.1514,   231.7975,   231.6484,   231.5090,   231.9747,   232.0008,   231.4890, 
  231.1212,   231.1968,   231.1335,   230.9951,   230.5404,   230.2470,   230.1329,   230.7378,   230.8037,   230.2848, 
  221.9602,   222.1918,   222.0999,   222.1860,   222.0657,   221.9529,   221.9472,   221.9469,   221.9783,   221.7565, 
  216.6257,   216.8881,   216.8731,   217.0959,   217.0571,   217.0263,   216.9875,   216.8926,   216.9125,   216.7751, 
  215.0434,   215.2779,   215.2784,   215.5757,   215.4816,   215.5010,   215.4842,   215.3728,   215.3912,   215.2747, 
  209.1188,   208.9369,   208.7417,   209.3012,   209.0422,   209.2147,   209.4108,   209.3082,   209.3918,   209.3435, 
  207.8632,   207.5429,   207.3293,   207.8695,   207.6883,   207.8064,   208.0497,   208.0009,   208.0827,   208.0579, 
  204.3653,   203.7711,   204.4755,   204.2743,   204.7208,   204.4674,   204.3869,   204.6280,   204.3302,   204.5016, 
  203.9446,   203.3012,   204.1996,   203.8539,   204.3046,   204.0461,   203.8851,   204.1778,   203.7938,   204.0069, 
  203.7119,   203.1559,   204.0113,   203.5162,   203.6907,   203.5083,   203.3144,   203.6559,   203.2987,   203.5175, 
  203.6109,   203.1204,   203.9397,   203.3803,   203.4451,   203.2926,   203.0893,   203.4595,   203.1188,   203.3278, 
  203.5631,   203.0900,   203.8997,   203.3098,   203.3174,   203.1799,   202.9701,   203.3504,   203.0156,   203.2251, 
  203.4661,   203.0284,   203.8187,   203.1667,   203.0585,   202.9513,   202.7285,   203.1293,   202.8065,   203.0169, 
  203.5213,   203.3943,   203.8132,   203.1978,   202.9594,   202.7196,   202.8183,   203.2170,   203.1556,   203.1365, 
  203.5689,   203.5522,   203.8351,   203.2533,   203.0002,   202.7026,   202.9254,   203.3160,   203.3499,   203.2421, 
  203.7129,   203.8679,   203.9569,   203.4449,   203.2175,   202.8519,   203.2531,   203.6003,   203.8043,   203.5381, 
  204.1600,   204.3676,   204.5692,   204.1594,   204.2556,   204.0172,   204.3578,   204.4831,   204.8676,   204.4332, 
  204.6670,   205.1182,   204.8757,   204.8083,   204.9331,   204.8671,   204.9203,   204.9140,   205.2721,   205.0459, 
  204.7282,   205.2101,   204.9039,   204.8819,   205.0033,   204.9590,   204.9721,   204.9531,   205.3006,   205.1104, 
  204.8051,   205.3255,   204.9395,   204.9743,   205.0914,   205.0745,   205.0372,   205.0024,   205.3364,   205.1915, 
  204.9152,   205.5200,   205.0124,   205.1249,   205.2372,   205.2658,   205.1542,   205.0994,   205.4239,   205.3345, 
  206.7691,   207.5174,   205.9722,   206.5285,   206.9025,   206.9139,   206.7335,   206.5480,   206.3579,   207.1118, 
  207.5934,   208.2428,   206.4402,   206.9717,   207.5503,   207.3984,   207.4565,   207.2726,   206.8151,   207.8799, 
  207.7676,   208.4117,   206.6274,   207.1057,   207.7003,   207.5621,   207.6743,   207.4626,   206.9980,   208.0782, 
  207.9922,   208.6446,   206.9785,   207.3260,   207.9059,   207.8457,   208.0322,   207.7482,   207.3328,   208.3729, 
  208.9383,   209.6055,   208.4498,   208.2692,   208.7708,   209.0413,   209.5228,   208.9473,   208.7310,   209.5935, 
  209.7148,   210.3932,   210.1375,   209.7904,   209.8416,   210.2191,   210.2760,   210.2041,   210.4345,   210.6743, 
  210.6043,   211.0678,   211.7359,   211.5366,   211.0732,   211.3555,   210.6282,   211.3777,   212.0538,   211.5207, 
  307.1461,   306.6765,   310.3675,   310.6011,   308.2955,   308.5851,   308.0198,   309.9366,   310.1620,   309.0168, 
  303.1338,   303.1180,   306.4630,   306.8535,   304.5706,   304.8450,   304.1734,   305.9853,   306.2109,   305.0189, 
  300.4943,   300.6523,   303.5971,   304.0364,   302.0263,   302.1154,   301.5065,   303.1429,   303.3311,   302.1615, 
  296.9701,   297.1499,   299.2343,   299.8323,   298.3536,   298.1740,   297.8723,   298.8439,   298.9063,   298.1062, 
  290.9954,   291.7585,   292.3647,   293.1093,   292.1796,   292.0216,   292.1187,   292.0221,   292.1462,   292.1673, 
  288.7014,   289.7303,   289.7632,   290.3152,   289.7181,   289.7071,   289.6922,   289.7706,   289.9073,   290.0010, 
  287.9284,   288.9760,   289.0783,   289.4742,   288.9243,   288.9643,   288.9220,   289.0500,   289.1859,   289.2525, 
  286.2226,   287.2719,   287.5047,   287.5703,   287.1310,   287.2634,   287.1758,   287.3933,   287.5204,   287.5271, 
  285.4225,   286.3660,   286.5440,   286.5412,   286.1727,   286.2945,   286.2248,   286.3916,   286.4932,   286.5003, 
  284.8326,   285.6981,   285.8358,   285.7826,   285.4662,   285.5802,   285.5238,   285.6532,   285.7360,   285.7433, 
  275.0767,   275.3002,   275.0519,   274.8778,   275.0412,   274.8958,   275.0021,   274.9022,   274.7649,   274.7109, 
  273.6906,   273.9403,   273.7503,   273.5772,   273.8227,   273.6343,   273.6967,   273.5958,   273.4288,   273.3615, 
  268.9467,   269.6381,   269.4004,   269.2135,   269.6553,   269.3961,   269.2748,   269.3286,   269.1918,   269.0073, 
  268.6697,   269.3913,   269.1385,   268.9518,   269.4016,   269.1419,   269.0169,   269.0739,   268.9397,   268.7521, 
  268.4840,   269.2260,   268.9630,   268.7765,   269.2317,   268.9715,   268.8442,   268.9032,   268.7708,   268.5812, 
  268.2977,   269.0600,   268.7868,   268.6004,   269.0611,   268.8005,   268.6707,   268.7319,   268.6013,   268.4095, 
  266.4900,   267.4298,   267.0761,   266.8933,   267.3926,   267.1321,   266.9739,   267.0578,   266.9446,   266.7291, 
  265.8074,   266.7434,   266.3660,   266.2233,   266.7028,   266.4376,   266.2852,   266.3440,   266.2287,   266.0275, 
  263.1844,   264.1165,   263.6547,   263.6591,   264.0554,   263.7814,   263.6360,   263.6118,   263.4911,   263.3349, 
  259.6956,   260.5480,   259.9503,   260.1487,   260.3654,   260.1246,   259.9740,   259.8255,   259.7307,   259.6367, 
  257.5396,   258.3558,   257.7254,   257.9797,   258.1317,   257.9895,   257.8310,   257.5720,   257.4857,   257.4255, 
  256.8643,   257.6740,   257.0437,   257.2986,   257.4445,   257.3544,   257.1873,   256.8859,   256.8002,   256.7491, 
  251.3832,   252.0067,   251.4701,   251.8287,   251.8047,   251.9359,   251.8417,   251.5085,   251.4744,   251.3764, 
  243.7602,   243.8818,   243.3856,   243.8142,   243.6020,   243.4230,   243.5538,   243.6967,   243.7015,   243.5313, 
  242.3272,   242.3540,   241.9420,   242.3318,   242.1557,   241.9716,   242.0962,   242.2225,   242.2276,   242.0793, 
  233.5208,   233.2487,   233.0860,   233.2689,   233.2676,   233.0604,   233.2605,   233.2321,   233.3079,   233.2305, 
  232.7519,   232.4725,   232.3269,   232.4966,   232.4978,   232.2960,   232.5047,   232.4618,   232.5452,   232.4693, 
  222.3682,   222.2124,   222.3354,   222.4214,   222.3661,   222.2417,   222.4483,   222.4050,   222.4836,   222.4857, 
  218.3860,   218.2912,   218.5605,   218.6519,   218.5527,   218.4169,   218.6281,   218.6054,   218.7068,   218.7533, 
  213.2879,   213.2570,   213.7895,   213.9173,   213.7058,   213.5302,   213.8643,   213.8337,   214.0079,   214.1387, 
  212.5508,   212.5034,   213.0725,   213.1967,   212.9885,   212.8075,   213.1606,   213.1180,   213.3038,   213.4537, 
  210.4935,   210.1977,   210.5934,   210.5992,   210.4137,   210.2734,   210.6162,   210.6057,   210.7020,   210.9806, 
  206.4683,   205.6876,   205.6411,   205.6579,   205.8821,   205.7891,   206.1323,   205.8272,   205.7177,   206.0560, 
  205.0503,   203.9463,   204.0756,   204.2481,   204.7322,   204.7355,   205.1148,   204.6024,   204.3042,   204.7557, 
  204.4547,   203.2283,   203.7836,   203.8518,   204.0776,   204.2886,   204.4143,   203.8031,   203.4202,   204.0218, 
  204.2249,   203.0861,   203.9606,   203.7939,   203.7018,   204.0346,   203.8522,   203.2793,   202.8383,   203.5462, 
  204.4002,   203.7887,   204.3407,   203.6543,   203.5518,   203.7197,   203.2129,   202.9842,   202.4905,   203.1459, 
  204.9081,   204.9991,   204.9695,   204.2323,   204.4079,   204.4288,   203.5477,   203.7824,   203.1770,   203.7449, 
  206.7226,   207.6819,   206.6642,   206.9279,   207.6410,   207.5439,   206.3742,   207.5778,   207.1168,   207.2343, 
  207.2442,   208.1751,   207.0768,   207.5643,   208.2776,   208.1805,   207.0619,   208.4297,   208.1229,   208.0824, 
  208.4112,   208.9146,   208.0173,   208.3886,   208.9104,   208.9044,   207.8432,   208.9237,   209.0945,   208.6524, 
  209.1249,   209.3407,   208.6880,   209.1914,   209.3447,   209.3813,   208.6419,   209.4965,   209.9715,   209.2209, 
  293.8543,   294.0552,   295.5418,   296.2495,   295.1501,   294.7956,   294.7824,   295.1033,   295.0108,   294.7627, 
  279.8041,   280.2111,   279.9395,   279.7261,   279.6545,   279.6688,   279.7687,   279.7548,   279.7444,   279.7123, 
  228.0429,   227.7634,   227.7473,   227.8704,   227.8493,   227.6778,   227.9159,   227.8427,   227.9417,   227.8943, 
    0.6013,     0.5696,     0.5191,     0.5528,     0.5693,     0.5786,     0.5725,     0.5810,     0.5846,     0.5899, 
    0.6001,     0.5693,     0.5185,     0.5514,     0.5700,     0.5761,     0.5706,     0.5797,     0.5837,     0.5874, 
    0.6099,     0.5760,     0.5224,     0.5573,     0.5741,     0.5838,     0.5709,     0.5841,     0.5920,     0.5915, 
    0.5975,     0.5615,     0.5233,     0.5612,     0.5665,     0.5766,     0.5717,     0.5678,     0.5783,     0.5738, 
    0.7340,     0.6963,     0.6691,     0.7169,     0.7061,     0.7163,     0.7182,     0.7085,     0.7170,     0.7130, 
    0.8550,     0.7911,     0.7690,     0.8047,     0.8016,     0.8084,     0.8154,     0.8045,     0.8191,     0.8069, 
    0.8740,     0.8226,     0.7981,     0.8248,     0.8363,     0.8407,     0.8491,     0.8354,     0.8510,     0.8387, 
    0.8898,     0.8551,     0.8301,     0.8481,     0.8735,     0.8765,     0.8854,     0.8689,     0.8855,     0.8740, 
    0.8222,     0.8968,     0.9007,     0.9090,     0.9150,     0.9387,     0.9301,     0.9180,     0.9142,     0.9240, 
    0.7999,     0.8691,     0.8763,     0.8933,     0.8913,     0.9161,     0.9077,     0.8942,     0.8943,     0.9021, 
    0.7685,     0.8280,     0.8398,     0.8716,     0.8547,     0.8819,     0.8731,     0.8570,     0.8630,     0.8673, 
    0.7559,     0.8123,     0.8258,     0.8626,     0.8413,     0.8691,     0.8605,     0.8434,     0.8516,     0.8547, 
    0.7396,     0.7918,     0.8076,     0.8509,     0.8239,     0.8525,     0.8441,     0.8256,     0.8367,     0.8384, 
    0.7096,     0.7450,     0.7748,     0.8248,     0.7875,     0.8157,     0.8060,     0.7884,     0.8068,     0.8049, 
    0.7085,     0.7428,     0.7736,     0.8237,     0.7860,     0.8140,     0.8042,     0.7868,     0.8055,     0.8034, 
    0.6794,     0.6892,     0.7432,     0.7976,     0.7481,     0.7736,     0.7609,     0.7468,     0.7743,     0.7665, 
    0.6468,     0.5898,     0.6876,     0.7330,     0.6708,     0.6844,     0.6661,     0.6611,     0.6994,     0.6870, 
    0.6375,     0.5711,     0.6688,     0.7122,     0.6516,     0.6633,     0.6446,     0.6409,     0.6783,     0.6675, 
    0.5954,     0.5203,     0.5943,     0.6408,     0.5903,     0.6024,     0.5843,     0.5756,     0.6064,     0.6011, 
    0.5694,     0.4906,     0.5505,     0.5988,     0.5541,     0.5660,     0.5484,     0.5382,     0.5650,     0.5635, 
    0.5616,     0.4810,     0.5351,     0.5833,     0.5418,     0.5536,     0.5365,     0.5255,     0.5508,     0.5513, 
    0.5528,     0.4711,     0.5207,     0.5695,     0.5298,     0.5417,     0.5249,     0.5133,     0.5380,     0.5401, 
    0.5485,     0.4669,     0.5147,     0.5635,     0.5245,     0.5365,     0.5200,     0.5078,     0.5327,     0.5355, 
    0.5396,     0.4582,     0.5025,     0.5514,     0.5137,     0.5259,     0.5101,     0.4964,     0.5217,     0.5261, 
    0.5374,     0.4560,     0.4994,     0.5483,     0.5109,     0.5232,     0.5076,     0.4935,     0.5189,     0.5237, 
    0.5351,     0.4538,     0.4962,     0.5452,     0.5082,     0.5205,     0.5050,     0.4906,     0.5161,     0.5212, 
    0.5305,     0.4493,     0.4899,     0.5389,     0.5025,     0.5149,     0.4999,     0.4847,     0.5104,     0.5164, 
    0.5137,     0.4329,     0.4668,     0.5159,     0.4821,     0.4948,     0.4811,     0.4633,     0.4897,     0.4986, 
    0.4786,     0.3985,     0.4161,     0.4648,     0.4390,     0.4522,     0.4411,     0.4177,     0.4456,     0.4617, 
    0.4615,     0.3819,     0.3924,     0.4413,     0.4183,     0.4318,     0.4220,     0.3960,     0.4246,     0.4437, 
    0.4499,     0.3703,     0.3759,     0.4249,     0.4039,     0.4176,     0.4087,     0.3808,     0.4099,     0.4312, 
    0.4445,     0.3624,     0.3617,     0.4145,     0.3967,     0.4106,     0.4031,     0.3715,     0.4025,     0.4258, 
    0.4259,     0.3386,     0.3282,     0.3921,     0.3747,     0.3891,     0.3875,     0.3437,     0.3801,     0.4059, 
    0.4196,     0.3292,     0.3124,     0.3807,     0.3674,     0.3817,     0.3820,     0.3331,     0.3721,     0.4007, 
    0.4107,     0.3177,     0.2962,     0.3698,     0.3570,     0.3716,     0.3746,     0.3199,     0.3616,     0.3916, 
    0.3994,     0.3030,     0.2755,     0.3559,     0.3437,     0.3586,     0.3652,     0.3029,     0.3481,     0.3798, 
    0.3979,     0.2812,     0.2392,     0.3405,     0.3382,     0.3543,     0.3667,     0.2897,     0.3404,     0.3793, 
    0.4027,     0.2797,     0.2357,     0.3431,     0.3427,     0.3590,     0.3729,     0.2930,     0.3438,     0.3838, 
    0.4095,     0.2776,     0.2308,     0.3467,     0.3490,     0.3658,     0.3816,     0.2976,     0.3487,     0.3902, 
    0.4235,     0.2785,     0.2245,     0.3496,     0.3627,     0.3796,     0.3959,     0.3083,     0.3606,     0.4058, 
    0.4629,     0.2799,     0.2069,     0.3712,     0.4061,     0.4242,     0.4482,     0.3336,     0.3886,     0.4398, 
    0.5658,     0.4220,     0.2747,     0.4507,     0.5135,     0.5288,     0.5351,     0.4547,     0.4913,     0.5372, 
    0.7090,     0.6444,     0.4240,     0.5716,     0.6593,     0.6772,     0.6457,     0.6298,     0.6454,     0.6629, 
    0.7403,     0.6862,     0.4665,     0.5986,     0.6908,     0.7123,     0.6712,     0.6650,     0.6812,     0.6867, 
    0.8482,     0.8533,     0.6539,     0.7343,     0.8157,     0.8520,     0.7844,     0.7903,     0.8046,     0.7620, 
    0.8459,     0.8548,     0.6499,     0.7339,     0.8129,     0.8470,     0.7826,     0.7863,     0.7978,     0.7604, 
    0.8440,     0.8590,     0.6406,     0.7293,     0.8108,     0.8380,     0.7779,     0.7833,     0.7900,     0.7618, 
    0.8387,     0.8628,     0.6309,     0.7276,     0.8042,     0.8265,     0.7732,     0.7741,     0.7742,     0.7586, 
    0.8293,     0.8510,     0.6042,     0.7141,     0.7909,     0.8010,     0.7627,     0.7661,     0.7652,     0.7629, 
    0.8146,     0.8257,     0.5687,     0.7009,     0.7676,     0.7661,     0.7507,     0.7512,     0.7510,     0.7637, 
    0.8116,     0.8156,     0.5480,     0.6882,     0.7593,     0.7481,     0.7423,     0.7493,     0.7503,     0.7712, 
    0.7861,     0.7595,     0.4589,     0.6480,     0.7078,     0.6636,     0.7096,     0.7222,     0.7261,     0.7853, 
    0.6082,     0.5828,     0.2550,     0.5629,     0.6084,     0.5923,     0.6484,     0.5328,     0.6251,     0.7488, 
    0.5400,     0.5844,     0.4948,     0.5173,     0.5533,     0.5361,     0.5570,     0.5021,     0.4997,     0.5110, 
    0.6283,     0.6667,     0.5787,     0.5957,     0.6243,     0.6207,     0.6445,     0.5863,     0.5862,     0.5996, 
    0.6832,     0.7268,     0.6510,     0.6625,     0.6896,     0.6929,     0.7095,     0.6594,     0.6621,     0.6760, 
    0.7528,     0.8177,     0.7670,     0.7608,     0.7768,     0.7951,     0.7903,     0.7765,     0.7857,     0.7819, 
    0.8516,     0.9054,     0.9025,     0.8637,     0.9077,     0.9071,     0.8961,     0.8890,     0.8800,     0.8659, 
    0.8202,     0.8562,     0.8698,     0.8393,     0.8628,     0.8585,     0.8673,     0.8015,     0.7931,     0.7824, 
    0.8082,     0.8405,     0.8297,     0.8053,     0.8381,     0.8289,     0.8439,     0.7761,     0.7665,     0.7580, 
    0.7789,     0.8056,     0.7397,     0.7284,     0.7836,     0.7650,     0.7920,     0.7212,     0.7091,     0.7065, 
    0.7636,     0.7972,     0.7325,     0.7179,     0.7772,     0.7602,     0.7838,     0.7232,     0.7110,     0.7089, 
    0.7515,     0.7906,     0.7268,     0.7096,     0.7721,     0.7565,     0.7773,     0.7248,     0.7125,     0.7108, 
    0.6270,     0.6965,     0.5895,     0.5755,     0.6457,     0.6501,     0.6503,     0.6100,     0.6134,     0.6268, 
    0.6066,     0.6629,     0.5411,     0.5358,     0.6012,     0.6068,     0.6116,     0.5585,     0.5637,     0.5812, 
    0.5041,     0.4830,     0.3637,     0.3905,     0.4283,     0.4308,     0.4528,     0.3689,     0.3708,     0.3993, 
    0.4966,     0.4698,     0.3544,     0.3817,     0.4178,     0.4203,     0.4424,     0.3583,     0.3605,     0.3890, 
    0.4915,     0.4607,     0.3480,     0.3757,     0.4106,     0.4132,     0.4352,     0.3511,     0.3534,     0.3819, 
    0.4862,     0.4514,     0.3415,     0.3695,     0.4032,     0.4058,     0.4280,     0.3437,     0.3462,     0.3747, 
    0.4296,     0.3564,     0.2733,     0.3041,     0.3277,     0.3306,     0.3533,     0.2664,     0.2706,     0.2994, 
    0.4079,     0.3292,     0.2583,     0.2881,     0.3086,     0.3128,     0.3329,     0.2478,     0.2519,     0.2791, 
    0.3059,     0.2051,     0.1888,     0.2138,     0.2222,     0.2313,     0.2398,     0.1610,     0.1643,     0.1853, 
    0.2217,     0.1641,     0.1669,     0.1899,     0.2322,     0.2351,     0.2374,     0.1091,     0.1111,     0.1298, 
    0.2679,     0.2341,     0.2326,     0.2514,     0.3263,     0.3402,     0.3295,     0.1239,     0.1172,     0.1564, 
    0.3116,     0.2862,     0.2805,     0.2964,     0.3827,     0.4048,     0.3855,     0.1440,     0.1319,     0.1850, 
    0.4889,     0.4909,     0.5048,     0.4780,     0.6141,     0.7068,     0.6268,     0.2217,     0.1873,     0.3025, 
    0.8144,     0.8932,     0.8467,     0.8164,     0.8594,     0.8719,     0.8670,     0.8763,     0.8803,     0.8641, 
    0.6769,     0.7541,     0.6873,     0.6589,     0.7369,     0.7327,     0.7326,     0.7169,     0.7093,     0.7126, 
  299.2841,   300.6703,   296.2773,   298.6570,   296.6425,   297.5682,   297.5049,   297.6223,   298.3264,   296.7802, 
  299.2841,   300.6704,   296.2773,   298.6570,   296.6425,   297.5682,   297.5050,   297.6223,   298.3264,   296.7802, 
  298.3353,   299.8700,   295.2694,   297.8092,   295.7112,   296.6102,   296.5685,   296.7169,   297.3763,   295.8254, 
  296.7925,   298.3254,   293.6613,   296.2696,   294.1654,   295.0181,   294.9739,   295.1630,   295.7824,   294.3646, 
  295.4204,   296.5905,   292.8976,   295.0795,   292.6810,   293.2996,   293.3466,   294.0901,   294.4360,   294.6034, 
  295.2140,   296.2229,   292.8585,   294.9214,   292.4491,   292.9954,   293.0414,   293.9433,   294.2184,   294.7834, 
  294.9408,   295.0757,   293.4391,   295.2457,   292.3059,   293.1552,   293.3526,   293.9025,   294.3185,   294.7062, 
  293.7826,   293.9028,   294.2369,   294.7672,   293.0363,   294.5961,   294.7915,   293.7246,   294.1504,   294.4872, 
  292.7074,   293.3717,   293.9719,   293.9182,   292.8987,   294.0342,   294.8425,   293.5054,   293.9841,   294.0538, 
  291.2480,   292.0013,   292.7844,   292.4529,   292.3444,   292.6955,   293.3459,   292.4746,   292.9083,   292.9711, 
  290.9775,   291.7420,   292.5439,   292.1814,   292.2103,   292.4392,   293.0399,   292.2652,   292.6877,   292.7507, 
  290.6329,   291.4391,   292.1901,   291.8453,   291.9509,   292.1055,   292.6395,   291.9570,   292.3555,   292.3900, 
  290.2856,   291.1339,   291.8336,   291.5067,   291.6895,   291.7692,   292.2361,   291.6465,   292.0208,   292.0267, 
  288.2768,   289.3062,   289.8926,   289.6612,   290.0059,   289.8592,   290.1102,   289.7185,   290.0299,   289.9579, 
  283.4927,   284.5369,   285.1267,   284.7271,   284.7603,   284.9077,   285.0877,   285.0435,   284.9765,   284.9347, 
  283.3640,   284.3841,   284.9728,   284.5681,   284.5987,   284.7510,   284.9281,   284.8989,   284.8210,   284.7799, 
  282.4466,   283.3015,   283.8830,   283.4369,   283.4547,   283.6398,   283.7973,   283.8733,   283.7164,   283.6818, 
  282.0506,   282.8308,   283.4091,   282.9471,   282.9565,   283.1567,   283.3059,   283.4277,   283.2369,   283.2050, 
  281.7178,   282.4353,   283.0110,   282.5356,   282.5380,   282.7509,   282.8930,   283.0533,   282.8341,   282.8044, 
  279.6992,   279.8535,   280.3934,   279.8783,   279.9575,   280.1546,   280.2074,   280.4643,   280.2068,   280.2050, 
  278.0263,   277.6605,   278.1677,   277.6311,   277.8134,   277.9692,   277.9335,   278.2216,   277.9766,   278.0064, 
  275.9994,   275.4645,   275.9426,   275.4414,   275.5567,   275.6159,   275.5638,   275.7509,   275.6078,   275.6140, 
  275.5525,   274.9813,   275.4525,   274.9590,   275.0592,   275.0972,   275.0418,   275.2062,   275.0858,   275.0867, 
  273.4219,   272.8498,   273.2760,   272.6598,   272.7896,   272.7205,   272.7414,   272.7402,   272.6971,   272.7068, 
  272.5068,   271.9950,   272.3911,   271.6678,   271.8489,   271.7293,   271.8171,   271.7229,   271.7047,   271.7266, 
  271.7442,   271.2826,   271.6535,   270.8412,   271.0649,   270.9033,   271.0468,   270.8751,   270.8775,   270.9097, 
  271.1422,   270.7201,   271.0713,   270.1885,   270.4460,   270.2512,   270.4386,   270.2058,   270.2245,   270.2648, 
  268.5103,   268.2352,   268.4881,   267.4696,   267.9706,   267.6776,   267.9983,   267.6353,   267.5933,   267.7362, 
  268.2079,   267.9490,   268.1899,   267.1572,   267.6878,   267.3835,   267.7194,   267.3425,   267.2924,   267.4474, 
  265.3115,   265.1746,   265.3414,   264.3593,   265.0750,   264.7539,   265.1234,   264.6824,   264.5593,   264.7988, 
  263.9648,   263.8656,   264.0144,   263.1259,   263.8934,   263.5984,   263.9413,   263.4955,   263.3380,   263.6069, 
  259.7942,   259.8197,   259.9117,   259.2513,   260.1412,   259.9530,   260.1811,   259.8139,   259.6087,   259.8887, 
  256.2971,   256.4368,   256.4890,   256.0181,   256.8825,   256.7752,   256.9042,   256.6691,   256.4821,   256.6947, 
  255.8657,   256.0226,   256.0711,   255.6393,   256.4646,   256.3611,   256.4811,   256.2679,   256.0923,   256.2843, 
  254.2598,   254.4804,   254.5145,   254.2287,   254.9102,   254.8217,   254.9095,   254.7745,   254.6366,   254.7572, 
  253.6629,   253.9073,   253.9363,   253.7048,   254.3323,   254.2488,   254.3242,   254.2197,   254.0976,   254.1896, 
  252.6033,   252.8898,   252.9097,   252.7748,   253.3064,   253.2318,   253.2852,   253.2348,   253.1407,   253.1820, 
  251.8414,   252.1591,   252.1645,   252.1222,   252.5394,   252.4700,   252.5157,   252.4745,   252.4284,   252.4128, 
  249.9612,   250.3613,   250.3296,   250.5152,   250.6405,   250.5762,   250.6049,   250.5870,   250.6821,   250.5036, 
  249.1593,   249.5944,   249.5470,   249.8298,   249.8306,   249.7685,   249.7900,   249.7819,   249.9372,   249.6893, 
  247.6910,   248.1876,   248.1116,   248.5759,   248.3477,   248.2891,   248.2975,   248.3080,   248.5699,   248.1967, 
  245.5326,   246.1902,   245.9530,   246.5239,   246.1409,   246.0737,   246.0886,   246.1436,   246.4813,   245.9800, 
  244.1549,   244.9173,   244.5681,   245.1888,   244.7287,   244.6604,   244.6785,   244.7599,   245.1397,   244.5681, 
  239.5813,   240.7429,   239.9778,   240.6380,   240.1123,   240.0612,   240.0515,   240.1925,   240.5026,   239.9852, 
  237.7363,   239.0565,   238.1162,   238.7538,   238.2525,   238.2178,   238.1884,   238.3469,   238.5789,   238.1541, 
  235.1058,   236.4945,   235.4694,   235.9368,   235.6205,   235.5952,   235.5415,   235.7486,   235.8737,   235.5728, 
  233.8257,   235.2471,   234.1786,   234.5609,   234.3388,   234.3203,   234.2532,   234.4800,   234.5543,   234.3148, 
  230.9800,   231.8944,   230.9549,   231.2285,   231.1720,   231.0872,   231.1424,   231.4084,   231.3119,   231.1981, 
  222.9414,   222.4109,   222.3469,   222.2474,   222.5381,   222.7024,   222.6791,   222.7459,   222.5226,   222.6076, 
  222.5423,   221.9799,   221.9613,   221.8305,   222.1378,   222.3237,   222.2840,   222.3379,   222.1249,   222.2075, 
  221.0090,   220.4236,   220.5165,   220.3567,   220.6457,   220.8705,   220.8186,   220.8444,   220.6486,   220.7299, 
  214.2651,   213.4758,   214.1796,   214.0295,   214.2022,   214.4399,   214.3750,   214.2936,   214.1135,   214.1926, 
  212.6408,   211.8129,   212.7604,   212.7175,   212.7389,   212.8864,   212.7347,   212.6842,   212.5290,   212.5893, 
  212.1321,   211.2984,   212.3205,   212.3124,   212.2809,   212.4014,   212.2223,   212.1800,   212.0356,   212.0876, 
  211.3922,   210.5927,   211.6448,   211.6738,   211.5453,   211.6294,   211.4105,   211.3938,   211.2688,   211.3001, 
  210.3902,   209.8349,   210.6231,   210.6470,   210.3219,   210.3637,   210.0967,   210.1564,   210.0739,   210.0470, 
  210.1564,   209.6656,   210.3857,   210.4098,   210.0380,   210.0693,   209.7895,   209.8658,   209.7970,   209.7518, 
  209.5402,   209.2555,   209.6169,   209.6568,   209.2684,   209.2672,   208.9456,   209.0898,   209.0135,   208.9515, 
  208.2941,   208.5153,   208.0462,   208.2212,   207.9794,   207.9155,   207.5144,   207.8677,   207.8134,   207.7208, 
  207.1017,   207.7372,   206.8471,   207.1059,   207.1085,   207.2441,   206.8341,   207.3257,   207.4659,   207.6079, 
  206.8095,   207.4879,   206.6218,   206.7372,   206.7269,   207.0912,   206.6806,   207.0771,   207.2930,   207.7156, 
  206.6343,   207.3695,   206.5569,   206.5210,   206.5166,   207.0148,   206.6324,   206.9057,   207.1277,   207.8208, 
  206.7343,   207.5648,   206.8407,   206.6868,   206.6962,   207.1111,   206.7990,   206.9319,   207.0167,   207.9154, 
  207.2114,   208.3603,   207.9050,   207.4812,   207.5632,   207.6262,   207.5511,   207.3874,   207.0732,   208.2989, 
  207.3917,   208.5913,   208.1692,   207.7825,   207.8899,   207.8409,   207.8095,   207.7040,   207.3603,   208.4205, 
  208.0717,   209.4665,   209.1640,   208.9093,   209.1111,   208.6487,   208.7841,   208.8935,   208.4387,   208.8652, 
  210.1564,   209.7616,   210.7999,   210.8920,   211.0385,   210.9120,   210.4947,   210.9743,   210.8960,   210.5656, 
  210.5234,   209.8376,   210.9761,   211.0823,   211.1051,   210.9842,   210.6707,   211.0546,   211.0546,   210.8254, 
  210.5498,   209.8431,   210.9888,   211.0961,   211.1099,   210.9894,   210.6834,   211.0603,   211.0660,   210.8441, 
  211.1972,   209.9773,   211.2997,   211.4319,   211.2274,   211.1168,   210.9939,   211.2019,   211.3457,   211.3025, 
  212.5583,   210.8556,   211.8891,   212.5205,   211.8223,   211.6561,   211.9456,   211.5274,   212.0602,   212.3468, 
  213.1474,   212.1221,   212.3795,   213.3318,   212.7882,   212.2731,   212.7829,   212.0363,   212.7643,   213.2001, 
  213.2503,   212.5213,   212.5736,   213.4998,   213.1344,   212.4543,   213.0113,   212.2596,   213.0050,   213.4823, 
  226.8977,   226.7596,   226.2675,   226.4281,   226.5707,   226.5387,   226.6484,   226.8364,   226.5624,   226.6231, 
  298.0414,   299.2936,   295.7351,   294.4971,   295.0837,   292.3242,   292.6753,   296.4573,   295.2844,   294.6400, 
  298.0414,   299.2936,   295.7351,   294.4971,   295.0837,   292.3242,   292.6753,   296.4573,   295.2844,   294.6400, 
  294.6911,   295.7838,   291.8587,   292.1200,   291.5517,   288.8572,   289.6646,   292.8059,   291.7238,   291.2316, 
  293.8358,   294.7890,   291.0675,   292.0209,   290.9263,   288.4012,   289.2005,   291.7391,   290.9639,   290.4254, 
  289.3151,   290.1134,   289.1680,   289.4787,   288.3047,   288.6851,   289.7339,   288.0857,   289.0867,   288.5698, 
  288.9691,   289.7315,   288.9549,   289.1870,   288.0625,   288.5808,   289.7233,   287.8448,   289.0518,   288.5360, 
  287.7327,   288.2832,   288.6871,   287.7993,   288.3405,   289.2994,   289.4578,   287.9509,   288.3789,   288.6994, 
  287.0034,   287.4139,   288.6577,   286.8934,   288.7839,   289.9875,   289.2415,   288.2780,   287.8400,   288.8704, 
  287.0723,   286.6243,   286.9570,   287.1913,   287.5434,   288.1851,   287.9744,   287.5663,   287.7376,   288.6714, 
  286.8569,   286.6573,   286.4788,   287.0786,   286.9726,   287.6771,   287.5227,   287.3260,   287.5841,   288.4109, 
  284.6572,   284.6594,   284.8381,   285.4433,   285.0174,   285.7583,   285.6133,   285.7949,   285.8051,   286.5074, 
  283.1469,   283.2657,   283.6878,   284.1544,   283.6808,   284.3577,   284.2545,   284.4961,   284.3596,   285.0392, 
  282.9513,   283.0902,   283.5317,   283.9633,   283.5037,   284.1602,   284.0686,   284.2904,   284.1399,   284.8247, 
  282.5575,   282.7369,   283.2176,   283.5785,   283.1473,   283.7628,   283.6945,   283.8763,   283.6977,   284.3930, 
  282.2931,   282.4997,   283.0067,   283.3202,   282.9079,   283.4960,   283.4433,   283.5983,   283.4008,   284.1031, 
  281.5580,   281.8401,   282.4203,   282.6019,   282.2425,   282.7542,   282.7448,   282.8253,   282.5752,   283.2971, 
  280.6737,   281.0466,   281.7148,   281.7378,   281.4421,   281.8618,   281.9046,   281.8954,   281.5821,   282.3276, 
  280.3402,   280.7385,   281.4367,   281.3964,   281.1281,   281.5113,   281.5758,   281.5316,   281.2023,   281.9460, 
  280.0773,   280.4625,   281.1351,   281.0310,   280.8021,   281.1460,   281.2361,   281.1537,   280.8673,   281.5353, 
  279.7592,   280.1284,   280.7701,   280.5888,   280.4076,   280.7039,   280.8249,   280.6964,   280.4619,   281.0383, 
  278.2818,   278.5782,   279.0775,   278.5418,   278.5852,   278.6545,   278.9205,   278.5755,   278.5864,   278.7358, 
  278.1137,   278.4024,   278.8856,   278.3087,   278.3779,   278.4219,   278.7046,   278.3352,   278.3728,   278.4749, 
  277.3548,   277.6125,   278.0437,   277.3830,   277.5034,   277.4800,   277.8020,   277.3790,   277.5130,   277.4090, 
  276.4284,   276.6522,   277.0636,   276.4620,   276.5546,   276.4987,   276.8307,   276.4043,   276.6233,   276.2898, 
  274.1103,   274.2492,   274.6111,   274.1576,   274.1803,   274.0430,   274.4003,   273.9655,   274.3972,   273.4892, 
  272.5818,   272.6589,   273.0668,   272.6892,   272.7690,   272.5999,   272.9365,   272.6173,   272.9411,   272.1159, 
  268.0446,   267.9761,   268.4516,   268.2755,   268.5355,   268.3518,   268.5711,   268.4925,   268.5011,   268.0376, 
  266.9140,   266.8452,   267.2845,   267.1400,   267.4488,   267.3015,   267.4670,   267.3890,   267.3335,   266.9956, 
  266.3392,   266.2702,   266.6898,   266.5630,   266.8962,   266.7673,   266.9057,   266.8274,   266.7391,   266.4675, 
  265.8751,   265.8060,   266.2097,   266.0971,   266.4501,   266.3360,   266.4525,   266.3741,   266.2593,   266.0412, 
  264.7278,   264.6539,   265.0031,   264.9221,   265.3237,   265.2472,   265.3122,   265.2312,   265.0610,   264.9612, 
  263.6033,   263.5438,   263.7078,   263.6329,   264.0824,   264.0476,   264.0822,   263.9884,   263.8180,   263.7536, 
  260.2418,   260.2369,   259.9209,   259.8583,   260.3973,   260.4604,   260.4380,   260.3178,   260.1562,   260.1785, 
  259.2838,   259.3044,   258.9394,   258.8748,   259.3743,   259.4358,   259.4348,   259.3195,   259.1728,   259.1985, 
  258.0585,   258.1137,   257.6831,   257.6147,   258.0671,   258.1230,   258.1509,   258.0424,   257.9178,   257.9408, 
  257.8100,   257.8722,   257.4283,   257.3590,   257.8019,   257.8567,   257.8904,   257.7833,   257.6632,   257.6857, 
  257.1835,   257.2634,   256.7858,   256.7146,   257.1335,   257.1853,   257.2338,   257.1301,   257.0215,   257.0425, 
  256.9307,   257.0178,   256.5266,   256.4547,   256.8638,   256.9145,   256.9690,   256.8667,   256.7626,   256.7831, 
  255.2374,   255.3928,   254.8839,   254.8192,   255.1440,   255.2051,   255.2694,   255.1948,   255.1102,   255.1265, 
  254.9417,   255.1095,   254.6018,   254.5388,   254.8481,   254.9117,   254.9763,   254.9074,   254.8262,   254.8405, 
  253.8985,   254.1092,   253.6053,   253.5494,   253.8036,   253.8764,   253.9416,   253.8918,   253.8219,   253.8333, 
  250.9801,   251.2861,   250.8153,   250.7719,   250.8923,   250.9848,   251.0472,   251.0452,   251.0009,   250.9980, 
  248.7790,   249.0714,   248.6958,   248.6466,   248.7197,   248.8139,   248.8591,   248.8760,   248.8247,   248.8192, 
  247.6476,   247.9349,   247.6048,   247.5552,   247.6021,   247.6980,   247.7341,   247.7593,   247.7048,   247.6998, 
  243.5435,   243.7564,   243.6513,   243.5712,   243.5564,   243.6008,   243.6093,   243.6996,   243.6350,   243.6267, 
  238.4652,   238.6539,   238.7633,   238.6814,   238.5679,   238.5743,   238.5435,   238.6939,   238.6174,   238.6383, 
  238.2639,   238.4511,   238.5675,   238.4861,   238.3705,   238.3764,   238.3433,   238.4944,   238.4186,   238.4421, 
  230.5091,   230.8508,   231.0832,   231.0411,   230.7921,   230.8093,   230.7402,   230.9726,   230.8888,   230.9097, 
  227.7646,   228.2100,   228.2576,   228.2196,   228.0390,   228.0791,   228.0099,   228.1762,   228.1307,   228.1925, 
  224.9686,   225.5252,   225.3430,   225.3347,   225.2255,   225.2615,   225.2223,   225.2902,   225.3212,   225.3792, 
  222.0146,   222.6841,   222.1035,   222.1911,   222.1820,   222.1287,   222.2279,   222.0993,   222.2960,   222.2279, 
  221.8379,   222.4609,   221.8887,   221.9809,   221.9714,   221.9256,   222.0168,   221.8875,   222.0670,   222.0159, 
  220.7215,   221.0401,   220.5428,   220.6430,   220.6401,   220.6311,   220.6956,   220.5673,   220.6351,   220.6940, 
  220.4352,   220.6769,   220.1952,   220.3016,   220.2979,   220.2993,   220.3539,   220.2257,   220.2648,   220.3505, 
  219.6342,   219.6656,   219.2390,   219.3748,   219.4202,   219.4217,   219.4491,   219.2878,   219.3102,   219.4433, 
  218.7161,   218.5091,   218.1509,   218.3180,   218.4330,   218.4274,   218.4278,   218.2209,   218.2413,   218.4203, 
  217.0666,   216.6690,   216.4682,   216.6221,   216.7139,   216.7395,   216.7126,   216.5439,   216.5287,   216.7112, 
  215.9439,   215.4524,   215.4071,   215.5049,   215.5270,   215.5840,   215.5438,   215.4292,   215.3991,   215.5630, 
  215.5381,   215.0204,   215.0413,   215.1095,   215.0949,   215.1667,   215.1196,   215.0296,   214.9960,   215.1497, 
  214.9863,   214.4324,   214.5437,   214.5712,   214.5075,   214.5986,   214.5430,   214.4867,   214.4483,   214.5888, 
  212.4424,   211.7072,   212.2137,   212.0445,   211.8263,   211.8932,   211.8388,   211.9321,   211.8853,   211.9488, 
  212.1780,   211.4299,   211.9715,   211.8057,   211.5753,   211.6292,   211.5759,   211.6847,   211.6365,   211.6758, 
  211.0720,   210.2723,   210.9652,   210.8126,   210.5326,   210.5293,   210.4789,   210.6558,   210.6045,   210.5388, 
  210.9297,   210.1228,   210.8348,   210.6842,   210.3978,   210.3871,   210.3375,   210.5230,   210.4710,   210.3923, 
  209.3351,   208.7403,   209.7664,   209.8385,   209.6909,   209.4772,   209.5721,   209.7317,   209.6337,   209.3468, 
  209.1075,   208.5930,   209.6246,   209.6819,   209.6053,   209.3459,   209.4672,   209.6277,   209.5313,   209.1914, 
  208.9767,   208.6682,   209.5417,   209.4090,   209.5423,   209.2013,   209.3433,   209.5410,   209.4832,   209.0398, 
  209.2801,   209.3852,   209.3568,   209.0297,   209.4824,   209.3430,   209.2013,   209.4279,   209.3737,   209.0359, 
  209.6366,   209.9398,   209.3994,   209.1759,   209.7143,   209.6292,   209.4596,   209.6985,   209.5030,   209.3927, 
  210.0894,   210.4957,   209.6614,   209.8048,   210.3269,   210.0758,   210.1991,   210.4569,   209.9203,   210.2015, 
  210.3477,   210.7852,   209.8787,   210.1454,   210.6406,   210.2819,   210.5403,   210.7880,   210.1545,   210.5352, 
  210.9082,   211.3375,   210.5178,   210.8322,   211.2325,   210.6033,   211.0741,   211.2437,   210.6464,   210.9382, 
  211.5445,   211.9391,   211.2208,   211.4933,   211.8693,   211.1933,   211.7451,   211.7245,   211.1960,   211.4559, 
  211.6022,   211.9921,   211.2830,   211.5402,   211.9238,   211.2747,   211.8155,   211.7659,   211.2471,   211.5125, 
  211.8553,   212.2246,   211.5556,   211.7460,   212.1626,   211.6314,   212.1243,   211.9473,   211.4714,   211.7607, 
  213.2117,   213.5168,   213.4776,   213.2919,   213.6663,   213.5734,   214.0002,   213.6356,   213.3894,   213.6827, 
  296.4615,   297.6313,   293.8293,   292.6820,   293.2398,   290.4978,   291.0363,   294.7486,   293.5074,   292.9250, 
    0.8358,     0.8705,     0.7642,     0.8370,     0.7611,     0.7602,     0.7592,     0.8151,     0.8169,     0.7752, 
    0.8358,     0.8705,     0.7642,     0.8370,     0.7611,     0.7602,     0.7592,     0.8151,     0.8169,     0.7752, 
    0.8678,     0.9008,     0.7947,     0.8703,     0.7914,     0.7908,     0.7899,     0.8474,     0.8499,     0.8069, 
    0.9324,     0.9665,     0.8528,     0.9354,     0.8514,     0.8513,     0.8503,     0.9096,     0.9145,     0.8683, 
    0.9562,     1.0156,     0.9009,     0.9506,     0.8869,     0.8940,     0.8980,     0.9486,     0.9562,     0.9562, 
    0.9569,     1.0216,     0.9095,     0.9476,     0.8917,     0.8998,     0.9053,     0.9535,     0.9612,     0.9749, 
    0.9404,     1.0032,     0.9382,     0.9336,     0.8967,     0.9047,     0.9315,     0.9640,     0.9699,     0.9930, 
    0.8939,     0.9286,     0.9484,     0.9389,     0.8990,     0.8764,     0.8157,     0.9585,     0.9667,     0.9846, 
    0.8933,     0.9191,     0.9497,     0.9621,     0.8847,     0.8857,     0.7746,     0.9722,     0.9748,     0.9761, 
    0.9109,     0.9449,     0.9329,     0.9760,     0.8611,     0.8947,     0.7924,     0.9775,     0.9694,     0.9596, 
    0.9129,     0.9501,     0.9294,     0.9777,     0.8566,     0.8958,     0.7972,     0.9776,     0.9675,     0.9556, 
    0.9115,     0.9508,     0.9250,     0.9773,     0.8513,     0.8942,     0.8017,     0.9739,     0.9611,     0.9458, 
    0.9102,     0.9516,     0.9205,     0.9768,     0.8459,     0.8925,     0.8063,     0.9700,     0.9545,     0.9357, 
    0.8848,     0.9482,     0.8849,     0.9673,     0.8178,     0.8573,     0.7978,     0.9340,     0.9138,     0.8741, 
    0.7950,     0.8154,     0.7063,     0.7957,     0.6900,     0.6562,     0.6334,     0.7110,     0.7173,     0.6909, 
    0.7922,     0.8136,     0.7025,     0.7921,     0.6872,     0.6537,     0.6315,     0.7083,     0.7149,     0.6890, 
    0.7726,     0.8013,     0.6757,     0.7670,     0.6674,     0.6365,     0.6181,     0.6892,     0.6981,     0.6761, 
    0.7629,     0.7951,     0.6626,     0.7545,     0.6577,     0.6279,     0.6115,     0.6798,     0.6896,     0.6696, 
    0.7544,     0.7896,     0.6512,     0.7435,     0.6493,     0.6205,     0.6058,     0.6717,     0.6823,     0.6640, 
    0.7219,     0.7644,     0.6136,     0.7006,     0.6119,     0.6060,     0.5908,     0.6705,     0.6683,     0.6515, 
    0.6985,     0.7455,     0.5922,     0.6704,     0.5831,     0.6072,     0.5867,     0.6914,     0.6696,     0.6498, 
    0.6598,     0.7045,     0.5694,     0.6619,     0.5769,     0.6167,     0.5884,     0.6985,     0.6690,     0.6479, 
    0.6500,     0.6942,     0.5637,     0.6599,     0.5754,     0.6191,     0.5889,     0.7002,     0.6689,     0.6475, 
    0.5678,     0.6292,     0.5290,     0.6498,     0.5753,     0.6238,     0.5855,     0.6899,     0.6606,     0.6394, 
    0.5155,     0.5922,     0.5097,     0.6446,     0.5768,     0.6221,     0.5806,     0.6766,     0.6529,     0.6328, 
    0.4680,     0.5586,     0.4921,     0.6399,     0.5781,     0.6206,     0.5761,     0.6645,     0.6460,     0.6268, 
    0.4276,     0.5300,     0.4772,     0.6359,     0.5792,     0.6193,     0.5722,     0.6543,     0.6400,     0.6217, 
    0.3253,     0.4363,     0.4491,     0.6182,     0.5687,     0.6026,     0.5510,     0.6119,     0.6147,     0.5933, 
    0.3121,     0.4240,     0.4456,     0.6158,     0.5670,     0.6002,     0.5480,     0.6062,     0.6112,     0.5894, 
    0.2573,     0.3635,     0.4499,     0.5954,     0.5469,     0.5737,     0.5276,     0.5693,     0.5891,     0.5580, 
    0.2615,     0.3603,     0.4696,     0.5859,     0.5346,     0.5584,     0.5208,     0.5589,     0.5830,     0.5447, 
    0.3102,     0.3912,     0.5313,     0.5793,     0.4872,     0.5035,     0.4927,     0.5105,     0.5483,     0.4909, 
    0.3800,     0.4554,     0.5715,     0.6066,     0.4392,     0.4507,     0.4601,     0.4638,     0.5070,     0.4342, 
    0.3863,     0.4602,     0.5684,     0.6132,     0.4342,     0.4457,     0.4556,     0.4613,     0.5027,     0.4289, 
    0.4118,     0.4810,     0.5551,     0.6407,     0.4119,     0.4234,     0.4356,     0.4498,     0.4847,     0.4052, 
    0.4230,     0.4898,     0.5495,     0.6525,     0.4027,     0.4145,     0.4276,     0.4453,     0.4769,     0.3956, 
    0.4454,     0.5072,     0.5383,     0.6761,     0.3845,     0.3967,     0.4117,     0.4364,     0.4615,     0.3765, 
    0.4461,     0.5036,     0.5330,     0.6829,     0.3758,     0.3867,     0.4004,     0.4298,     0.4583,     0.3693, 
    0.4460,     0.4805,     0.5147,     0.7027,     0.3534,     0.3612,     0.3724,     0.4112,     0.4505,     0.3526, 
    0.4459,     0.4687,     0.5054,     0.7128,     0.3420,     0.3482,     0.3582,     0.4017,     0.4465,     0.3441, 
    0.4449,     0.4457,     0.4886,     0.7339,     0.3174,     0.3206,     0.3271,     0.3832,     0.4408,     0.3266, 
    0.4267,     0.4374,     0.4984,     0.7373,     0.2938,     0.2829,     0.2988,     0.3440,     0.4480,     0.2884, 
    0.8064,     0.8265,     0.7892,     0.7827,     0.7726,     0.7017,     0.7371,     0.7594,     0.7596,     0.7588, 
    0.8064,     0.8265,     0.7892,     0.7827,     0.7726,     0.7017,     0.7371,     0.7594,     0.7596,     0.7588, 
    0.8371,     0.8463,     0.9119,     0.9147,     0.8816,     0.8105,     0.8449,     0.8663,     0.8690,     0.8559, 
    0.8420,     0.8610,     0.9346,     0.9591,     0.8991,     0.8339,     0.8724,     0.8872,     0.8929,     0.8803, 
    0.9553,     0.9368,     0.9848,     0.9995,     0.9509,     0.9722,     1.0345,     0.9362,     0.9971,     0.9680, 
    0.9684,     0.9499,     0.9815,     1.0003,     0.9479,     0.9768,     1.0455,     0.9348,     1.0065,     0.9771, 
    0.9460,     0.9485,     0.9127,     0.9449,     0.8873,     0.9288,     1.0262,     0.9070,     0.9831,     0.9671, 
    0.9152,     0.9342,     0.8582,     0.8984,     0.8398,     0.8853,     0.9998,     0.8852,     0.9550,     0.9504, 
    0.7809,     0.7955,     0.7205,     0.7057,     0.6936,     0.7146,     0.7453,     0.7326,     0.7540,     0.7422, 
    0.7538,     0.7637,     0.6933,     0.6789,     0.6825,     0.6932,     0.7064,     0.7014,     0.7155,     0.6969, 
    0.7159,     0.7601,     0.6175,     0.6318,     0.6987,     0.6641,     0.6369,     0.6614,     0.6628,     0.6078, 
    0.6710,     0.7229,     0.5471,     0.5848,     0.6794,     0.6191,     0.5595,     0.6265,     0.6180,     0.5433, 
    0.6623,     0.7117,     0.5354,     0.5765,     0.6721,     0.6095,     0.5449,     0.6207,     0.6108,     0.5346, 
    0.6444,     0.6887,     0.5114,     0.5596,     0.6571,     0.5898,     0.5150,     0.6089,     0.5959,     0.5167, 
    0.6320,     0.6728,     0.4950,     0.5479,     0.6468,     0.5763,     0.4944,     0.6008,     0.5858,     0.5044, 
    0.5965,     0.6273,     0.4474,     0.5143,     0.6171,     0.5372,     0.4352,     0.5773,     0.5564,     0.4690, 
    0.5512,     0.5691,     0.3868,     0.4715,     0.5791,     0.4874,     0.3595,     0.5475,     0.5189,     0.4237, 
    0.5323,     0.5451,     0.3627,     0.4539,     0.5621,     0.4667,     0.3301,     0.5351,     0.5034,     0.4072, 
    0.5102,     0.5158,     0.3429,     0.4356,     0.5366,     0.4438,     0.3106,     0.5212,     0.4854,     0.4040, 
    0.4828,     0.4794,     0.3181,     0.4128,     0.5049,     0.4153,     0.2863,     0.5038,     0.4630,     0.4000, 
    0.3449,     0.2970,     0.1948,     0.2953,     0.3439,     0.2727,     0.1644,     0.4166,     0.3489,     0.3775, 
    0.3279,     0.2744,     0.1794,     0.2813,     0.3242,     0.2549,     0.1492,     0.4058,     0.3350,     0.3751, 
    0.2711,     0.2050,     0.1364,     0.2365,     0.2623,     0.1991,     0.1071,     0.3649,     0.2892,     0.3708, 
    0.2317,     0.1806,     0.1281,     0.2022,     0.2193,     0.1666,     0.0966,     0.3254,     0.2542,     0.3681, 
    0.1163,     0.1089,     0.1039,     0.1017,     0.0930,     0.0713,     0.0657,     0.2094,     0.1514,     0.3599, 
    0.1252,     0.1218,     0.1251,     0.1063,     0.1010,     0.0851,     0.0882,     0.1875,     0.1453,     0.3232, 
    0.1834,     0.1904,     0.2025,     0.1552,     0.1573,     0.1516,     0.1713,     0.1600,     0.1625,     0.2259, 
    0.2080,     0.2136,     0.2198,     0.1841,     0.1841,     0.1751,     0.1903,     0.1801,     0.1867,     0.2261, 
    0.2221,     0.2269,     0.2298,     0.2004,     0.1993,     0.1885,     0.2010,     0.1913,     0.2004,     0.2256, 
    0.2341,     0.2383,     0.2383,     0.2144,     0.2123,     0.2000,     0.2102,     0.2010,     0.2122,     0.2252, 
    0.2606,     0.2658,     0.2597,     0.2487,     0.2428,     0.2282,     0.2323,     0.2255,     0.2414,     0.2265, 
    0.2505,     0.2657,     0.2714,     0.2646,     0.2476,     0.2418,     0.2378,     0.2396,     0.2557,     0.2434, 
    0.2357,     0.2784,     0.3232,     0.3305,     0.2743,     0.2982,     0.2693,     0.2985,     0.3158,     0.3117, 
    0.2612,     0.3002,     0.3484,     0.3579,     0.2934,     0.3215,     0.2929,     0.3241,     0.3418,     0.3380, 
    0.2985,     0.3324,     0.3866,     0.3992,     0.3221,     0.3564,     0.3285,     0.3626,     0.3810,     0.3778, 
    0.3069,     0.3396,     0.3952,     0.4085,     0.3285,     0.3642,     0.3364,     0.3712,     0.3898,     0.3867, 
    0.3293,     0.3589,     0.4181,     0.4333,     0.3457,     0.3851,     0.3578,     0.3943,     0.4134,     0.4105, 
    0.3389,     0.3672,     0.4279,     0.4439,     0.3531,     0.3940,     0.3669,     0.4042,     0.4235,     0.4208, 
    0.4073,     0.4239,     0.4820,     0.5031,     0.4187,     0.4488,     0.4239,     0.4617,     0.4760,     0.4747, 
    0.4206,     0.4350,     0.4920,     0.5140,     0.4322,     0.4591,     0.4347,     0.4724,     0.4855,     0.4845, 
    0.4711,     0.4764,     0.5289,     0.5544,     0.4829,     0.4978,     0.4753,     0.5121,     0.5203,     0.5205, 
    0.6252,     0.6078,     0.6452,     0.6774,     0.6363,     0.6178,     0.6038,     0.6371,     0.6313,     0.6337, 
    0.6775,     0.6651,     0.6918,     0.7134,     0.6826,     0.6661,     0.6594,     0.6867,     0.6803,     0.6774, 
    0.7109,     0.7009,     0.7208,     0.7356,     0.7119,     0.6968,     0.6948,     0.7177,     0.7105,     0.7046, 
    0.7385,     0.7245,     0.7508,     0.7533,     0.7386,     0.7321,     0.7269,     0.7485,     0.7517,     0.7321, 
    0.7112,     0.6950,     0.7372,     0.7363,     0.7241,     0.7242,     0.7137,     0.7347,     0.7512,     0.7187, 
    0.8170,     0.8034,     0.8484,     0.8411,     0.8312,     0.7569,     0.7851,     0.8078,     0.8152,     0.8073, 
  214.8645,   215.1942,   215.6187,   215.7221,   214.9975,   215.1677,   215.1119,   215.5373,   215.2610,   215.7274, 
  214.5650,   215.0493,   215.2071,   215.2313,   214.8011,   214.9452,   214.9137,   214.9273,   215.0435,   215.4205, 
  214.6251,   215.5972,   214.6899,   215.1480,   214.8481,   215.1258,   215.1077,   214.2973,   214.8786,   215.0301, 
  214.9356,   216.0291,   214.7823,   215.3522,   215.1215,   215.4071,   215.4282,   214.3837,   215.0273,   215.1020, 
  215.2088,   216.4202,   214.8666,   215.5374,   215.3642,   215.6574,   215.7175,   214.4690,   215.1518,   215.1577, 
  215.3515,   216.6186,   214.9089,   215.6313,   215.4899,   215.7863,   215.8649,   214.5090,   215.2197,   215.1905, 
  217.4350,   218.2669,   216.8419,   217.1170,   217.3416,   217.1829,   217.6747,   216.5400,   217.0335,   216.8098, 
  217.9962,   218.5182,   217.5950,   217.7067,   217.8859,   217.6931,   218.1346,   217.3964,   217.7033,   217.5472, 
  301.7386,   301.5062,   301.8081,   302.2718,   302.2452,   301.7524,   301.9461,   301.5974,   301.3134,   301.4626, 
  301.5240,   301.2995,   301.5993,   302.0772,   302.0600,   301.5509,   301.7433,   301.3813,   301.0830,   301.2493, 
  300.7699,   300.5316,   300.8322,   301.3080,   301.2886,   300.7908,   300.9924,   300.6388,   300.3347,   300.4991, 
  298.4966,   298.2398,   298.5455,   299.0201,   299.0023,   298.5090,   298.7143,   298.3716,   298.0596,   298.2232, 
  291.7313,   291.5598,   291.4036,   291.8325,   291.8114,   291.3667,   291.5355,   291.2044,   290.9498,   291.2432, 
  290.5313,   290.3062,   290.1721,   289.9482,   289.8245,   289.6375,   289.4721,   289.7274,   289.5889,   290.0466, 
  290.4766,   290.2270,   290.1710,   289.8332,   289.6913,   289.5450,   289.3231,   289.6873,   289.5582,   290.0253, 
  290.4034,   290.1209,   290.1695,   289.6793,   289.5128,   289.4212,   289.1234,   289.6335,   289.5170,   289.9967, 
  290.3298,   290.0144,   290.1679,   289.5245,   289.3336,   289.2968,   288.9228,   289.5795,   289.4757,   289.9681, 
  289.4417,   289.4097,   289.6035,   289.4582,   289.0947,   289.0486,   288.6046,   288.9992,   288.9481,   289.4302, 
  288.8433,   289.0289,   289.2198,   289.5044,   289.0226,   288.9492,   288.4830,   288.6248,   288.6062,   289.0742, 
  288.3585,   288.5554,   288.7278,   289.0605,   288.6505,   288.5947,   288.1869,   288.2418,   288.2370,   288.6725, 
  287.7559,   287.9525,   288.0999,   288.4570,   288.1481,   288.1300,   287.8000,   287.7585,   287.7723,   288.1689, 
  287.3684,   287.5630,   287.6965,   288.0688,   287.8279,   287.8299,   287.5529,   287.4495,   287.4751,   287.8419, 
  286.7954,   286.9781,   287.1125,   287.4704,   287.2879,   287.2912,   287.0660,   286.9370,   286.9694,   287.2928, 
  283.7173,   283.8025,   283.9919,   284.1692,   284.1859,   284.1678,   284.1711,   284.0717,   284.1347,   284.2041, 
  283.0720,   283.1621,   283.3486,   283.5126,   283.5414,   283.5247,   283.5359,   283.4434,   283.4914,   283.5529, 
  276.1246,   276.2959,   276.3290,   276.3919,   276.5348,   276.5299,   276.5793,   276.5522,   276.5086,   276.5082, 
  273.3398,   273.5455,   273.4366,   273.4681,   273.6456,   273.6497,   273.6867,   273.6769,   273.6358,   273.6263, 
  270.9339,   271.1182,   270.8739,   270.8235,   271.0275,   271.0546,   271.0978,   271.0747,   271.0245,   271.0131, 
  269.0832,   269.2418,   268.9115,   268.7880,   269.0130,   269.0529,   269.1133,   269.0708,   269.0156,   269.0011, 
  268.3812,   268.5096,   268.1868,   268.0181,   268.2556,   268.2868,   268.3789,   268.3065,   268.2490,   268.2343, 
  264.4622,   264.4612,   264.2392,   263.8522,   264.1390,   264.1316,   264.3380,   264.1480,   264.0760,   264.0655, 
  263.8039,   263.7990,   263.6189,   263.2130,   263.4996,   263.4887,   263.6856,   263.4995,   263.4219,   263.4138, 
  263.6135,   263.6078,   263.4402,   263.0285,   263.3149,   263.3027,   263.4966,   263.3121,   263.2339,   263.2259, 
  262.5525,   262.5427,   262.4442,   262.0005,   262.2857,   262.2659,   262.4432,   262.2678,   262.1858,   262.1783, 
  259.7887,   259.8826,   259.7996,   259.4358,   259.6742,   259.6430,   259.7793,   259.6277,   259.5722,   259.5189, 
  259.1469,   259.2771,   259.1811,   258.8524,   259.0753,   259.0418,   259.1685,   259.0229,   258.9785,   258.9091, 
  258.0571,   258.2480,   258.1320,   257.8612,   258.0582,   258.0215,   258.1331,   257.9982,   257.9686,   257.8739, 
  256.8940,   257.1077,   256.9699,   256.7444,   256.9234,   256.8892,   256.9830,   256.8643,   256.8408,   256.7322, 
  254.4292,   254.6578,   254.4702,   254.3323,   254.4721,   254.4477,   254.5004,   254.4249,   254.4195,   254.2730, 
  254.0494,   254.2804,   254.0847,   253.9606,   254.0944,   254.0714,   254.1176,   254.0486,   254.0465,   253.8940, 
  252.5855,   252.8098,   252.6078,   252.5146,   252.6298,   252.6081,   252.6360,   252.5959,   252.5990,   252.4321, 
  251.1797,   251.3835,   251.1979,   251.1121,   251.2138,   251.1907,   251.2082,   251.2008,   251.2001,   251.0274, 
  249.1503,   249.3244,   249.1603,   249.0862,   249.1690,   249.1438,   249.1454,   249.1836,   249.1796,   248.9977, 
  247.9381,   248.1063,   247.9577,   247.8856,   247.9548,   247.9290,   247.9247,   247.9901,   247.9824,   247.7959, 
  243.4298,   243.6076,   243.5179,   243.4485,   243.4582,   243.4327,   243.4142,   243.5745,   243.5595,   243.3560, 
  240.5412,   240.7522,   240.6812,   240.6240,   240.6031,   240.5773,   240.5588,   240.7406,   240.7324,   240.5243, 
  238.2462,   238.4847,   238.4279,   238.3754,   238.3362,   238.3083,   238.2912,   238.4782,   238.4780,   238.2737, 
  236.6390,   236.8995,   236.8518,   236.7949,   236.7538,   236.7215,   236.7086,   236.8751,   236.8838,   236.6965, 
  236.4577,   236.7210,   236.6738,   236.6143,   236.5750,   236.5415,   236.5291,   236.6922,   236.7020,   236.5174, 
  230.8250,   231.1152,   231.0630,   231.0313,   231.0021,   230.9665,   230.9588,   231.0202,   231.0676,   230.9438, 
  228.2577,   228.5142,   228.4429,   228.4425,   228.4231,   228.3931,   228.3857,   228.3993,   228.4640,   228.3611, 
  226.8494,   227.0580,   226.9713,   226.9921,   226.9769,   226.9513,   226.9452,   226.9420,   227.0146,   226.9140, 
  223.6713,   223.8138,   223.7238,   223.7753,   223.7476,   223.7530,   223.7273,   223.7233,   223.8181,   223.7036, 
  217.4452,   217.8095,   217.9697,   218.0128,   217.6905,   217.8996,   217.7209,   217.8508,   218.1675,   217.8527, 
  216.8096,   217.2109,   217.4097,   217.4648,   217.0831,   217.3087,   217.1268,   217.2487,   217.6145,   217.2722, 
  216.1383,   216.5380,   216.8081,   216.8771,   216.4219,   216.6508,   216.4651,   216.5299,   216.9678,   216.6342, 
  215.9432,   216.3005,   216.6255,   216.7030,   216.2139,   216.4250,   216.2414,   216.2360,   216.7110,   216.4216, 
  215.6633,   215.9593,   216.3621,   216.4543,   215.9043,   216.0932,   215.9181,   215.8179,   216.3435,   216.1129, 
  215.6696,   215.8485,   216.2331,   216.3732,   215.7887,   215.9779,   215.7968,   215.6385,   216.1602,   216.0627, 
  215.7117,   215.8600,   216.2280,   216.3814,   215.7993,   215.9908,   215.8034,   215.6358,   216.1504,   216.0916, 
  215.8411,   215.8985,   216.2101,   216.4084,   215.8144,   216.0144,   215.8213,   215.6329,   216.1201,   216.1693, 
  215.9184,   215.8778,   216.1051,   216.3303,   215.7799,   215.9852,   215.7707,   215.6321,   216.0570,   216.2184, 
  215.9265,   215.8255,   215.9796,   216.2105,   215.7175,   215.9240,   215.6917,   215.6341,   215.9961,   216.2220, 
  215.9298,   215.8000,   215.9134,   216.1488,   215.6846,   215.8914,   215.6512,   215.6329,   215.9637,   216.2207, 
  215.8805,   215.7254,   215.7727,   216.0275,   215.6252,   215.8250,   215.5728,   215.6096,   215.8838,   216.1691, 
  215.7272,   215.5506,   215.4828,   215.7842,   215.5101,   215.6894,   215.4168,   215.5444,   215.7112,   216.0196, 
  215.5658,   215.3656,   215.1794,   215.5273,   215.3919,   215.5504,   215.2534,   215.4745,   215.5314,   215.8648, 
  215.4531,   215.2109,   214.9654,   215.3198,   215.3213,   215.4578,   215.1619,   215.3552,   215.3558,   215.7092, 
  215.2742,   214.9630,   214.6311,   214.9907,   215.2101,   215.3148,   215.0193,   215.1637,   215.0808,   215.4647, 
  215.1820,   214.8328,   214.4613,   214.8227,   215.1534,   215.2401,   214.9455,   215.0661,   214.9358,   215.3399, 
  214.9952,   214.5837,   214.2547,   214.5812,   215.0525,   215.1058,   214.8348,   214.8425,   214.6742,   215.1074, 
  214.8035,   214.3277,   214.0429,   214.3360,   214.9497,   214.9664,   214.7208,   214.6157,   214.4027,   214.8694, 
  214.3785,   213.7418,   213.6223,   213.8704,   214.7043,   214.6479,   214.5142,   214.0981,   213.8269,   214.2907, 
  214.2246,   213.5327,   213.4709,   213.6909,   214.5800,   214.4968,   214.4259,   213.8762,   213.6097,   214.0294, 
  214.2741,   213.6201,   213.4007,   213.5608,   214.4386,   214.3540,   214.3585,   213.8078,   213.4946,   213.8220, 
  214.4609,   213.7738,   213.5770,   213.3259,   214.0646,   213.8200,   213.7332,   213.6123,   213.2536,   213.4565, 
  214.5636,   213.8518,   213.7156,   213.2333,   213.9081,   213.5577,   213.4111,   213.5347,   213.1556,   213.3030, 
  214.9184,   214.2623,   214.5668,   213.5909,   214.3841,   213.5057,   213.4429,   213.7164,   213.6921,   213.3869, 
  214.9593,   214.2901,   214.6076,   213.6682,   214.4638,   213.5642,   213.5161,   213.7766,   213.7887,   213.4484, 
  215.2328,   214.4845,   214.8466,   214.1585,   214.9462,   213.9651,   213.9941,   214.1731,   214.4388,   213.8454, 
  216.8605,   216.0375,   216.5670,   217.2141,   217.4117,   216.7578,   217.1922,   217.1278,   217.5497,   216.9861, 
  217.3983,   216.6979,   217.2189,   217.9083,   218.0363,   217.6050,   218.0174,   217.8099,   218.1223,   217.7927, 
    0.4109,     0.4380,     0.4763,     0.4783,     0.4578,     0.4080,     0.3918,     0.3510,     0.3608,     0.3734, 
    0.4134,     0.4409,     0.4798,     0.4818,     0.4611,     0.4105,     0.3941,     0.3527,     0.3625,     0.3755, 
    0.4236,     0.4525,     0.4934,     0.4952,     0.4734,     0.4205,     0.4030,     0.3602,     0.3706,     0.3842, 
    0.4682,     0.5005,     0.5474,     0.5492,     0.5244,     0.4652,     0.4448,     0.3973,     0.4092,     0.4236, 
    0.6203,     0.5992,     0.7510,     0.7668,     0.7350,     0.6229,     0.6140,     0.5580,     0.5652,     0.5483, 
    0.5252,     0.4576,     0.6151,     0.6844,     0.6542,     0.4717,     0.4890,     0.4425,     0.4348,     0.3974, 
    0.5069,     0.4396,     0.5855,     0.6616,     0.6310,     0.4423,     0.4606,     0.4150,     0.4062,     0.3714, 
    0.4825,     0.4157,     0.5462,     0.6314,     0.6001,     0.4032,     0.4228,     0.3785,     0.3683,     0.3367, 
    0.4582,     0.3918,     0.5070,     0.6011,     0.5693,     0.3643,     0.3851,     0.3420,     0.3304,     0.3022, 
    0.3773,     0.2888,     0.3742,     0.4527,     0.4216,     0.3118,     0.3187,     0.2755,     0.2783,     0.2672, 
    0.3283,     0.2235,     0.2919,     0.3555,     0.3262,     0.2890,     0.2847,     0.2416,     0.2548,     0.2550, 
    0.3090,     0.2310,     0.2788,     0.3333,     0.3132,     0.2994,     0.2851,     0.2539,     0.2681,     0.2711, 
    0.2869,     0.2472,     0.2671,     0.3105,     0.3043,     0.3161,     0.2885,     0.2734,     0.2880,     0.2946, 
    0.2714,     0.2575,     0.2594,     0.2956,     0.2982,     0.3269,     0.2905,     0.2861,     0.3009,     0.3098, 
    0.2744,     0.2779,     0.2727,     0.3050,     0.3110,     0.3438,     0.3049,     0.3037,     0.3216,     0.3289, 
    0.3604,     0.4219,     0.4230,     0.4524,     0.4551,     0.4541,     0.4270,     0.4130,     0.4568,     0.4421, 
    0.3831,     0.4494,     0.4491,     0.4747,     0.4760,     0.4748,     0.4485,     0.4369,     0.4790,     0.4642, 
    0.6092,     0.7043,     0.7012,     0.6940,     0.6773,     0.6778,     0.6675,     0.6730,     0.6881,     0.6812, 
    0.6412,     0.7245,     0.7317,     0.7263,     0.7025,     0.7068,     0.7070,     0.7107,     0.7108,     0.7138, 
    0.5917,     0.6827,     0.6938,     0.7070,     0.6806,     0.6861,     0.6863,     0.6901,     0.6939,     0.6945, 
    0.5459,     0.6410,     0.6532,     0.6823,     0.6538,     0.6612,     0.6600,     0.6640,     0.6723,     0.6697, 
    0.5307,     0.6226,     0.6285,     0.6596,     0.6313,     0.6409,     0.6359,     0.6406,     0.6527,     0.6470, 
    0.4416,     0.5102,     0.4831,     0.5199,     0.4941,     0.5145,     0.4966,     0.4973,     0.5307,     0.5088, 
    0.4341,     0.4983,     0.4692,     0.5034,     0.4789,     0.4995,     0.4851,     0.4805,     0.5157,     0.4935, 
    0.4322,     0.4946,     0.4654,     0.4987,     0.4744,     0.4952,     0.4818,     0.4756,     0.5112,     0.4891, 
    0.4203,     0.4726,     0.4423,     0.4703,     0.4479,     0.4697,     0.4622,     0.4462,     0.4842,     0.4626, 
    0.4018,     0.4340,     0.4143,     0.4323,     0.4175,     0.4337,     0.4326,     0.4128,     0.4417,     0.4287, 
    0.3991,     0.4266,     0.4119,     0.4279,     0.4153,     0.4290,     0.4283,     0.4104,     0.4347,     0.4249, 
    0.3931,     0.4126,     0.4068,     0.4189,     0.4108,     0.4196,     0.4199,     0.4051,     0.4213,     0.4174, 
    0.3912,     0.4047,     0.4037,     0.4137,     0.4069,     0.4135,     0.4129,     0.4020,     0.4130,     0.4136, 
    0.3985,     0.3984,     0.4018,     0.4084,     0.4026,     0.4076,     0.4027,     0.4005,     0.4028,     0.4127, 
    0.4000,     0.3972,     0.4015,     0.4075,     0.4018,     0.4067,     0.4009,     0.4004,     0.4010,     0.4126, 
    0.4061,     0.3955,     0.4013,     0.4058,     0.3999,     0.4045,     0.3976,     0.3991,     0.3970,     0.4126, 
    0.4125,     0.3964,     0.4020,     0.4063,     0.3996,     0.4044,     0.3985,     0.3972,     0.3963,     0.4133, 
    0.4250,     0.3983,     0.4032,     0.4071,     0.3987,     0.4044,     0.4003,     0.3940,     0.3948,     0.4145, 
    0.4312,     0.3983,     0.4035,     0.4065,     0.3984,     0.4044,     0.4011,     0.3921,     0.3939,     0.4150, 
    0.4517,     0.3926,     0.4024,     0.3981,     0.3961,     0.4017,     0.4014,     0.3819,     0.3871,     0.4126, 
    0.4543,     0.3865,     0.3975,     0.3888,     0.3895,     0.3957,     0.3954,     0.3775,     0.3821,     0.4073, 
    0.4557,     0.3806,     0.3921,     0.3805,     0.3833,     0.3901,     0.3902,     0.3743,     0.3781,     0.4022, 
    0.4507,     0.3768,     0.3895,     0.3803,     0.3816,     0.3884,     0.3895,     0.3767,     0.3795,     0.4010, 
    0.4515,     0.3770,     0.3883,     0.3801,     0.3817,     0.3888,     0.3897,     0.3769,     0.3793,     0.4006, 
  306.9694,   306.9525,   307.0080,   307.1248,   306.9984,   306.9286,   306.9941,   307.0798,   306.9628,   306.9280, 
  306.0031,   305.9975,   306.0483,   306.1616,   306.0358,   305.9666,   306.0346,   306.1239,   305.9997,   305.9667, 
  305.5526,   305.5480,   305.5988,   305.7113,   305.5854,   305.5156,   305.5840,   305.6730,   305.5490,   305.5160, 
  299.6138,   299.5609,   299.6048,   299.6326,   299.5712,   299.5785,   299.6106,   299.6285,   299.5900,   299.5776, 
  298.6041,   298.5032,   298.5402,   298.4982,   298.4921,   298.5439,   298.5646,   298.5393,   298.5445,   298.4978, 
  298.1758,   298.0527,   298.0725,   298.0129,   298.0274,   298.0990,   298.1112,   298.0755,   298.0948,   298.0497, 
  296.0163,   295.8592,   295.8288,   295.6995,   295.8047,   295.9422,   295.9266,   295.8580,   295.9206,   295.8969, 
  295.4089,   295.2665,   295.2289,   295.0891,   295.2165,   295.3608,   295.3405,   295.2710,   295.3360,   295.3192, 
  294.2422,   294.1956,   294.1551,   294.0885,   294.2050,   294.2897,   294.2870,   294.2619,   294.2737,   294.2468, 
  293.5729,   293.5680,   293.5194,   293.4854,   293.5984,   293.6586,   293.6633,   293.6549,   293.6439,   293.6158, 
  291.7967,   291.8137,   291.7105,   291.6891,   291.8134,   291.8732,   291.8831,   291.8541,   291.8436,   291.8321, 
  290.7497,   290.7701,   290.6712,   290.6456,   290.7700,   290.8202,   290.8274,   290.8023,   290.7962,   290.7770, 
  289.9441,   289.9677,   289.8701,   289.8421,   289.9662,   290.0091,   290.0128,   289.9931,   289.9899,   289.9643, 
  288.9147,   288.9446,   288.8475,   288.8195,   288.9393,   288.9744,   288.9749,   288.9609,   288.9591,   288.9299, 
  287.6890,   287.7283,   287.6280,   287.6108,   287.7139,   287.7459,   287.7433,   287.7361,   287.7263,   287.7077, 
  286.7321,   286.7788,   286.6760,   286.6671,   286.7572,   286.7870,   286.7818,   286.7801,   286.7639,   286.7536, 
  285.8332,   285.8868,   285.7817,   285.7807,   285.8586,   285.8861,   285.8785,   285.8819,   285.8599,   285.8573, 
  283.7206,   283.7845,   283.6919,   283.6846,   283.7446,   283.7750,   283.7570,   283.7699,   283.7429,   283.7455, 
  283.0381,   283.1050,   283.0193,   283.0065,   283.0615,   283.0938,   283.0721,   283.0881,   283.0612,   283.0631, 
  280.7559,   280.8328,   280.7701,   280.7386,   280.7771,   280.8159,   280.7812,   280.8081,   280.7815,   280.7809, 
  277.8661,   277.9707,   277.9162,   277.8684,   277.8821,   277.9312,   277.8881,   277.9440,   277.8902,   277.9041, 
  277.4281,   277.5371,   277.4837,   277.4335,   277.4433,   277.4941,   277.4497,   277.5101,   277.4521,   277.4681, 
  276.8089,   276.9238,   276.8720,   276.8184,   276.8230,   276.8759,   276.8298,   276.8965,   276.8325,   276.8517, 
  276.3893,   276.5045,   276.4540,   276.3991,   276.3997,   276.4533,   276.4073,   276.4771,   276.4099,   276.4314, 
  275.0697,   275.1679,   275.1187,   275.0663,   275.0549,   275.1080,   275.0688,   275.1438,   275.0696,   275.0987, 
  274.3589,   274.4475,   274.3976,   274.3470,   274.3302,   274.3809,   274.3464,   274.4221,   274.3443,   274.3766, 
  273.9583,   274.0413,   273.9919,   273.9418,   273.9215,   273.9719,   273.9397,   274.0169,   273.9369,   273.9714, 
  273.0643,   273.1345,   273.0863,   273.0374,   273.0092,   273.0590,   273.0320,   273.1126,   273.0276,   273.0672, 
  271.9318,   271.9677,   271.9245,   271.8689,   271.8456,   271.8878,   271.8757,   271.9482,   271.8686,   271.9082, 
  268.7861,   268.7306,   268.7029,   268.6269,   268.6222,   268.6382,   268.6679,   268.7155,   268.6556,   268.6933, 
  265.4474,   265.3802,   265.3593,   265.2788,   265.2993,   265.2599,   265.3163,   265.3515,   265.3177,   265.3539, 
  263.2221,   263.1724,   263.1357,   263.0750,   263.0995,   263.0390,   263.1104,   263.1506,   263.1153,   263.1531, 
  260.5584,   260.5408,   260.4756,   260.4495,   260.4719,   260.3952,   260.4832,   260.5352,   260.4890,   260.5298, 
  259.0394,   259.0494,   258.9970,   258.9999,   259.0235,   258.9405,   259.0244,   259.0768,   259.0303,   259.0714, 
  257.4717,   257.5103,   257.4711,   257.5039,   257.5287,   257.4393,   257.5191,   257.5717,   257.5249,   257.5664, 
  252.6529,   252.7500,   252.7370,   252.7976,   252.8242,   252.7460,   252.7939,   252.8313,   252.8006,   252.8308, 
  250.8285,   250.9293,   250.9168,   250.9761,   251.0023,   250.9321,   250.9708,   251.0005,   250.9758,   251.0023, 
  250.0217,   250.1194,   250.1054,   250.1623,   250.1883,   250.1214,   250.1576,   250.1836,   250.1612,   250.1865, 
  241.6600,   241.7208,   241.6893,   241.7184,   241.7350,   241.6983,   241.7239,   241.7117,   241.7081,   241.7287, 
  234.9716,   234.9968,   234.9837,   235.0265,   235.0019,   234.9886,   235.0285,   234.9850,   234.9988,   235.0174, 
  231.2214,   231.2266,   231.2483,   231.3261,   231.2685,   231.2629,   231.3144,   231.2567,   231.2834,   231.3013, 
  221.5934,   221.7147,   221.8044,   222.0072,   221.9187,   221.8857,   221.9628,   221.8413,   221.9331,   221.9261, 
  220.4874,   220.6149,   220.6870,   220.9001,   220.8297,   220.7805,   220.8549,   220.7273,   220.8264,   220.8157, 
  219.8863,   220.0008,   220.0523,   220.2745,   220.2206,   220.1592,   220.2283,   220.0998,   220.2017,   220.1882, 
  219.6828,   219.7927,   219.8373,   220.0625,   220.0143,   219.9486,   220.0159,   219.8870,   219.9898,   219.9755, 
  218.8588,   218.9499,   218.9661,   219.2035,   219.1783,   219.0952,   219.1555,   219.0252,   219.1315,   219.1136, 
  216.7205,   216.7669,   216.7171,   216.9835,   217.0176,   216.8927,   216.9358,   216.8016,   216.9167,   216.8909, 
  211.4392,   211.5430,   211.5025,   211.7001,   211.8176,   211.7973,   211.8321,   211.6308,   211.7326,   211.7796, 
  209.6330,   209.7711,   209.6066,   209.7279,   209.8198,   209.9225,   209.9506,   209.6565,   209.7439,   209.8624, 
  208.7899,   208.9308,   208.6916,   208.7624,   208.8384,   208.9939,   209.0241,   208.6912,   208.7657,   208.9253, 
  207.9449,   207.9851,   207.5272,   207.4327,   207.4668,   207.6386,   207.7175,   207.3827,   207.3908,   207.6548, 
  206.4768,   206.3359,   205.8523,   205.6279,   205.6059,   205.6874,   205.8114,   205.5906,   205.4876,   205.8675, 
  206.0196,   205.8185,   205.4950,   205.3218,   205.2858,   205.2826,   205.4097,   205.2764,   205.1416,   205.5268, 
  204.5906,   204.2626,   204.3881,   204.3701,   204.2494,   204.0984,   204.2142,   204.2758,   204.0763,   204.4537, 
  204.2646,   203.9476,   204.1420,   204.1562,   203.9896,   203.8809,   203.9804,   204.0354,   203.8439,   204.2036, 
  203.2528,   202.9751,   203.3810,   203.4863,   203.1814,   203.2029,   203.2505,   203.2855,   203.1198,   203.4292, 
  202.5245,   202.2935,   202.7080,   202.7461,   202.4401,   202.5267,   202.5354,   202.5988,   202.4973,   202.6554, 
  202.1127,   201.9185,   202.2725,   202.2089,   201.9491,   202.0580,   202.0429,   202.1433,   202.0982,   202.1200, 
  202.2160,   202.1295,   202.3583,   202.2438,   202.0507,   202.1170,   202.0669,   202.2324,   202.2286,   202.1572, 
  202.5099,   202.5931,   202.6252,   202.4411,   202.3528,   202.3455,   202.2399,   202.5054,   202.5527,   202.3535, 
  202.8562,   203.1377,   202.9443,   202.6852,   202.7132,   202.6171,   202.4517,   202.8348,   202.9420,   202.6027, 
  203.2936,   203.7134,   203.4134,   203.1045,   203.2646,   203.2337,   203.0077,   203.3004,   203.4923,   203.0471, 
  204.6095,   205.1135,   204.9083,   204.5023,   205.0550,   204.9883,   204.7389,   204.6496,   204.9859,   204.2804, 
  205.6496,   205.7301,   206.0402,   205.7028,   206.3588,   205.8442,   205.6818,   205.7876,   205.9184,   205.1970, 
  207.2044,   206.7416,   207.5219,   207.4163,   207.7368,   207.5211,   207.1421,   207.9463,   207.6931,   207.3763, 
  208.7056,   208.2001,   208.9128,   208.8901,   208.9310,   209.3248,   208.8557,   209.6736,   209.3703,   209.3680, 
  209.1117,   208.6783,   209.2962,   209.2759,   209.2929,   209.6798,   209.2734,   209.9682,   209.7069,   209.7123, 
  210.1985,   209.9592,   210.3134,   210.3081,   210.2612,   210.6256,   210.3905,   210.7518,   210.6051,   210.6248, 
  210.2414,   210.0099,   210.3541,   210.3488,   210.2993,   210.6632,   210.4347,   210.7831,   210.6407,   210.6612, 
  304.0587,   304.0557,   304.1069,   304.2176,   304.0917,   304.0209,   304.0901,   304.1786,   304.0549,   304.0214, 
  302.4952,   302.4933,   302.5442,   302.6538,   302.5286,   302.4581,   302.5267,   302.6135,   302.4922,   302.4602, 
  310.1802,   310.3226,   310.3770,   310.5172,   310.7138,   310.6373,   310.5789,   310.7785,   310.7671,   310.7926, 
  310.1802,   310.3226,   310.3769,   310.5172,   310.7138,   310.6373,   310.5789,   310.7785,   310.7671,   310.7926, 
  309.3782,   309.5746,   309.6192,   309.7521,   309.9593,   309.8925,   309.8110,   310.0246,   310.0089,   310.0302, 
  303.3067,   303.5314,   303.5700,   303.6913,   303.8876,   303.8302,   303.7276,   303.9576,   303.9489,   303.9570, 
  298.4206,   298.6443,   298.6950,   298.8099,   298.9870,   298.9352,   298.8403,   299.0579,   299.0527,   299.0589, 
  296.2262,   296.3077,   296.3535,   296.4572,   296.6274,   296.5870,   296.5281,   296.6995,   296.6921,   296.7003, 
  292.4338,   292.2930,   292.2435,   292.2754,   292.3439,   292.3511,   292.3582,   292.3958,   292.3088,   292.3106, 
  291.9214,   291.7845,   291.7649,   291.7887,   291.8457,   291.8656,   291.8643,   291.8974,   291.8101,   291.8106, 
  291.3980,   291.2759,   291.2885,   291.3020,   291.3448,   291.3797,   291.3689,   291.4000,   291.3119,   291.3112, 
  290.4705,   290.3795,   290.3718,   290.3995,   290.4159,   290.4617,   290.4466,   290.4696,   290.4139,   290.4079, 
  287.9339,   287.9388,   287.7807,   287.9094,   287.8435,   287.9019,   287.8831,   287.8895,   287.9553,   287.9398, 
  285.1876,   285.2264,   284.9355,   285.0034,   284.7564,   284.9391,   285.0392,   284.7596,   284.7125,   284.6811, 
  285.0513,   285.0918,   284.7946,   284.8587,   284.6025,   284.7918,   284.8982,   284.6034,   284.5498,   284.5175, 
  283.6985,   283.7334,   283.4118,   283.4278,   283.1169,   283.3517,   283.5179,   283.0959,   282.9760,   282.9380, 
  283.0095,   282.9974,   282.7223,   282.7033,   282.4297,   282.6545,   282.8433,   282.3974,   282.2391,   282.2044, 
  278.5152,   278.4479,   278.4013,   278.3298,   278.3064,   278.4271,   278.5626,   278.2864,   278.1604,   278.1785, 
  277.4503,   277.4284,   277.4178,   277.3777,   277.4189,   277.5012,   277.5725,   277.4244,   277.3788,   277.4166, 
  277.1179,   277.1102,   277.1107,   277.0806,   277.1418,   277.2122,   277.2635,   277.1553,   277.1349,   277.1788, 
  276.6091,   276.6333,   276.6232,   276.5940,   276.6728,   276.7393,   276.7772,   276.6946,   276.6797,   276.7266, 
  275.6577,   275.7499,   275.6971,   275.6569,   275.7554,   275.8255,   275.8546,   275.7893,   275.7572,   275.8029, 
  275.1317,   275.2614,   275.1870,   275.1425,   275.2496,   275.3241,   275.3485,   275.2922,   275.2527,   275.2978, 
  274.8662,   275.0150,   274.9284,   274.8807,   274.9935,   275.0688,   275.0909,   275.0396,   274.9953,   275.0400, 
  274.5100,   274.6843,   274.5815,   274.5294,   274.6498,   274.7263,   274.7451,   274.7005,   274.6499,   274.6942, 
  274.1513,   274.3512,   274.2321,   274.1756,   274.3037,   274.3813,   274.3969,   274.3590,   274.3021,   274.3459, 
  273.6083,   273.8471,   273.7032,   273.6400,   273.7798,   273.8590,   273.8698,   273.8421,   273.7756,   273.8186, 
  272.9670,   273.2502,   273.0781,   273.0075,   273.1601,   273.2419,   273.2471,   273.2306,   273.1531,   273.1949, 
  271.7437,   272.0177,   271.8668,   271.8022,   271.9269,   272.0244,   272.0363,   271.9967,   271.9283,   271.9498, 
  271.1695,   271.4384,   271.2986,   271.2374,   271.3481,   271.4530,   271.4683,   271.4190,   271.3567,   271.3687, 
  270.5880,   270.8524,   270.7227,   270.6646,   270.7620,   270.8741,   270.8923,   270.8322,   270.7738,   270.7763, 
  269.3047,   269.5589,   269.4517,   269.4001,   269.4682,   269.5962,   269.6211,   269.5369,   269.4871,   269.4688, 
  269.1043,   269.3569,   269.2532,   269.2026,   269.2662,   269.3966,   269.4225,   269.3346,   269.2862,   269.2646, 
  268.0468,   268.2604,   268.1663,   268.1579,   268.2229,   268.3349,   268.3450,   268.2592,   268.2281,   268.1946, 
  265.9831,   266.1095,   266.0292,   266.1191,   266.1973,   266.2613,   266.2309,   266.1587,   266.1651,   266.1111, 
  260.1385,   260.1423,   260.0086,   260.3174,   260.3335,   260.4194,   260.3830,   260.2706,   260.3244,   260.3075, 
  259.2369,   259.2585,   259.1121,   259.4371,   259.4427,   259.5250,   259.4879,   259.3738,   259.4310,   259.4105, 
  258.3197,   258.3594,   258.2002,   258.5417,   258.5367,   258.6152,   258.5773,   258.4616,   258.5222,   258.4980, 
  257.9217,   257.9694,   257.8046,   258.1532,   258.1436,   258.2205,   258.1822,   258.0658,   258.1279,   258.1021, 
  256.7096,   256.7813,   256.5995,   256.9699,   256.9462,   257.0182,   256.9789,   256.8603,   256.9270,   256.8963, 
  255.5284,   255.6010,   255.4190,   255.7731,   255.7455,   255.8062,   255.7759,   255.6593,   255.7276,   255.6976, 
  250.8490,   250.8710,   250.7006,   250.8851,   250.8644,   250.8726,   250.9019,   250.8023,   250.8820,   250.8639, 
  242.6600,   242.6224,   242.3645,   242.3303,   242.2873,   242.2582,   242.3349,   242.2745,   242.4010,   242.3876, 
  238.7680,   238.6604,   238.3916,   238.3496,   238.2709,   238.1715,   238.2514,   238.2303,   238.3870,   238.3530, 
  233.1908,   233.2061,   232.9492,   232.9709,   232.8443,   232.5537,   232.6222,   232.7629,   232.8747,   232.8218, 
  232.5844,   232.6237,   232.3698,   232.4005,   232.2696,   231.9566,   232.0229,   232.1848,   232.2880,   232.2338, 
  229.3900,   229.6137,   229.5340,   229.5410,   229.4342,   229.2847,   229.2833,   229.4478,   229.5001,   229.4700, 
  228.2063,   228.4974,   228.4803,   228.4789,   228.3804,   228.2892,   228.2623,   228.4278,   228.4619,   228.4411, 
  225.9832,   226.3018,   226.3653,   226.3557,   226.2919,   226.3044,   226.2684,   226.3820,   226.4005,   226.4025, 
  222.8555,   223.1268,   223.2722,   223.2569,   223.2567,   223.4057,   223.3900,   223.3859,   223.3992,   223.4384, 
  221.0141,   221.2617,   221.3815,   221.3785,   221.3880,   221.5915,   221.5805,   221.5350,   221.5419,   221.5993, 
  217.5376,   217.7512,   217.6876,   217.7362,   217.7103,   217.9663,   217.9506,   217.8808,   217.8705,   217.9546, 
  209.9929,   210.2849,   210.1544,   209.9273,   210.0757,   209.9289,   209.9880,   209.9153,   209.9410,   210.0801, 
  207.6734,   207.9801,   207.8700,   207.3829,   207.7434,   207.5846,   207.6399,   207.5389,   207.5894,   207.7395, 
  205.2225,   205.1686,   205.1808,   204.7237,   205.1062,   205.2662,   205.2501,   204.8828,   205.0440,   204.9569, 
  204.7562,   204.7319,   204.8373,   204.6342,   204.8924,   205.0114,   205.0038,   204.6680,   204.8155,   204.6223, 
  203.5591,   203.5404,   203.9212,   204.3192,   204.3016,   204.2997,   204.3014,   204.1184,   204.2132,   203.7295, 
  203.4925,   203.4524,   203.8581,   204.2715,   204.2531,   204.2379,   204.2363,   204.0878,   204.1727,   203.6680, 
  203.4253,   203.3638,   203.7944,   204.2235,   204.2043,   204.1755,   204.1707,   204.0569,   204.1319,   203.6059, 
  203.1505,   203.0013,   203.5343,   204.0271,   204.0046,   203.9207,   203.9026,   203.9306,   203.9649,   203.3523, 
  202.7890,   202.5206,   203.1849,   203.6466,   203.6492,   203.4762,   203.4005,   203.7658,   203.7232,   203.1437, 
  202.6881,   202.3848,   203.0832,   203.4673,   203.4948,   203.2871,   203.1712,   203.7208,   203.6427,   203.1612, 
  202.5842,   202.2450,   202.9784,   203.2827,   203.3357,   203.0924,   202.9352,   203.6744,   203.5599,   203.1791, 
  202.7259,   202.4701,   203.0994,   203.1360,   203.2444,   202.9604,   202.7265,   203.5968,   203.4292,   203.2624, 
  203.3892,   203.3920,   203.7006,   203.0681,   203.2573,   202.9596,   202.5471,   203.5372,   203.2347,   203.5568, 
  204.5357,   204.5946,   204.7748,   203.5813,   203.6179,   203.5699,   202.9817,   203.9927,   203.4444,   204.1981, 
  205.0128,   204.8741,   205.1647,   204.0914,   203.9686,   204.0330,   203.6382,   204.3842,   203.7932,   204.5981, 
  205.3785,   205.0874,   205.4779,   204.4938,   204.2301,   204.3840,   204.1461,   204.6869,   204.0633,   204.8958, 
  206.5977,   205.8687,   206.5145,   206.0392,   205.4607,   205.8562,   206.1295,   205.8280,   205.1932,   205.9711, 
  208.9821,   207.9591,   208.7500,   209.5235,   208.7248,   209.2098,   210.2188,   208.4486,   208.1239,   208.2851, 
  209.5198,   208.5630,   209.2929,   210.2870,   209.5035,   209.9096,   210.9889,   209.0670,   208.8481,   208.8311, 
  211.1684,   210.8157,   211.0207,   211.5581,   211.3406,   211.3347,   211.9617,   210.9018,   210.8958,   210.6961, 
  308.3548,   308.5682,   308.6111,   308.7350,   308.9449,   308.8779,   308.7874,   309.0071,   308.9903,   309.0094, 
  307.0973,   307.3207,   307.3600,   307.4840,   307.6884,   307.6225,   307.5289,   307.7545,   307.7374,   307.7514, 
  305.5164,   305.7407,   305.7787,   305.9014,   306.1018,   306.0401,   305.9413,   306.1689,   306.1568,   306.1672, 
  308.1828,   308.1428,   308.1590,   308.1897,   308.2027,   308.1949,   308.1914,   308.2114,   308.2159,   308.2235, 
  308.1828,   308.1428,   308.1590,   308.1897,   308.2027,   308.1949,   308.1914,   308.2114,   308.2159,   308.2235, 
  307.7764,   307.7303,   307.7431,   307.7676,   307.7861,   307.7881,   307.7826,   307.7955,   307.7993,   307.8078, 
  301.9603,   301.9092,   301.9218,   301.9649,   301.9558,   301.9655,   301.9556,   301.9664,   301.9687,   301.9821, 
  296.2021,   296.1108,   296.1431,   296.1604,   296.1529,   296.1645,   296.1567,   296.1733,   296.1674,   296.1744, 
  295.2273,   295.1317,   295.1699,   295.1884,   295.1812,   295.1902,   295.1852,   295.1984,   295.1907,   295.1945, 
  295.1380,   295.0421,   295.0808,   295.0995,   295.0922,   295.1010,   295.0962,   295.1091,   295.1012,   295.1048, 
  292.7043,   292.5985,   292.6556,   292.6797,   292.6780,   292.6830,   292.6789,   292.7019,   292.6954,   292.7007, 
  292.2303,   292.1220,   292.1830,   292.2083,   292.2081,   292.2129,   292.2084,   292.2350,   292.2292,   292.2354, 
  290.0810,   289.9415,   290.0246,   289.9676,   290.0174,   290.0353,   290.0569,   290.0629,   290.0312,   290.0454, 
  289.4698,   289.3497,   289.4322,   289.3601,   289.4190,   289.4393,   289.4632,   289.4590,   289.4246,   289.4388, 
  288.7899,   288.7036,   288.7820,   288.6975,   288.7642,   288.7867,   288.8107,   288.7936,   288.7586,   288.7716, 
  287.6135,   287.5858,   287.6570,   287.5511,   287.6310,   287.6575,   287.6817,   287.6424,   287.6064,   287.6172, 
  286.4697,   286.4822,   286.5346,   286.4200,   286.5005,   286.5298,   286.5526,   286.4976,   286.4636,   286.4761, 
  285.6343,   285.6593,   285.6892,   285.5760,   285.6465,   285.6780,   285.6978,   285.6369,   285.6066,   285.6240, 
  284.5201,   284.5618,   284.5607,   284.4527,   284.5081,   284.5416,   284.5584,   284.4898,   284.4651,   284.4886, 
  282.1056,   282.1184,   282.0593,   281.9914,   282.0075,   282.0445,   282.0618,   282.0065,   281.9888,   282.0118, 
  281.5583,   281.5522,   281.4815,   281.4283,   281.4336,   281.4714,   281.4903,   281.4436,   281.4267,   281.4469, 
  281.2821,   281.2665,   281.1900,   281.1442,   281.1441,   281.1822,   281.2020,   281.1596,   281.1430,   281.1619, 
  281.0043,   280.9791,   280.8966,   280.8583,   280.8528,   280.8913,   280.9118,   280.8739,   280.8576,   280.8752, 
  280.7948,   280.7623,   280.6755,   280.6427,   280.6331,   280.6718,   280.6931,   280.6584,   280.6424,   280.6589, 
  280.5842,   280.5446,   280.4532,   280.4261,   280.4123,   280.4514,   280.4733,   280.4419,   280.4262,   280.4417, 
  279.5697,   279.4995,   279.3998,   279.3876,   279.3657,   279.4079,   279.4320,   279.4105,   279.3981,   279.4080, 
  278.6641,   278.5727,   278.4845,   278.4617,   278.4521,   278.5028,   278.5263,   278.5022,   278.4964,   278.5007, 
  277.3469,   277.2266,   277.1559,   277.1154,   277.1281,   277.1899,   277.2127,   277.1831,   277.1864,   277.1853, 
  276.3885,   276.2499,   276.1932,   276.1404,   276.1681,   276.2375,   276.2595,   276.2263,   276.2359,   276.2302, 
  275.8416,   275.6998,   275.6496,   275.5940,   275.6314,   275.6989,   275.7205,   275.6841,   275.6968,   275.6866, 
  274.1927,   274.0571,   274.0244,   273.9680,   274.0369,   274.0874,   274.1079,   274.0596,   274.0805,   274.0517, 
  273.5480,   273.4168,   273.3908,   273.3352,   273.4141,   273.4583,   273.4781,   273.4254,   273.4490,   273.4130, 
  272.6483,   272.5203,   272.5035,   272.4475,   272.5433,   272.5785,   272.5976,   272.5384,   272.5664,   272.5205, 
  272.3504,   272.2277,   272.2082,   272.1600,   272.2534,   272.2869,   272.3050,   272.2453,   272.2737,   272.2264, 
  271.9801,   271.8647,   271.8404,   271.8027,   271.8922,   271.9244,   271.9411,   271.8806,   271.9096,   271.8606, 
  271.4558,   271.3506,   271.3197,   271.2968,   271.3807,   271.4112,   271.4258,   271.3643,   271.3940,   271.3427, 
  270.3906,   270.3072,   270.2625,   270.2695,   270.3401,   270.3674,   270.3782,   270.3147,   270.3451,   270.2898, 
  269.6093,   269.5409,   269.4864,   269.5150,   269.5776,   269.6021,   269.6101,   269.5450,   269.5765,   269.5178, 
  265.7419,   265.7284,   265.6151,   265.6573,   265.6593,   265.7126,   265.7227,   265.6461,   265.6736,   265.6232, 
  265.1939,   265.1840,   265.0660,   265.1100,   265.1053,   265.1615,   265.1732,   265.0949,   265.1225,   265.0735, 
  264.0400,   264.0333,   263.9123,   263.9595,   263.9427,   264.0017,   264.0180,   263.9377,   263.9653,   263.9205, 
  262.8602,   262.8574,   262.7311,   262.7827,   262.7535,   262.8163,   262.8370,   262.7538,   262.7821,   262.7406, 
  258.9111,   258.9261,   258.8122,   258.8681,   258.8166,   258.8797,   258.9081,   258.8256,   258.8575,   258.8228, 
  258.3691,   258.3870,   258.2772,   258.3331,   258.2801,   258.3424,   258.3712,   258.2895,   258.3222,   258.2878, 
  255.0985,   255.1225,   255.0435,   255.0923,   255.0384,   255.0913,   255.1189,   255.0468,   255.0827,   255.0522, 
  253.4392,   253.4602,   253.4004,   253.4411,   253.3911,   253.4370,   253.4624,   253.3980,   253.4345,   253.4068, 
  252.0428,   252.0610,   252.0169,   252.0498,   252.0042,   252.0435,   252.0668,   252.0094,   252.0458,   252.0210, 
  241.6680,   241.6794,   241.6769,   241.7101,   241.6831,   241.6889,   241.7203,   241.6817,   241.6987,   241.6811, 
  234.6423,   234.7209,   234.7468,   234.7906,   234.7681,   234.7548,   234.7742,   234.7744,   234.7771,   234.7755, 
  231.7293,   231.8445,   231.8705,   231.9124,   231.8869,   231.8587,   231.8808,   231.8974,   231.9010,   231.9013, 
  228.8867,   229.0254,   229.0538,   229.0938,   229.0680,   229.0304,   229.0529,   229.0787,   229.0813,   229.0852, 
  224.3822,   224.5220,   224.5530,   224.5864,   224.5664,   224.5302,   224.5497,   224.5792,   224.5789,   224.5884, 
  220.8727,   220.9899,   221.0208,   221.0470,   221.0352,   221.0110,   221.0254,   221.0523,   221.0496,   221.0624, 
  218.3949,   218.4989,   218.5277,   218.5486,   218.5426,   218.5265,   218.5372,   218.5610,   218.5578,   218.5721, 
  212.7489,   212.8044,   212.8159,   212.8227,   212.8275,   212.8282,   212.8317,   212.8438,   212.8421,   212.8567, 
  209.6478,   209.6482,   209.6297,   209.6200,   209.6485,   209.6508,   209.6555,   209.6759,   209.6736,   209.7041, 
  208.4859,   208.4617,   208.4292,   208.4121,   208.4521,   208.4536,   208.4597,   208.4853,   208.4826,   208.5211, 
  207.2934,   207.2439,   207.1970,   207.1725,   207.2242,   207.2249,   207.2323,   207.2633,   207.2602,   207.3071, 
  206.8610,   206.7358,   206.6952,   206.6748,   206.7358,   206.7231,   206.7362,   206.7704,   206.7682,   206.8168, 
  206.3357,   206.0760,   206.0453,   206.0302,   206.1086,   206.0760,   206.0981,   206.1358,   206.1353,   206.1853, 
  205.5459,   205.1841,   205.1938,   205.1964,   205.2810,   205.2318,   205.2639,   205.2933,   205.3010,   205.3412, 
  204.9718,   204.6390,   204.7037,   204.7268,   204.7974,   204.7529,   204.7867,   204.7960,   204.8148,   204.8368, 
  204.6196,   204.3045,   204.4011,   204.4370,   204.4983,   204.4546,   204.4919,   204.4891,   204.5139,   204.5261, 
  203.1208,   203.0940,   203.2970,   203.3198,   203.3336,   203.3157,   203.3587,   203.2883,   203.3433,   203.3112, 
  202.7484,   202.8120,   203.0384,   203.0488,   203.0478,   203.0364,   203.0807,   202.9941,   203.0553,   203.0133, 
  202.4482,   202.6243,   202.8634,   202.8214,   202.7889,   202.7773,   202.8205,   202.7349,   202.7890,   202.7471, 
  202.0565,   202.3794,   202.6351,   202.5247,   202.4510,   202.4393,   202.4810,   202.3967,   202.4417,   202.3996, 
  202.8897,   203.2255,   203.4235,   203.2361,   203.1033,   203.0937,   203.1053,   203.1056,   203.1051,   203.0963, 
  203.5469,   203.8507,   204.0037,   203.7836,   203.6217,   203.6173,   203.6084,   203.6630,   203.6358,   203.6456, 
  204.8301,   204.9217,   204.9707,   204.7857,   204.6121,   204.6579,   204.6104,   204.7233,   204.6799,   204.6718, 
  205.7205,   205.7108,   205.7131,   205.5984,   205.4232,   205.5003,   205.4582,   205.5444,   205.5155,   205.4495, 
  206.3430,   206.2764,   206.2520,   206.1917,   206.0173,   206.1118,   206.0769,   206.1352,   206.1211,   206.0102, 
  206.6833,   206.6032,   206.5757,   206.5452,   206.3727,   206.4658,   206.4353,   206.4764,   206.4750,   206.3414, 
  207.7556,   207.6429,   207.5996,   207.6603,   207.4893,   207.5896,   207.5871,   207.5612,   207.5854,   207.3903, 
  208.4438,   208.3365,   208.2969,   208.3841,   208.2277,   208.3171,   208.3266,   208.2771,   208.3094,   208.1111, 
  208.9492,   208.8475,   208.8113,   208.9160,   208.7711,   208.8517,   208.8698,   208.8041,   208.8417,   208.6432, 
  210.4051,   210.3445,   210.3233,   210.4158,   210.3258,   210.3732,   210.3963,   210.3309,   210.3623,   210.2237, 
  211.2581,   211.2274,   211.2164,   211.2750,   211.2279,   211.2511,   211.2680,   211.2243,   211.2439,   211.1657, 
  305.8554,   305.8120,   305.8264,   305.8684,   305.8658,   305.8721,   305.8645,   305.8744,   305.8781,   305.8876, 
  304.3040,   304.2603,   304.2741,   304.3196,   304.3122,   304.3197,   304.3105,   304.3201,   304.3241,   304.3351, 
  306.8846,   306.8752,   306.8902,   306.9208,   306.8619,   306.8489,   306.8780,   306.9000,   306.8497,   306.8325, 
  303.2292,   303.2169,   303.2296,   303.2760,   303.2140,   303.2085,   303.2207,   303.2505,   303.2382,   303.2337, 
  303.2292,   303.2170,   303.2296,   303.2760,   303.2140,   303.2086,   303.2207,   303.2506,   303.2382,   303.2338, 
  303.1647,   303.1495,   303.1570,   303.1793,   303.1427,   303.1369,   303.1497,   303.1714,   303.1384,   303.1323, 
  303.1647,   303.1495,   303.1570,   303.1793,   303.1427,   303.1369,   303.1497,   303.1714,   303.1383,   303.1323, 
  303.2309,   303.2189,   303.2255,   303.2445,   303.2126,   303.2072,   303.2189,   303.2346,   303.2082,   303.2027, 
  303.2309,   303.2189,   303.2254,   303.2445,   303.2126,   303.2072,   303.2189,   303.2346,   303.2082,   303.2027, 
  303.4431,   303.4484,   303.4545,   303.4654,   303.4428,   303.4350,   303.4480,   303.4409,   303.4347,   303.4299, 
  303.4431,   303.4483,   303.4545,   303.4654,   303.4427,   303.4350,   303.4480,   303.4409,   303.4347,   303.4299, 
  303.3660,   303.3559,   303.3673,   303.3808,   303.3472,   303.3401,   303.3572,   303.3567,   303.3374,   303.3288, 
  303.3660,   303.3559,   303.3673,   303.3808,   303.3472,   303.3401,   303.3572,   303.3567,   303.3374,   303.3288, 
  303.4369,   303.4262,   303.4384,   303.4564,   303.4209,   303.4126,   303.4324,   303.4341,   303.4131,   303.4030, 
  303.4368,   303.4262,   303.4384,   303.4564,   303.4209,   303.4126,   303.4323,   303.4341,   303.4131,   303.4030, 
  303.1720,   303.1540,   303.2617,   303.4096,   303.1839,   303.0229,   303.2140,   303.3851,   303.1124,   302.9476, 
  303.1720,   303.1540,   303.2617,   303.4096,   303.1839,   303.0229,   303.2140,   303.3851,   303.1124,   302.9476, 
  303.9612,   303.9525,   303.9627,   303.9718,   303.9611,   303.9562,   303.9611,   303.9620,   303.9661,   303.9601, 
  303.9611,   303.9525,   303.9627,   303.9718,   303.9611,   303.9562,   303.9611,   303.9620,   303.9661,   303.9601, 
  304.9420,   304.9404,   304.9431,   304.9629,   304.9541,   304.9528,   304.9646,   304.9760,   304.9858,   304.9815, 
  304.9420,   304.9404,   304.9431,   304.9629,   304.9541,   304.9528,   304.9646,   304.9760,   304.9858,   304.9815, 
  304.6295,   304.7292,   304.7272,   304.6720,   304.7293,   304.7255,   304.7232,   304.7358,   304.7255,   304.7243, 
  304.6295,   304.7292,   304.7272,   304.6720,   304.7293,   304.7255,   304.7232,   304.7358,   304.7255,   304.7243, 
  303.4796,   303.4889,   303.5757,   303.7015,   303.5638,   303.4843,   303.5529,   303.6587,   303.5250,   303.4895, 
  303.4796,   303.4889,   303.5757,   303.7015,   303.5638,   303.4843,   303.5529,   303.6587,   303.5250,   303.4895, 
  306.8846,   306.8752,   306.8902,   306.9208,   306.8619,   306.8489,   306.8780,   306.9000,   306.8497,   306.8325, 
  303.2292,   303.2170,   303.2296,   303.2760,   303.2140,   303.2086,   303.2207,   303.2506,   303.2382,   303.2338, 
  303.2293,   303.2170,   303.2296,   303.2760,   303.2140,   303.2086,   303.2207,   303.2506,   303.2382,   303.2338, 
  303.2293,   303.2170,   303.2296,   303.2760,   303.2140,   303.2086,   303.2207,   303.2506,   303.2382,   303.2338, 
  303.1647,   303.1495,   303.1570,   303.1793,   303.1427,   303.1369,   303.1497,   303.1714,   303.1383,   303.1323, 
  303.1647,   303.1495,   303.1570,   303.1793,   303.1427,   303.1369,   303.1496,   303.1714,   303.1383,   303.1323, 
  303.1647,   303.1495,   303.1570,   303.1793,   303.1427,   303.1369,   303.1497,   303.1714,   303.1383,   303.1323, 
  303.2309,   303.2189,   303.2254,   303.2445,   303.2126,   303.2072,   303.2189,   303.2346,   303.2082,   303.2027, 
  303.2309,   303.2189,   303.2254,   303.2445,   303.2126,   303.2072,   303.2189,   303.2346,   303.2082,   303.2027, 
  303.2309,   303.2189,   303.2254,   303.2445,   303.2126,   303.2072,   303.2189,   303.2346,   303.2082,   303.2027, 
  303.4431,   303.4483,   303.4545,   303.4654,   303.4427,   303.4350,   303.4480,   303.4409,   303.4347,   303.4298, 
  303.4431,   303.4483,   303.4545,   303.4654,   303.4427,   303.4350,   303.4480,   303.4409,   303.4347,   303.4299, 
  303.4431,   303.4483,   303.4545,   303.4654,   303.4427,   303.4350,   303.4480,   303.4409,   303.4347,   303.4298, 
  303.3660,   303.3559,   303.3673,   303.3808,   303.3471,   303.3401,   303.3572,   303.3567,   303.3374,   303.3287, 
  303.3660,   303.3559,   303.3673,   303.3808,   303.3471,   303.3401,   303.3572,   303.3567,   303.3374,   303.3287, 
  303.3660,   303.3559,   303.3673,   303.3808,   303.3471,   303.3401,   303.3571,   303.3566,   303.3374,   303.3287, 
  303.4369,   303.4262,   303.4384,   303.4564,   303.4209,   303.4126,   303.4324,   303.4341,   303.4131,   303.4030, 
  303.4369,   303.4262,   303.4384,   303.4564,   303.4209,   303.4126,   303.4324,   303.4341,   303.4131,   303.4030, 
  303.4369,   303.4262,   303.4384,   303.4564,   303.4209,   303.4126,   303.4324,   303.4341,   303.4131,   303.4030, 
  303.1720,   303.1540,   303.2617,   303.4096,   303.1839,   303.0229,   303.2140,   303.3851,   303.1124,   302.9476, 
  303.1720,   303.1540,   303.2617,   303.4096,   303.1839,   303.0229,   303.2140,   303.3851,   303.1124,   302.9476, 
  303.1720,   303.1540,   303.2617,   303.4096,   303.1839,   303.0229,   303.2140,   303.3852,   303.1124,   302.9476, 
  303.9611,   303.9525,   303.9627,   303.9718,   303.9611,   303.9562,   303.9611,   303.9620,   303.9661,   303.9601, 
  303.9611,   303.9525,   303.9627,   303.9718,   303.9611,   303.9562,   303.9611,   303.9620,   303.9661,   303.9601, 
  303.9611,   303.9525,   303.9627,   303.9718,   303.9611,   303.9562,   303.9611,   303.9619,   303.9660,   303.9601, 
  304.9420,   304.9404,   304.9431,   304.9629,   304.9541,   304.9528,   304.9647,   304.9760,   304.9858,   304.9815, 
  304.9420,   304.9404,   304.9431,   304.9629,   304.9541,   304.9528,   304.9646,   304.9760,   304.9858,   304.9815, 
  304.9420,   304.9404,   304.9431,   304.9629,   304.9541,   304.9528,   304.9646,   304.9760,   304.9858,   304.9815, 
  304.6295,   304.7292,   304.7272,   304.6720,   304.7292,   304.7255,   304.7232,   304.7358,   304.7255,   304.7243, 
  304.6295,   304.7292,   304.7272,   304.6720,   304.7293,   304.7255,   304.7232,   304.7358,   304.7255,   304.7243, 
  304.6295,   304.7292,   304.7272,   304.6720,   304.7292,   304.7255,   304.7232,   304.7358,   304.7255,   304.7243, 
  303.4796,   303.4889,   303.5757,   303.7015,   303.5638,   303.4843,   303.5529,   303.6587,   303.5250,   303.4895, 
  303.4796,   303.4889,   303.5757,   303.7015,   303.5638,   303.4843,   303.5529,   303.6587,   303.5250,   303.4895, 
  303.4796,   303.4889,   303.5757,   303.7015,   303.5638,   303.4843,   303.5529,   303.6587,   303.5250,   303.4895, 
  306.8846,   306.8752,   306.8902,   306.9208,   306.8619,   306.8488,   306.8780,   306.9000,   306.8497,   306.8324, 
  303.2292,   303.2170,   303.2296,   303.2760,   303.2140,   303.2086,   303.2207,   303.2506,   303.2382,   303.2338, 
  303.2292,   303.2169,   303.2296,   303.2760,   303.2140,   303.2086,   303.2207,   303.2506,   303.2382,   303.2337, 
  303.1647,   303.1495,   303.1570,   303.1793,   303.1427,   303.1369,   303.1496,   303.1714,   303.1383,   303.1323, 
  303.1647,   303.1495,   303.1570,   303.1793,   303.1427,   303.1369,   303.1497,   303.1714,   303.1383,   303.1323, 
  303.2309,   303.2189,   303.2254,   303.2445,   303.2126,   303.2072,   303.2189,   303.2346,   303.2082,   303.2027, 
  303.2309,   303.2189,   303.2254,   303.2445,   303.2126,   303.2072,   303.2189,   303.2346,   303.2082,   303.2027, 
  303.4431,   303.4484,   303.4545,   303.4654,   303.4428,   303.4350,   303.4480,   303.4409,   303.4347,   303.4299, 
  303.4431,   303.4483,   303.4545,   303.4654,   303.4427,   303.4350,   303.4480,   303.4409,   303.4346,   303.4298, 
  303.3660,   303.3559,   303.3673,   303.3808,   303.3471,   303.3401,   303.3571,   303.3566,   303.3374,   303.3287, 
  303.3660,   303.3559,   303.3673,   303.3808,   303.3471,   303.3401,   303.3572,   303.3567,   303.3374,   303.3287, 
  303.4369,   303.4262,   303.4384,   303.4564,   303.4209,   303.4126,   303.4324,   303.4341,   303.4131,   303.4030, 
  303.4368,   303.4262,   303.4384,   303.4564,   303.4209,   303.4126,   303.4323,   303.4341,   303.4131,   303.4030, 
  303.1720,   303.1540,   303.2617,   303.4096,   303.1839,   303.0229,   303.2140,   303.3851,   303.1124,   302.9476, 
  303.1720,   303.1540,   303.2617,   303.4096,   303.1839,   303.0229,   303.2140,   303.3851,   303.1124,   302.9476, 
  303.9611,   303.9525,   303.9627,   303.9718,   303.9611,   303.9562,   303.9611,   303.9620,   303.9661,   303.9601, 
  303.9611,   303.9525,   303.9627,   303.9718,   303.9611,   303.9562,   303.9611,   303.9619,   303.9660,   303.9601, 
  304.9420,   304.9404,   304.9431,   304.9629,   304.9541,   304.9528,   304.9646,   304.9760,   304.9858,   304.9815, 
  304.9420,   304.9404,   304.9431,   304.9629,   304.9541,   304.9528,   304.9646,   304.9760,   304.9858,   304.9815, 
  304.6295,   304.7292,   304.7272,   304.6720,   304.7292,   304.7255,   304.7232,   304.7358,   304.7255,   304.7243, 
  304.6295,   304.7292,   304.7272,   304.6720,   304.7292,   304.7255,   304.7232,   304.7358,   304.7255,   304.7243, 
  303.4796,   303.4889,   303.5757,   303.7015,   303.5638,   303.4843,   303.5529,   303.6587,   303.5250,   303.4895, 
  303.4796,   303.4889,   303.5757,   303.7015,   303.5638,   303.4843,   303.5529,   303.6587,   303.5250,   303.4895, 
    0.7092,     0.7041,     0.6990,     0.6958,     0.7004,     0.7054,     0.7017,     0.6989,     0.7023,     0.7036, 
    0.7289,     0.7235,     0.7180,     0.7149,     0.7200,     0.7244,     0.7213,     0.7184,     0.7221,     0.7220, 
    0.7419,     0.7363,     0.7308,     0.7278,     0.7329,     0.7372,     0.7342,     0.7312,     0.7350,     0.7347, 
    0.7934,     0.8045,     0.8076,     0.8205,     0.8025,     0.7988,     0.7993,     0.8145,     0.7981,     0.8033, 
    0.6860,     0.7074,     0.7099,     0.7289,     0.7057,     0.7052,     0.7053,     0.7104,     0.7052,     0.7223, 
    0.6485,     0.6728,     0.6829,     0.7059,     0.6803,     0.6708,     0.6749,     0.6858,     0.6743,     0.6853, 
    0.4984,     0.5214,     0.5342,     0.5558,     0.5358,     0.5144,     0.5233,     0.5319,     0.5212,     0.5190, 
    0.4645,     0.4828,     0.4891,     0.5063,     0.4904,     0.4728,     0.4805,     0.4820,     0.4779,     0.4761, 
    0.4235,     0.4315,     0.4297,     0.4364,     0.4306,     0.4235,     0.4271,     0.4252,     0.4266,     0.4245, 
    0.4027,     0.4064,     0.4012,     0.4035,     0.4026,     0.3999,     0.4015,     0.3986,     0.4020,     0.3996, 
    0.3769,     0.3836,     0.3776,     0.3809,     0.3846,     0.3798,     0.3802,     0.3827,     0.3809,     0.3802, 
    0.3794,     0.3852,     0.3804,     0.3844,     0.3853,     0.3817,     0.3820,     0.3841,     0.3818,     0.3829, 
    0.3817,     0.3872,     0.3830,     0.3877,     0.3867,     0.3840,     0.3841,     0.3858,     0.3831,     0.3858, 
    0.3880,     0.3925,     0.3892,     0.3943,     0.3916,     0.3898,     0.3898,     0.3909,     0.3881,     0.3921, 
    0.4065,     0.4092,     0.4071,     0.4105,     0.4087,     0.4075,     0.4076,     0.4082,     0.4064,     0.4090, 
    0.4224,     0.4236,     0.4225,     0.4244,     0.4234,     0.4227,     0.4229,     0.4230,     0.4222,     0.4235, 
    0.4387,     0.4383,     0.4382,     0.4386,     0.4384,     0.4383,     0.4385,     0.4381,     0.4384,     0.4383, 
    0.4748,     0.4721,     0.4731,     0.4736,     0.4736,     0.4727,     0.4736,     0.4725,     0.4740,     0.4732, 
    0.4864,     0.4831,     0.4843,     0.4856,     0.4853,     0.4837,     0.4850,     0.4837,     0.4854,     0.4848, 
    0.5318,     0.5264,     0.5282,     0.5323,     0.5308,     0.5269,     0.5295,     0.5273,     0.5299,     0.5300, 
    0.4497,     0.4428,     0.4483,     0.4507,     0.4492,     0.4458,     0.4493,     0.4449,     0.4492,     0.4480, 
    0.4348,     0.4276,     0.4338,     0.4359,     0.4344,     0.4311,     0.4347,     0.4299,     0.4345,     0.4331, 
    0.4127,     0.4050,     0.4122,     0.4139,     0.4124,     0.4092,     0.4130,     0.4076,     0.4127,     0.4110, 
    0.3975,     0.3898,     0.3974,     0.3988,     0.3974,     0.3943,     0.3981,     0.3925,     0.3978,     0.3959, 
    0.3497,     0.3434,     0.3495,     0.3510,     0.3505,     0.3478,     0.3508,     0.3458,     0.3507,     0.3486, 
    0.3212,     0.3159,     0.3213,     0.3227,     0.3226,     0.3203,     0.3228,     0.3183,     0.3230,     0.3209, 
    0.3045,     0.2998,     0.3046,     0.3061,     0.3064,     0.3041,     0.3064,     0.3020,     0.3067,     0.3045, 
    0.2649,     0.2615,     0.2650,     0.2667,     0.2677,     0.2658,     0.2674,     0.2635,     0.2679,     0.2654, 
    0.2490,     0.2470,     0.2493,     0.2516,     0.2526,     0.2514,     0.2525,     0.2489,     0.2529,     0.2505, 
    0.2104,     0.2126,     0.2110,     0.2156,     0.2164,     0.2178,     0.2174,     0.2150,     0.2173,     0.2150, 
    0.1889,     0.1901,     0.1897,     0.1932,     0.1932,     0.1960,     0.1943,     0.1924,     0.1935,     0.1912, 
    0.1743,     0.1753,     0.1760,     0.1788,     0.1783,     0.1812,     0.1790,     0.1770,     0.1780,     0.1759, 
    0.1543,     0.1555,     0.1580,     0.1600,     0.1587,     0.1611,     0.1584,     0.1560,     0.1573,     0.1558, 
    0.1438,     0.1449,     0.1470,     0.1485,     0.1471,     0.1493,     0.1468,     0.1448,     0.1460,     0.1446, 
    0.1308,     0.1319,     0.1334,     0.1343,     0.1327,     0.1348,     0.1325,     0.1310,     0.1320,     0.1309, 
    0.1278,     0.1288,     0.1273,     0.1312,     0.1293,     0.1294,     0.1289,     0.1288,     0.1289,     0.1288, 
    0.1438,     0.1446,     0.1427,     0.1471,     0.1454,     0.1450,     0.1449,     0.1452,     0.1451,     0.1453, 
    0.1555,     0.1563,     0.1545,     0.1585,     0.1571,     0.1567,     0.1566,     0.1570,     0.1568,     0.1570, 
    0.2941,     0.2921,     0.2932,     0.2910,     0.2917,     0.2945,     0.2908,     0.2940,     0.2938,     0.2914, 
    0.7906,     0.7846,     0.7789,     0.7758,     0.7812,     0.7853,     0.7823,     0.7793,     0.7832,     0.7822, 
    0.8473,     0.8413,     0.8357,     0.8328,     0.8380,     0.8412,     0.8384,     0.8358,     0.8393,     0.8370, 
    0.4385,     0.4245,     0.4204,     0.4225,     0.4106,     0.4189,     0.4236,     0.4107,     0.4125,     0.4113, 
    0.4385,     0.4245,     0.4204,     0.4225,     0.4106,     0.4189,     0.4236,     0.4107,     0.4125,     0.4113, 
    0.4430,     0.4277,     0.4222,     0.4246,     0.4124,     0.4215,     0.4273,     0.4128,     0.4142,     0.4135, 
    0.5653,     0.5412,     0.5336,     0.5365,     0.5219,     0.5321,     0.5427,     0.5201,     0.5204,     0.5207, 
    0.7061,     0.6770,     0.6648,     0.6672,     0.6530,     0.6649,     0.6745,     0.6511,     0.6509,     0.6527, 
    0.7386,     0.7486,     0.7454,     0.7383,     0.7267,     0.7359,     0.7386,     0.7264,     0.7242,     0.7285, 
    0.7790,     0.7991,     0.7862,     0.7815,     0.7801,     0.7780,     0.7648,     0.7730,     0.7760,     0.7713, 
    0.7856,     0.8019,     0.7823,     0.7817,     0.7768,     0.7730,     0.7670,     0.7730,     0.7735,     0.7695, 
    0.7938,     0.8046,     0.7781,     0.7824,     0.7743,     0.7682,     0.7699,     0.7731,     0.7710,     0.7681, 
    0.7883,     0.7937,     0.7743,     0.7795,     0.7738,     0.7668,     0.7698,     0.7742,     0.7692,     0.7682, 
    0.7449,     0.7405,     0.7669,     0.7626,     0.7754,     0.7724,     0.7645,     0.7788,     0.7669,     0.7705, 
    0.5736,     0.5635,     0.6064,     0.6215,     0.6522,     0.6343,     0.6099,     0.6615,     0.6683,     0.6744, 
    0.5639,     0.5535,     0.5971,     0.6134,     0.6451,     0.6263,     0.6010,     0.6548,     0.6627,     0.6688, 
    0.4765,     0.4620,     0.5049,     0.5328,     0.5691,     0.5448,     0.5111,     0.5823,     0.6021,     0.6082, 
    0.4394,     0.4252,     0.4539,     0.4837,     0.5127,     0.4914,     0.4572,     0.5265,     0.5522,     0.5563, 
    0.2974,     0.2543,     0.2192,     0.2399,     0.2310,     0.2227,     0.2035,     0.2379,     0.2718,     0.2636, 
    0.2930,     0.2345,     0.1911,     0.2022,     0.1869,     0.1804,     0.1711,     0.1889,     0.2147,     0.2038, 
    0.2915,     0.2280,     0.1819,     0.1898,     0.1725,     0.1665,     0.1605,     0.1728,     0.1960,     0.1841, 
    0.2876,     0.2205,     0.1776,     0.1855,     0.1654,     0.1586,     0.1540,     0.1630,     0.1840,     0.1720, 
    0.2784,     0.2081,     0.1779,     0.1906,     0.1661,     0.1564,     0.1512,     0.1582,     0.1761,     0.1651, 
    0.2715,     0.1996,     0.1781,     0.1936,     0.1670,     0.1553,     0.1495,     0.1549,     0.1697,     0.1596, 
    0.2687,     0.1958,     0.1783,     0.1952,     0.1672,     0.1547,     0.1487,     0.1535,     0.1673,     0.1575, 
    0.2649,     0.1907,     0.1785,     0.1974,     0.1676,     0.1539,     0.1476,     0.1515,     0.1640,     0.1547, 
    0.2609,     0.1853,     0.1787,     0.1998,     0.1679,     0.1530,     0.1464,     0.1495,     0.1606,     0.1518, 
    0.2546,     0.1767,     0.1791,     0.2034,     0.1685,     0.1516,     0.1445,     0.1463,     0.1552,     0.1471, 
    0.2466,     0.1665,     0.1796,     0.2078,     0.1692,     0.1499,     0.1423,     0.1425,     0.1487,     0.1416, 
    0.2294,     0.1717,     0.1857,     0.2056,     0.1701,     0.1564,     0.1523,     0.1528,     0.1551,     0.1496, 
    0.2204,     0.1746,     0.1894,     0.2047,     0.1712,     0.1604,     0.1581,     0.1585,     0.1579,     0.1535, 
    0.2110,     0.1777,     0.1927,     0.2034,     0.1716,     0.1639,     0.1636,     0.1642,     0.1616,     0.1581, 
    0.1880,     0.1853,     0.2009,     0.2002,     0.1727,     0.1726,     0.1772,     0.1783,     0.1708,     0.1695, 
    0.1841,     0.1865,     0.2022,     0.1997,     0.1728,     0.1741,     0.1795,     0.1807,     0.1723,     0.1714, 
    0.1696,     0.1838,     0.1971,     0.1843,     0.1600,     0.1641,     0.1710,     0.1709,     0.1625,     0.1632, 
    0.1394,     0.1735,     0.1795,     0.1433,     0.1242,     0.1327,     0.1418,     0.1382,     0.1319,     0.1360, 
    0.1396,     0.1459,     0.1517,     0.1038,     0.1050,     0.1020,     0.0999,     0.0979,     0.0944,     0.0975, 
    0.1405,     0.1446,     0.1531,     0.1092,     0.1106,     0.1070,     0.1043,     0.1033,     0.0992,     0.1026, 
    0.1415,     0.1432,     0.1547,     0.1153,     0.1169,     0.1125,     0.1092,     0.1095,     0.1046,     0.1084, 
    0.1420,     0.1425,     0.1555,     0.1182,     0.1199,     0.1152,     0.1115,     0.1124,     0.1072,     0.1111, 
    0.1436,     0.1402,     0.1580,     0.1280,     0.1300,     0.1241,     0.1193,     0.1222,     0.1158,     0.1203, 
    0.1363,     0.1321,     0.1504,     0.1274,     0.1303,     0.1242,     0.1190,     0.1226,     0.1165,     0.1201, 
    0.0838,     0.0846,     0.0962,     0.1012,     0.1081,     0.1031,     0.0973,     0.1019,     0.0998,     0.0964, 
    0.0935,     0.1017,     0.1158,     0.1214,     0.1260,     0.1208,     0.1146,     0.1219,     0.1150,     0.1120, 
    0.4566,     0.4392,     0.4334,     0.4364,     0.4233,     0.4328,     0.4397,     0.4240,     0.4251,     0.4246, 
    0.4789,     0.4591,     0.4527,     0.4560,     0.4423,     0.4529,     0.4606,     0.4419,     0.4436,     0.4431, 
    0.5122,     0.4907,     0.4841,     0.4871,     0.4731,     0.4836,     0.4926,     0.4723,     0.4732,     0.4730, 
    0.5397,     0.5397,     0.5407,     0.5384,     0.5371,     0.5371,     0.5365,     0.5360,     0.5365,     0.5363, 
    0.5397,     0.5397,     0.5407,     0.5384,     0.5371,     0.5371,     0.5365,     0.5360,     0.5365,     0.5363, 
    0.4947,     0.4949,     0.4961,     0.4952,     0.4943,     0.4945,     0.4953,     0.4945,     0.4938,     0.4931, 
    0.5964,     0.5960,     0.5999,     0.5990,     0.5983,     0.5973,     0.5989,     0.5981,     0.5972,     0.5963, 
    0.7335,     0.7327,     0.7417,     0.7472,     0.7441,     0.7432,     0.7442,     0.7430,     0.7430,     0.7433, 
    0.7518,     0.7503,     0.7616,     0.7698,     0.7646,     0.7633,     0.7644,     0.7645,     0.7643,     0.7643, 
    0.7536,     0.7520,     0.7635,     0.7720,     0.7665,     0.7652,     0.7663,     0.7666,     0.7664,     0.7664, 
    0.7744,     0.7765,     0.7761,     0.7915,     0.7877,     0.7849,     0.7847,     0.7873,     0.7853,     0.7876, 
    0.7759,     0.7794,     0.7749,     0.7919,     0.7890,     0.7859,     0.7853,     0.7882,     0.7857,     0.7888, 
    0.7193,     0.7171,     0.6992,     0.7281,     0.7169,     0.7129,     0.7057,     0.7128,     0.7149,     0.7192, 
    0.7011,     0.6955,     0.6776,     0.7070,     0.6956,     0.6908,     0.6841,     0.6917,     0.6942,     0.6986, 
    0.6807,     0.6705,     0.6542,     0.6828,     0.6724,     0.6665,     0.6615,     0.6692,     0.6717,     0.6761, 
    0.6430,     0.6242,     0.6111,     0.6382,     0.6294,     0.6214,     0.6198,     0.6277,     0.6302,     0.6345, 
    0.6022,     0.5806,     0.5716,     0.5959,     0.5901,     0.5809,     0.5817,     0.5892,     0.5914,     0.5944, 
    0.5730,     0.5548,     0.5491,     0.5706,     0.5687,     0.5590,     0.5611,     0.5674,     0.5692,     0.5700, 
    0.5304,     0.5173,     0.5166,     0.5334,     0.5377,     0.5275,     0.5310,     0.5357,     0.5368,     0.5346, 
    0.4310,     0.4283,     0.4377,     0.4446,     0.4545,     0.4442,     0.4482,     0.4517,     0.4519,     0.4459, 
    0.4074,     0.4069,     0.4185,     0.4231,     0.4329,     0.4227,     0.4262,     0.4300,     0.4300,     0.4237, 
    0.3951,     0.3957,     0.4085,     0.4119,     0.4216,     0.4114,     0.4147,     0.4186,     0.4186,     0.4122, 
    0.3824,     0.3842,     0.3982,     0.4003,     0.4100,     0.3999,     0.4028,     0.4069,     0.4068,     0.4003, 
    0.3726,     0.3754,     0.3902,     0.3914,     0.4010,     0.3910,     0.3937,     0.3979,     0.3977,     0.3912, 
    0.3626,     0.3663,     0.3821,     0.3823,     0.3919,     0.3819,     0.3844,     0.3887,     0.3884,     0.3818, 
    0.3259,     0.3341,     0.3523,     0.3476,     0.3557,     0.3462,     0.3477,     0.3523,     0.3517,     0.3453, 
    0.3170,     0.3293,     0.3461,     0.3370,     0.3421,     0.3331,     0.3341,     0.3386,     0.3378,     0.3321, 
    0.3031,     0.3218,     0.3364,     0.3205,     0.3205,     0.3124,     0.3128,     0.3175,     0.3161,     0.3112, 
    0.2926,     0.3159,     0.3284,     0.3074,     0.3035,     0.2962,     0.2961,     0.3008,     0.2990,     0.2950, 
    0.2874,     0.3116,     0.3226,     0.2992,     0.2943,     0.2881,     0.2878,     0.2919,     0.2906,     0.2869, 
    0.2736,     0.2967,     0.3016,     0.2718,     0.2664,     0.2652,     0.2645,     0.2657,     0.2669,     0.2647, 
    0.2676,     0.2896,     0.2918,     0.2602,     0.2547,     0.2556,     0.2547,     0.2547,     0.2570,     0.2554, 
    0.2583,     0.2796,     0.2779,     0.2422,     0.2365,     0.2405,     0.2394,     0.2375,     0.2415,     0.2407, 
    0.2497,     0.2695,     0.2681,     0.2343,     0.2285,     0.2325,     0.2310,     0.2291,     0.2331,     0.2325, 
    0.2379,     0.2555,     0.2547,     0.2240,     0.2181,     0.2217,     0.2198,     0.2179,     0.2220,     0.2216, 
    0.2204,     0.2349,     0.2351,     0.2088,     0.2027,     0.2058,     0.2033,     0.2014,     0.2056,     0.2054, 
    0.1820,     0.1895,     0.1916,     0.1756,     0.1694,     0.1713,     0.1675,     0.1658,     0.1701,     0.1704, 
    0.1516,     0.1538,     0.1576,     0.1491,     0.1427,     0.1436,     0.1388,     0.1371,     0.1416,     0.1423, 
    0.1548,     0.1534,     0.1619,     0.1557,     0.1555,     0.1549,     0.1524,     0.1492,     0.1531,     0.1556, 
    0.1576,     0.1559,     0.1645,     0.1583,     0.1584,     0.1578,     0.1556,     0.1525,     0.1559,     0.1585, 
    0.1652,     0.1634,     0.1708,     0.1651,     0.1649,     0.1647,     0.1629,     0.1603,     0.1624,     0.1650, 
    0.1734,     0.1714,     0.1778,     0.1723,     0.1719,     0.1720,     0.1706,     0.1685,     0.1692,     0.1720, 
    0.1874,     0.1860,     0.1902,     0.1870,     0.1871,     0.1867,     0.1861,     0.1864,     0.1851,     0.1873, 
    0.1874,     0.1862,     0.1903,     0.1876,     0.1879,     0.1872,     0.1866,     0.1873,     0.1861,     0.1882, 
    0.1789,     0.1796,     0.1838,     0.1828,     0.1842,     0.1824,     0.1816,     0.1840,     0.1830,     0.1841, 
    0.1673,     0.1694,     0.1741,     0.1732,     0.1750,     0.1730,     0.1717,     0.1743,     0.1733,     0.1740, 
    0.1553,     0.1586,     0.1637,     0.1629,     0.1650,     0.1628,     0.1610,     0.1639,     0.1629,     0.1632, 
    0.1940,     0.1919,     0.1874,     0.1834,     0.1844,     0.1838,     0.1811,     0.1829,     0.1831,     0.1825, 
    0.5089,     0.5080,     0.5107,     0.5093,     0.5086,     0.5082,     0.5088,     0.5085,     0.5081,     0.5075, 
    0.5422,     0.5411,     0.5444,     0.5429,     0.5423,     0.5416,     0.5426,     0.5422,     0.5417,     0.5409, 
    0.7298,     0.7295,     0.7294,     0.7281,     0.7302,     0.7312,     0.7293,     0.7291,     0.7307,     0.7310, 
    0.7298,     0.7295,     0.7294,     0.7281,     0.7302,     0.7312,     0.7293,     0.7291,     0.7307,     0.7310, 
    0.7298,     0.7295,     0.7294,     0.7281,     0.7302,     0.7312,     0.7293,     0.7291,     0.7307,     0.7310, 
  308.0173,   308.3491,   308.2091,   308.4106,   308.4761,   308.5060,   308.4419,   308.5531,   308.5177,   308.5750, 
  307.5081,   307.9390,   307.7634,   307.9934,   308.0736,   308.0925,   308.0450,   308.1371,   308.0898,   308.1653, 
  302.2569,   302.8059,   302.5942,   302.8820,   302.9385,   302.9300,   302.9229,   302.9679,   302.9040,   303.0002, 
  296.0422,   296.2812,   295.9508,   296.2421,   296.4632,   296.6388,   296.6752,   296.6443,   296.5730,   296.5809, 
  295.1981,   295.3301,   294.9264,   295.2232,   295.4658,   295.6557,   295.7395,   295.6157,   295.5843,   295.5560, 
  295.0476,   295.1705,   294.7846,   295.0887,   295.3232,   295.4977,   295.5970,   295.4601,   295.4362,   295.4033, 
  294.7456,   294.8502,   294.5001,   294.8187,   295.0369,   295.1805,   295.3109,   295.1479,   295.1390,   295.0967, 
  294.3660,   294.4475,   294.1425,   294.4793,   294.6772,   294.7818,   294.9513,   294.7555,   294.7656,   294.7114, 
  294.0606,   294.1237,   293.8549,   294.2064,   294.3878,   294.4611,   294.6621,   294.4398,   294.4651,   294.4015, 
  293.5999,   293.6349,   293.4208,   293.7944,   293.9511,   293.9772,   294.2256,   293.9634,   294.0117,   293.9338, 
  292.6182,   292.5453,   292.3878,   292.7755,   292.9297,   292.8845,   293.2025,   292.8590,   292.9569,   292.8571, 
  292.0611,   291.8936,   291.7186,   292.0731,   292.2803,   292.2237,   292.5533,   292.1636,   292.2895,   292.1799, 
  288.9855,   288.7664,   288.5015,   288.5460,   288.9552,   288.8199,   289.1066,   288.6609,   288.7814,   288.7144, 
  288.0676,   287.8948,   287.6027,   287.5412,   287.9964,   287.8418,   288.0994,   287.6657,   287.7614,   287.7180, 
  285.4932,   285.4795,   285.1348,   285.1351,   285.3533,   285.3564,   285.6037,   285.1608,   285.2418,   285.1902, 
  285.2606,   285.2614,   284.9115,   284.9174,   285.1147,   285.1321,   285.3781,   284.9344,   285.0138,   284.9615, 
  279.4838,   279.8294,   279.6802,   279.4966,   279.6853,   279.7861,   279.8211,   279.5795,   279.6172,   279.5044, 
  277.0323,   277.2711,   277.2798,   277.1380,   277.3670,   277.3182,   277.3909,   277.1603,   277.2361,   277.0319, 
  276.2094,   276.4130,   276.4766,   276.3451,   276.5897,   276.4872,   276.5738,   276.3463,   276.4369,   276.1998, 
  275.6106,   275.8105,   275.9033,   275.7903,   276.0162,   275.9012,   276.0009,   275.7730,   275.8723,   275.6240, 
  275.3489,   275.5512,   275.6545,   275.5516,   275.7636,   275.6483,   275.7547,   275.5257,   275.6285,   275.3775, 
  274.9098,   275.1160,   275.2369,   275.1509,   275.3398,   275.2239,   275.3415,   275.1105,   275.2194,   274.9637, 
  274.6444,   274.8531,   274.9846,   274.9089,   275.0837,   274.9675,   275.0919,   274.8597,   274.9723,   274.7137, 
  273.1136,   273.3345,   273.5286,   273.5084,   273.6028,   273.4855,   273.6498,   273.4101,   273.5452,   273.2689, 
  272.6550,   272.8795,   273.0924,   273.0895,   273.1595,   273.0420,   273.2178,   272.9763,   273.1177,   272.8365, 
  272.3778,   272.6045,   272.8288,   272.8363,   272.8916,   272.7740,   272.9567,   272.7141,   272.8593,   272.5751, 
  270.7867,   271.0405,   271.3143,   271.3141,   271.3210,   271.2399,   271.4288,   271.1797,   271.3425,   271.0512, 
  270.1168,   270.3853,   270.6771,   270.6682,   270.6589,   270.5966,   270.7836,   270.5321,   270.7009,   270.4088, 
  269.9238,   270.1965,   270.4934,   270.4821,   270.4680,   270.4111,   270.5977,   270.3455,   270.5161,   270.2237, 
  269.5379,   269.8153,   270.1243,   270.1059,   270.0798,   270.0373,   270.2220,   269.9688,   270.1445,   269.8501, 
  268.4545,   268.7553,   269.0932,   269.0621,   269.0084,   268.9968,   269.1783,   268.9215,   269.1068,   268.8112, 
  268.3549,   268.6578,   268.9983,   268.9660,   268.9099,   268.9011,   269.0823,   268.8251,   269.0114,   268.7156, 
  267.9657,   268.2689,   268.6184,   268.5816,   268.5148,   268.5177,   268.6967,   268.4396,   268.6283,   268.3325, 
  267.1214,   267.3421,   267.6749,   267.6331,   267.5369,   267.5815,   267.7333,   267.4960,   267.6742,   267.3802, 
  266.8635,   267.0607,   267.3879,   267.3448,   267.2409,   267.2968,   267.4409,   267.2093,   267.3838,   267.0907, 
  266.3363,   266.4854,   266.8021,   266.7608,   266.6375,   266.7200,   266.8478,   266.6209,   266.7927,   266.4975, 
  265.3679,   265.4227,   265.7220,   265.6756,   265.5185,   265.6488,   265.7440,   265.5417,   265.6997,   265.4079, 
  265.0990,   265.1289,   265.4231,   265.3750,   265.2100,   265.3522,   265.4391,   265.2431,   265.3970,   265.1063, 
  263.8554,   263.8268,   264.0625,   264.0195,   263.8586,   264.0019,   264.0753,   263.9027,   264.0541,   263.7900, 
  263.3503,   263.3155,   263.5168,   263.4778,   263.3344,   263.4589,   263.5363,   263.3701,   263.5247,   263.2776, 
  262.3228,   262.2753,   262.4068,   262.3759,   262.2680,   262.3544,   262.4400,   262.2866,   262.4478,   262.2353, 
  261.9063,   261.8509,   261.9554,   261.9307,   261.8319,   261.9063,   261.9919,   261.8463,   262.0099,   261.8121, 
  259.5896,   259.5724,   259.5542,   259.5159,   259.5093,   259.5341,   259.6366,   259.4828,   259.6422,   259.5230, 
  258.1766,   258.2176,   258.1406,   258.0728,   258.1330,   258.1482,   258.2580,   258.0779,   258.2260,   258.1547, 
  255.8955,   256.0133,   255.8728,   255.7822,   255.9295,   255.9421,   256.0559,   255.8448,   255.9628,   255.9562, 
  254.7676,   254.8811,   254.7671,   254.7046,   254.8604,   254.9086,   254.9986,   254.7916,   254.8777,   254.8769, 
  252.7365,   252.8440,   252.7764,   252.7666,   252.9357,   253.0483,   253.0937,   252.8954,   252.9232,   252.9332, 
  252.2906,   252.3967,   252.3395,   252.3407,   252.5133,   252.6398,   252.6758,   252.4792,   252.4943,   252.5067, 
  251.9913,   252.0965,   252.0461,   252.0547,   252.2298,   252.3655,   252.3953,   252.1997,   252.2064,   252.2203, 
  249.8343,   249.9787,   249.9453,   250.0693,   250.1935,   250.3123,   250.3267,   250.1417,   250.1534,   250.1308, 
  248.3992,   248.5703,   248.5500,   248.7522,   248.8355,   248.9353,   248.9445,   248.7692,   248.7876,   248.7350, 
  246.2941,   246.4759,   246.4380,   246.6903,   246.7305,   246.8035,   246.8256,   246.6518,   246.6914,   246.6026, 
  245.0007,   245.1667,   245.0699,   245.2781,   245.3076,   245.3618,   245.4143,   245.2317,   245.2944,   245.1932, 
  243.5045,   243.6464,   243.4846,   243.6478,   243.6630,   243.6937,   243.7823,   243.5907,   243.6808,   243.5668, 
  242.9960,   243.1321,   242.9475,   243.0919,   243.1038,   243.1257,   243.2275,   243.0317,   243.1306,   243.0111, 
  242.8253,   242.9586,   242.7668,   242.9053,   242.9157,   242.9353,   243.0412,   242.8441,   242.9463,   242.8250, 
  242.4823,   242.6098,   242.4035,   242.5303,   242.5377,   242.5525,   242.6666,   242.4671,   242.5757,   242.4510, 
  242.1462,   242.2579,   242.0488,   242.1566,   242.1626,   242.1756,   242.2899,   242.0901,   242.2003,   242.0755, 
  239.5581,   239.5403,   239.3215,   239.2744,   239.2744,   239.2791,   239.3806,   239.1805,   239.2960,   239.1746, 
  237.5540,   237.4337,   237.2297,   237.0837,   237.0746,   237.0772,   237.1625,   236.9648,   237.0834,   236.9691, 
  236.9702,   236.8172,   236.6493,   236.5030,   236.4866,   236.4968,   236.5687,   236.3731,   236.4914,   236.3852, 
  234.9750,   234.7113,   234.6663,   234.5202,   234.4784,   234.5130,   234.5404,   234.3526,   234.4694,   234.3903, 
  233.7431,   233.4039,   233.4410,   233.2894,   233.2321,   233.2794,   233.2775,   233.0997,   233.2142,   233.1548, 
  233.1147,   232.7402,   232.8163,   232.6640,   232.5990,   232.6547,   232.6379,   232.4629,   232.5770,   232.5264, 
  230.1703,   229.8020,   229.9923,   229.8559,   229.7413,   229.8345,   229.7889,   229.6982,   229.7516,   229.7147, 
  225.6175,   225.3526,   225.6613,   225.5092,   225.3402,   225.4414,   225.3348,   225.4664,   225.3887,   225.3438, 
  224.1157,   223.9181,   224.2429,   224.0768,   223.8982,   223.9846,   223.8540,   224.0844,   223.9544,   223.8940, 
  221.8134,   221.6719,   222.0193,   221.8548,   221.6669,   221.7296,   221.5768,   221.9189,   221.7212,   221.6398, 
  221.5556,   221.4075,   221.7562,   221.6000,   221.4097,   221.4700,   221.3211,   221.6625,   221.4652,   221.3821, 
  218.9133,   218.7205,   219.0835,   219.0043,   218.8094,   218.8407,   218.7169,   219.0618,   218.8424,   218.7399, 
  214.6605,   214.4267,   214.8646,   214.9190,   214.6489,   214.6718,   214.6819,   214.8539,   214.7671,   214.6022, 
  210.6713,   210.4809,   210.8660,   211.0020,   210.6802,   210.7051,   210.8644,   210.8307,   210.9325,   210.8162, 
  207.9348,   207.8555,   208.0405,   208.1763,   207.8754,   207.8947,   208.1356,   208.0022,   208.2188,   208.2678, 
  207.0800,   206.9940,   207.0398,   207.0298,   206.8747,   206.8507,   207.0339,   206.8220,   207.0519,   207.2317, 
  205.9297,   205.8366,   205.6558,   205.4210,   205.4984,   205.4036,   205.5124,   205.1526,   205.4105,   205.7907, 
  205.1087,   205.0136,   204.8188,   204.4957,   204.6839,   204.4161,   204.5096,   204.1857,   204.4051,   204.9327, 
  204.5063,   204.4228,   204.4396,   204.1690,   204.3613,   203.7767,   203.9282,   203.8376,   203.9436,   204.5770, 
  204.0836,   204.0093,   204.1783,   203.9463,   204.1372,   203.3356,   203.5280,   203.5998,   203.6241,   204.3319, 
  203.9100,   203.8899,   204.0867,   203.9005,   204.0533,   203.2335,   203.4371,   203.6164,   203.5742,   204.2548, 
  203.5049,   203.6846,   203.8973,   203.8586,   203.8721,   203.1165,   203.3455,   203.8169,   203.5786,   204.1113, 
  203.1689,   203.5149,   203.7402,   203.8241,   203.7218,   203.0196,   203.2698,   203.9842,   203.5829,   203.9924, 
  203.0444,   203.4743,   203.6577,   203.7859,   203.6440,   202.9815,   203.2229,   204.0475,   203.5708,   203.9366, 
  203.1696,   203.6544,   203.5486,   203.5635,   203.5054,   202.9914,   203.0816,   203.9508,   203.4693,   203.8477, 
  203.4182,   204.0681,   203.3388,   203.1050,   203.2279,   203.0188,   202.7866,   203.7821,   203.2681,   203.6695, 
  205.5875,   205.8816,   205.1282,   206.2354,   206.5670,   206.6741,   206.5195,   206.2830,   205.5889,   205.8557, 
  205.9738,   206.2069,   205.9199,   206.7631,   206.9225,   207.0833,   206.8684,   206.7605,   206.2140,   206.3475, 
  206.9150,   207.0188,   207.5032,   207.8859,   207.6948,   208.0089,   207.6512,   207.7542,   207.4857,   207.3439, 
  207.4583,   207.5190,   207.7640,   208.2190,   207.9331,   208.3955,   207.9645,   207.9991,   207.7609,   207.5346, 
  207.7900,   207.8243,   207.9232,   208.4223,   208.0786,   208.6315,   208.1558,   208.1486,   207.9288,   207.6510, 
  209.2395,   209.1588,   208.6190,   209.3110,   208.7144,   209.6629,   208.9917,   208.8020,   208.6627,   208.1596, 
  211.4598,   210.8135,   209.4998,   211.1222,   210.7905,   211.6323,   211.2623,   210.0609,   210.0718,   209.2175, 
  211.8479,   211.1932,   209.9736,   211.4328,   211.2845,   211.9036,   211.6353,   210.4790,   210.5406,   209.7720, 
  212.5529,   212.0125,   211.2799,   211.9808,   212.3446,   212.2852,   212.2578,   211.5087,   211.6960,   211.2884, 
  305.7955,   306.3260,   306.1079,   306.3679,   306.4529,   306.4615,   306.4423,   306.4941,   306.4384,   306.5311, 
  304.2567,   304.8044,   304.5840,   304.8554,   304.9316,   304.9318,   304.9209,   304.9617,   304.9044,   305.0009, 
  204.8249,   204.9582,   203.4219,   203.7053,   204.3955,   204.2925,   204.1263,   204.3067,   203.4613,   204.1811, 
  303.9998,   305.5690,   305.9694,   305.5864,   305.1530,   304.8268,   305.5828,   304.7344,   305.1156,   305.8133, 
  303.9614,   305.5690,   305.9694,   305.5864,   305.1530,   304.8268,   305.5828,   304.7344,   305.1156,   305.8133, 
  301.9408,   303.7317,   304.1739,   303.8911,   303.3788,   303.1042,   304.0464,   303.1149,   303.5185,   304.1393, 
  300.6201,   302.5089,   302.6273,   302.4858,   302.3717,   302.5260,   303.0467,   302.4921,   302.4930,   303.2478, 
  300.1889,   302.0760,   302.0790,   301.9928,   302.0121,   302.1982,   302.5749,   302.1866,   302.1117,   302.7560, 
  295.4418,   296.6374,   297.0992,   296.3183,   297.0308,   297.1382,   297.1915,   297.1767,   297.0409,   297.1507, 
  294.6699,   295.7653,   296.4441,   295.4981,   296.1932,   296.2986,   296.2786,   296.3392,   296.2040,   296.2466, 
  290.6655,   291.2299,   291.7300,   291.3325,   291.3838,   291.3805,   291.4796,   291.4704,   291.3531,   291.4272, 
  288.7722,   289.2414,   289.4189,   289.6033,   289.2428,   289.2138,   289.4551,   289.5635,   289.2666,   289.3675, 
  285.5250,   286.1410,   286.4157,   286.3694,   285.7540,   285.7643,   286.1330,   286.1048,   285.9378,   286.3199, 
  284.6217,   285.1643,   285.4489,   285.3220,   284.6884,   284.7215,   285.0820,   285.0332,   284.8526,   285.3150, 
  281.3167,   281.5824,   281.8900,   281.4830,   280.8007,   280.9086,   281.2360,   281.1162,   280.8819,   281.6152, 
  278.7449,   278.7562,   279.2047,   278.7162,   278.4121,   278.3932,   278.6388,   278.5817,   278.3097,   278.9390, 
  276.9320,   276.7699,   277.3117,   276.7755,   276.7427,   276.6380,   276.8163,   276.8176,   276.5251,   277.0493, 
  276.2622,   276.0111,   276.4943,   276.0244,   276.0338,   275.8807,   276.0745,   276.0183,   275.7180,   276.3223, 
  275.4553,   275.1263,   275.5290,   275.1406,   275.1929,   274.9807,   275.2074,   275.0648,   274.7493,   275.4889, 
  274.1423,   273.6891,   273.9576,   273.7150,   273.8185,   273.5239,   273.7948,   273.5174,   273.1996,   274.1283, 
  273.8634,   273.3817,   273.6208,   273.4066,   273.5269,   273.2111,   273.4921,   273.1917,   272.8636,   273.8414, 
  270.7820,   270.3468,   270.5644,   270.5446,   270.5507,   270.3174,   270.6131,   270.1530,   269.8383,   270.8864, 
  268.9021,   268.5918,   268.8930,   268.9055,   268.8218,   268.6655,   268.9326,   268.4896,   268.1942,   269.1939, 
  268.4311,   268.1562,   268.4855,   268.4986,   268.3925,   268.2578,   268.5139,   268.0824,   267.7944,   268.7754, 
  268.3363,   268.0686,   268.4035,   268.4167,   268.3062,   268.1757,   268.4297,   268.0004,   267.7140,   268.6911, 
  267.8596,   267.6277,   267.9910,   268.0049,   267.8717,   267.7630,   268.0060,   267.5883,   267.3094,   268.2675, 
  265.5004,   265.4893,   265.9323,   265.9987,   265.6966,   265.6934,   265.7206,   265.6028,   265.3651,   266.1775, 
  265.1661,   265.1910,   265.6337,   265.7156,   265.3802,   265.3939,   265.3549,   265.3282,   265.0993,   265.8796, 
  264.6043,   264.6957,   265.1372,   265.2519,   264.8597,   264.8910,   264.7612,   264.8727,   264.6535,   265.3832, 
  264.3777,   264.4936,   264.9349,   265.0602,   264.6459,   264.6880,   264.5143,   264.6866,   264.4736,   265.1815, 
  262.2904,   262.6256,   263.0725,   263.3181,   262.6650,   262.7968,   262.2399,   262.9632,   262.7911,   263.3219, 
  261.0256,   261.4391,   261.8623,   262.0988,   261.3632,   261.5065,   260.9552,   261.6273,   261.5986,   262.0981, 
  260.2525,   260.7096,   261.1155,   261.3472,   260.5622,   260.7110,   260.1709,   260.7969,   260.8641,   261.3423, 
  259.2023,   259.7277,   260.1140,   260.3473,   259.4898,   259.6348,   259.1223,   259.6691,   259.8749,   260.3243, 
  256.8322,   257.3193,   257.6150,   257.9177,   257.1963,   257.4902,   256.9124,   257.4676,   257.6542,   257.8377, 
  256.6096,   257.0604,   257.3376,   257.6609,   257.0116,   257.3468,   256.7484,   257.3359,   257.4502,   257.5722, 
  255.1196,   255.3348,   255.5052,   255.9834,   255.7582,   256.3922,   255.6584,   256.4652,   256.1065,   255.8139, 
  254.0634,   254.1019,   254.1898,   254.7609,   254.8918,   255.7311,   254.8938,   255.8597,   255.1548,   254.5625, 
  253.8185,   253.8260,   253.8937,   254.4866,   254.6959,   255.5815,   254.7225,   255.7244,   254.9356,   254.2807, 
  253.1129,   253.1218,   253.1282,   253.6906,   254.0809,   254.8218,   254.1122,   254.9002,   254.1210,   253.4640, 
  250.1969,   250.1676,   249.9146,   250.3472,   251.5095,   251.6526,   251.5120,   251.3995,   250.7196,   250.0437, 
  244.0272,   243.2950,   243.7358,   243.6830,   244.4309,   243.9011,   244.2969,   243.6585,   243.4228,   243.3562, 
  242.1194,   241.4042,   241.6836,   241.6077,   241.8363,   241.3880,   241.8264,   241.4975,   241.4818,   241.4371, 
  240.1362,   239.4191,   239.5654,   239.4733,   239.1070,   238.7672,   239.2578,   239.2466,   239.4589,   239.4226, 
  237.3134,   236.6337,   236.6879,   236.5173,   235.9393,   236.0158,   236.4423,   236.4867,   236.5368,   236.6471, 
  235.8345,   235.1703,   235.1646,   234.9677,   234.3293,   234.6028,   234.9964,   235.0436,   234.9883,   235.1744, 
  235.1201,   234.4247,   234.3974,   234.1930,   233.5645,   233.8756,   234.2571,   234.2870,   234.2082,   234.4192, 
  234.5957,   233.8576,   233.8147,   233.6127,   233.0230,   233.3220,   233.6999,   233.7023,   233.6170,   233.8381, 
  233.3517,   232.5090,   232.4288,   232.2324,   231.7391,   232.0072,   232.3799,   232.3098,   232.2130,   232.4550, 
  232.2583,   231.3234,   231.2094,   231.0168,   230.6099,   230.8509,   231.2159,   231.0833,   230.9793,   231.2381, 
  229.8670,   229.1237,   228.7681,   228.5739,   228.3382,   228.5392,   228.8894,   228.5952,   228.5414,   228.7525, 
  228.3493,   227.8874,   227.3163,   227.1250,   226.9982,   227.1692,   227.5101,   227.1031,   227.1074,   227.2431, 
  222.5657,   222.9505,   222.0957,   221.9168,   222.0815,   222.2666,   222.3124,   221.7190,   221.9354,   221.8080, 
  220.7845,   221.2623,   220.5521,   220.3671,   220.6617,   220.8092,   220.7168,   220.1485,   220.4111,   220.2260, 
  219.7260,   220.2038,   219.6437,   219.4496,   219.8392,   219.9449,   219.7676,   219.2361,   219.5131,   219.3066, 
  216.9780,   217.4630,   217.2864,   217.0711,   217.6995,   217.6973,   217.3048,   216.8746,   217.1786,   216.9226, 
  209.6451,   209.9415,   210.6295,   210.6405,   210.4096,   210.6733,   210.3141,   210.6608,   210.9585,   210.5727, 
  207.7616,   208.0926,   208.5614,   208.7444,   208.1485,   208.6480,   208.5017,   209.0841,   209.2794,   208.8768, 
  205.7153,   206.0984,   205.9982,   206.3812,   205.7795,   206.4387,   206.6593,   207.0674,   207.1905,   206.8312, 
  205.3514,   205.7503,   205.5626,   205.9507,   205.4667,   206.1072,   206.3764,   206.6215,   206.7760,   206.4394, 
  205.2034,   205.5827,   205.4554,   205.5336,   205.4603,   205.8452,   205.8862,   206.0378,   206.2543,   205.9227, 
  205.1093,   205.4688,   205.4063,   205.2000,   205.5165,   205.6391,   205.4765,   205.5493,   205.8118,   205.4976, 
  205.1537,   205.4933,   205.3850,   204.9289,   205.5892,   205.4798,   205.1051,   205.1827,   205.4383,   205.1434, 
  205.4986,   205.8439,   205.4318,   204.8887,   205.7629,   205.4732,   204.9724,   205.2175,   205.3031,   205.0859, 
  205.8414,   206.1964,   205.4765,   204.8448,   205.9138,   205.4707,   204.8319,   205.2497,   205.1750,   205.0258, 
  206.1350,   206.4983,   205.5149,   204.8071,   206.0431,   205.4687,   204.7115,   205.2773,   205.0652,   204.9744, 
  207.1508,   207.3799,   206.2934,   205.5694,   206.9802,   205.9636,   205.3885,   206.3001,   205.2532,   205.5052, 
  207.3504,   207.4491,   206.8561,   206.2692,   207.4474,   206.4069,   206.0230,   206.8515,   205.6304,   206.0084, 
  207.8508,   207.5763,   208.3160,   208.2934,   208.3553,   207.6409,   207.8748,   208.0433,   207.1075,   207.5925, 
  208.2629,   207.8953,   208.7197,   208.9029,   208.5438,   207.9937,   208.4510,   208.3771,   207.7380,   208.1459, 
  208.9004,   208.6393,   209.2901,   209.7042,   208.8570,   208.5161,   209.1189,   208.8397,   208.5892,   208.8692, 
  209.0918,   208.9451,   209.4399,   209.8813,   208.9624,   208.6577,   209.2293,   208.9494,   208.7906,   209.0102, 
  210.6401,   211.3973,   210.6806,   211.2872,   209.9571,   210.0244,   210.1861,   210.1549,   210.3514,   210.4223, 
  211.0613,   211.9287,   211.0373,   211.6156,   210.3430,   210.5239,   210.5041,   210.6767,   210.7084,   210.8868, 
  211.8492,   212.5764,   211.6302,   212.2406,   211.1614,   211.4746,   211.3147,   211.7764,   211.5812,   211.9037, 
  213.1088,   212.8333,   212.4075,   213.2569,   212.6836,   213.0343,   213.0847,   213.8030,   213.4295,   213.8551, 
    0.5340,     0.4993,     0.5038,     0.4932,     0.4944,     0.4970,     0.4967,     0.4912,     0.4962,     0.4872, 
    0.5265,     0.4877,     0.4923,     0.4793,     0.4814,     0.4852,     0.4849,     0.4785,     0.4845,     0.4744, 
    0.6230,     0.5678,     0.5730,     0.5508,     0.5579,     0.5661,     0.5623,     0.5557,     0.5666,     0.5517, 
    0.6452,     0.6816,     0.6771,     0.6573,     0.6622,     0.6613,     0.6460,     0.6483,     0.6463,     0.6414, 
    0.6290,     0.6855,     0.6840,     0.6603,     0.6701,     0.6779,     0.6464,     0.6654,     0.6506,     0.6554, 
    0.6317,     0.6902,     0.6888,     0.6624,     0.6728,     0.6819,     0.6474,     0.6687,     0.6517,     0.6580, 
    0.6372,     0.6999,     0.6988,     0.6666,     0.6784,     0.6900,     0.6495,     0.6755,     0.6538,     0.6633, 
    0.6442,     0.7124,     0.7117,     0.6721,     0.6856,     0.7005,     0.6522,     0.6844,     0.6566,     0.6702, 
    0.6500,     0.7228,     0.7224,     0.6766,     0.6916,     0.7092,     0.6545,     0.6917,     0.6590,     0.6759, 
    0.6592,     0.7390,     0.7391,     0.6838,     0.7009,     0.7227,     0.6580,     0.7032,     0.6626,     0.6849, 
    0.6439,     0.7379,     0.7419,     0.6941,     0.7012,     0.7286,     0.6553,     0.7087,     0.6591,     0.6829, 
    0.6059,     0.7025,     0.7128,     0.6947,     0.6821,     0.7089,     0.6416,     0.6931,     0.6445,     0.6619, 
    0.4690,     0.5026,     0.5118,     0.6748,     0.6123,     0.6210,     0.6113,     0.6161,     0.5974,     0.5767, 
    0.4380,     0.4395,     0.4438,     0.6651,     0.5962,     0.5960,     0.6082,     0.5927,     0.5863,     0.5546, 
    0.4612,     0.4341,     0.3854,     0.6548,     0.6038,     0.5433,     0.6179,     0.5493,     0.5599,     0.5385, 
    0.4635,     0.4335,     0.3795,     0.6538,     0.6045,     0.5379,     0.6189,     0.5450,     0.5573,     0.5369, 
    0.6192,     0.5527,     0.3751,     0.6754,     0.6553,     0.5213,     0.7037,     0.5489,     0.5673,     0.5477, 
    0.6842,     0.6028,     0.3613,     0.6674,     0.6827,     0.5573,     0.7356,     0.5697,     0.5732,     0.5540, 
    0.7090,     0.6230,     0.3534,     0.6637,     0.6948,     0.5719,     0.7486,     0.5773,     0.5749,     0.5565, 
    0.7200,     0.6304,     0.3464,     0.6589,     0.6978,     0.5751,     0.7484,     0.5780,     0.5774,     0.5593, 
    0.7232,     0.6316,     0.3425,     0.6560,     0.6976,     0.5745,     0.7457,     0.5767,     0.5782,     0.5604, 
    0.7288,     0.6338,     0.3357,     0.6510,     0.6973,     0.5735,     0.7410,     0.5745,     0.5796,     0.5621, 
    0.7323,     0.6351,     0.3315,     0.6479,     0.6972,     0.5728,     0.7381,     0.5732,     0.5804,     0.5632, 
    0.7520,     0.6402,     0.3007,     0.6248,     0.6948,     0.5651,     0.7174,     0.5607,     0.5814,     0.5661, 
    0.7594,     0.6430,     0.2920,     0.6183,     0.6945,     0.5636,     0.7112,     0.5579,     0.5830,     0.5683, 
    0.7640,     0.6447,     0.2866,     0.6142,     0.6942,     0.5626,     0.7074,     0.5561,     0.5841,     0.5696, 
    0.7108,     0.6259,     0.2451,     0.5654,     0.6680,     0.5215,     0.6497,     0.5186,     0.5634,     0.5521, 
    0.6779,     0.6155,     0.2271,     0.5421,     0.6534,     0.5003,     0.6201,     0.5003,     0.5533,     0.5434, 
    0.6680,     0.6123,     0.2216,     0.5351,     0.6491,     0.4940,     0.6112,     0.4949,     0.5502,     0.5408, 
    0.6451,     0.6025,     0.2078,     0.5170,     0.6384,     0.4768,     0.5896,     0.4799,     0.5395,     0.5311, 
    0.5835,     0.5831,     0.1747,     0.4735,     0.6112,     0.4372,     0.5341,     0.4461,     0.5207,     0.5150, 
    0.5775,     0.5812,     0.1715,     0.4693,     0.6085,     0.4334,     0.5286,     0.4428,     0.5189,     0.5134, 
    0.5529,     0.5724,     0.1593,     0.4518,     0.5973,     0.4176,     0.5064,     0.4290,     0.5105,     0.5058, 
    0.4833,     0.5273,     0.1405,     0.4021,     0.5591,     0.3755,     0.4554,     0.3836,     0.4650,     0.4622, 
    0.4618,     0.5139,     0.1350,     0.3872,     0.5474,     0.3632,     0.4400,     0.3700,     0.4517,     0.4495, 
    0.4232,     0.4942,     0.1248,     0.3638,     0.5321,     0.3449,     0.4165,     0.3497,     0.4320,     0.4310, 
    0.3275,     0.4347,     0.0998,     0.2969,     0.4800,     0.2883,     0.3473,     0.2881,     0.3714,     0.3725, 
    0.2999,     0.4176,     0.0927,     0.2778,     0.4650,     0.2724,     0.3276,     0.2706,     0.3544,     0.3562, 
    0.2243,     0.3734,     0.0777,     0.2284,     0.4020,     0.2237,     0.2666,     0.2188,     0.2901,     0.2901, 
    0.2103,     0.3667,     0.0772,     0.2211,     0.3788,     0.2132,     0.2531,     0.2076,     0.2698,     0.2676, 
    0.1790,     0.3519,     0.0759,     0.2049,     0.3275,     0.1900,     0.2230,     0.1828,     0.2248,     0.2178, 
    0.1629,     0.3449,     0.0752,     0.1969,     0.3035,     0.1783,     0.2083,     0.1708,     0.2030,     0.1935, 
    0.1354,     0.3542,     0.0898,     0.1983,     0.2223,     0.1470,     0.1650,     0.1440,     0.1425,     0.1208, 
    0.1539,     0.3988,     0.1110,     0.2312,     0.2051,     0.1457,     0.1617,     0.1513,     0.1393,     0.1092, 
    0.1844,     0.4543,     0.1466,     0.2693,     0.1693,     0.1406,     0.1498,     0.1565,     0.1319,     0.0896, 
    0.1964,     0.4486,     0.1515,     0.2501,     0.1629,     0.1360,     0.1424,     0.1452,     0.1282,     0.0870, 
    0.2219,     0.4351,     0.1617,     0.2068,     0.1481,     0.1256,     0.1251,     0.1196,     0.1195,     0.0809, 
    0.2287,     0.4318,     0.1644,     0.1959,     0.1444,     0.1230,     0.1208,     0.1132,     0.1174,     0.0794, 
    0.2336,     0.4295,     0.1663,     0.1882,     0.1418,     0.1211,     0.1178,     0.1087,     0.1159,     0.0784, 
    0.2529,     0.3852,     0.1655,     0.1499,     0.1297,     0.1145,     0.1107,     0.0966,     0.1050,     0.0771, 
    0.2652,     0.3420,     0.1613,     0.1179,     0.1196,     0.1103,     0.1053,     0.0886,     0.0963,     0.0772, 
    0.2808,     0.2820,     0.1583,     0.0866,     0.1121,     0.1099,     0.1026,     0.0848,     0.0889,     0.0829, 
    0.2840,     0.2615,     0.1602,     0.0959,     0.1184,     0.1184,     0.1069,     0.0941,     0.0925,     0.0931, 
    0.2883,     0.2315,     0.1642,     0.1097,     0.1289,     0.1311,     0.1147,     0.1073,     0.0985,     0.1080, 
    0.2907,     0.2202,     0.1654,     0.1153,     0.1324,     0.1361,     0.1170,     0.1128,     0.1003,     0.1140, 
    0.5433,     0.4962,     0.5024,     0.4855,     0.4891,     0.4942,     0.4923,     0.4870,     0.4944,     0.4821, 
    0.5742,     0.5229,     0.5293,     0.5102,     0.5150,     0.5216,     0.5185,     0.5139,     0.5224,     0.5086, 
    0.7369,     0.7959,     0.7467,     0.7358,     0.7923,     0.7807,     0.7800,     0.7675,     0.7689,     0.7563, 
    0.7362,     0.7959,     0.7467,     0.7358,     0.7923,     0.7807,     0.7800,     0.7675,     0.7689,     0.7563, 
    0.7529,     0.7909,     0.7656,     0.7329,     0.7959,     0.7752,     0.7634,     0.7648,     0.7644,     0.7574, 
    0.7311,     0.7944,     0.7861,     0.7465,     0.7871,     0.7822,     0.7673,     0.7670,     0.7664,     0.7493, 
    0.7215,     0.7974,     0.7954,     0.7547,     0.7891,     0.7874,     0.7717,     0.7720,     0.7719,     0.7499, 
    0.8650,     0.8829,     0.7997,     0.8610,     0.9106,     0.9094,     0.8864,     0.8859,     0.8794,     0.8507, 
    0.8813,     0.8947,     0.7997,     0.8839,     0.9336,     0.9326,     0.8976,     0.9016,     0.8928,     0.8565, 
    0.9087,     0.9150,     0.8645,     0.9447,     0.9787,     0.9750,     0.9530,     0.9826,     0.9556,     0.9405, 
    0.9007,     0.9188,     0.9010,     0.9330,     0.9705,     0.9694,     0.9434,     0.9722,     0.9661,     0.9438, 
    0.8821,     0.9093,     0.9017,     0.9166,     0.9588,     0.9572,     0.9175,     0.9526,     0.9485,     0.9118, 
    0.8743,     0.9110,     0.9003,     0.9147,     0.9560,     0.9559,     0.9169,     0.9512,     0.9473,     0.9078, 
    0.8391,     0.9206,     0.8909,     0.9051,     0.9430,     0.9495,     0.9143,     0.9448,     0.9420,     0.8893, 
    0.7996,     0.8920,     0.8441,     0.8543,     0.9113,     0.9263,     0.8792,     0.9265,     0.9288,     0.8255, 
    0.7650,     0.8645,     0.8033,     0.8089,     0.8831,     0.9053,     0.8481,     0.9091,     0.9154,     0.7708, 
    0.7476,     0.8273,     0.7625,     0.7679,     0.8518,     0.8737,     0.8148,     0.8769,     0.8845,     0.7321, 
    0.7235,     0.7750,     0.7076,     0.7126,     0.8093,     0.8304,     0.7699,     0.8327,     0.8413,     0.6821, 
    0.6796,     0.6781,     0.6091,     0.6114,     0.7327,     0.7504,     0.6892,     0.7517,     0.7585,     0.5941, 
    0.6698,     0.6552,     0.5864,     0.5872,     0.7145,     0.7327,     0.6696,     0.7316,     0.7403,     0.5730, 
    0.6073,     0.4747,     0.4078,     0.4250,     0.5695,     0.5764,     0.5211,     0.5652,     0.5721,     0.4265, 
    0.5850,     0.4058,     0.3365,     0.3718,     0.5040,     0.5065,     0.4570,     0.4878,     0.4994,     0.3696, 
    0.5802,     0.3921,     0.3212,     0.3624,     0.4891,     0.4902,     0.4432,     0.4703,     0.4829,     0.3576, 
    0.5792,     0.3892,     0.3180,     0.3604,     0.4860,     0.4869,     0.4403,     0.4667,     0.4795,     0.3551, 
    0.5741,     0.3746,     0.3018,     0.3504,     0.4703,     0.4696,     0.4256,     0.4482,     0.4619,     0.3423, 
    0.5612,     0.3135,     0.2339,     0.3092,     0.4152,     0.4102,     0.3944,     0.3701,     0.3915,     0.2893, 
    0.5618,     0.3084,     0.2275,     0.3058,     0.4133,     0.4074,     0.4001,     0.3632,     0.3853,     0.2843, 
    0.5628,     0.2967,     0.2160,     0.2984,     0.4077,     0.4033,     0.4066,     0.3490,     0.3743,     0.2760, 
    0.5633,     0.2929,     0.2113,     0.2960,     0.4062,     0.4013,     0.4107,     0.3439,     0.3697,     0.2723, 
    0.5692,     0.2536,     0.1628,     0.2707,     0.3951,     0.3864,     0.4552,     0.2932,     0.3264,     0.2366, 
    0.5917,     0.2630,     0.1676,     0.2951,     0.4425,     0.4393,     0.5029,     0.3512,     0.3600,     0.2622, 
    0.6073,     0.2708,     0.1730,     0.3132,     0.4770,     0.4779,     0.5365,     0.3949,     0.3847,     0.2824, 
    0.6311,     0.2773,     0.1790,     0.3371,     0.5267,     0.5371,     0.5838,     0.4595,     0.4210,     0.3132, 
    0.6920,     0.3514,     0.2245,     0.4297,     0.6621,     0.6931,     0.7029,     0.6381,     0.5506,     0.4321, 
    0.6971,     0.3698,     0.2354,     0.4442,     0.6748,     0.7077,     0.7112,     0.6556,     0.5695,     0.4515, 
    0.7331,     0.5093,     0.3223,     0.5642,     0.7704,     0.8184,     0.7788,     0.7876,     0.7131,     0.5996, 
    0.7638,     0.6145,     0.3841,     0.6497,     0.8453,     0.9059,     0.8250,     0.8910,     0.8246,     0.7161, 
    0.7697,     0.6418,     0.4004,     0.6719,     0.8636,     0.9271,     0.8367,     0.9164,     0.8506,     0.7446, 
    0.7696,     0.6587,     0.3881,     0.6591,     0.8709,     0.9192,     0.8441,     0.9001,     0.8383,     0.7405, 
    0.7724,     0.7395,     0.2922,     0.5779,     0.9123,     0.8758,     0.8765,     0.8006,     0.7717,     0.6959, 
    0.5831,     0.4384,     0.0368,     0.1681,     0.8579,     0.8723,     0.7747,     0.7474,     0.3776,     0.3139, 
    0.5065,     0.3037,     0.0440,     0.1852,     0.7916,     0.6582,     0.6436,     0.4844,     0.2494,     0.2307, 
  295.9891,   296.7090,   295.9237,   296.0892,   295.9297,   296.2310,   296.1721,   296.2080,   296.1277,   295.9297, 
  295.9583,   296.6777,   295.8416,   296.0368,   295.8896,   296.2210,   296.1611,   296.1829,   296.0987,   295.8930, 
  295.4459,   296.0390,   295.0545,   295.3580,   295.1664,   295.5440,   295.4457,   295.5582,   295.4397,   295.2395, 
  291.1617,   291.6591,   291.0829,   291.1275,   291.1173,   291.7305,   291.6287,   291.3022,   291.2766,   291.0389, 
  287.9148,   288.3200,   288.1554,   287.9731,   287.9626,   288.5782,   288.5789,   287.9465,   288.1068,   287.9080, 
  285.9474,   286.1810,   286.0665,   286.0195,   286.1612,   286.7288,   286.6925,   286.1768,   286.2469,   286.2023, 
  285.7701,   285.9687,   285.8788,   285.8471,   285.9795,   286.5565,   286.5502,   286.0559,   286.0954,   286.0646, 
  285.3232,   285.4334,   285.4055,   285.4126,   285.5214,   286.1220,   286.1913,   285.7510,   285.7137,   285.7175, 
  284.7346,   285.0370,   285.1432,   285.0199,   285.4106,   285.8615,   286.1359,   285.8402,   286.0390,   285.5486, 
  284.7934,   284.7964,   284.3297,   284.5861,   284.7818,   284.7259,   284.8615,   284.8864,   284.7109,   284.9172, 
  284.0190,   284.1939,   283.5717,   283.6808,   283.8208,   283.8315,   284.0704,   284.0845,   283.7447,   284.1015, 
  283.4158,   283.6443,   282.9347,   283.0497,   283.2054,   283.2530,   283.3214,   283.4277,   283.1104,   283.4946, 
  282.7508,   283.0383,   282.2325,   282.3539,   282.5268,   282.6150,   282.4955,   282.7036,   282.4112,   282.8256, 
  281.3749,   281.7823,   280.7840,   280.9223,   281.1312,   281.3030,   280.7974,   281.2127,   280.9737,   281.4458, 
  280.6471,   280.9750,   280.0998,   280.2924,   280.5283,   280.7540,   280.1543,   280.5134,   280.3745,   280.7584, 
  279.6349,   279.8523,   279.1481,   279.4165,   279.6898,   279.9905,   279.2599,   279.5409,   279.5413,   279.8023, 
  278.3870,   278.4689,   277.9734,   278.3315,   278.6562,   279.0449,   278.1537,   278.3399,   278.5115,   278.6207, 
  277.2340,   277.2233,   276.9093,   277.3129,   277.6399,   277.9969,   277.1715,   277.2635,   277.4686,   277.4807, 
  271.2220,   271.1164,   271.2809,   271.6148,   271.8393,   271.8713,   271.7996,   271.5221,   271.5925,   271.4879, 
  267.9163,   267.9576,   268.0572,   268.2187,   268.3737,   268.3692,   268.4475,   268.1409,   268.1917,   268.1538, 
  266.7656,   266.8567,   266.9223,   267.0233,   267.1462,   267.1300,   267.2320,   266.9405,   266.9904,   266.9684, 
  266.4474,   266.5522,   266.6084,   266.6927,   266.8068,   266.7873,   266.8958,   266.6085,   266.6581,   266.6406, 
  265.2825,   265.4015,   265.4250,   265.4710,   265.5507,   265.5206,   265.6498,   265.3764,   265.4305,   265.4095, 
  264.8724,   264.9509,   264.9703,   265.0291,   265.0918,   265.0614,   265.1920,   264.9271,   264.9885,   264.9418, 
  263.6216,   263.5765,   263.5833,   263.6814,   263.6920,   263.6608,   263.7957,   263.5564,   263.6403,   263.5155, 
  262.1215,   261.9284,   261.9200,   262.0652,   262.0134,   261.9811,   262.1211,   261.9127,   262.0235,   261.8050, 
  259.2198,   258.9238,   258.8199,   258.9793,   258.9604,   258.9979,   259.2686,   258.9194,   259.0389,   258.7818, 
  256.9972,   256.6661,   256.4845,   256.6336,   256.6737,   256.7803,   257.1782,   256.6781,   256.7941,   256.5424, 
  254.8625,   254.5656,   254.5389,   254.5702,   254.6738,   254.8669,   255.2210,   254.7849,   254.8518,   254.6886, 
  254.7263,   254.4315,   254.4148,   254.4386,   254.5462,   254.7450,   255.0962,   254.6641,   254.7278,   254.5703, 
  253.6393,   253.3573,   253.4246,   253.3876,   253.5362,   253.7721,   254.1033,   253.6935,   253.7360,   253.6188, 
  252.7981,   252.5294,   252.6580,   252.5750,   252.7487,   253.0193,   253.3325,   252.9476,   252.9709,   252.8879, 
  251.2948,   251.1171,   251.2480,   251.1261,   251.2810,   251.5772,   251.8344,   251.5696,   251.5561,   251.4935, 
  250.1871,   250.0910,   250.2024,   250.0607,   250.1878,   250.4954,   250.7052,   250.5468,   250.5051,   250.4494, 
  248.3351,   248.3743,   248.4553,   248.2802,   248.3604,   248.6889,   248.8172,   248.8368,   248.7471,   248.7047, 
  241.1668,   241.3736,   241.7751,   241.5623,   241.5040,   241.4640,   241.5836,   241.8295,   241.6042,   241.5649, 
  293.1140,   293.6488,   292.7865,   293.0484,   292.9347,   293.4804,   293.3459,   293.2630,   293.1582,   292.9416, 
  295.0716,   295.1446,   295.2970,   295.0504,   295.0076,   295.0992,   295.1779,   294.9515,   294.9084,   295.0428, 
  294.8781,   294.9706,   295.1011,   294.8673,   294.8636,   294.9725,   295.0412,   294.8139,   294.7841,   294.8766, 
  292.4709,   292.6143,   292.7159,   292.4897,   292.5562,   292.6459,   292.7231,   292.5322,   292.4871,   292.6012, 
  290.8347,   290.9169,   290.9403,   290.8860,   290.8908,   290.9285,   290.9745,   290.8856,   290.8514,   290.9018, 
  290.6877,   290.7817,   290.7947,   290.7493,   290.7596,   290.8002,   290.8428,   290.7576,   290.7213,   290.7698, 
  290.1962,   290.7079,   290.3386,   290.1062,   290.4176,   290.6790,   290.5865,   290.4065,   290.4030,   290.5866, 
  290.1204,   290.7430,   290.2711,   289.9855,   290.3804,   290.7040,   290.5738,   290.3659,   290.3743,   290.5897, 
  289.6401,   289.9052,   289.8246,   289.4144,   289.7348,   290.0320,   289.9889,   289.7746,   289.6168,   289.7627, 
  289.6056,   289.8682,   289.7861,   289.3795,   289.7018,   290.0023,   289.9581,   289.7484,   289.5849,   289.7260, 
  285.9207,   286.1677,   286.2736,   285.8135,   286.3333,   287.1242,   287.0159,   286.8519,   286.7453,   286.3024, 
  282.5139,   282.6267,   282.7680,   282.8479,   283.0080,   283.4895,   283.6087,   283.3354,   283.5619,   282.9675, 
  281.9704,   282.0630,   282.1522,   282.3608,   282.4207,   282.8175,   282.9604,   282.7020,   282.9934,   282.3690, 
  281.1842,   281.2476,   281.2614,   281.6562,   281.5711,   281.8455,   282.0228,   281.7859,   282.1710,   281.5034, 
  272.3510,   272.2073,   271.7590,   272.2226,   272.5174,   272.2391,   271.7209,   272.2238,   272.3717,   272.0992, 
  271.2003,   271.0578,   270.6872,   271.0608,   271.4094,   271.0798,   270.5652,   271.0747,   271.1919,   270.9396, 
  270.7514,   270.6089,   270.2693,   270.6071,   270.9761,   270.6265,   270.1132,   270.6253,   270.7305,   270.4867, 
  267.7487,   267.6214,   267.4751,   267.5238,   267.9386,   267.5128,   267.4056,   267.5822,   267.6565,   267.4162, 
  266.4373,   266.3548,   266.2558,   266.2116,   266.6206,   266.1921,   266.1946,   266.2853,   266.3484,   266.1150, 
  265.1668,   265.1662,   265.0693,   264.9748,   265.3446,   264.9513,   264.9889,   265.0575,   265.1167,   264.8945, 
  264.2801,   264.3352,   264.2512,   264.1064,   264.4566,   264.0814,   264.1483,   264.1983,   264.2527,   264.0369, 
  263.5705,   263.6709,   263.5916,   263.4158,   263.7467,   263.3891,   263.4774,   263.5136,   263.5650,   263.3568, 
  262.4467,   262.5990,   262.4991,   262.3250,   262.6164,   262.2840,   262.3865,   262.4133,   262.4726,   262.2600, 
  261.2550,   261.4503,   261.3159,   261.1699,   261.4088,   261.1015,   261.2073,   261.2335,   261.3084,   261.0900, 
  256.5293,   256.7838,   256.5952,   256.5742,   256.6710,   256.4568,   256.5309,   256.5035,   256.6940,   256.4652, 
  251.2073,   251.4269,   251.3733,   251.4469,   251.4797,   251.2771,   251.2626,   251.2111,   251.6207,   251.3456, 
  248.0225,   248.2517,   248.2929,   248.3812,   248.3933,   248.2168,   248.1602,   248.2084,   248.5683,   248.3466, 
  245.4616,   245.7126,   245.7919,   245.8896,   245.8867,   245.7903,   245.7062,   245.9039,   246.0466,   245.9653, 
  243.1566,   243.4536,   243.5617,   243.5987,   243.5864,   243.5783,   243.4883,   243.7534,   243.7670,   243.7357, 
  241.6987,   242.0396,   242.1598,   242.1221,   242.1053,   242.1624,   242.0791,   242.3489,   242.3166,   242.2773, 
  240.3861,   240.7653,   240.8985,   240.7942,   240.7721,   240.8911,   240.8117,   241.0903,   241.0130,   240.9656, 
  238.4912,   238.9455,   239.0513,   238.8719,   238.8435,   239.0249,   238.9881,   239.1999,   239.1127,   239.0879, 
  230.6062,   231.1143,   230.8921,   230.7371,   230.7542,   230.8353,   231.0292,   230.7158,   230.8324,   230.9651, 
  229.0235,   229.4179,   229.1651,   229.0526,   229.0922,   229.0855,   229.2833,   228.9446,   229.0858,   229.2228, 
  225.6904,   225.5930,   225.4584,   225.3737,   225.4684,   225.1611,   225.2966,   225.1553,   225.3497,   225.4418, 
  221.8079,   221.1091,   221.2235,   221.2688,   221.2793,   221.1107,   221.2291,   221.2947,   221.4253,   221.2756, 
  221.0337,   220.2406,   220.4068,   220.4825,   220.4562,   220.3107,   220.4267,   220.5298,   220.6244,   220.4554, 
  217.5764,   216.6213,   216.9993,   217.2450,   216.9269,   216.7868,   216.8885,   217.1059,   216.8970,   216.8940, 
  215.7800,   215.1386,   215.4911,   215.6840,   215.3967,   215.3497,   215.4543,   215.5480,   215.4162,   215.4455, 
  213.1954,   213.0054,   213.2573,   213.4276,   213.1966,   213.3233,   213.4686,   213.2922,   213.2574,   213.2940, 
  212.1923,   212.1727,   212.3671,   212.5454,   212.3412,   212.5424,   212.7112,   212.4100,   212.4091,   212.4359, 
  287.8256,   288.0310,   287.9856,   287.5705,   287.9953,   288.5463,   288.4214,   288.3672,   288.1419,   287.9786, 
  278.2981,   278.3109,   278.0461,   278.4872,   278.3884,   278.4404,   278.3251,   278.4544,   278.7481,   278.2926, 
    0.6390,     0.6296,     0.6643,     0.6483,     0.6562,     0.6666,     0.6758,     0.6614,     0.6469,     0.6632, 
    0.6363,     0.6292,     0.6621,     0.6463,     0.6552,     0.6670,     0.6762,     0.6606,     0.6461,     0.6620, 
    0.6262,     0.6316,     0.6584,     0.6373,     0.6478,     0.6610,     0.6740,     0.6487,     0.6379,     0.6537, 
    0.7586,     0.7711,     0.7400,     0.7585,     0.7449,     0.7681,     0.7726,     0.7540,     0.7509,     0.7599, 
    0.8910,     0.9064,     0.8787,     0.8950,     0.9051,     0.9219,     0.9086,     0.9060,     0.9048,     0.9000, 
    0.9695,     0.9810,     0.9869,     0.9763,     0.9935,     1.0279,     1.0253,     0.9943,     0.9983,     0.9960, 
    0.9706,     0.9805,     0.9857,     0.9772,     0.9923,     1.0273,     1.0266,     0.9967,     0.9989,     0.9974, 
    0.9733,     0.9792,     0.9823,     0.9796,     0.9891,     1.0259,     1.0298,     1.0028,     1.0007,     1.0009, 
    0.9498,     0.9667,     0.9379,     0.9396,     0.9589,     0.9943,     1.0119,     0.9929,     0.9731,     0.9852, 
    0.7112,     0.6855,     0.7313,     0.7526,     0.8011,     0.8784,     0.8609,     0.8097,     0.8069,     0.8190, 
    0.6478,     0.5953,     0.7142,     0.7444,     0.7904,     0.8757,     0.8395,     0.7853,     0.7869,     0.7897, 
    0.5893,     0.5162,     0.6893,     0.7133,     0.7530,     0.8284,     0.8084,     0.7490,     0.7452,     0.7453, 
    0.5221,     0.4255,     0.6609,     0.6777,     0.7101,     0.7740,     0.7728,     0.7074,     0.6973,     0.6943, 
    0.3776,     0.2295,     0.5981,     0.5986,     0.6154,     0.6548,     0.6945,     0.6156,     0.5918,     0.5821, 
    0.3597,     0.2271,     0.5664,     0.5479,     0.5570,     0.5825,     0.6451,     0.5575,     0.5302,     0.5249, 
    0.3334,     0.2236,     0.5200,     0.4735,     0.4714,     0.4765,     0.5727,     0.4723,     0.4397,     0.4409, 
    0.2982,     0.2191,     0.4589,     0.3754,     0.3592,     0.3370,     0.4769,     0.3601,     0.3206,     0.3303, 
    0.2851,     0.2298,     0.4194,     0.3172,     0.2980,     0.2686,     0.4072,     0.2973,     0.2628,     0.2756, 
    0.2458,     0.3069,     0.2965,     0.2077,     0.1917,     0.1875,     0.1953,     0.1884,     0.1869,     0.1939, 
    0.2096,     0.2744,     0.2540,     0.2158,     0.1903,     0.1949,     0.1794,     0.1897,     0.1880,     0.1910, 
    0.1981,     0.2463,     0.2375,     0.2145,     0.1863,     0.1941,     0.1813,     0.1854,     0.1849,     0.1875, 
    0.1946,     0.2379,     0.2325,     0.2141,     0.1851,     0.1939,     0.1818,     0.1841,     0.1840,     0.1865, 
    0.1848,     0.2116,     0.2175,     0.2147,     0.1836,     0.1956,     0.1868,     0.1816,     0.1829,     0.1840, 
    0.1857,     0.2112,     0.2175,     0.2171,     0.1870,     0.2000,     0.1925,     0.1840,     0.1858,     0.1852, 
    0.1888,     0.2096,     0.2174,     0.2253,     0.1986,     0.2148,     0.2116,     0.1919,     0.1955,     0.1893, 
    0.1932,     0.2074,     0.2172,     0.2371,     0.2154,     0.2362,     0.2391,     0.2033,     0.2094,     0.1951, 
    0.2084,     0.2181,     0.1993,     0.2320,     0.2435,     0.2567,     0.2445,     0.2195,     0.2171,     0.2114, 
    0.2241,     0.2328,     0.1763,     0.2169,     0.2673,     0.2679,     0.2318,     0.2318,     0.2168,     0.2275, 
    0.2162,     0.2255,     0.1538,     0.1827,     0.2280,     0.2230,     0.1907,     0.1972,     0.1893,     0.1964, 
    0.2157,     0.2250,     0.1522,     0.1802,     0.2251,     0.2197,     0.1878,     0.1947,     0.1873,     0.1942, 
    0.2103,     0.2209,     0.1378,     0.1584,     0.1987,     0.1907,     0.1609,     0.1727,     0.1698,     0.1744, 
    0.2059,     0.2170,     0.1254,     0.1396,     0.1770,     0.1660,     0.1385,     0.1537,     0.1547,     0.1575, 
    0.1921,     0.2003,     0.1174,     0.1271,     0.1553,     0.1482,     0.1241,     0.1377,     0.1416,     0.1452, 
    0.1791,     0.1841,     0.1140,     0.1217,     0.1418,     0.1411,     0.1199,     0.1293,     0.1343,     0.1395, 
    0.1903,     0.2307,     0.2176,     0.2342,     0.2000,     0.2354,     0.2252,     0.3032,     0.2356,     0.2393, 
    0.6917,     0.7011,     0.7053,     0.6957,     0.6936,     0.7070,     0.7234,     0.6933,     0.6911,     0.7064, 
    0.8645,     0.8673,     0.8646,     0.8697,     0.8720,     0.8711,     0.8715,     0.8731,     0.8724,     0.8733, 
    0.8682,     0.8709,     0.8680,     0.8732,     0.8757,     0.8749,     0.8752,     0.8767,     0.8765,     0.8760, 
    0.9348,     0.9370,     0.9339,     0.9401,     0.9388,     0.9397,     0.9378,     0.9376,     0.9386,     0.9369, 
    0.9902,     0.9975,     0.9948,     0.9948,     0.9964,     0.9994,     1.0011,     0.9970,     0.9946,     0.9978, 
    0.9917,     0.9988,     0.9972,     0.9963,     0.9976,     1.0005,     1.0024,     0.9981,     0.9957,     0.9987, 
    0.9506,     0.9461,     0.9522,     0.9607,     0.9525,     0.9477,     0.9515,     0.9509,     0.9506,     0.9502, 
    0.9389,     0.9313,     0.9391,     0.9505,     0.9398,     0.9330,     0.9372,     0.9378,     0.9379,     0.9367, 
    0.7986,     0.8108,     0.8085,     0.8156,     0.8097,     0.8025,     0.7953,     0.7932,     0.8018,     0.8243, 
    0.7967,     0.8092,     0.8069,     0.8140,     0.8082,     0.8008,     0.7936,     0.7912,     0.7996,     0.8233, 
    0.7657,     0.8217,     0.7957,     0.7922,     0.7950,     0.8508,     0.8112,     0.8163,     0.7718,     0.8269, 
    0.7847,     0.8293,     0.8377,     0.7971,     0.8038,     0.8999,     0.8872,     0.8067,     0.7630,     0.7936, 
    0.7797,     0.8253,     0.8371,     0.7904,     0.7976,     0.8897,     0.8891,     0.7983,     0.7593,     0.7812, 
    0.7721,     0.8192,     0.8363,     0.7801,     0.7880,     0.8742,     0.8921,     0.7855,     0.7536,     0.7623, 
    0.7113,     0.7176,     0.7881,     0.6978,     0.7283,     0.7165,     0.8053,     0.7405,     0.6605,     0.6831, 
    0.6959,     0.7054,     0.7618,     0.6766,     0.7121,     0.6946,     0.7823,     0.7283,     0.6409,     0.6675, 
    0.6893,     0.7000,     0.7506,     0.6676,     0.7052,     0.6853,     0.7725,     0.7231,     0.6325,     0.6608, 
    0.5929,     0.5998,     0.6239,     0.5595,     0.6176,     0.5769,     0.6520,     0.6337,     0.5318,     0.5647, 
    0.5390,     0.5429,     0.5557,     0.5016,     0.5670,     0.5230,     0.5893,     0.5797,     0.4771,     0.5072, 
    0.4788,     0.4787,     0.4831,     0.4420,     0.5085,     0.4720,     0.5240,     0.5152,     0.4200,     0.4413, 
    0.4319,     0.4287,     0.4243,     0.3945,     0.4640,     0.4318,     0.4724,     0.4659,     0.3752,     0.3891, 
    0.3909,     0.3848,     0.3741,     0.3527,     0.4243,     0.3962,     0.4278,     0.4220,     0.3351,     0.3429, 
    0.3526,     0.3439,     0.3253,     0.3143,     0.3825,     0.3641,     0.3852,     0.3747,     0.2988,     0.3069, 
    0.3226,     0.3124,     0.2864,     0.2859,     0.3462,     0.3415,     0.3527,     0.3334,     0.2739,     0.2863, 
    0.2155,     0.2032,     0.1686,     0.1877,     0.2249,     0.2719,     0.2502,     0.2172,     0.2141,     0.2512, 
    0.1708,     0.1677,     0.1686,     0.1982,     0.1949,     0.3163,     0.2486,     0.3340,     0.3544,     0.3756, 
    0.1875,     0.2093,     0.2378,     0.2879,     0.2398,     0.3908,     0.2950,     0.4739,     0.4769,     0.4691, 
    0.2358,     0.3027,     0.3619,     0.4235,     0.3332,     0.4665,     0.3679,     0.5694,     0.5274,     0.5222, 
    0.2778,     0.3932,     0.4632,     0.5182,     0.4096,     0.5202,     0.4261,     0.6301,     0.5600,     0.5544, 
    0.2998,     0.4481,     0.5103,     0.5464,     0.4438,     0.5346,     0.4503,     0.6383,     0.5639,     0.5567, 
    0.3219,     0.5083,     0.5636,     0.5800,     0.4818,     0.5527,     0.4770,     0.6501,     0.5711,     0.5628, 
    0.7389,     0.7852,     0.7653,     0.7730,     0.7752,     0.7805,     0.7618,     0.7715,     0.7504,     0.8037, 
    0.7553,     0.7687,     0.8324,     0.7568,     0.7739,     0.8102,     0.8760,     0.7690,     0.7346,     0.7317, 
  298.6065,   298.5010,   298.5473,   298.9129,   298.7694,   298.5666,   298.4407,   298.5653,   298.7105,   298.5061, 
  297.8025,   297.7198,   297.7744,   298.1291,   297.9849,   297.7910,   297.6602,   297.7732,   297.9326,   297.7253, 
  295.6397,   295.5625,   295.6166,   295.9569,   295.8186,   295.6279,   295.4982,   295.6139,   295.7741,   295.5689, 
  293.8273,   293.7520,   293.8057,   294.1451,   294.0087,   293.8156,   293.6868,   293.8024,   293.9622,   293.7591, 
  287.5825,   287.6125,   287.7816,   288.3185,   288.0554,   287.5402,   287.4533,   287.7924,   287.8932,   287.3127, 
  287.3132,   287.3961,   287.5169,   288.0304,   287.7608,   287.2662,   287.1822,   287.5136,   287.6129,   287.0308, 
  285.0060,   285.5261,   284.9705,   284.9935,   284.7812,   284.7715,   284.7461,   284.7316,   284.8869,   284.5367, 
  284.2813,   284.8645,   284.0143,   283.6404,   283.5035,   283.9058,   283.9305,   283.5850,   283.7741,   283.7694, 
  284.0744,   284.6425,   283.8147,   283.3579,   283.2092,   283.7049,   283.7389,   283.3258,   283.4930,   283.6007, 
  283.6070,   284.1429,   283.3650,   282.7303,   282.5542,   283.2542,   283.3084,   282.7460,   282.8650,   283.2191, 
  283.3961,   283.9166,   283.1615,   282.4423,   282.2542,   283.0497,   283.1133,   282.4811,   282.5775,   283.0466, 
  283.0284,   283.4857,   282.8889,   282.0938,   281.9093,   282.7138,   282.7179,   282.1465,   282.1367,   282.7213, 
  282.5469,   282.9151,   282.5584,   281.7591,   281.5641,   282.2509,   282.1508,   281.7691,   281.5797,   282.2890, 
  281.9753,   282.2376,   282.1661,   281.3617,   281.1542,   281.7013,   281.4775,   281.3211,   280.9184,   281.7758, 
  280.6741,   280.8123,   281.0745,   280.5287,   280.3549,   280.6877,   280.4015,   280.4053,   280.0435,   280.7604, 
  280.3364,   280.4563,   280.7657,   280.3208,   280.1637,   280.4539,   280.1789,   280.1803,   279.8942,   280.5155, 
  279.7097,   279.7958,   280.1927,   279.9351,   279.8089,   280.0200,   279.7660,   279.7627,   279.6172,   280.0610, 
  278.0904,   278.0909,   278.6648,   278.7860,   278.7700,   278.8053,   278.6165,   278.5872,   278.7088,   278.7889, 
  276.3096,   276.2139,   276.8380,   277.0632,   277.2616,   277.1828,   277.1005,   277.0179,   277.1524,   277.1024, 
  275.4359,   275.2943,   275.9426,   276.2190,   276.5233,   276.3886,   276.3587,   276.2492,   276.3906,   276.2767, 
  273.4570,   273.2794,   273.8361,   274.1650,   274.5142,   274.3633,   274.4308,   274.2214,   274.3458,   274.2030, 
  271.6834,   271.5152,   271.9020,   272.2393,   272.5113,   272.4118,   272.5540,   272.2348,   272.3232,   272.2235, 
  269.0027,   268.8176,   268.8761,   269.1254,   269.2311,   269.1971,   269.4136,   269.0513,   269.1491,   269.1176, 
  268.4676,   268.2769,   268.2635,   268.4871,   268.5554,   268.5336,   268.7615,   268.4013,   268.5060,   268.4883, 
  267.6125,   267.4131,   267.2848,   267.4670,   267.4755,   267.4732,   267.7193,   267.3625,   267.4783,   267.4827, 
  266.4060,   266.2350,   266.0782,   266.2376,   266.1908,   266.1798,   266.4392,   266.1245,   266.2433,   266.2457, 
  265.3443,   265.1987,   265.0186,   265.1573,   265.0627,   265.0448,   265.3141,   265.0367,   265.1584,   265.1588, 
  265.0749,   264.9359,   264.7498,   264.8835,   264.7766,   264.7567,   265.0289,   264.7609,   264.8832,   264.8831, 
  264.9020,   264.7658,   264.5756,   264.7048,   264.5910,   264.5698,   264.8462,   264.5831,   264.7030,   264.7049, 
  262.8302,   262.7651,   262.5902,   262.6799,   262.5350,   262.5084,   262.7705,   262.5662,   262.6731,   262.6706, 
  259.4969,   259.5712,   259.4937,   259.5194,   259.4107,   259.3857,   259.5826,   259.4490,   259.5102,   259.5001, 
  256.5407,   256.7069,   256.6308,   256.6111,   256.5460,   256.5244,   256.6732,   256.5942,   256.5910,   256.5938, 
  255.7434,   255.9354,   255.8589,   255.8274,   255.7732,   255.7533,   255.8887,   255.8249,   255.8040,   255.8103, 
  253.9547,   254.1923,   254.1024,   254.0616,   253.9941,   253.9779,   254.0960,   254.0647,   254.0225,   254.0371, 
  253.5314,   253.7795,   253.6834,   253.6425,   253.5661,   253.5521,   253.6672,   253.6440,   253.5984,   253.6152, 
  253.2473,   253.5017,   253.4021,   253.3611,   253.2792,   253.2660,   253.3793,   253.3614,   253.3139,   253.3320, 
  252.9618,   253.2225,   253.1194,   253.0783,   252.9909,   252.9785,   253.0901,   253.0774,   253.0279,   253.0474, 
  248.3310,   248.6523,   248.5487,   248.4954,   248.3477,   248.3497,   248.4378,   248.4971,   248.4161,   248.4540, 
  246.2652,   246.5870,   246.5195,   246.4521,   246.2964,   246.3038,   246.3847,   246.4648,   246.3745,   246.4166, 
  243.2933,   243.5789,   243.5501,   243.4568,   243.3430,   243.3617,   243.4291,   243.5041,   243.4046,   243.4555, 
  240.6992,   240.9398,   240.9394,   240.8220,   240.7652,   240.7942,   240.8488,   240.9063,   240.8010,   240.8606, 
  236.8587,   236.9846,   236.9863,   236.8709,   236.8559,   236.8934,   236.9482,   236.9677,   236.8826,   236.9440, 
  234.7349,   234.8015,   234.8003,   234.6924,   234.6901,   234.7269,   234.7831,   234.7872,   234.7160,   234.7751, 
  232.3134,   232.3338,   232.3297,   232.2477,   232.2274,   232.2489,   232.3058,   232.3213,   232.2644,   232.3138, 
  226.5626,   226.4221,   226.5189,   226.4659,   226.4127,   226.4151,   226.4654,   226.5078,   226.4665,   226.4961, 
  218.4524,   218.5347,   218.8441,   218.7152,   218.7679,   218.8787,   218.7631,   218.6550,   218.8621,   218.8027, 
  216.8354,   217.1659,   217.3419,   217.2206,   217.3759,   217.5292,   217.3083,   217.1037,   217.4734,   217.3464, 
  216.7896,   217.1142,   217.2681,   217.1515,   217.3229,   217.4739,   217.2509,   217.0346,   217.4154,   217.2814, 
  216.3147,   216.5845,   216.4538,   216.3996,   216.7395,   216.8896,   216.6274,   216.2642,   216.7715,   216.5486, 
  215.9648,   216.1809,   215.8669,   215.8774,   216.3204,   216.4566,   216.1850,   215.7369,   216.3010,   216.0263, 
  215.7845,   215.9301,   215.6438,   215.7278,   216.1423,   216.2233,   216.0236,   215.6293,   216.0694,   215.8185, 
  215.7327,   215.8588,   215.5817,   215.6861,   216.0912,   216.1586,   215.9789,   215.5981,   216.0024,   215.7587, 
  215.6496,   215.7407,   215.4972,   215.5932,   215.9688,   216.0459,   215.9138,   215.5836,   215.8802,   215.6648, 
  215.5288,   215.5690,   215.3789,   215.4554,   215.7865,   215.8825,   215.8235,   215.5692,   215.7020,   215.5299, 
  215.4935,   215.5190,   215.3447,   215.4153,   215.7340,   215.8346,   215.7983,   215.5655,   215.6502,   215.4905, 
  215.3511,   215.3409,   215.2062,   215.2392,   215.5368,   215.6432,   215.6561,   215.5146,   215.4625,   215.3505, 
  215.1524,   215.1081,   215.0106,   214.9798,   215.2701,   215.3699,   215.4293,   215.4220,   215.2138,   215.1660, 
  214.5481,   214.4673,   214.5229,   214.3362,   214.5994,   214.6231,   214.7806,   215.1172,   214.5620,   214.7135, 
  214.3537,   214.2837,   214.4004,   214.1795,   214.4334,   214.4131,   214.5881,   215.0204,   214.3887,   214.6099, 
  214.0873,   214.0323,   214.2353,   213.9684,   214.2067,   214.1261,   214.3269,   214.8891,   214.1523,   214.4673, 
  213.9211,   213.8218,   214.0918,   213.8241,   214.0520,   213.8963,   214.1079,   214.7625,   213.9914,   214.3582, 
  213.4754,   213.0630,   213.5388,   213.3567,   213.4832,   212.9725,   213.1333,   214.1218,   213.3866,   213.8563, 
  213.5598,   213.0580,   213.5067,   213.3556,   213.3733,   212.7859,   212.8373,   213.8748,   213.2360,   213.6569, 
  213.7194,   213.7553,   212.6382,   213.7751,   213.4230,   213.5498,   212.9648,   212.7808,   213.0324,   212.7444, 
  213.6494,   213.6428,   212.4604,   213.5884,   213.3865,   213.4823,   213.1478,   212.6476,   213.0061,   212.6685, 
  213.7162,   213.5306,   212.4595,   213.4127,   213.4768,   213.4501,   213.6635,   212.5326,   213.1767,   212.6964, 
  214.0479,   213.6459,   212.9900,   213.6203,   213.7719,   213.5857,   214.1244,   212.7349,   213.5855,   212.9770, 
  217.3989,   217.0436,   218.1520,   217.4380,   217.3298,   216.6271,   216.6464,   216.9600,   217.7338,   217.0650, 
  214.0579,   213.8209,   213.7604,   214.0341,   213.6579,   213.3407,   212.6315,   213.4217,   213.2859,   213.2404, 
  285.7076,   285.6848,   285.6959,   285.6727,   285.6499,   285.6528,   285.6521,   285.6524,   285.6350,   285.6469, 
  290.4494,   290.3056,   290.3523,   290.3025,   290.0000,   290.1297,   290.0969,   290.1006,   289.8554,   289.8709, 
  285.7076,   285.6848,   285.6959,   285.6727,   285.6499,   285.6528,   285.6521,   285.6524,   285.6350,   285.6469, 
  290.3121,   290.1720,   290.2481,   290.2138,   289.9518,   290.0274,   290.0329,   290.0617,   289.8111,   289.8330, 
  285.7076,   285.6848,   285.6960,   285.6728,   285.6500,   285.6528,   285.6521,   285.6524,   285.6350,   285.6469, 
  290.3121,   290.1720,   290.2481,   290.2137,   289.9518,   290.0274,   290.0329,   290.0617,   289.8111,   289.8330, 
    0.4898,     0.4670,     0.4733,     0.5166,     0.4959,     0.4803,     0.4797,     0.4609,     0.4564,     0.4601, 
    0.4936,     0.4686,     0.4744,     0.5195,     0.4975,     0.4831,     0.4830,     0.4613,     0.4548,     0.4608, 
    0.5393,     0.5111,     0.5164,     0.5657,     0.5410,     0.5268,     0.5274,     0.5013,     0.4920,     0.5011, 
    0.5871,     0.5564,     0.5607,     0.6096,     0.5830,     0.5733,     0.5742,     0.5432,     0.5317,     0.5443, 
    0.4458,     0.4632,     0.4400,     0.6022,     0.5809,     0.5203,     0.5146,     0.4793,     0.4911,     0.5340, 
    0.4280,     0.4396,     0.4273,     0.5997,     0.5755,     0.5015,     0.4972,     0.4671,     0.4926,     0.5080, 
    0.2545,     0.2331,     0.3394,     0.6027,     0.5615,     0.3767,     0.3520,     0.4412,     0.4782,     0.2963, 
    0.2189,     0.2077,     0.3401,     0.6092,     0.5829,     0.3714,     0.3336,     0.5093,     0.4629,     0.2809, 
    0.2256,     0.2167,     0.3393,     0.6001,     0.5840,     0.3591,     0.3345,     0.5192,     0.4721,     0.2875, 
    0.2406,     0.2370,     0.3376,     0.5791,     0.5859,     0.3308,     0.3364,     0.5421,     0.4938,     0.3032, 
    0.2478,     0.2467,     0.3367,     0.5692,     0.5871,     0.3176,     0.3373,     0.5529,     0.5036,     0.3105, 
    0.2726,     0.2707,     0.3529,     0.5618,     0.5801,     0.3224,     0.3459,     0.5544,     0.5143,     0.3313, 
    0.3140,     0.3074,     0.3828,     0.5391,     0.5488,     0.3364,     0.3613,     0.5366,     0.5124,     0.3580, 
    0.3647,     0.3523,     0.4195,     0.5114,     0.5104,     0.3535,     0.3802,     0.5147,     0.5101,     0.3907, 
    0.4304,     0.4189,     0.4624,     0.4910,     0.4769,     0.3877,     0.4045,     0.4869,     0.4910,     0.4249, 
    0.4412,     0.4317,     0.4684,     0.4914,     0.4752,     0.3960,     0.4085,     0.4824,     0.4841,     0.4287, 
    0.4618,     0.4562,     0.4797,     0.4921,     0.4720,     0.4119,     0.4160,     0.4739,     0.4710,     0.4357, 
    0.4988,     0.5037,     0.4993,     0.4888,     0.4601,     0.4390,     0.4292,     0.4532,     0.4415,     0.4459, 
    0.4860,     0.5026,     0.4878,     0.4681,     0.4346,     0.4205,     0.4217,     0.4354,     0.4242,     0.4296, 
    0.4790,     0.5021,     0.4814,     0.4567,     0.4207,     0.4105,     0.4178,     0.4258,     0.4149,     0.4209, 
    0.4598,     0.5065,     0.4741,     0.4480,     0.4123,     0.4070,     0.4140,     0.4234,     0.4150,     0.4211, 
    0.4380,     0.5152,     0.4725,     0.4525,     0.4217,     0.4184,     0.4142,     0.4356,     0.4314,     0.4364, 
    0.3835,     0.5205,     0.4757,     0.4655,     0.4378,     0.4329,     0.4191,     0.4535,     0.4466,     0.4539, 
    0.3694,     0.5209,     0.4773,     0.4692,     0.4416,     0.4359,     0.4209,     0.4574,     0.4490,     0.4572, 
    0.3446,     0.5216,     0.4800,     0.4756,     0.4484,     0.4411,     0.4239,     0.4644,     0.4532,     0.4629, 
    0.3582,     0.5211,     0.4839,     0.4822,     0.4616,     0.4561,     0.4359,     0.4760,     0.4658,     0.4755, 
    0.3715,     0.5203,     0.4872,     0.4881,     0.4737,     0.4701,     0.4471,     0.4865,     0.4775,     0.4870, 
    0.3754,     0.5202,     0.4883,     0.4900,     0.4774,     0.4743,     0.4504,     0.4897,     0.4810,     0.4905, 
    0.3765,     0.5182,     0.4880,     0.4906,     0.4794,     0.4765,     0.4519,     0.4916,     0.4828,     0.4924, 
    0.3687,     0.4820,     0.4761,     0.4797,     0.4876,     0.4851,     0.4616,     0.4908,     0.4824,     0.4911, 
    0.2983,     0.3603,     0.4216,     0.4198,     0.4703,     0.4619,     0.4526,     0.4488,     0.4376,     0.4436, 
    0.2825,     0.3228,     0.3829,     0.3787,     0.4484,     0.4329,     0.4320,     0.4072,     0.4067,     0.4034, 
    0.2778,     0.3106,     0.3706,     0.3659,     0.4415,     0.4235,     0.4252,     0.3940,     0.3969,     0.3907, 
    0.2840,     0.3014,     0.3589,     0.3499,     0.4341,     0.4134,     0.4182,     0.3776,     0.3834,     0.3729, 
    0.2898,     0.3034,     0.3602,     0.3503,     0.4345,     0.4134,     0.4181,     0.3771,     0.3828,     0.3721, 
    0.2929,     0.3041,     0.3601,     0.3493,     0.4342,     0.4130,     0.4179,     0.3760,     0.3816,     0.3704, 
    0.2962,     0.3047,     0.3601,     0.3484,     0.4339,     0.4126,     0.4176,     0.3747,     0.3803,     0.3687, 
    0.3493,     0.3166,     0.3473,     0.3282,     0.4138,     0.3946,     0.3994,     0.3489,     0.3546,     0.3399, 
    0.3709,     0.3235,     0.3288,     0.3141,     0.3908,     0.3782,     0.3811,     0.3329,     0.3393,     0.3260, 
    0.3827,     0.3278,     0.3025,     0.2980,     0.3566,     0.3498,     0.3498,     0.3101,     0.3198,     0.3085, 
    0.3806,     0.3270,     0.2729,     0.2818,     0.3174,     0.3150,     0.3118,     0.2841,     0.2989,     0.2894, 
    0.3578,     0.3235,     0.2551,     0.2686,     0.2908,     0.2879,     0.2834,     0.2648,     0.2805,     0.2719, 
    0.6811,     0.6780,     0.6815,     0.6843,     0.6753,     0.6758,     0.6776,     0.6795,     0.6743,     0.6735, 
    0.6811,     0.6780,     0.6815,     0.6843,     0.6753,     0.6758,     0.6776,     0.6795,     0.6743,     0.6735, 
    0.6811,     0.6780,     0.6815,     0.6843,     0.6753,     0.6758,     0.6776,     0.6795,     0.6743,     0.6735, 
