Note (2018.08.22) This script is outputed from enkf_obsmond.f90
obtype, obfit_prior,          ob,  ensmean_ob
    sm,     -0.0053,      0.2530,      0.2583
    sm,     -0.0633,      0.1640,      0.2273
    sm,      0.0758,      0.3810,      0.3052
    sm,     -0.1374,      0.0740,      0.2114
    sm,     -0.0947,      0.2400,      0.3347
    sm,      0.0457,      0.3550,      0.3093
    sm,     -0.0144,      0.1960,      0.2104
    sm,     -0.1370,      0.0600,      0.1970
    sm,      0.0619,      0.2480,      0.1861
    sm,     -0.0328,      0.1580,      0.1908
    sm,     -0.1543,      0.0930,      0.2473
    sm,     -0.1345,      0.1350,      0.2695
    sm,     -0.1595,      0.0930,      0.2525
    sm,      0.0529,      0.2250,      0.1721
    sm,     -0.0498,      0.2240,      0.2738
    sm,     -0.2091,      0.1130,      0.3221
    sm,      0.0780,      0.3160,      0.2380
    sm,      0.0239,      0.2370,      0.2131
    sm,      0.0260,      0.2660,      0.2400
    sm,      0.0736,      0.2950,      0.2214
    sm,      0.0348,      0.2530,      0.2182
    sm,     -0.0692,      0.0770,      0.1462
    sm,     -0.0067,      0.2110,      0.2177
    sm,      0.0700,      0.3780,      0.3080
    sm,      0.0996,      0.3440,      0.2444
    sm,     -0.1746,      0.0720,      0.2466
    sm,     -0.0111,      0.3250,      0.3361
    sm,      0.1085,      0.3390,      0.2305
    sm,      0.1858,      0.3670,      0.1812
    sm,     -0.0370,      0.2370,      0.2740
    sm,     -0.0428,      0.2760,      0.3188
    sm,     -0.0021,      0.2710,      0.2731
    sm,     -0.0838,      0.1060,      0.1898
    sm,     -0.0235,      0.2260,      0.2495
    sm,     -0.0621,      0.2090,      0.2711
    sm,     -0.0040,      0.2690,      0.2730
    sm,     -0.0617,      0.2010,      0.2627
    sm,      0.0019,      0.1760,      0.1741
    sm,      0.1161,      0.3740,      0.2579
    sm,     -0.0361,      0.1330,      0.1691
    sm,      0.0094,      0.2220,      0.2126
    sm,     -0.0493,      0.1170,      0.1663
    sm,      0.0069,      0.2100,      0.2031
    sm,     -0.1536,      0.1210,      0.2746
    sm,     -0.1068,      0.1710,      0.2778
    sm,     -0.1439,      0.0810,      0.2249
    sm,      0.0033,      0.1800,      0.1767
    sm,      0.0911,      0.3670,      0.2759
    sm,     -0.0079,      0.2330,      0.2409
    sm,      0.0710,      0.3000,      0.2290
    sm,     -0.0496,      0.1490,      0.1986
    sm,     -0.0346,      0.1640,      0.1986
    sm,     -0.0475,      0.1440,      0.1915
    sm,     -0.0867,      0.0670,      0.1537
    sm,      0.1292,      0.4510,      0.3218
    sm,     -0.0046,      0.2020,      0.2066
    sm,     -0.0481,      0.2290,      0.2771
    sm,      0.0504,      0.3450,      0.2946
    sm,      0.1030,      0.4110,      0.3080
    sm,      0.1123,      0.3810,      0.2687
    sm,     -0.0707,      0.0870,      0.1577
    sm,     -0.2022,      0.0800,      0.2822
    sm,     -0.0284,      0.1310,      0.1594
    sm,     -0.0789,      0.0680,      0.1469
    sm,     -0.1394,      0.0710,      0.2104
    sm,      0.1195,      0.3530,      0.2335
    sm,     -0.2076,      0.0650,      0.2726
    sm,     -0.1309,      0.1090,      0.2399
    sm,      0.0494,      0.2410,      0.1916
    sm,     -0.2003,      0.1650,      0.3653
    sm,     -0.0030,      0.1870,      0.1900
    sm,     -0.0881,      0.1840,      0.2721
    sm,      0.1219,      0.3080,      0.1861
    sm,      0.1780,      0.3670,      0.1890
    sm,      0.0920,      0.2810,      0.1890
    sm,     -0.1339,      0.0610,      0.1949
     t,      1.7409,    315.3500,    313.6091
     t,      0.0575,    312.7500,    312.6925
     t,      0.0242,    309.6500,    309.6258
     t,      0.0934,    302.3500,    302.2566
     t,     -0.0895,    300.8500,    300.9395
     t,      0.0883,    296.4500,    296.3617
     t,      0.6794,    295.5500,    294.8706
     t,     -0.0648,    287.6500,    287.7148
     t,     -0.3515,    285.7500,    286.1015
     t,     -0.6131,    280.2500,    280.8631
     t,     -0.8540,    277.2500,    278.1040
     t,     -0.9062,    275.1500,    276.0562
     t,     -1.2309,    273.5500,    274.7809
     t,     -1.2164,    272.9500,    274.1664
     t,     -1.0449,    272.0500,    273.0949
     t,     -0.8825,    271.8500,    272.7325
     t,     -0.8495,    271.1500,    271.9995
     t,     -0.1990,    271.1500,    271.3490
     t,     -0.8205,    268.1500,    268.9705
     t,     -0.8253,    267.9500,    268.7753
     t,     -0.5399,    267.1500,    267.6898
     t,     -0.3293,    266.6500,    266.9793
     t,      0.1252,    266.1500,    266.0248
     t,     -0.2211,    263.9500,    264.1711
     t,     -0.4590,    262.3500,    262.8091
     t,     -0.3039,    261.6500,    261.9539
     t,     -0.2332,    261.3500,    261.5832
     t,     -0.4581,    260.2500,    260.7081
     t,     -0.1786,    260.1500,    260.3286
     t,      0.0035,    259.9500,    259.9465
     t,      0.6455,    258.1500,    257.5045
     t,      0.5917,    257.4500,    256.8583
     t,      0.9527,    257.5500,    256.5973
     t,      0.6787,    256.7500,    256.0713
     t,      0.5438,    255.9500,    255.4062
     t,     -0.0274,    253.7500,    253.7774
     t,     -0.1982,    252.7500,    252.9482
     t,     -0.1968,    252.0500,    252.2468
     t,      0.1356,    250.9500,    250.8144
     t,     -0.1277,    249.3500,    249.4777
     t,     -0.1039,    248.7500,    248.8539
     t,     -0.3512,    247.5500,    247.9012
     t,     -0.0701,    247.3500,    247.4201
     t,     -0.1845,    246.7500,    246.9345
     t,     -0.1945,    246.2500,    246.4445
     t,      0.0661,    245.8500,    245.7840
     t,      0.4647,    244.5500,    244.0853
     t,      0.0143,    243.0500,    243.0358
     t,      0.0469,    242.5500,    242.5031
     t,     -0.3804,    239.7500,    240.1304
     t,     -0.6185,    238.9500,    239.5685
     t,     -0.4152,    236.4500,    236.8652
     t,     -0.7800,    233.2500,    234.0300
     t,     -0.5237,    232.2500,    232.7737
     t,     -0.3939,    228.6500,    229.0439
     t,     -0.5904,    224.4500,    225.0404
     t,     -0.6999,    222.8500,    223.5499
     t,     -0.4275,    221.8500,    222.2775
     t,     -0.3237,    220.6500,    220.9736
     t,     -2.3414,    204.8500,    207.1914
     t,     -4.5005,    204.4500,    208.9505
     t,      1.3789,    313.3500,    311.9711
     t,      0.2385,    312.0500,    311.8115
     t,      0.5319,    306.3500,    305.8181
     t,      0.0486,    295.8500,    295.8014
     t,     -0.0955,    289.1500,    289.2455
     t,     -0.1850,    279.8500,    280.0350
     t,     -1.8403,    274.0500,    275.8903
     t,     -2.2874,    273.2500,    275.5374
     t,     -0.7565,    274.4500,    275.2065
     t,     -0.1481,    274.6500,    274.7981
     t,     -0.0109,    274.4500,    274.4609
     t,      1.5335,    275.0500,    273.5165
     t,      1.3033,    271.4500,    270.1467
     t,      0.6636,    269.4500,    268.7864
     t,      0.3808,    266.4500,    266.0692
     t,     -0.0477,    264.7500,    264.7977
     t,     -0.3367,    262.1500,    262.4867
     t,      0.7740,    259.6500,    258.8760
     t,      0.0777,    257.4500,    257.3723
     t,     -0.7394,    251.2500,    251.9894
     t,      0.9721,    250.8500,    249.8779
     t,     -0.5131,    245.4500,    245.9631
     t,     -0.2866,    242.6500,    242.9366
     t,      0.8276,    236.6500,    235.8224
     t,      0.5880,    233.4500,    232.8620
     t,     -0.7709,    222.6500,    223.4209
     t,     -0.0344,    221.6500,    221.6844
     t,     -0.1269,    221.0500,    221.1769
     t,     -0.5771,    217.4500,    218.0271
     t,     -1.4726,    206.0500,    207.5226
     t,     -1.9943,    204.4500,    206.4443
     t,     -3.5099,    200.8500,    204.3599
     t,     -1.9716,    201.8500,    203.8217
     t,     -1.6528,    200.8500,    202.5028
     t,     -1.1646,    201.2500,    202.4146
     t,      1.1244,    203.4500,    202.3256
     t,      0.4675,    202.6500,    202.1825
     t,     -1.7169,    201.4500,    203.1669
     t,      2.2603,    206.4500,    204.1897
     t,      1.0865,    206.8500,    205.7635
     t,     -1.0324,    206.8500,    207.8824
     t,      0.1167,    210.0500,    209.9333
     t,     -1.9294,    208.6500,    210.5794
     t,      0.3755,    301.9192,    301.5436
     q,     -0.0083,      0.2815,      0.2898
     q,      0.0213,      0.3220,      0.3007
     q,     -0.0031,      0.3401,      0.3432
     q,     -0.0133,      0.4483,      0.4616
     q,     -0.0051,      0.4706,      0.4757
     q,     -0.0568,      0.4698,      0.5266
     q,     -0.1496,      0.4009,      0.5505
     q,     -0.0921,      0.5452,      0.6373
     q,     -0.0866,      0.5689,      0.6555
     q,      0.0731,      0.6654,      0.5923
     q,      0.1065,      0.5993,      0.4927
     q,      0.0330,      0.4757,      0.4427
     q,      0.1629,      0.5747,      0.4118
     q,      0.1587,      0.5721,      0.4134
     q,      0.0786,      0.4951,      0.4166
     q,     -0.0788,      0.3389,      0.4177
     q,     -0.2878,      0.1323,      0.4201
     q,     -0.3174,      0.1050,      0.4224
     q,     -0.3147,      0.1029,      0.4176
     q,     -0.3147,      0.1023,      0.4170
     q,     -0.2976,      0.1134,      0.4110
     q,     -0.1896,      0.2178,      0.4074
     q,     -0.2833,      0.1163,      0.3996
     q,      0.0818,      0.4638,      0.3819
     q,      0.1222,      0.4912,      0.3690
     q,     -0.0219,      0.3490,      0.3709
     q,      0.1219,      0.4937,      0.3718
     q,     -0.0352,      0.3387,      0.3739
     q,     -0.2111,      0.1638,      0.3750
     q,     -0.2532,      0.1228,      0.3761
     q,     -0.2434,      0.1246,      0.3680
     q,     -0.2683,      0.0898,      0.3581
     q,     -0.1653,      0.1893,      0.3546
     q,      0.0135,      0.3605,      0.3470
     q,     -0.0444,      0.2922,      0.3367
     q,      0.0879,      0.3994,      0.3115
     q,     -0.0131,      0.2902,      0.3033
     q,     -0.1390,      0.1567,      0.2957
     q,     -0.0631,      0.2147,      0.2778
     q,      0.1139,      0.3785,      0.2645
     q,      0.0384,      0.3068,      0.2684
     q,      0.0857,      0.3612,      0.2755
     q,      0.0223,      0.3013,      0.2791
     q,      0.1191,      0.4020,      0.2829
     q,     -0.0707,      0.2164,      0.2871
     q,     -0.1337,      0.1595,      0.2932
     q,      0.0409,      0.3401,      0.2993
     q,     -0.0090,      0.2898,      0.2987
     q,      0.0548,      0.3533,      0.2985
     q,      0.0029,      0.1607,      0.1578
     q,      0.0227,      0.1815,      0.1588
     q,      0.0065,      0.2127,      0.2062
     q,     -0.0432,      0.2866,      0.3299
     q,     -0.0696,      0.3850,      0.4546
     q,     -0.0986,      0.5607,      0.6593
     q,      0.2966,      0.6924,      0.3957
     q,      0.2271,      0.6000,      0.3730
     q,      0.0212,      0.3773,      0.3561
     q,     -0.1062,      0.2243,      0.3306
     q,     -0.0672,      0.2454,      0.3126
     q,     -0.1821,      0.0798,      0.2619
     q,     -0.0926,      0.0350,      0.1276
     q,     -0.0567,      0.0388,      0.0955
     q,     -0.0508,      0.0307,      0.0815
     q,      0.0935,      0.1772,      0.0837
     q,      0.0284,      0.1118,      0.0835
     q,     -0.0106,      0.0457,      0.0563
     q,     -0.0093,      0.2415,      0.2507
     t,     -3.0804,    301.5500,    304.6303
     t,     -4.0689,    299.3500,    303.4189
     t,     -4.6699,    297.4500,    302.1199
     t,     -4.5878,    295.4500,    300.0378
     t,     -4.2891,    293.2500,    297.5391
     t,     -4.0702,    292.0500,    296.1202
     t,     -3.6454,    291.1500,    294.7954
     t,     -2.7976,    287.5500,    290.3476
     t,     -2.3743,    287.6500,    290.0243
     t,     -1.1157,    288.5500,    289.6657
     t,     -0.1542,    289.1500,    289.3042
     t,      0.4747,    289.3500,    288.8753
     t,      0.3076,    285.7500,    285.4424
     t,      0.4837,    285.5500,    285.0663
     t,      0.5912,    284.0500,    283.4588
     t,      0.6615,    283.2500,    282.5885
     t,      0.3696,    280.8500,    280.4804
     t,      0.6737,    279.0500,    278.3763
     t,      0.7702,    278.0500,    277.2798
     t,      0.8872,    277.0500,    276.1628
     t,      0.0964,    271.8500,    271.7536
     t,     -0.8537,    266.3500,    267.2037
     t,     -0.9427,    266.1500,    267.0927
     t,     -0.8950,    265.7500,    266.6450
     t,     -0.6449,    264.7500,    265.3949
     t,     -0.4518,    263.5500,    264.0018
     t,     -0.6598,    262.7500,    263.4098
     t,      0.0387,    262.8500,    262.8113
     t,      0.2902,    260.2500,    259.9598
     t,      0.5435,    259.3500,    258.8065
     t,     -0.1648,    256.4500,    256.6148
     t,     -0.3155,    255.6500,    255.9655
     t,     -0.1836,    255.6500,    255.8336
     t,      0.4805,    255.6500,    255.1695
     t,      0.5485,    255.4500,    254.9015
     t,      0.8885,    255.2500,    254.3615
     t,      1.0145,    253.8500,    252.8355
     t,      1.3216,    250.0500,    248.7284
     t,     -0.5495,    242.8500,    243.3995
     t,      0.3460,    240.4500,    240.1040
     t,      0.3086,    239.8500,    239.5414
     t,      1.2507,    239.6500,    238.3993
     t,     -0.0592,    233.0500,    233.1093
     t,     -0.1860,    232.4500,    232.6360
     t,      0.2901,    230.4500,    230.1599
     t,     -0.8495,    305.4500,    306.2995
     t,     -0.8751,    304.9500,    305.8251
     t,     -1.6526,    301.8500,    303.5026
     t,     -1.7114,    300.3500,    302.0614
     t,     -1.7279,    298.0500,    299.7779
     t,     -1.2939,    291.2500,    292.5439
     t,     -1.1207,    289.6500,    290.7707
     t,     -1.8747,    285.8500,    287.7247
     t,     -2.1902,    284.5500,    286.7401
     t,     -2.1457,    280.8500,    282.9957
     t,     -0.9920,    280.7500,    281.7420
     t,     -0.4143,    280.4500,    280.8643
     t,      0.6012,    277.5500,    276.9488
     t,      0.2557,    274.0500,    273.7943
     t,      0.3243,    273.6500,    273.3257
     t,      0.1441,    271.0500,    270.9059
     t,     -0.0003,    269.8500,    269.8503
     t,     -0.3335,    268.8500,    269.1835
     t,     -0.2708,    268.1500,    268.4207
     t,     -0.1906,    268.1500,    268.3405
     t,      0.8487,    268.1500,    267.3013
     t,      0.7983,    264.8500,    264.0517
     t,      0.3539,    256.8500,    256.4962
     t,     -0.6215,    247.6500,    248.2715
     t,      2.0901,    244.2500,    242.1599
     t,      2.2410,    243.6500,    241.4090
     t,      0.3583,    234.0500,    233.6917
     t,     -0.9982,    222.0500,    223.0482
     t,     -0.9827,    221.0500,    222.0327
     t,     -1.4038,    209.0500,    210.4538
     t,     -1.3589,    207.0500,    208.4089
     t,     -2.2095,    205.6500,    207.8595
     t,     -3.9854,    202.4500,    206.4354
     t,     -2.9941,    203.0500,    206.0441
     t,     -1.3323,    204.4500,    205.7823
     t,     -0.5823,    204.6500,    205.2323
     t,     -1.1724,    203.4500,    204.6224
     t,     -0.1696,    203.0500,    203.2196
     t,      0.9891,    204.0500,    203.0609
     t,      0.6734,    203.8500,    203.1766
     t,     -1.0986,    202.2500,    203.3486
     t,      0.3293,    204.6500,    204.3207
     t,     -1.4501,    204.4500,    205.9001
     t,     -0.1862,    206.0500,    206.2362
     t,     -2.5406,    204.8500,    207.3906
     t,     -2.8691,    204.8500,    207.7191
     t,      0.8992,    210.2500,    209.3508
     t,      0.4558,    211.4500,    210.9942
     t,      2.0708,    213.2500,    211.1792
     q,      0.1234,      0.5571,      0.4337
     q,      0.0456,      0.5017,      0.4562
     q,      0.0307,      0.5142,      0.4834
     q,      0.0347,      0.5670,      0.5323
     q,      0.0108,      0.6094,      0.5986
     q,     -0.0059,      0.6349,      0.6407
     q,     -0.0768,      0.6031,      0.6799
     q,      0.0001,      0.6292,      0.6291
     q,      0.0288,      0.6118,      0.5830
     q,     -0.1320,      0.3897,      0.5218
     q,     -0.2247,      0.2347,      0.4594
     q,     -0.1603,      0.2241,      0.3844
     q,     -0.0694,      0.1001,      0.1695
     q,     -0.0773,      0.0848,      0.1620
     q,     -0.0036,      0.1369,      0.1406
     q,      0.1103,      0.2566,      0.1463
     q,      0.0338,      0.1948,      0.1610
     q,      0.1205,      0.3381,      0.2176
     q,     -0.0503,      0.2103,      0.2606
     q,     -0.0593,      0.2489,      0.3082
     q,     -0.1044,      0.3979,      0.5023
     q,     -0.0223,      0.6502,      0.6725
     q,     -0.0202,      0.6557,      0.6760
     q,     -0.0593,      0.6241,      0.6833
     q,      0.0600,      0.7660,      0.7059
     q,      0.0651,      0.7997,      0.7346
     q,      0.0184,      0.7672,      0.7488
     q,     -0.0805,      0.6837,      0.7642
     q,      0.0374,      0.7348,      0.6974
     q,     -0.0373,      0.6243,      0.6616
     q,      0.0043,      0.5801,      0.5758
     q,     -0.0269,      0.5194,      0.5463
     q,     -0.0604,      0.4794,      0.5399
     q,     -0.3748,      0.1309,      0.5057
     q,     -0.4226,      0.0684,      0.4910
     q,     -0.4322,      0.0276,      0.4598
     q,     -0.2546,      0.0304,      0.2850
     q,     -0.0397,      0.0995,      0.1392
     q,     -0.0076,      0.3573,      0.3650
     q,      0.0047,      0.3767,      0.3721
     q,     -0.0086,      0.4036,      0.4122
     q,     -0.0126,      0.4277,      0.4403
     q,     -0.0375,      0.4527,      0.4902
     q,     -0.0871,      0.5905,      0.6776
     q,      0.0329,      0.7321,      0.6992
     q,      0.0815,      0.7488,      0.6672
     q,      0.1042,      0.7514,      0.6472
     q,      0.1476,      0.8183,      0.6707
     q,     -0.0027,      0.6762,      0.6789
     q,     -0.0045,      0.6800,      0.6845
     q,     -0.0626,      0.6300,      0.6926
     q,      0.0100,      0.6517,      0.6418
     q,     -0.0926,      0.5195,      0.6121
     q,     -0.0098,      0.4282,      0.4380
     q,     -0.1290,      0.2332,      0.3622
     q,     -0.1011,      0.2235,      0.3246
     q,      0.0915,      0.3703,      0.2787
     q,      0.0998,      0.3724,      0.2726
     q,     -0.1257,      0.0778,      0.2035
     q,     -0.0702,      0.0645,      0.1348
     q,     -0.0629,      0.0690,      0.1319
     q,     -0.0579,      0.0296,      0.0875
     t,     -5.2112,    296.5500,    301.7611
     t,     -3.4112,    298.3500,    301.7612
     t,     -3.7112,    298.0500,    301.7611
     t,     -2.8112,    298.9500,    301.7612
     t,     -3.4060,    298.1500,    301.5560
     t,     -4.3352,    296.6500,    300.9852
     t,     -5.5104,    294.8500,    300.3604
     t,     -4.4105,    295.3500,    299.7605
     t,     -4.3078,    291.9500,    296.2578
     t,     -3.7293,    291.7500,    295.4793
     t,     -2.8935,    292.2500,    295.1435
     t,     -2.4926,    291.6500,    294.1426
     t,     -2.1809,    291.8500,    294.0309
     t,     -1.4354,    290.3500,    291.7854
     t,     -1.3340,    287.6500,    288.9839
     t,     -0.8493,    286.4500,    287.2993
     t,      0.0139,    284.9500,    284.9361
     t,     -0.5354,    281.7500,    282.2854
     t,     -0.2152,    273.6500,    273.8652
     t,     -0.1957,    269.8500,    270.0457
     t,     -0.2723,    268.9500,    269.2224
     t,     -0.4088,    266.5500,    266.9588
     t,     -0.4716,    266.0500,    266.5216
     t,     -0.8958,    263.6500,    264.5458
     t,     -0.5596,    263.6500,    264.2096
     t,      0.6476,    263.9500,    263.3024
     t,      0.5826,    262.9500,    262.3674
     t,      0.6440,    262.3500,    261.7060
     t,      0.4764,    259.6500,    259.1736
     t,      0.6783,    254.2500,    253.5717
     t,      0.7941,    252.4500,    251.6559
     t,      0.3636,    246.5500,    246.1864
     t,      0.8416,    242.7500,    241.9084
     t,      0.4802,    239.6500,    239.1698
     t,      0.1962,    237.8500,    237.6539
     t,      0.1798,    237.4500,    237.2702
     t,     -0.0618,    235.6500,    235.7118
     t,     -0.4249,    230.8500,    231.2749
     t,     -0.3662,    228.8500,    229.2162
     t,     -0.1370,    227.6500,    227.7870
     t,     -0.1753,    227.4500,    227.6253
     t,     -1.5252,    222.2500,    223.7752
     t,     -1.3204,    221.4500,    222.7704
     t,     -0.5426,    220.8500,    221.3926
     t,      0.8970,    220.6500,    219.7530
     t,      1.3439,    220.8500,    219.5061
     t,     -1.0670,    217.2500,    218.3170
     t,     -0.3276,    217.8500,    218.1776
     t,     -1.0097,    216.6500,    217.6597
     t,      0.5272,    217.8500,    217.3228
     t,      0.9464,    217.8500,    216.9036
     t,      0.7198,    217.0500,    216.3302
     t,     -0.0073,    215.4500,    215.4573
     t,     -1.3718,    212.2500,    213.6218
     t,     -0.6828,    212.4500,    213.1328
     t,     -2.7509,    208.6500,    211.4009
     t,     -2.5988,    208.2500,    210.8488
     t,     -1.4120,    209.2500,    210.6620
     t,     -0.6247,    209.2500,    209.8747
     t,     -1.0489,    207.0500,    208.0989
     t,     -0.6623,    206.2500,    206.9123
     t,     -2.2673,    205.0500,    207.3173
     t,      0.3765,    208.0500,    207.6735
     t,      0.1106,    208.8500,    208.7394
     t,      2.0671,    211.0500,    208.9829
     t,     -0.7592,    209.8500,    210.6092
     t,     -1.5879,    209.8500,    211.4379
     t,     -1.0545,    211.4500,    212.5045
     t,      1.1847,    214.0500,    212.8653
     t,     -2.5543,    299.7500,    302.3043
     t,     -5.3782,    296.7500,    302.1282
     t,     -4.9847,    291.7500,    296.7347
     t,     -4.5381,    288.8500,    293.3881
     t,     -4.3220,    288.8500,    293.1720
     t,     -1.9873,    290.7500,    292.7373
     t,     -0.9494,    291.3500,    292.2994
     t,     -0.2863,    291.3500,    291.6364
     t,     -0.5139,    290.5500,    291.0638
     t,     -0.6829,    288.7500,    289.4329
     t,     -0.6464,    288.0500,    288.6964
     t,     -0.3692,    287.2500,    287.6192
     t,     -0.2073,    285.4500,    285.6573
     t,     -0.0759,    281.9500,    282.0259
     t,     -0.4774,    275.9500,    276.4274
     t,     -0.2802,    275.5500,    275.8302
     t,     -0.2581,    273.9500,    274.2082
     t,      0.0559,    273.0500,    272.9941
     t,     -0.1332,    266.9500,    267.0832
     t,      0.3249,    266.1500,    265.8251
     t,      0.7760,    265.8500,    265.0740
     t,      0.0378,    262.4500,    262.4122
     t,      0.0680,    259.1500,    259.0820
     t,     -0.0887,    256.7500,    256.8387
     t,     -0.0375,    255.1500,    255.1875
     t,      0.2877,    254.9500,    254.6623
     t,      0.1182,    254.2500,    254.1318
     t,     -0.3236,    252.0500,    252.3736
     t,     -0.5561,    250.9500,    251.5061
     t,      0.2428,    250.5500,    250.3072
     t,      0.8596,    243.9500,    243.0904
     t,      1.2295,    238.9500,    237.7205
     t,      1.3687,    236.2500,    234.8813
     t,      1.1372,    232.0500,    230.9128
     t,      1.0355,    229.2500,    228.2145
     t,      1.0934,    228.4500,    227.3566
     t,     -2.5939,    218.8500,    221.4439
     t,     -2.0191,    218.2500,    220.2691
     t,     -1.2816,    218.8500,    220.1316
     t,      0.2665,    220.0500,    219.7835
     t,      0.6391,    219.6500,    219.0109
     t,      1.9767,    220.8500,    218.8733
     t,      2.2761,    220.6500,    218.3739
     t,      1.0123,    218.2500,    217.2377
     t,      0.6434,    216.2500,    215.6066
     t,      1.0254,    215.0500,    214.0246
     t,     -1.0085,    210.4500,    211.4585
     t,     -0.0997,    211.0500,    211.1497
     t,     -1.3618,    208.2500,    209.6118
     t,     -0.0764,    209.0500,    209.1264
     t,     -1.5718,    207.0500,    208.6218
     t,     -1.2278,    207.4500,    208.6778
     t,     -2.7250,    207.0500,    209.7750
     t,      0.2220,    210.4500,    210.2280
     t,      0.3180,    210.8500,    210.5320
     t,     -1.7453,    209.0500,    210.7953
     t,     -1.8397,    209.4500,    211.2897
     t,     -1.4819,    210.2500,    211.7319
     t,     -1.3097,    210.4500,    211.7597
     t,      0.6903,    212.6500,    211.9597
     t,      1.2892,    213.8500,    212.5608
     t,     -0.6581,    213.4500,    214.1081
     t,      1.6423,    216.0500,    214.4077
     t,      0.8225,    226.1500,    225.3275
     t,      2.8091,    226.1500,    223.3409
     q,      0.1155,      0.3208,      0.2053
     q,      0.4620,      0.6673,      0.2053
     q,      0.4480,      0.6533,      0.2053
     q,      0.4216,      0.6269,      0.2053
     q,      0.3025,      0.5096,      0.2071
     q,      0.1289,      0.3413,      0.2124
     q,      0.0623,      0.2806,      0.2183
     q,      0.0748,      0.2991,      0.2243
     q,      0.0521,      0.3168,      0.2647
     q,      0.0528,      0.3276,      0.2748
     q,      0.0236,      0.3030,      0.2794
     q,      0.0385,      0.3316,      0.2931
     q,      0.0207,      0.3154,      0.2946
     q,     -0.0001,      0.3282,      0.3282
     q,     -0.0244,      0.3491,      0.3734
     q,     -0.0184,      0.3839,      0.4023
     q,     -0.0230,      0.4030,      0.4260
     q,     -0.0130,      0.4383,      0.4513
     q,     -0.0321,      0.5793,      0.6114
     q,     -0.0026,      0.6974,      0.7000
     q,     -0.0495,      0.6634,      0.7128
     q,     -0.0541,      0.6960,      0.7501
     q,     -0.2393,      0.5089,      0.7482
     q,     -0.0415,      0.6943,      0.7358
     q,     -0.0031,      0.7304,      0.7334
     q,      0.1054,      0.8312,      0.7258
     q,      0.1258,      0.8380,      0.7122
     q,      0.2585,      0.9553,      0.6968
     q,      0.1652,      0.7919,      0.6267
     q,      0.1312,      0.6834,      0.5522
     q,      0.1339,      0.6751,      0.5412
     q,      0.0428,      0.5716,      0.5289
     q,     -0.0357,      0.4755,      0.5112
     q,     -0.1401,      0.3603,      0.5004
     q,     -0.3180,      0.1740,      0.4919
     q,      0.0872,      0.5710,      0.4838
     q,      0.0075,      0.4946,      0.4870
     q,     -0.0713,      0.5496,      0.6209
     q,     -0.1161,      0.6029,      0.7190
     q,     -0.0764,      0.6207,      0.6972
     q,     -0.0889,      0.5636,      0.6524
     q,     -0.1127,      0.4937,      0.6064
     q,     -0.0868,      0.4479,      0.5347
     q,      0.0241,      0.4633,      0.4391
     q,      0.1369,      0.3848,      0.2479
     q,     -0.0218,      0.2016,      0.2234
     q,     -0.0802,      0.1379,      0.2181
     q,      0.0063,      0.2332,      0.2269
     q,      0.0723,      0.3309,      0.2586
     q,     -0.0010,      0.3066,      0.3076
     q,     -0.1235,      0.1904,      0.3139
     q,     -0.1626,      0.1707,      0.3334
     q,      0.0507,      0.3966,      0.3458
     q,      0.0513,      0.3693,      0.3180
     q,      0.0872,      0.3793,      0.2921
     q,      0.0569,      0.3323,      0.2754
     q,      0.1294,      0.3587,      0.2293
     q,      0.0811,      0.2646,      0.1835
     q,      0.1354,      0.3076,      0.1722
     q,      0.0298,      0.2485,      0.2188
     q,     -0.0696,      0.1705,      0.2400
     q,     -0.1268,      0.1362,      0.2630
     q,     -0.2144,      0.1407,      0.3552
     q,     -0.0578,      0.3360,      0.3939
     q,      0.1331,      0.5785,      0.4455
     q,     -0.0014,      0.6923,      0.6936
     q,     -0.0934,      0.5917,      0.6851
     t,     -1.1938,    302.0500,    303.2438
     t,     -2.2938,    300.9500,    303.2438
     t,     -2.6184,    299.3500,    301.9684
     t,     -2.5075,    298.5500,    301.0575
     t,     -2.0117,    293.4500,    295.4617
     t,     -1.7951,    290.8500,    292.6451
     t,      1.0707,    291.0500,    289.9792
     t,      1.6533,    290.7500,    289.0967
     t,      1.7768,    290.0500,    288.2732
     t,      1.3996,    283.5500,    282.1504
     t,      1.2742,    282.9500,    281.6758
     t,      1.3710,    280.8500,    279.4790
     t,      0.8337,    278.0500,    277.2162
     t,      0.6948,    276.7500,    276.0552
     t,      0.1079,    274.3500,    274.2421
     t,      0.1789,    274.0500,    273.8711
     t,      0.1512,    273.6500,    273.4988
     t,     -0.1062,    272.3500,    272.4562
     t,     -0.1306,    271.8500,    271.9806
     t,     -0.0526,    271.3500,    271.4026
     t,     -0.2856,    269.3500,    269.6357
     t,     -0.3860,    268.9500,    269.3361
     t,     -0.0792,    268.4500,    268.5292
     t,      0.1168,    268.1500,    268.0332
     t,     -0.3273,    265.7500,    266.0773
     t,      0.0719,    265.8500,    265.7781
     t,      0.3734,    265.7500,    265.3766
     t,     -0.0959,    263.5500,    263.6459
     t,      0.1100,    263.3500,    263.2401
     t,      0.0141,    263.0500,    263.0359
     t,      0.1540,    262.0500,    261.8960
     t,      0.7998,    261.8500,    261.0502
     t,      0.3926,    252.2500,    251.8574
     t,      0.3729,    251.4500,    251.0771
     t,     -0.1855,    248.0500,    248.2355
     t,     -0.5136,    246.4500,    246.9636
     t,     -0.7255,    244.4500,    245.1755
     t,      0.0317,    240.6500,    240.6183
     t,      1.0275,    240.0500,    239.0225
     t,      1.2596,    237.4500,    236.1904
     t,      1.2378,    231.6500,    230.4122
     t,      2.8923,    229.2500,    226.3577
     t,      2.6535,    228.4500,    225.7965
     t,      2.5855,    226.8500,    224.2645
     t,      1.6450,    223.4500,    221.8050
     t,      0.4568,    220.2500,    219.7932
     t,     -0.4985,    218.4500,    218.9485
     t,     -1.4091,    216.6500,    218.0591
     t,     -5.4684,    211.2500,    216.7184
     t,     -4.1542,    212.4500,    216.6042
     t,     -4.5258,    212.0500,    216.5758
     t,      0.5017,    217.0500,    216.5483
     t,      1.3076,    217.8500,    216.5424
     t,     -0.6046,    215.8500,    216.4546
     t,     -0.1882,    216.2500,    216.4382
     t,      0.4018,    216.8500,    216.4482
     t,     -0.5503,    215.8500,    216.4003
     t,     -2.1157,    214.2500,    216.3657
     t,      0.1214,    216.4500,    216.3286
     t,      1.9352,    218.2500,    216.3148
     t,      2.4229,    218.6500,    216.2271
     t,      0.5146,    216.4500,    215.9354
     t,     -1.1597,    214.6500,    215.8097
     t,     -1.5869,    214.0500,    215.6369
     t,     -7.5878,    294.6500,    302.2378
     t,     -5.3878,    296.8500,    302.2378
     t,     -5.0597,    296.7500,    301.8097
     t,     -4.9176,    296.1500,    301.0676
     t,     -2.8102,    296.5500,    299.3602
     t,     -0.5954,    295.3500,    295.9454
     t,     -1.1302,    289.6500,    290.7802
     t,     -0.1542,    287.7500,    287.9042
     t,     -0.4814,    284.6500,    285.1314
     t,     -0.3829,    284.6500,    285.0329
     t,     -0.7841,    281.6500,    282.4341
     t,     -0.8600,    280.1500,    281.0100
     t,     -1.2323,    277.9500,    279.1823
     t,     -1.3361,    277.0500,    278.3861
     t,     -0.6645,    274.8500,    275.5145
     t,     -0.1432,    273.6500,    273.7932
     t,     -1.0597,    270.4500,    271.5097
     t,     -0.6350,    270.4500,    271.0850
     t,      0.0858,    270.9500,    270.8642
     t,     -0.0107,    270.7500,    270.7607
     t,     -0.7104,    269.8500,    270.5604
     t,     -0.1093,    270.2500,    270.3593
     t,     -0.2065,    269.8500,    270.0565
     t,     -0.6019,    269.1500,    269.7519
     t,     -0.0957,    269.3500,    269.4457
     t,     -0.3227,    265.4500,    265.7727
     t,     -0.3516,    264.1500,    264.5016
     t,      1.4091,    256.5500,    255.1409
     t,      0.5870,    253.0500,    252.4630
     t,      0.8326,    248.4500,    247.6174
     t,      0.2784,    245.9500,    245.6716
     t,      0.5171,    240.3500,    239.8329
     t,      0.4094,    237.1500,    236.7406
     t,      0.3580,    236.1500,    235.7920
     t,      1.7696,    234.4500,    232.6804
     t,      1.3006,    227.4500,    226.1494
     t,      0.4979,    222.8500,    222.3521
     t,      1.2951,    222.6500,    221.3549
     t,      0.0764,    218.8500,    218.7736
     t,      0.5086,    218.4500,    217.9414
     t,      1.9251,    219.6500,    217.7249
     t,      1.4773,    218.4500,    216.9727
     t,     -0.2245,    216.4500,    216.6745
     t,      0.2417,    216.8500,    216.6083
     t,     -0.7827,    215.6500,    216.4327
     t,     -0.2727,    216.0500,    216.3227
     t,     -1.6300,    214.4500,    216.0800
     t,      0.5983,    216.4500,    215.8517
     t,     -0.8125,    214.8500,    215.6625
     t,      0.0841,    215.6500,    215.5659
     t,      0.5774,    215.8500,    215.2726
     t,      0.8167,    216.0500,    215.2333
     t,     -0.1799,    214.8500,    215.0299
     t,      0.1876,    215.0500,    214.8624
     t,     -0.3839,    214.4500,    214.8338
     t,      0.0766,    214.8500,    214.7734
     t,      2.3349,    217.0500,    214.7151
     t,      2.9666,    217.6500,    214.6834
     t,      1.1792,    215.6500,    214.4708
     t,      3.0622,    217.4500,    214.3878
     t,      1.5479,    215.8500,    214.3021
     t,      1.2775,    215.4500,    214.1725
     t,     -2.7470,    210.8500,    213.5970
     t,     -2.8514,    210.4500,    213.3014
     t,     -4.2578,    208.8500,    213.1078
     t,     -4.3272,    208.6500,    212.9772
     t,     -3.2868,    209.6500,    212.9368
     t,      0.1448,    213.0500,    212.9052
     t,      0.7941,    213.6500,    212.8559
     t,      0.6711,    213.4500,    212.7789
     t,     -2.3537,    210.6500,    213.0037
     t,      1.2883,    214.4500,    213.1617
     t,     -1.0250,    212.6500,    213.6750
     t,      0.6873,    214.4500,    213.7627
     t,      1.3263,    215.2500,    213.9237
     t,     -0.6055,    213.6500,    214.2555
     t,      0.9870,    216.0500,    215.0630
     t,     -2.5068,    214.0500,    216.5568
     t,      0.5217,    260.2457,    259.7240
     q,     -0.0119,      0.4994,      0.5112
     q,     -0.0637,      0.4475,      0.5112
     q,     -0.0620,      0.4642,      0.5262
     q,     -0.0332,      0.4941,      0.5274
     q,     -0.0270,      0.6020,      0.6290
     q,     -0.0871,      0.6094,      0.6965
     q,     -0.4501,      0.2891,      0.7391
     q,     -0.3889,      0.3426,      0.7315
     q,     -0.2091,      0.5162,      0.7253
     q,     -0.0818,      0.6357,      0.7175
     q,     -0.0930,      0.6286,      0.7216
     q,     -0.1108,      0.6253,      0.7361
     q,     -0.0625,      0.6888,      0.7513
     q,     -0.2024,      0.5501,      0.7525
     q,     -0.1484,      0.6033,      0.7518
     q,     -0.1033,      0.6487,      0.7520
     q,     -0.1943,      0.5577,      0.7520
     q,     -0.2053,      0.5475,      0.7529
     q,     -0.1191,      0.6307,      0.7498
     q,     -0.2040,      0.5430,      0.7469
     q,     -0.1193,      0.6159,      0.7353
     q,     -0.0725,      0.6603,      0.7328
     q,     -0.1463,      0.5795,      0.7258
     q,     -0.0889,      0.6310,      0.7200
     q,     -0.2182,      0.4730,      0.6913
     q,     -0.4408,      0.2448,      0.6856
     q,     -0.5335,      0.1442,      0.6777
     q,     -0.4505,      0.1957,      0.6462
     q,     -0.5181,      0.1218,      0.6400
     q,     -0.5557,      0.0811,      0.6367
     q,     -0.5409,      0.0797,      0.6206
     q,     -0.5801,      0.0278,      0.6079
     q,     -0.5402,      0.0237,      0.5640
     q,     -0.5476,      0.0292,      0.5769
     q,     -0.4450,      0.2137,      0.6588
     q,     -0.5192,      0.1439,      0.6631
     q,     -0.5184,      0.1418,      0.6602
     q,     -0.5573,      0.0952,      0.6525
     q,     -0.5381,      0.1031,      0.6412
     q,     -0.0012,      0.4230,      0.4241
     q,     -0.0197,      0.4045,      0.4241
     q,     -0.0828,      0.3475,      0.4303
     q,     -0.0697,      0.3727,      0.4424
     q,     -0.1206,      0.3502,      0.4708
     q,     -0.1069,      0.3927,      0.4996
     q,      0.0155,      0.4714,      0.4560
     q,      0.1401,      0.6030,      0.4629
     q,      0.1373,      0.6256,      0.4884
     q,      0.1399,      0.6296,      0.4897
     q,      0.2109,      0.7407,      0.5298
     q,      0.0514,      0.6072,      0.5557
     q,      0.0856,      0.6727,      0.5871
     q,      0.0277,      0.6252,      0.5976
     q,      0.1342,      0.7780,      0.6438
     q,      0.0782,      0.7422,      0.6640
     q,      0.1240,      0.8179,      0.6940
     q,      0.1255,      0.8260,      0.7004
     q,      0.0800,      0.7847,      0.7047
     q,      0.0729,      0.7787,      0.7058
     q,      0.1456,      0.8523,      0.7067
     q,      0.0161,      0.7236,      0.7075
     q,      0.0017,      0.7106,      0.7089
     q,      0.1116,      0.8219,      0.7103
     q,      0.0900,      0.8018,      0.7118
     q,      0.1255,      0.8542,      0.7287
     q,      0.1327,      0.8597,      0.7270
     q,      0.1591,      0.8876,      0.7285
     q,      0.0287,      0.7739,      0.7452
     q,      0.0160,      0.7814,      0.7654
     q,     -0.0957,      0.6648,      0.7605
     q,      0.0580,      0.7706,      0.7126
     q,      0.0181,      0.7054,      0.6873
     q,      0.1777,      0.8965,      0.7188
     t,     -0.4712,    312.2500,    312.7212
     t,     -2.9266,    309.6500,    312.5766
     t,     -2.9110,    308.8500,    311.7610
     t,     -2.7787,    304.5500,    307.3287
     t,     -2.3093,    297.6500,    299.9593
     t,     -2.2792,    295.8500,    298.1292
     t,     -0.9970,    295.2500,    296.2470
     t,      0.2925,    296.0500,    295.7575
     t,      0.8408,    295.1500,    294.3092
     t,      0.4250,    287.6500,    287.2250
     t,      0.2699,    286.8500,    286.5801
     t,      0.3179,    286.2500,    285.9321
     t,     -0.0715,    283.6500,    283.7215
     t,      0.2950,    281.4500,    281.1550
     t,      0.4843,    280.0500,    279.5657
     t,      0.6489,    279.3500,    278.7011
     t,      0.2458,    277.6500,    277.4042
     t,      0.0954,    276.7500,    276.6546
     t,     -0.1156,    275.3500,    275.4656
     t,     -0.2866,    274.8500,    275.1366
     t,     -0.6491,    273.2500,    273.8991
     t,     -0.5276,    272.9500,    273.4776
     t,     -0.0425,    272.6500,    272.6925
     t,     -0.8577,    270.5500,    271.4077
     t,      0.5110,    270.2500,    269.7390
     t,      0.6053,    270.2500,    269.6447
     t,     -0.3140,    267.1500,    267.4640
     t,      0.6766,    266.4500,    265.7734
     t,      0.4251,    265.5500,    265.1248
     t,      0.7526,    265.5500,    264.7974
     t,      0.3774,    264.1500,    263.7726
     t,      0.2437,    263.5500,    263.3062
     t,     -0.2314,    261.6500,    261.8814
     t,     -0.1901,    261.4500,    261.6401
     t,     -0.0900,    260.4500,    260.5400
     t,     -0.2858,    258.0500,    258.3358
     t,      0.1832,    257.8500,    257.6668
     t,     -0.1689,    252.4500,    252.6189
     t,      0.7180,    251.8500,    251.1320
     t,      1.0948,    250.8500,    249.7552
     t,      0.6902,    245.8500,    245.1598
     t,      0.2590,    243.2500,    242.9910
     t,      0.1757,    242.0500,    241.8743
     t,      0.7054,    238.0500,    237.3446
     t,      0.1181,    233.0500,    232.9319
     t,      0.8343,    223.8500,    223.0157
     t,      0.3847,    221.6500,    221.2653
     t,     -1.2707,    209.4500,    210.7207
     t,     -0.8997,    207.0500,    207.9497
     t,     -0.7741,    206.6500,    207.4241
     t,     -2.5193,    202.8500,    205.3693
     t,     -0.8155,    203.6500,    204.4655
     t,     -2.3014,    201.4500,    203.7514
     t,     -1.0152,    202.4500,    203.4652
     t,     -2.3905,    200.8500,    203.2405
     t,     -2.5659,    200.4500,    203.0159
     t,     -0.1447,    202.8500,    202.9947
     t,      0.2717,    203.2500,    202.9783
     t,     -3.2541,    200.4500,    203.7041
     t,      1.0504,    206.2500,    205.1996
     t,     -0.6598,    205.8500,    206.5098
     t,     -3.4096,    206.0500,    209.4596
     t,     -2.7943,    306.6105,    309.4048
     t,      0.8256,    304.0500,    303.2244
     t,      0.5256,    303.7500,    303.2244
     t,      0.4767,    303.9500,    303.4733
     t,      0.2767,    303.7500,    303.4733
     t,      3.5570,    306.7500,    303.1930
     t,      2.9570,    306.1500,    303.1930
     t,      0.6279,    303.8500,    303.2221
     t,      0.4279,    303.6500,    303.2221
     t,      0.7599,    304.4500,    303.6901
     t,      0.4599,    304.1500,    303.6901
     t,      0.8603,    304.9500,    304.0898
     t,      0.4603,    304.5500,    304.0897
     t,      0.4485,    304.3500,    303.9016
     t,      0.0484,    303.9500,    303.9016
     t,      1.0256,    304.2500,    303.2244
     t,      0.4256,    303.6500,    303.2244
     t,      0.4256,    303.6500,    303.2244
     t,      0.7767,    304.2500,    303.4733
     t,      0.1767,    303.6500,    303.4733
     t,     -0.0233,    303.4500,    303.4733
     t,      4.1570,    307.3500,    303.1930
     t,      2.6570,    305.8500,    303.1930
     t,      2.5570,    305.7500,    303.1930
     t,      1.3279,    304.5500,    303.2221
     t,     -0.0721,    303.1500,    303.2221
     t,     -0.2721,    302.9500,    303.2221
     t,      1.5599,    305.2500,    303.6901
     t,      0.1599,    303.8500,    303.6901
     t,     -0.1401,    303.5500,    303.6901
     t,      1.8603,    305.9500,    304.0898
     t,     -0.1397,    303.9500,    304.0898
     t,     -0.6397,    303.4500,    304.0898
     t,      1.4485,    305.3500,    303.9016
     t,     -0.4516,    303.4500,    303.9016
     t,     -0.9516,    302.9500,    303.9016
     t,      0.8256,    304.0500,    303.2244
     t,      0.7256,    303.9500,    303.2245
     t,      0.6767,    304.1500,    303.4733
     t,      0.6767,    304.1500,    303.4733
     t,      3.8570,    307.0500,    303.1930
     t,      3.3570,    306.5500,    303.1930
     t,      1.0279,    304.2500,    303.2221
     t,      1.1279,    304.3500,    303.2221
     t,      1.4599,    305.1500,    303.6901
     t,      1.3599,    305.0500,    303.6901
     t,      1.3603,    305.4500,    304.0898
     t,      1.2603,    305.3500,    304.0898
     t,      0.9485,    304.8500,    303.9016
     t,      0.7484,    304.6500,    303.9016
     q,      0.1109,      0.4869,      0.3760
     q,      0.0331,      0.4113,      0.3782
     q,      0.0446,      0.4353,      0.3907
     q,      0.0439,      0.5178,      0.4739
     q,      0.0189,      0.6847,      0.6658
     q,      0.0104,      0.7358,      0.7254
     q,     -0.0698,      0.6946,      0.7643
     q,     -0.1766,      0.5944,      0.7710
     q,     -0.2044,      0.5729,      0.7773
     q,     -0.1677,      0.5690,      0.7366
     q,     -0.1348,      0.6000,      0.7348
     q,     -0.2065,      0.5265,      0.7330
     q,     -0.1476,      0.5788,      0.7264
     q,     -0.2745,      0.4423,      0.7167
     q,     -0.2324,      0.4776,      0.7100
     q,     -0.2709,      0.4131,      0.6840
     q,     -0.0950,      0.5305,      0.6254
     q,     -0.1751,      0.4146,      0.5897
     q,     -0.0577,      0.4701,      0.5278
     q,     -0.1392,      0.3663,      0.5054
     q,     -0.0694,      0.3511,      0.4204
     q,     -0.1353,      0.2543,      0.3896
     q,     -0.1280,      0.2034,      0.3314
     q,     -0.1952,      0.1076,      0.3027
     q,     -0.2455,      0.0442,      0.2898
     q,     -0.2488,      0.0401,      0.2889
     q,     -0.2246,      0.0698,      0.2944
     q,     -0.2931,      0.0257,      0.3188
     q,     -0.1556,      0.1723,      0.3279
     q,     -0.2434,      0.0894,      0.3328
     q,     -0.1233,      0.2221,      0.3453
     q,      0.0536,      0.4020,      0.3484
     q,      0.0246,      0.3834,      0.3588
     q,     -0.0111,      0.3511,      0.3622
     q,     -0.3403,      0.0307,      0.3710
     q,     -0.3075,      0.0439,      0.3514
     q,     -0.2788,      0.0634,      0.3422
     q,     -0.2042,      0.0658,      0.2700
     q,     -0.1353,      0.0992,      0.2345
     q,     -0.0931,      0.0846,      0.1776
     q,      0.0451,      0.4775,      0.4324
     t,      0.2102,    225.6500,    225.4398
     t,     -0.3290,    223.0500,    223.3790
     t,     -1.1762,    215.6500,    216.8262
     t,     -0.2633,    212.6500,    212.9133
     t,     -1.0349,    210.8500,    211.8849
     t,     -3.8059,    205.6500,    209.4559
     t,     -4.5961,    203.4500,    208.0461
     t,     -3.5122,    203.6500,    207.1622
     t,     -1.0354,    205.4500,    206.4854
     t,     -0.7657,    205.2500,    206.0157
     t,      0.7632,    206.0500,    205.2868
     t,     -0.8999,    203.8500,    204.7499
     t,      0.1057,    205.0500,    204.9443
     t,      0.0063,    205.2500,    205.2437
     t,      0.5409,    206.4500,    205.9091
     t,      2.4328,    208.4500,    206.0172
     t,     -0.3627,    206.0500,    206.4127
     t,     -1.5413,    207.2500,    208.7913
     t,      0.0214,    209.6500,    209.6286
     t,      0.3154,    210.4500,    210.1346
     t,     -2.6581,    208.8500,    211.5081
     t,     -1.0637,    210.8500,    211.9137
     t,      2.3279,    214.6500,    212.3221
     t,      0.9790,    213.4500,    212.4709
     t,     -0.9294,    307.9500,    308.8795
     t,     -1.0331,    307.5500,    308.5831
     t,     -0.4418,    306.8500,    307.2918
     t,     -1.5982,    304.7500,    306.3482
     t,     -1.8229,    298.0500,    299.8729
     t,     -2.0800,    294.3500,    296.4301
     t,     -1.0905,    294.0500,    295.1405
     t,     -0.8871,    292.9500,    293.8371
     t,     -0.0062,    290.4500,    290.4562
     t,      0.6526,    290.4500,    289.7974
     t,     -0.0287,    288.8500,    288.8787
     t,      0.2083,    288.7500,    288.5417
     t,      0.0320,    288.1500,    288.1180
     t,     -0.1560,    286.4500,    286.6060
     t,     -0.2649,    286.2500,    286.5149
     t,     -1.3263,    283.1500,    284.4763
     t,      0.9596,    279.3500,    278.3904
     t,      1.9768,    279.3500,    277.3732
     t,     -0.2168,    275.4500,    275.6668
     t,     -0.1982,    274.5500,    274.7482
     t,     -0.6876,    273.7500,    274.4376
     t,     -0.7872,    273.3500,    274.1372
     t,     -1.2429,    272.7500,    273.9929
     t,     -1.0527,    272.6500,    273.7027
     t,     -1.2798,    272.3500,    273.6299
     t,     -1.5068,    272.0500,    273.5568
     t,     -1.9604,    271.4500,    273.4104
     t,     -1.7438,    271.1500,    272.8938
     t,     -2.4898,    269.3500,    271.8398
     t,     -2.8297,    268.5500,    271.3797
     t,     -3.2200,    267.8500,    271.0700
     t,     -3.2803,    267.3500,    270.6303
     t,     -3.8062,    265.7500,    269.5562
     t,     -3.7456,    265.3500,    269.0956
     t,     -3.8849,    264.7500,    268.6349
     t,     -0.8260,    267.2500,    268.0760
     t,     -1.3632,    265.2500,    266.6132
     t,     -1.2157,    265.0500,    266.2657
     t,      0.5510,    266.3500,    265.7990
     t,      1.1563,    266.3500,    265.1937
     t,      0.7881,    264.2500,    263.4619
     t,      1.7311,    262.1500,    260.4189
     t,      0.7448,    258.4500,    257.7052
     t,      0.0894,    257.3500,    257.2606
     t,      0.2183,    254.9500,    254.7317
     t,      0.4518,    254.5500,    254.0982
     t,      0.3648,    253.4500,    253.0852
     t,     -0.0532,    251.8500,    251.9032
     t,     -0.4323,    250.3500,    250.7823
     t,      0.0844,    249.7500,    249.6656
     t,      0.1250,    249.2500,    249.1250
     t,      0.8218,    247.8500,    247.0282
     t,      1.3507,    244.4500,    243.0993
     t,      2.4545,    238.4500,    235.9955
     t,      1.6565,    234.6500,    232.9935
     t,      1.4831,    233.4500,    231.9669
     t,      2.3304,    233.0500,    230.7196
     t,      0.8413,    222.8500,    222.0087
     t,     -0.0635,    216.8500,    216.9135
     t,      1.2819,    216.6500,    215.3681
     t,     -0.7303,    208.4500,    209.1803
     t,     -1.3791,    206.4500,    207.8291
     t,     -6.1424,    198.2500,    204.3924
     t,     -5.1013,    198.8500,    203.9513
     t,     -6.4880,    197.0500,    203.5380
     t,     -5.3284,    198.0500,    203.3784
     t,     -5.6421,    197.6500,    203.2921
     t,     -4.6670,    198.4500,    203.1170
     t,     -5.7431,    197.4500,    203.1931
     t,     -2.8244,    200.4500,    203.2744
     t,     -0.2749,    203.2500,    203.5249
     t,     -3.3172,    201.0500,    204.3672
     t,     -2.8923,    202.0500,    204.9423
     t,     -2.3524,    202.6500,    205.0024
     t,      1.9721,    207.0500,    205.0779
     t,      2.6411,    207.8500,    205.2089
     t,     -1.8852,    204.8500,    206.7352
     t,     -1.3118,    206.0500,    207.3618
     t,      0.9111,    208.4500,    207.5389
     t,      0.6320,    208.4500,    207.8180
     t,     -1.3370,    207.6500,    208.9870
     t,      1.0813,    211.2500,    210.1687
     t,      0.1547,    211.4500,    211.2953
     t,     -3.6319,    305.2500,    308.8819
     t,     -4.7878,    300.2500,    305.0378
     t,     -4.9545,    297.3500,    302.3045
     t,     -3.2908,    295.0500,    298.3408
     t,     -2.2351,    289.8500,    292.0851
     t,     -2.4808,    287.2500,    289.7308
     t,     -0.5258,    288.4500,    288.9758
     t,     -0.2061,    287.0500,    287.2560
     t,     -0.0431,    286.2500,    286.2931
     t,      0.5668,    286.1500,    285.5832
     t,     -0.7127,    274.2500,    274.9627
     t,     -0.5005,    273.1500,    273.6505
     t,     -1.6556,    267.6500,    269.3056
     t,     -1.2981,    267.7500,    269.0481
     t,     -1.1256,    267.7500,    268.8756
     t,     -1.3524,    267.3500,    268.7024
     t,     -1.0618,    265.9500,    267.0118
     t,      0.4335,    266.7500,    266.3165
     t,      0.3976,    264.0500,    263.6524
     t,     -0.8496,    259.1500,    259.9996
     t,      0.4467,    258.2500,    257.8033
     t,      0.7201,    257.8500,    257.1299
     t,     -0.2133,    251.4500,    251.6633
     t,      2.6151,    246.2500,    243.6349
     t,      2.2793,    244.4500,    242.1707
     t,      1.8017,    235.0500,    233.2483
     t,      1.7677,    234.2500,    232.4823
     t,     -0.1271,    222.2500,    222.3771
     t,     -0.7057,    217.8500,    218.5557
     t,     -0.4838,    213.2500,    213.7338
     t,      1.2352,    214.2500,    213.0148
     t,     -0.0968,    210.4500,    210.5468
     t,     -3.6357,    202.2500,    205.8857
     t,     -5.9062,    198.6500,    204.5562
     t,     -5.0847,    198.8500,    203.9347
     t,     -3.3814,    200.2500,    203.6314
     t,     -2.4785,    201.0500,    203.5285
     t,      2.8298,    207.0500,    204.2202
     t,     -1.6991,    205.4500,    207.1491
     t,      2.2287,    210.0500,    207.8214
     t,     -1.3559,    207.2500,    208.6059
     t,     -0.7909,    208.4500,    209.2409
     t,     -2.5941,    292.3354,    294.9294
     t,      0.3431,    280.1402,    279.7971
     t,      0.8140,    228.6688,    227.8548
     q,      0.0761,      0.6480,      0.5719
     q,      0.0142,      0.5849,      0.5707
     q,      0.0564,      0.6327,      0.5763
     q,      0.0256,      0.5935,      0.5679
     q,      0.0632,      0.7728,      0.7096
     q,      0.0184,      0.8261,      0.8076
     q,      0.0091,      0.8462,      0.8372
     q,     -0.1346,      0.7343,      0.8689
     q,     -0.1688,      0.7380,      0.9069
     q,     -0.2078,      0.6766,      0.8844
     q,     -0.2045,      0.6460,      0.8505
     q,     -0.0729,      0.7648,      0.8377
     q,     -0.0381,      0.7830,      0.8211
     q,     -0.0729,      0.7135,      0.7863
     q,     -0.0726,      0.7123,      0.7848
     q,      0.0781,      0.8261,      0.7480
     q,      0.2923,      0.9648,      0.6726
     q,      0.3729,      1.0264,      0.6536
     q,      0.2744,      0.8654,      0.5911
     q,      0.3201,      0.8745,      0.5544
     q,      0.2054,      0.7474,      0.5420
     q,      0.2440,      0.7742,      0.5302
     q,      0.1021,      0.6272,      0.5251
     q,      0.3250,      0.8395,      0.5146
     q,      0.3130,      0.8249,      0.5119
     q,      0.3386,      0.8478,      0.5092
     q,      0.2555,      0.7592,      0.5037
     q,      0.3203,      0.8042,      0.4839
     q,      0.1901,      0.6317,      0.4415
     q,      0.3004,      0.7218,      0.4213
     q,      0.2342,      0.6415,      0.4073
     q,      0.2883,      0.6876,      0.3993
     q,      0.2131,      0.5896,      0.3766
     q,      0.2177,      0.5856,      0.3679
     q,      0.2248,      0.5819,      0.3571
     q,      0.3801,      0.7233,      0.3432
     q,      0.4541,      0.7868,      0.3327
     q,      0.4586,      0.7942,      0.3356
     q,      0.5857,      0.9254,      0.3397
     q,      0.5899,      0.9388,      0.3489
     q,      0.5143,      0.8904,      0.3761
     q,      0.5018,      0.9793,      0.4775
     q,      0.2278,      0.8549,      0.6271
     q,      0.1406,      0.8008,      0.6601
     q,     -0.0979,      0.6920,      0.7899
     q,      0.0086,      0.7958,      0.7872
     q,     -0.0520,      0.7315,      0.7835
     q,     -0.0747,      0.7025,      0.7771
     q,     -0.2635,      0.5012,      0.7647
     q,     -0.3955,      0.3505,      0.7460
     q,     -0.5678,      0.1706,      0.7384
     q,     -0.5950,      0.1017,      0.6967
     q,     -0.4799,      0.0969,      0.5767
     q,      0.0020,      0.5316,      0.5296
     q,     -0.0189,      0.5942,      0.6131
     q,     -0.0283,      0.6531,      0.6814
     q,     -0.0702,      0.7105,      0.7807
     q,     -0.0266,      0.8605,      0.8871
     q,     -0.0421,      0.7927,      0.8348
     q,     -0.1884,      0.6208,      0.8092
     q,     -0.2368,      0.5163,      0.7531
     q,     -0.2320,      0.5157,      0.7477
     q,     -0.2780,      0.4654,      0.7434
     q,      0.1639,      0.7923,      0.6284
     q,      0.0245,      0.6114,      0.5869
     q,      0.2385,      0.6578,      0.4193
     q,     -0.0929,      0.3163,      0.4091
     q,     -0.0533,      0.3489,      0.4022
     q,     -0.0234,      0.3716,      0.3951
     q,      0.0214,      0.3427,      0.3213
     q,     -0.1930,      0.1089,      0.3018
     q,      0.0282,      0.2401,      0.2119
     q,     -0.0427,      0.1372,      0.1799
     q,     -0.1794,      0.0585,      0.2379
     q,     -0.1793,      0.1014,      0.2808
     q,     -0.4269,      0.0355,      0.4624
     q,     -0.0655,      0.7935,      0.8590
     q,     -0.0923,      0.6196,      0.7119
     t,     -0.8830,    297.0500,    297.9330
     t,     -1.5830,    296.3500,    297.9330
     t,     -2.7586,    294.2500,    297.0086
     t,     -2.2013,    293.2500,    295.4513
     t,     -1.5945,    292.6500,    294.2445
     t,     -1.7143,    292.3500,    294.0643
     t,     -0.9939,    293.0500,    294.0439
     t,     -1.9004,    292.2500,    294.1504
     t,     -2.3817,    291.3500,    293.7318
     t,     -2.6719,    289.8500,    292.5219
     t,     -3.1335,    289.1500,    292.2835
     t,     -4.0003,    287.9500,    291.9503
     t,     -4.4646,    287.1500,    291.6146
     t,     -2.3321,    287.3500,    289.6821
     t,     -2.2091,    282.5500,    284.7591
     t,     -2.3563,    282.2500,    284.6063
     t,     -1.7728,    281.7500,    283.5228
     t,     -1.6023,    281.4500,    283.0523
     t,     -1.1070,    281.5500,    282.6570
     t,     -0.2510,    279.8500,    280.1010
     t,      1.0103,    278.9500,    277.9397
     t,      0.3947,    276.0500,    275.6553
     t,      0.7982,    275.9500,    275.1518
     t,     -0.0104,    272.8500,    272.8604
     t,      0.5389,    272.4500,    271.9111
     t,      0.6300,    271.7500,    271.1200
     t,      0.7545,    271.2500,    270.4955
     t,      0.8183,    268.7500,    267.9317
     t,      0.7120,    268.3500,    267.6380
     t,      0.2317,    265.1500,    264.9183
     t,      0.1653,    263.8500,    263.6848
     t,      0.3133,    260.1500,    259.8367
     t,     -0.5151,    256.0500,    256.5651
     t,     -0.5052,    255.6500,    256.1552
     t,     -0.0795,    254.5500,    254.6295
     t,     -0.1126,    253.9500,    254.0626
     t,     -0.1061,    252.9500,    253.0561
     t,     -0.1630,    252.1500,    252.3130
     t,     -0.1263,    250.3500,    250.4763
     t,     -0.1429,    249.5500,    249.6929
     t,      0.2924,    248.5500,    248.2576
     t,     -0.0610,    246.0500,    246.1110
     t,      0.7134,    245.4500,    244.7366
     t,      0.6653,    240.8500,    240.1847
     t,      0.3100,    238.6500,    238.3400
     t,     -0.4459,    235.2500,    235.6959
     t,      0.4426,    234.8500,    234.4074
     t,      0.8127,    232.0500,    231.2374
     t,      0.8758,    223.4500,    222.5742
     t,      1.0771,    223.2500,    222.1729
     t,      2.1636,    222.8500,    220.6864
     t,     -0.9066,    213.2500,    214.1566
     t,     -1.3593,    211.2500,    212.6093
     t,     -1.8770,    210.2500,    212.1270
     t,     -3.1351,    208.2500,    211.3851
     t,     -4.0054,    206.2500,    210.2554
     t,     -2.7428,    207.2500,    209.9928
     t,     -2.0105,    207.2500,    209.2605
     t,     -3.1392,    204.8500,    207.9892
     t,     -2.3881,    204.8500,    207.2381
     t,      0.0256,    207.0500,    207.0244
     t,     -0.8600,    206.0500,    206.9100
     t,      1.2203,    208.2500,    207.0297
     t,     -0.1958,    207.4500,    207.6458
     t,      1.1540,    209.0500,    207.8960
     t,     -1.5853,    207.2500,    208.8353
     t,     -2.7988,    207.8500,    210.6488
     t,      0.0389,    210.8500,    210.8111
     t,      0.0271,    210.8500,    210.8229
     t,      1.3408,    212.4500,    211.1092
     t,     -2.0682,    209.8500,    211.9182
     t,     -0.8326,    211.8500,    212.6826
     t,      0.7307,    213.6500,    212.9193
     t,      0.9026,    227.5154,    226.6129
     t,      0.3472,    295.7500,    295.4028
     t,     -0.2528,    295.1500,    295.4028
     t,     -0.9747,    291.0500,    292.0247
     t,     -1.0817,    290.2500,    291.3317
     t,     -1.8021,    287.2500,    289.0521
     t,     -1.0121,    287.8500,    288.8621
     t,     -1.0091,    287.4500,    288.4591
     t,     -2.3432,    285.9500,    288.2932
     t,     -3.6048,    283.9500,    287.5548
     t,     -2.7090,    284.5500,    287.2589
     t,     -2.9593,    282.4500,    285.4093
     t,     -1.6947,    282.3500,    284.0447
     t,     -1.8028,    282.0500,    283.8528
     t,     -1.7166,    281.7500,    283.4666
     t,     -1.9573,    281.2500,    283.2073
     t,     -0.3363,    282.1500,    282.4863
     t,     -0.5691,    281.0500,    281.6191
     t,     -0.6316,    280.6500,    281.2816
     t,     -0.4955,    280.4500,    280.9455
     t,     -0.6888,    279.8500,    280.5388
     t,     -1.6046,    277.0500,    278.6546
     t,     -1.5906,    276.8500,    278.4406
     t,     -0.7982,    276.7500,    277.5482
     t,     -0.5309,    276.0500,    276.5808
     t,     -0.9104,    273.2500,    274.1604
     t,     -0.9474,    271.7500,    272.6974
     t,     -0.7737,    267.5500,    268.3236
     t,     -0.3618,    266.8500,    267.2118
     t,      0.2036,    266.8500,    266.6464
     t,      0.4600,    266.6500,    266.1900
     t,      0.2053,    265.2500,    265.0447
     t,     -0.1764,    263.6500,    263.8264
     t,     -0.9709,    259.2500,    260.2209
     t,     -0.8842,    258.3500,    259.2342
     t,     -1.3215,    256.6500,    257.9715
     t,     -1.0654,    256.6500,    257.7154
     t,     -0.5197,    256.5500,    257.0697
     t,     -0.2593,    256.5500,    256.8093
     t,      0.0116,    255.1500,    255.1384
     t,      0.0997,    254.9500,    254.8503
     t,      0.1168,    253.9500,    253.8332
     t,     -0.4321,    250.5500,    250.9821
     t,     -0.4604,    248.3500,    248.8104
     t,     -0.5440,    247.1500,    247.6940
     t,      0.5251,    244.1500,    243.6249
     t,      0.9302,    239.5500,    238.6198
     t,      0.9287,    239.3500,    238.4213
     t,      0.7901,    231.6500,    230.8599
     t,      0.5419,    228.6500,    228.1081
     t,     -0.2374,    225.0500,    225.2874
     t,     -1.9654,    220.2500,    222.2154
     t,     -1.1551,    220.8500,    222.0051
     t,     -1.2310,    219.4500,    220.6810
     t,     -0.6900,    219.6500,    220.3400
     t,      0.8256,    220.2500,    219.4244
     t,      1.4637,    219.8500,    218.3863
     t,     -0.0275,    216.6500,    216.6775
     t,      0.1146,    215.6500,    215.5354
     t,     -0.6765,    214.4500,    215.1265
     t,      0.0794,    214.6500,    214.5706
     t,     -1.9231,    210.0500,    211.9731
     t,     -1.4661,    210.2500,    211.7161
     t,     -1.7961,    208.8500,    210.6461
     t,     -1.2579,    209.2500,    210.5079
     t,     -2.8631,    206.6500,    209.5131
     t,     -1.9278,    207.4500,    209.3778
     t,     -2.4248,    206.8500,    209.2748
     t,      2.3580,    211.6500,    209.2920
     t,      2.0950,    211.6500,    209.5550
     t,     -1.4733,    208.6500,    210.1233
     t,     -0.9597,    209.4500,    210.4097
     t,     -3.4834,    207.4500,    210.9334
     t,     -2.2881,    209.2500,    211.5381
     t,     -2.5457,    209.0500,    211.5957
     t,     -0.3979,    211.4500,    211.8479
     t,     -1.8945,    211.6500,    213.5445
     t,     -0.5977,    293.0573,    293.6550
     q,      0.0724,      0.8719,      0.7995
     q,     -0.0184,      0.7812,      0.7995
     q,     -0.0456,      0.7854,      0.8310
     q,     -0.0460,      0.8473,      0.8933
     q,     -0.0580,      0.8785,      0.9365
     q,     -0.0652,      0.8771,      0.9424
     q,     -0.0501,      0.8976,      0.9477
     q,     -0.0877,      0.8334,      0.9211
     q,     -0.1075,      0.8117,      0.9192
     q,     -0.1215,      0.8005,      0.9220
     q,     -0.1519,      0.7702,      0.9221
     q,     -0.2770,      0.6424,      0.9193
     q,     -0.2749,      0.6416,      0.9165
     q,     -0.1065,      0.7816,      0.8880
     q,     -0.0129,      0.7083,      0.7212
     q,     -0.0137,      0.7049,      0.7186
     q,      0.0581,      0.7584,      0.7003
     q,      0.0576,      0.7489,      0.6912
     q,     -0.0075,      0.6758,      0.6833
     q,      0.0641,      0.7241,      0.6600
     q,      0.0437,      0.6932,      0.6495
     q,      0.1211,      0.7604,      0.6394
     q,      0.0413,      0.6781,      0.6368
     q,      0.1105,      0.7256,      0.6151
     q,      0.1628,      0.7633,      0.6005
     q,     -0.0617,      0.5255,      0.5872
     q,     -0.1228,      0.4531,      0.5759
     q,     -0.1914,      0.3458,      0.5372
     q,     -0.1904,      0.3416,      0.5320
     q,     -0.1263,      0.3768,      0.5031
     q,     -0.2375,      0.2602,      0.4978
     q,     -0.2328,      0.2517,      0.4844
     q,      0.0360,      0.5128,      0.4768
     q,      0.0349,      0.5105,      0.4756
     q,     -0.1389,      0.3310,      0.4699
     q,     -0.0703,      0.3973,      0.4677
     q,     -0.1368,      0.3265,      0.4633
     q,     -0.2648,      0.1937,      0.4586
     q,     -0.2145,      0.2300,      0.4445
     q,     -0.0963,      0.3410,      0.4373
     q,     -0.1883,      0.2346,      0.4229
     q,     -0.2301,      0.1755,      0.4056
     q,      0.0366,      0.8060,      0.7694
     q,     -0.0305,      0.7390,      0.7694
     q,     -0.0212,      0.8425,      0.8637
     q,     -0.0118,      0.8743,      0.8862
     q,     -0.1251,      0.8485,      0.9737
     q,     -0.1201,      0.8590,      0.9790
     q,     -0.1185,      0.8269,      0.9454
     q,     -0.2091,      0.7033,      0.9124
     q,     -0.1383,      0.6001,      0.7384
     q,     -0.0275,      0.6810,      0.7085
     q,      0.0096,      0.6754,      0.6657
     q,      0.0369,      0.6541,      0.6172
     q,      0.0169,      0.6248,      0.6079
     q,     -0.0434,      0.5453,      0.5887
     q,     -0.1697,      0.4059,      0.5756
     q,     -0.3248,      0.2130,      0.5378
     q,     -0.2990,      0.1905,      0.4895
     q,     -0.0664,      0.4035,      0.4699
     q,     -0.1242,      0.3264,      0.4506
     q,      0.0351,      0.4618,      0.4267
     q,      0.1819,      0.4875,      0.3056
     q,      0.0719,      0.3627,      0.2907
     q,     -0.1121,      0.1322,      0.2443
     q,     -0.1741,      0.0433,      0.2174
     q,     -0.0051,      0.1332,      0.1382
     q,     -0.0802,      0.0607,      0.1409
     q,     -0.1015,      0.0745,      0.1760
     q,     -0.1405,      0.0562,      0.1967
     q,     -0.0045,      0.2039,      0.2085
     q,      0.0090,      0.2276,      0.2186
     q,     -0.0233,      0.2198,      0.2431
     q,      0.1060,      0.3578,      0.2518
     q,      0.0585,      0.3521,      0.2936
     q,     -0.0749,      0.2430,      0.3180
     q,      0.0098,      0.3643,      0.3545
     q,      0.0846,      0.4473,      0.3627
     q,     -0.1619,      0.2227,      0.3846
     q,     -0.1171,      0.2769,      0.3940
     q,     -0.1165,      0.3355,      0.4520
     q,     -0.1261,      0.3369,      0.4630
     q,     -0.2013,      0.3027,      0.5040
     q,     -0.2178,      0.4138,      0.6316
     q,     -0.0886,      0.5915,      0.6801
     q,     -0.1796,      0.5309,      0.7105
     q,     -0.0325,      0.7072,      0.7397
     q,     -0.0917,      0.6329,      0.7246
     q,     -0.0199,      0.7914,      0.8113
     t,     -1.6702,    213.6500,    215.3202
     t,      1.2397,    216.2500,    215.0103
     t,     -3.0847,    211.8500,    214.9347
     t,     -1.5068,    213.6500,    215.1568
     t,     -1.7050,    213.6500,    215.3550
     t,      0.3931,    215.8500,    215.4570
     t,     -1.5744,    215.6500,    217.2244
     t,      1.2323,    219.0500,    217.8177
     t,      0.4856,    302.2500,    301.7644
     t,     -1.5069,    300.0500,    301.5569
     t,     -1.6488,    299.1500,    300.7988
     t,     -1.6684,    296.8500,    298.5184
     t,     -1.6139,    289.8500,    291.4639
     t,     -2.6748,    287.2500,    289.9248
     t,     -2.5031,    287.3500,    289.8531
     t,     -0.6071,    289.1500,    289.7571
     t,     -0.0107,    289.6500,    289.6607
     t,      0.5448,    289.7500,    289.2052
     t,      0.7132,    289.6500,    288.9368
     t,      0.5215,    289.0500,    288.5285
     t,      0.4458,    288.4500,    288.0042
     t,      0.1827,    287.8500,    287.6673
     t,     -0.0698,    287.0500,    287.1198
     t,      0.0884,    284.1500,    284.0616
     t,     -0.0685,    283.3500,    283.4185
     t,     -0.4854,    275.9500,    276.4354
     t,      0.2789,    273.8500,    273.5711
     t,      0.0458,    271.0500,    271.0042
     t,      0.3209,    269.3500,    269.0291
     t,      0.5693,    268.8500,    268.2807
     t,      0.0587,    264.2500,    264.1913
     t,     -0.0944,    263.4500,    263.5444
     t,     -0.1076,    263.2500,    263.3576
     t,      0.4333,    262.7500,    262.3167
     t,     -0.1223,    259.5500,    259.6722
     t,      0.9846,    260.0500,    259.0654
     t,      1.0148,    259.0500,    258.0352
     t,      1.0551,    257.9500,    256.8949
     t,      1.1073,    255.5500,    254.4427
     t,      1.0853,    255.1500,    254.0647
     t,      0.9482,    253.5500,    252.6018
     t,      0.6586,    251.8500,    251.1914
     t,      0.4960,    249.6500,    249.1540
     t,      0.4036,    248.3500,    247.9464
     t,      0.1701,    243.6500,    243.4799
     t,     -0.3835,    240.2500,    240.6335
     t,     -0.7200,    237.6500,    238.3700
     t,      0.0676,    236.8500,    236.7825
     t,      0.0476,    236.6500,    236.6024
     t,      0.0506,    231.0500,    230.9994
     t,     -0.3584,    228.0500,    228.4084
     t,     -0.1115,    226.8500,    226.9615
     t,      0.5044,    224.2500,    223.7456
     t,     -1.3919,    216.4500,    217.8419
     t,     -1.4049,    215.8500,    217.2549
     t,     -2.5532,    214.0500,    216.6032
     t,     -1.3322,    215.0500,    216.3822
     t,     -2.4130,    213.6500,    216.0630
     t,     -0.9049,    215.0500,    215.9549
     t,      0.4847,    216.4500,    215.9653
     t,      1.6569,    217.6500,    215.9931
     t,      1.8826,    217.8500,    215.9674
     t,      0.7373,    216.6500,    215.9127
     t,     -0.2336,    215.6500,    215.8836
     t,      0.2408,    216.0500,    215.8092
     t,     -0.9936,    214.6500,    215.6436
     t,     -1.0204,    214.4500,    215.4704
     t,     -0.0811,    215.2500,    215.3311
     t,     -1.2613,    213.8500,    215.1113
     t,      0.0520,    215.0500,    214.9980
     t,     -1.3533,    213.4500,    214.8033
     t,     -1.3536,    213.2500,    214.6036
     t,     -2.3196,    211.8500,    214.1696
     t,     -0.7437,    213.2500,    213.9937
     t,     -3.0631,    210.8500,    213.9131
     t,     -1.4577,    212.2500,    213.7077
     t,      1.2265,    214.8500,    213.6235
     t,     -0.2966,    213.6500,    213.9466
     t,     -0.3583,    213.6500,    214.0083
     t,      0.6415,    215.0500,    214.4085
     t,     -2.7205,    214.2500,    216.9705
     t,     -2.2107,    215.4500,    217.6607
     q,      0.0385,      0.4531,      0.4147
     q,     -0.0126,      0.4046,      0.4173
     q,     -0.0269,      0.4009,      0.4277
     q,     -0.0493,      0.4237,      0.4730
     q,     -0.0286,      0.6095,      0.6382
     q,      0.1059,      0.6232,      0.5173
     q,      0.1189,      0.6111,      0.4922
     q,      0.0633,      0.5220,      0.4587
     q,      0.0162,      0.4415,      0.4253
     q,     -0.1825,      0.1540,      0.3365
     q,     -0.0049,      0.2800,      0.2849
     q,      0.1072,      0.3915,      0.2842
     q,      0.0051,      0.2927,      0.2876
     q,      0.0897,      0.3793,      0.2896
     q,      0.0199,      0.3243,      0.3044
     q,     -0.0294,      0.4012,      0.4306
     q,     -0.0292,      0.4244,      0.4536
     q,     -0.0061,      0.6713,      0.6774
     q,     -0.0559,      0.6516,      0.7075
     q,     -0.0503,      0.6304,      0.6807
     q,     -0.0074,      0.6429,      0.6503
     q,      0.0923,      0.7213,      0.6290
     q,      0.1100,      0.6097,      0.4997
     q,      0.1816,      0.6674,      0.4858
     q,      0.1894,      0.6712,      0.4818
     q,      0.1687,      0.6265,      0.4578
     q,      0.2143,      0.6392,      0.4250
     q,      0.1243,      0.5451,      0.4208
     q,      0.0423,      0.4548,      0.4125
     q,     -0.1486,      0.2589,      0.4075
     q,     -0.0986,      0.3050,      0.4036
     q,     -0.1774,      0.2256,      0.4030
     q,     -0.2057,      0.1962,      0.4019
     q,     -0.2810,      0.1217,      0.4026
     q,     -0.2436,      0.1604,      0.4040
     q,     -0.1441,      0.2604,      0.4044
     q,     -0.1340,      0.2685,      0.4026
     q,     -0.0260,      0.3715,      0.3975
     q,     -0.0005,      0.3922,      0.3927
     q,     -0.1256,      0.2658,      0.3914
     q,     -0.1271,      0.2644,      0.3914
     t,      1.5553,    308.5500,    306.9947
     t,      0.1162,    306.1500,    306.0338
     t,      0.1666,    305.7500,    305.5834
     t,     -0.0469,    299.5500,    299.5969
     t,     -0.3828,    298.1500,    298.5328
     t,     -0.2272,    297.8500,    298.0772
     t,     -0.8253,    295.0500,    295.8753
     t,     -0.9337,    294.3500,    295.2838
     t,     -1.1746,    293.0500,    294.2246
     t,     -0.7481,    292.8500,    293.5981
     t,     -0.0609,    291.7500,    291.8109
     t,     -0.3130,    290.4500,    290.7630
     t,     -0.5059,    289.4500,    289.9559
     t,     -0.4765,    288.4500,    288.9265
     t,      0.0471,    287.7500,    287.7029
     t,      0.0022,    286.7500,    286.7478
     t,     -0.0005,    285.8500,    285.8505
     t,      0.0084,    283.7500,    283.7416
     t,      0.1891,    283.2500,    283.0609
     t,     -0.4342,    280.3500,    280.7842
     t,     -0.4561,    277.4500,    277.9061
     t,     -0.5200,    276.9500,    277.4700
     t,     -0.4032,    276.4500,    276.8532
     t,     -0.3825,    276.0500,    276.4325
     t,      0.0534,    275.1500,    275.0966
     t,      0.2748,    274.6500,    274.3752
     t,      0.3808,    274.3500,    273.9692
     t,      0.6870,    273.7500,    273.0630
     t,      0.6473,    272.5500,    271.9027
     t,     -0.2339,    268.4500,    268.6839
     t,     -0.2864,    265.0500,    265.3364
     t,      0.2227,    263.3500,    263.1273
     t,     -0.1429,    260.3500,    260.4929
     t,     -0.1753,    258.8500,    259.0253
     t,     -0.0607,    257.4500,    257.5107
     t,      0.0736,    252.8500,    252.7764
     t,     -0.3035,    250.6500,    250.9534
     t,     -0.2907,    249.8500,    250.1407
     t,     -0.4594,    241.2500,    241.7094
     t,     -0.5499,    234.4500,    234.9999
     t,     -0.2209,    231.0500,    231.2710
     t,     -0.6087,    221.2500,    221.8587
     t,     -0.3024,    220.4500,    220.7524
     t,     -0.2812,    219.8500,    220.1312
     t,     -0.0706,    219.8500,    219.9206
     t,     -0.2178,    218.8500,    219.0678
     t,     -0.6143,    216.2500,    216.8643
     t,     -1.6275,    210.0500,    211.6775
     t,     -0.7194,    209.0500,    209.7694
     t,     -0.7913,    208.0500,    208.8413
     t,     -0.3641,    207.2500,    207.6141
     t,     -1.7843,    204.0500,    205.8343
     t,     -1.0078,    204.4500,    205.4578
     t,     -1.6479,    202.6500,    204.2979
     t,     -0.5944,    203.4500,    204.0444
     t,     -0.2065,    203.0500,    203.2565
     t,     -2.7026,    199.8500,    202.5526
     t,     -2.6424,    199.4500,    202.0924
     t,     -1.3300,    200.8500,    202.1800
     t,      2.7981,    205.2500,    202.4519
     t,      1.2715,    204.0500,    202.7785
     t,      1.9629,    205.2500,    203.2871
     t,     -0.7331,    204.0500,    204.7831
     t,      0.4589,    206.2500,    205.7911
     t,      1.4200,    208.8500,    207.4300
     t,     -1.3732,    207.6500,    209.0232
     t,      0.0504,    209.4500,    209.3996
     t,     -0.5538,    209.8500,    210.4038
     t,      1.4064,    211.8500,    210.4436
     t,      0.2247,    304.3144,    304.0897
     t,      0.2654,    302.7920,    302.5266
     t,     -0.6166,    309.9500,    310.5666
     t,     -1.3166,    309.2500,    310.5666
     t,     -1.7552,    308.0500,    309.8051
     t,     -1.8909,    301.8500,    303.7409
     t,     -1.7003,    297.1500,    298.8503
     t,     -1.5678,    294.9500,    296.5179
     t,     -1.2815,    291.0500,    292.3315
     t,     -1.0854,    290.7500,    291.8354
     t,      0.4119,    291.7500,    291.3381
     t,      0.7263,    291.1500,    290.4237
     t,      0.9524,    288.8500,    287.8976
     t,      0.5258,    285.4500,    284.9242
     t,      0.4739,    285.2500,    284.7761
     t,      0.5230,    283.8500,    283.3270
     t,      0.8297,    283.4500,    282.6203
     t,      0.1882,    278.5500,    278.3618
     t,     -0.4888,    276.9500,    277.4388
     t,     -0.4008,    276.7500,    277.1508
     t,      0.2749,    276.9500,    276.6751
     t,     -0.2048,    275.5500,    275.7548
     t,     -0.4988,    274.7500,    275.2488
     t,     -0.5419,    274.4500,    274.9919
     t,     -0.3972,    274.2500,    274.6472
     t,     -0.4500,    273.8500,    274.3000
     t,     -0.5244,    273.2500,    273.7744
     t,     -0.9031,    272.2500,    273.1531
     t,     -0.8793,    271.0500,    271.9293
     t,     -0.6058,    270.7500,    271.3558
     t,     -0.0238,    270.7500,    270.7738
     t,      0.3606,    269.8500,    269.4894
     t,      0.2612,    269.5500,    269.2888
     t,      0.5284,    268.7500,    268.2216
     t,      1.0135,    267.1500,    266.1365
     t,     -0.5146,    259.7500,    260.2646
     t,     -0.8216,    258.5500,    259.3716
     t,     -0.9132,    257.5500,    258.4632
     t,     -1.1191,    256.9500,    258.0691
     t,     -1.3187,    255.5500,    256.8687
     t,     -0.6233,    255.0500,    255.6733
     t,      0.4008,    251.2500,    250.8492
     t,      0.2579,    242.6500,    242.3920
     t,     -0.1333,    238.2500,    238.3833
     t,      0.5704,    233.4500,    232.8796
     t,      0.5565,    232.8500,    232.2935
     t,     -0.0000,    229.4500,    229.4500
     t,     -0.1427,    228.2500,    228.3927
     t,     -0.6557,    225.6500,    226.3057
     t,     -1.0289,    222.2500,    223.2789
     t,     -0.7772,    220.6500,    221.4272
     t,     -0.5546,    217.2500,    217.8046
     t,     -1.3789,    208.6500,    210.0289
     t,     -1.2242,    206.4500,    207.6742
     t,     -3.0303,    202.0500,    205.0803
     t,     -1.5474,    203.2500,    204.7974
     t,     -3.1804,    200.8500,    204.0304
     t,     -2.9230,    201.0500,    203.9730
     t,     -1.8652,    202.0500,    203.9152
     t,     -2.6289,    201.0500,    203.6789
     t,     -1.6799,    201.6500,    203.3299
     t,      0.2399,    203.4500,    203.2101
     t,     -0.8367,    202.2500,    203.0867
     t,     -2.4150,    200.6500,    203.0650
     t,      0.7858,    204.0500,    203.2642
     t,     -0.6791,    203.2500,    203.9291
     t,      0.0941,    204.4500,    204.3559
     t,      2.5656,    207.2500,    204.6844
     t,      0.9040,    206.8500,    205.9460
     t,     -2.1726,    206.6500,    208.8226
     t,     -1.4311,    208.0500,    209.4811
     t,     -2.3194,    208.8500,    211.1694
     t,     -1.7781,    307.0106,    308.7887
     t,     -1.8014,    305.7332,    307.5346
     t,     -1.8296,    304.1218,    305.9514
     t,      2.1586,    310.3500,    308.1914
     t,      1.2586,    309.4500,    308.1914
     t,      0.4723,    308.2500,    307.7777
     t,      0.0949,    302.0500,    301.9550
     t,     -0.2105,    295.9500,    296.1606
     t,      0.2643,    295.4500,    295.1857
     t,      0.1535,    295.2500,    295.0965
     t,      0.1724,    292.8500,    292.6776
     t,      0.0428,    292.2500,    292.2072
     t,     -0.4764,    289.5500,    290.0264
     t,     -0.4756,    288.9500,    289.4256
     t,     -0.6159,    288.1500,    288.7659
     t,     -0.4744,    287.1500,    287.6244
     t,     -0.6427,    285.8500,    286.4927
     t,     -0.7949,    284.8500,    285.6449
     t,     -0.6647,    283.8500,    284.5147
     t,     -0.7896,    281.2500,    282.0396
     t,     -0.4233,    281.0500,    281.4733
     t,     -0.1376,    281.0500,    281.1876
     t,     -0.0501,    280.8500,    280.9001
     t,     -0.2333,    280.4500,    280.6833
     t,     -0.2155,    280.2500,    280.4655
     t,     -0.2779,    279.1500,    279.4279
     t,     -0.1664,    278.3500,    278.5164
     t,      0.2570,    277.4500,    277.1931
     t,      0.2170,    276.4500,    276.2330
     t,      0.1597,    275.8500,    275.6903
     t,     -0.3166,    273.7500,    274.0666
     t,     -0.4828,    272.9500,    273.4329
     t,     -0.5964,    271.9500,    272.5464
     t,     -0.5037,    271.7500,    272.2537
     t,     -0.2397,    271.6500,    271.8896
     t,     -0.0242,    271.3500,    271.3742
     t,      0.2235,    270.5500,    270.3265
     t,     -0.0081,    269.5500,    269.5581
     t,      0.2720,    265.9500,    265.6780
     t,      0.4215,    265.5500,    265.1285
     t,     -0.0231,    263.9500,    263.9731
     t,      0.2585,    263.0500,    262.7915
     t,     -0.3128,    258.5500,    258.8628
     t,     -0.1760,    258.1500,    258.3260
     t,     -0.2287,    254.8500,    255.0787
     t,     -0.5771,    252.8500,    253.4271
     t,      0.2139,    252.2500,    252.0361
     t,      0.1612,    241.8500,    241.6888
     t,     -0.7025,    234.0500,    234.7525
     t,     -0.4183,    231.4500,    231.8683
     t,     -0.5956,    228.4500,    229.0456
     t,      0.3064,    224.8500,    224.5436
     t,     -0.3666,    220.6500,    221.0166
     t,     -0.8767,    217.6500,    218.5267
     t,     -1.5722,    211.2500,    212.8222
     t,     -0.8054,    208.8500,    209.6554
     t,      0.5857,    209.0500,    208.4643
     t,      0.2081,    207.4500,    207.2419
     t,     -0.7017,    206.0500,    206.7517
     t,     -0.0726,    206.0500,    206.1227
     t,     -2.0332,    203.2500,    205.2832
     t,     -1.1326,    203.6500,    204.7826
     t,     -2.2236,    202.2500,    204.4736
     t,     -2.6283,    200.6500,    203.2782
     t,     -0.7375,    202.2500,    202.9875
     t,     -0.4915,    202.2500,    202.7415
     t,     -1.5705,    200.8500,    202.4205
     t,     -1.0884,    202.0500,    203.1384
     t,      1.3523,    205.0500,    203.6977
     t,     -2.2964,    202.4500,    204.7464
     t,      1.8866,    207.4500,    205.5634
     t,     -0.5035,    205.6500,    206.1535
     t,     -0.2474,    206.2500,    206.4974
     t,      0.2639,    207.8500,    207.5861
     t,     -1.2530,    207.0500,    208.3030
     t,      0.0194,    208.8500,    208.8306
     t,     -2.7001,    207.6500,    210.3501
     t,      0.8142,    212.0500,    211.2358
     t,      0.2521,    306.1126,    305.8605
     t,      0.1932,    304.5012,    304.3080
     t,      0.0758,    306.9500,    306.8742
     t,      0.8182,    304.0500,    303.2318
     t,      0.5182,    303.7500,    303.2318
     t,      0.7978,    303.9500,    303.1522
     t,      0.5978,    303.7500,    303.1522
     t,      0.7296,    303.9500,    303.2204
     t,      0.3296,    303.5500,    303.2204
     t,      0.4057,    303.8500,    303.4443
     t,     -0.1943,    303.2500,    303.4443
     t,      0.0963,    303.4500,    303.3538
     t,     -0.0037,    303.3500,    303.3537
     t,      0.2226,    303.6500,    303.4274
     t,      0.1226,    303.5500,    303.4274
     t,      0.3637,    303.5500,    303.1863
     t,      0.5637,    303.7500,    303.1863
     t,     -0.5115,    303.4500,    303.9615
     t,     -1.0115,    302.9500,    303.9615
     t,     -1.2103,    303.7500,    304.9603
     t,     -0.4103,    304.5500,    304.9603
     t,     -0.8622,    303.8500,    304.7122
     t,     -1.3622,    303.3500,    304.7122
     t,      1.5980,    305.1500,    303.5520
     t,      0.6980,    304.2500,    303.5520
     t,      0.5758,    307.4500,    306.8742
     t,      1.1182,    304.3500,    303.2318
     t,      0.2182,    303.4500,    303.2318
     t,     -0.2818,    302.9500,    303.2318
     t,      0.6978,    303.8500,    303.1522
     t,      0.4978,    303.6500,    303.1522
     t,      0.5978,    303.7500,    303.1522
     t,      1.1296,    304.3500,    303.2204
     t,     -0.5704,    302.6500,    303.2204
     t,     -0.6704,    302.5500,    303.2204
     t,      1.2057,    304.6500,    303.4442
     t,     -0.6943,    302.7500,    303.4443
     t,     -1.2943,    302.1500,    303.4442
     t,      0.2963,    303.6500,    303.3537
     t,     -0.2037,    303.1500,    303.3537
     t,     -0.3037,    303.0500,    303.3537
     t,      0.8226,    304.2500,    303.4274
     t,     -0.1774,    303.2500,    303.4274
     t,     -0.2774,    303.1500,    303.4274
     t,      0.4637,    303.6500,    303.1863
     t,      0.5637,    303.7500,    303.1863
     t,      0.2637,    303.4500,    303.1863
     t,      1.9885,    305.9500,    303.9615
     t,     -1.6115,    302.3500,    303.9615
     t,     -2.2115,    301.7500,    303.9615
     t,     -1.6103,    303.3500,    304.9603
     t,     -0.4103,    304.5500,    304.9603
     t,     -0.9103,    304.0500,    304.9603
     t,     -0.9622,    303.7500,    304.7122
     t,     -1.7621,    302.9500,    304.7122
     t,     -2.5621,    302.1500,    304.7121
     t,      2.1980,    305.7500,    303.5520
     t,      0.2980,    303.8500,    303.5520
     t,     -0.3020,    303.2500,    303.5520
     t,      0.1758,    307.0500,    306.8742
     t,      1.0182,    304.2500,    303.2318
     t,      0.9182,    304.1500,    303.2318
     t,      0.9978,    304.1500,    303.1522
     t,      0.6978,    303.8500,    303.1522
     t,      1.0296,    304.2500,    303.2204
     t,      0.9296,    304.1500,    303.2204
     t,      0.4057,    303.8500,    303.4443
     t,      0.6057,    304.0500,    303.4442
     t,      0.1963,    303.5500,    303.3537
     t,      0.2963,    303.6500,    303.3537
     t,      0.7226,    304.1500,    303.4274
     t,      0.6226,    304.0500,    303.4274
     t,      0.4637,    303.6500,    303.1863
     t,      0.5637,    303.7500,    303.1863
     t,      1.8885,    305.8500,    303.9615
     t,      0.7885,    304.7500,    303.9615
     t,     -1.7103,    303.2500,    304.9603
     t,     -1.7103,    303.2500,    304.9603
     t,     -0.4622,    304.2500,    304.7122
     t,     -0.5621,    304.1500,    304.7121
     t,      2.1980,    305.7500,    303.5520
     t,      1.6980,    305.2500,    303.5520
     q,     -0.0168,      0.6853,      0.7021
     q,     -0.0472,      0.6741,      0.7213
     q,     -0.0595,      0.6747,      0.7342
     q,      0.0410,      0.8453,      0.8043
     q,      0.1605,      0.8692,      0.7087
     q,      0.1137,      0.7919,      0.6782
     q,      0.1769,      0.7024,      0.5255
     q,      0.1427,      0.6249,      0.4822
     q,      0.1117,      0.5395,      0.4278
     q,     -0.0484,      0.3534,      0.4018
     q,     -0.0158,      0.3650,      0.3808
     q,     -0.0509,      0.3318,      0.3827
     q,      0.0995,      0.4844,      0.3849
     q,     -0.1300,      0.2606,      0.3906
     q,     -0.0507,      0.3573,      0.4081
     q,      0.0432,      0.4662,      0.4230
     q,     -0.0041,      0.4343,      0.4384
     q,     -0.0433,      0.4300,      0.4733
     q,      0.0839,      0.5686,      0.4847
     q,      0.0990,      0.6283,      0.5293
     q,      0.0485,      0.4963,      0.4478
     q,     -0.0085,      0.4245,      0.4330
     q,     -0.2183,      0.1926,      0.4110
     q,     -0.1690,      0.2270,      0.3959
     q,     -0.2115,      0.1373,      0.3488
     q,     -0.0476,      0.2733,      0.3209
     q,     -0.1536,      0.1509,      0.3045
     q,     -0.1133,      0.1523,      0.2656
     q,      0.0211,      0.2717,      0.2506
     q,      0.0283,      0.2431,      0.2149
     q,      0.0838,      0.2760,      0.1922
     q,     -0.0570,      0.1204,      0.1774
     q,      0.0072,      0.1647,      0.1575
     q,     -0.0762,      0.0700,      0.1463
     q,     -0.0641,      0.0683,      0.1325
     q,     -0.0910,      0.0379,      0.1289
     q,     -0.0673,      0.0776,      0.1449
     q,      0.0083,      0.1649,      0.1566
     q,     -0.1176,      0.1751,      0.2926
     q,     -0.0637,      0.7187,      0.7823
     q,     -0.0702,      0.7684,      0.8387
     q,      0.0724,      0.4918,      0.4194
     q,      0.0556,      0.4749,      0.4194
     q,      0.0427,      0.4647,      0.4219
     q,      0.0435,      0.5770,      0.5335
     q,      0.0393,      0.7055,      0.6662
     q,      0.0061,      0.7413,      0.7352
     q,      0.0002,      0.7791,      0.7789
     q,     -0.0026,      0.7758,      0.7784
     q,     -0.1547,      0.6236,      0.7783
     q,     -0.2182,      0.5576,      0.7758
     q,     -0.2756,      0.4888,      0.7644
     q,     -0.0659,      0.5607,      0.6266
     q,     -0.0613,      0.5574,      0.6187
     q,     -0.0590,      0.4804,      0.5394
     q,     -0.1251,      0.3648,      0.4899
     q,     -0.1100,      0.1341,      0.2441
     q,      0.0779,      0.2845,      0.2067
     q,     -0.0703,      0.1240,      0.1943
     q,      0.0892,      0.2760,      0.1868
     q,      0.2357,      0.4185,      0.1828
     q,      0.2604,      0.4403,      0.1799
     q,      0.3703,      0.5491,      0.1787
     q,      0.2024,      0.3795,      0.1771
     q,      0.2668,      0.4422,      0.1754
     q,      0.1740,      0.3467,      0.1727
     q,      0.1383,      0.3079,      0.1695
     q,     -0.0193,      0.1536,      0.1729
     q,     -0.1008,      0.0741,      0.1749
     q,     -0.0830,      0.0938,      0.1768
     q,     -0.0163,      0.1653,      0.1816
     q,     -0.0453,      0.1371,      0.1824
     q,     -0.1032,      0.0694,      0.1726
     q,     -0.0677,      0.0764,      0.1441
     q,     -0.0189,      0.0949,      0.1138
     q,      0.0835,      0.2009,      0.1175
     q,     -0.0030,      0.1186,      0.1216
     q,      0.0493,      0.1728,      0.1236
     q,      0.0738,      0.2039,      0.1302
     q,     -0.0597,      0.0682,      0.1279
     q,     -0.0556,      0.0416,      0.0973
     q,     -0.0627,      0.0515,      0.1143
     q,      0.0473,      0.4808,      0.4335
     q,      0.0493,      0.5024,      0.4531
     q,      0.0479,      0.5321,      0.4842
     q,     -0.0400,      0.4978,      0.5378
     q,     -0.0623,      0.4755,      0.5378
     q,     -0.0434,      0.4513,      0.4946
     q,     -0.0467,      0.5511,      0.5977
     q,     -0.0605,      0.6811,      0.7416
     q,     -0.1372,      0.6247,      0.7619
     q,     -0.1441,      0.6198,      0.7638
     q,     -0.1675,      0.6161,      0.7836
     q,     -0.2754,      0.5091,      0.7845
     q,     -0.0572,      0.6574,      0.7146
     q,     -0.1175,      0.5762,      0.6936
     q,     -0.0647,      0.6059,      0.6706
     q,     -0.0968,      0.5312,      0.6279
     q,      0.0466,      0.6344,      0.5878
     q,      0.0571,      0.6214,      0.5643
     q,      0.0551,      0.5852,      0.5301
     q,     -0.0436,      0.4002,      0.4438
     q,     -0.2314,      0.1908,      0.4221
     q,     -0.2320,      0.1788,      0.4108
     q,     -0.1123,      0.2869,      0.3992
     q,     -0.1085,      0.2817,      0.3902
     q,      0.0604,      0.4414,      0.3810
     q,      0.0589,      0.4048,      0.3459
     q,      0.0690,      0.4038,      0.3347
     q,     -0.0966,      0.2206,      0.3172
     q,     -0.0676,      0.2359,      0.3035
     q,      0.0787,      0.3747,      0.2961
     q,     -0.0723,      0.2014,      0.2737
     q,      0.0342,      0.2984,      0.2641
     q,     -0.0025,      0.2470,      0.2494
     q,      0.0290,      0.2698,      0.2408
     q,     -0.0503,      0.1790,      0.2293
     q,      0.0421,      0.2544,      0.2123
     q,     -0.0798,      0.0955,      0.1753
     q,     -0.0347,      0.1111,      0.1458
     q,     -0.0139,      0.1407,      0.1546
     q,     -0.0871,      0.0704,      0.1575
     q,      0.0286,      0.1931,      0.1645
     q,     -0.1128,      0.0591,      0.1719
     q,      0.0031,      0.1901,      0.1869
     q,     -0.0596,      0.1279,      0.1875
     q,     -0.1580,      0.0245,      0.1825
     q,     -0.0920,      0.0805,      0.1725
     q,     -0.0557,      0.1063,      0.1619
     q,     -0.0937,      0.0918,      0.1855
     q,     -0.0302,      0.4784,      0.5087
     q,     -0.0363,      0.5059,      0.5422
     q,      0.0117,      0.7415,      0.7298
     q,     -0.0063,      0.7235,      0.7298
     q,     -0.0193,      0.7106,      0.7298
     t,      0.6434,    309.0500,    308.4066
     t,     -0.7313,    307.2500,    307.9813
     t,     -0.8704,    301.9500,    302.8204
     t,     -1.5591,    294.8500,    296.4091
     t,     -1.8795,    293.5500,    295.4295
     t,     -1.8309,    293.4500,    295.2809
     t,     -1.2327,    293.7500,    294.9827
     t,     -1.6578,    292.9500,    294.6078
     t,     -1.5564,    292.7500,    294.3064
     t,     -1.0013,    292.8500,    293.8513
     t,     -0.3515,    292.4500,    292.8015
     t,     -0.0936,    292.0500,    292.1436
     t,      0.5663,    289.3500,    288.7837
     t,      0.7307,    288.5500,    287.8192
     t,      0.1348,    285.4500,    285.3152
     t,     -0.1388,    284.9500,    285.0888
     t,      0.1014,    279.7500,    279.6486
     t,     -0.9727,    276.2500,    277.2227
     t,     -0.7580,    275.6500,    276.4080
     t,     -0.4805,    275.3500,    275.8305
     t,     -0.3307,    275.2500,    275.5807
     t,     -0.5116,    274.6500,    275.1616
     t,     -0.2583,    274.6500,    274.9083
     t,     -0.8951,    272.5500,    273.4450
     t,     -0.1569,    272.8500,    273.0069
     t,      0.2079,    272.9500,    272.7421
     t,     -0.1521,    271.0500,    271.2021
     t,     -0.0031,    270.5500,    270.5531
     t,     -0.0160,    270.3500,    270.3660
     t,      0.0612,    270.0500,    269.9888
     t,     -0.0890,    268.8500,    268.9390
     t,      0.0076,    268.8500,    268.8424
     t,     -0.3063,    268.1500,    268.4563
     t,     -0.7672,    266.7500,    267.5172
     t,     -0.5818,    266.6500,    267.2318
     t,     -0.0999,    266.5500,    266.6499
     t,      0.5753,    266.1500,    265.5747
     t,      0.6728,    265.9500,    265.2772
     t,      0.2054,    264.1500,    263.9446
     t,      0.2338,    263.6500,    263.4162
     t,      0.7088,    263.0500,    262.3412
     t,      0.4459,    262.3500,    261.9041
     t,      0.0938,    259.6500,    259.5562
     t,     -0.1107,    258.0500,    258.1607
     t,     -0.1758,    255.7500,    255.9258
     t,      0.8063,    255.6500,    254.8437
     t,      0.5544,    253.4500,    252.8956
     t,      0.4821,    252.9500,    252.4679
     t,      0.5692,    252.7500,    252.1808
     t,      0.4413,    250.5500,    250.1087
     t,      0.3220,    249.0500,    248.7280
     t,      0.0298,    246.6500,    246.6201
     t,     -0.3816,    244.8500,    245.2316
     t,     -0.7758,    242.8500,    243.6258
     t,     -0.6295,    242.4500,    243.0795
     t,     -0.4461,    242.4500,    242.8961
     t,     -0.3774,    242.1500,    242.5274
     t,     -0.6100,    241.5500,    242.1600
     t,     -0.0776,    239.2500,    239.3276
     t,     -0.5132,    236.6500,    237.1632
     t,     -0.5241,    236.0500,    236.5741
     t,      0.4884,    235.0500,    234.5616
     t,      0.3365,    233.6500,    233.3135
     t,     -0.0293,    232.6500,    232.6792
     t,      0.2150,    230.0500,    229.8350
     t,      0.2044,    225.6500,    225.4456
     t,      0.2477,    224.2500,    224.0023
     t,     -0.1113,    221.6500,    221.7613
     t,      0.1470,    221.6500,    221.5030
     t,     -0.4233,    218.4500,    218.8733
     t,     -0.8598,    213.8500,    214.7098
     t,     -1.3350,    209.4500,    210.7850
     t,     -1.5902,    206.4500,    208.0402
     t,     -2.1506,    204.8500,    207.0006
     t,     -2.5108,    203.0500,    205.5609
     t,     -1.8069,    202.8500,    204.6569
     t,     -3.3461,    200.8500,    204.1961
     t,     -3.6273,    200.2500,    203.8773
     t,     -2.7459,    201.0500,    203.7959
     t,     -4.0289,    199.6500,    203.6789
     t,     -3.5321,    200.0500,    203.5821
     t,     -0.4864,    203.0500,    203.5364
     t,     -0.2281,    203.2500,    203.4781
     t,     -1.7181,    201.6500,    203.3681
     t,     -0.1819,    205.8500,    206.0319
     t,     -1.4558,    205.0500,    206.5058
     t,     -0.4760,    207.0500,    207.5260
     t,      1.3953,    209.2500,    207.8547
     t,      2.1947,    210.2500,    208.0553
     t,     -0.6821,    208.2500,    208.9321
     t,     -2.3431,    208.2500,    210.5931
     t,      0.0438,    211.0500,    211.0062
     t,      1.1293,    213.0500,    211.9207
     t,     -0.8633,    305.4788,    306.3421
     t,     -0.8719,    303.9434,    304.8154
     t,     -0.2952,    203.8727,    204.1678
     t,     -3.7852,    301.4500,    305.2352
     t,     -4.2852,    300.9500,    305.2352
     t,     -4.2575,    299.2500,    303.5075
     t,     -3.1908,    299.2500,    302.4408
     t,     -2.7665,    299.2500,    302.0165
     t,     -2.8727,    293.9500,    296.8228
     t,     -2.8425,    293.1500,    295.9925
     t,     -1.5944,    289.7500,    291.3444
     t,     -0.3636,    288.9500,    289.3136
     t,     -0.1968,    285.8500,    286.0468
     t,     -0.1743,    284.8500,    285.0243
     t,      0.2670,    281.5500,    281.2830
     t,     -0.2195,    278.4500,    278.6695
     t,      0.4123,    277.2500,    276.8377
     t,      0.0664,    276.1500,    276.0836
     t,     -0.1432,    275.0500,    275.1931
     t,      0.1017,    273.8500,    273.7483
     t,      0.4104,    273.8500,    273.4396
     t,      0.5900,    271.0500,    270.4600
     t,      0.1903,    268.9500,    268.7597
     t,      0.1105,    268.4500,    268.3395
     t,     -0.0049,    268.2500,    268.2549
     t,      0.0204,    267.8500,    267.8296
     t,     -0.1679,    265.5500,    265.7179
     t,     -0.0645,    265.3500,    265.4145
     t,      0.2387,    265.1500,    264.9113
     t,      0.4441,    265.1500,    264.7059
     t,     -0.2588,    262.5500,    262.8087
     t,     -0.3076,    261.2500,    261.5576
     t,     -0.2374,    260.5500,    260.7874
     t,     -0.2008,    259.5500,    259.7508
     t,     -0.4739,    256.9500,    257.4239
     t,     -0.4630,    256.7500,    257.2130
     t,     -1.4633,    254.3500,    255.8133
     t,     -2.0704,    252.7500,    254.8204
     t,     -2.1472,    252.4500,    254.5972
     t,     -1.6050,    252.2500,    253.8550
     t,     -0.6959,    250.0500,    250.7459
     t,      0.5697,    244.3500,    243.7803
     t,      1.9222,    243.5500,    241.6278
     t,      2.3649,    241.7500,    239.3851
     t,      2.0278,    238.5500,    236.5222
     t,      2.1226,    237.1500,    235.0274
     t,      1.8758,    236.1500,    234.2742
     t,      2.1421,    235.8500,    233.7079
     t,      1.6879,    234.0500,    232.3621
     t,      1.8719,    233.0500,    231.1781
     t,      1.2509,    230.0500,    228.7991
     t,      1.4689,    228.8500,    227.3811
     t,      0.4845,    222.6500,    222.1655
     t,      0.0557,    220.6500,    220.5943
     t,     -0.2134,    219.4500,    219.6634
     t,      0.0020,    217.2500,    217.2480
     t,     -0.9949,    209.4500,    210.4449
     t,     -2.3200,    206.2500,    208.5700
     t,     -6.7660,    199.6500,    206.4160
     t,     -3.5902,    202.4500,    206.0402
     t,     -2.8676,    202.8500,    205.7176
     t,     -3.4170,    202.0500,    205.4670
     t,     -2.4392,    202.8500,    205.2892
     t,     -3.4971,    201.8500,    205.3471
     t,     -2.7519,    202.6500,    205.4019
     t,     -0.3988,    205.0500,    205.4488
     t,     -1.7284,    204.4500,    206.1784
     t,      0.4202,    207.0500,    206.6298
     t,     -1.4151,    206.4500,    207.8651
     t,      0.3469,    208.6500,    208.3031
     t,     -0.0823,    208.8500,    208.9323
     t,     -0.4456,    208.6500,    209.0956
     t,      2.5398,    213.0500,    210.5102
     t,      1.5214,    212.4500,    210.9286
     t,      2.0991,    213.8500,    211.7509
     t,     -1.4997,    211.6500,    213.1497
     q,      0.0356,      0.5349,      0.4993
     q,     -0.0181,      0.4693,      0.4874
     q,      0.0123,      0.5798,      0.5675
     q,      0.0887,      0.7455,      0.6568
     q,      0.1016,      0.7640,      0.6624
     q,      0.0857,      0.7510,      0.6653
     q,     -0.0388,      0.6325,      0.6713
     q,     -0.0060,      0.6729,      0.6790
     q,     -0.0266,      0.6588,      0.6853
     q,     -0.1912,      0.5040,      0.6953
     q,     -0.2897,      0.4058,      0.6955
     q,     -0.1126,      0.5624,      0.6749
     q,     -0.3095,      0.2700,      0.5795
     q,     -0.1136,      0.4386,      0.5521
     q,      0.0798,      0.6147,      0.5349
     q,      0.0730,      0.6061,      0.5331
     q,      0.0743,      0.6511,      0.5767
     q,      0.0878,      0.6867,      0.5989
     q,      0.0732,      0.6807,      0.6074
     q,     -0.1106,      0.4986,      0.6092
     q,     -0.0263,      0.5824,      0.6087
     q,     -0.0782,      0.5296,      0.6078
     q,      0.0968,      0.7041,      0.6072
     q,      0.1676,      0.7679,      0.6004
     q,      0.1584,      0.7576,      0.5992
     q,      0.0443,      0.6427,      0.5984
     q,      0.0115,      0.5736,      0.5622
     q,     -0.2106,      0.3328,      0.5434
     q,     -0.1769,      0.3609,      0.5378
     q,      0.1015,      0.6244,      0.5229
     q,      0.1970,      0.6850,      0.4880
     q,      0.1945,      0.6791,      0.4846
     q,      0.1349,      0.6053,      0.4704
     q,      0.1998,      0.6252,      0.4255
     q,     -0.1076,      0.3044,      0.4120
     q,     -0.2377,      0.1536,      0.3913
     q,     -0.1547,      0.1760,      0.3307
     q,     -0.2240,      0.0894,      0.3135
     q,     -0.1364,      0.1231,      0.2595
     q,     -0.2152,      0.0313,      0.2465
     q,     -0.1563,      0.0614,      0.2177
     q,     -0.0254,      0.1783,      0.2037
     q,     -0.1297,      0.0422,      0.1719
     q,     -0.0952,      0.0855,      0.1807
     q,     -0.0534,      0.1359,      0.1892
     q,     -0.1289,      0.0559,      0.1848
     q,     -0.0843,      0.0901,      0.1744
     q,      0.2025,      0.3744,      0.1719
     q,      0.2451,      0.4152,      0.1701
     q,      0.1686,      0.3273,      0.1587
     q,      0.0059,      0.1543,      0.1484
     q,     -0.0363,      0.1026,      0.1389
     q,     -0.0377,      0.1048,      0.1425
     q,      0.0671,      0.2154,      0.1483
     q,      0.0238,      0.1743,      0.1505
     q,      0.0022,      0.4989,      0.4967
     q,      0.0081,      0.5318,      0.5237
     q,     -0.0942,      0.6719,      0.7661
     q,     -0.1133,      0.6529,      0.7661
     q,     -0.0834,      0.6831,      0.7665
     q,     -0.0183,      0.7497,      0.7680
     q,     -0.0090,      0.7623,      0.7714
     q,     -0.0657,      0.8072,      0.8730
     q,     -0.0617,      0.8259,      0.8875
     q,     -0.0681,      0.8738,      0.9419
     q,     -0.0857,      0.8562,      0.9420
     q,      0.0022,      0.9278,      0.9256
     q,     -0.0152,      0.9084,      0.9236
     q,     -0.0357,      0.8781,      0.9138
     q,      0.0506,      0.9293,      0.8787
     q,      0.0182,      0.8655,      0.8473
     q,      0.1276,      0.9414,      0.8138
     q,      0.1650,      0.9333,      0.7683
     q,      0.1939,      0.8793,      0.6853
     q,      0.1013,      0.7672,      0.6659
     q,      0.0898,      0.6043,      0.5145
     q,     -0.0617,      0.3906,      0.4523
     q,      0.0528,      0.4917,      0.4389
     q,      0.0922,      0.5283,      0.4361
     q,      0.0251,      0.4470,      0.4219
     q,      0.0649,      0.4338,      0.3689
     q,      0.1090,      0.4747,      0.3658
     q,     -0.1559,      0.2032,      0.3592
     q,     -0.1504,      0.2065,      0.3568
     q,     -0.1285,      0.2066,      0.3350
     q,     -0.0207,      0.3471,      0.3677
     q,     -0.1926,      0.1994,      0.3920
     q,     -0.2802,      0.1466,      0.4268
     q,     -0.3695,      0.1685,      0.5380
     q,     -0.3664,      0.1856,      0.5520
     q,     -0.4786,      0.1814,      0.6600
     q,     -0.4359,      0.3064,      0.7423
     q,     -0.3225,      0.4404,      0.7629
     q,     -0.1872,      0.5718,      0.7589
     q,     -0.0655,      0.6661,      0.7316
     q,      0.2289,      0.7461,      0.5172
     q,      0.3842,      0.7941,      0.4099
     t,      0.7190,    296.8500,    296.1310
     t,      0.2546,    296.3500,    296.0954
     t,     -0.8797,    294.5500,    295.4297
     t,     -1.0624,    290.2500,    291.3124
     t,     -0.8951,    287.2500,    288.1451
     t,      0.3069,    286.5500,    286.2430
     t,      0.8726,    286.9500,    286.0774
     t,      1.7901,    287.4500,    285.6599
     t,      1.4707,    286.9500,    285.4793
     t,     -1.4888,    283.2500,    284.7388
     t,     -2.1619,    281.7500,    283.9119
     t,     -0.3358,    282.9500,    283.2858
     t,     -0.4455,    282.1500,    282.5955
     t,     -0.9240,    280.2500,    281.1740
     t,     -0.5609,    279.9500,    280.5109
     t,      0.2614,    279.8500,    279.5887
     t,      0.3004,    278.7500,    278.4496
     t,      0.7797,    278.1500,    277.3703
     t,      0.1153,    271.6500,    271.5347
     t,     -0.3323,    267.8500,    268.1823
     t,     -0.1472,    266.8500,    266.9972
     t,     -0.0194,    266.6500,    266.6694
     t,     -0.0015,    265.4500,    265.4515
     t,      0.1477,    265.1500,    265.0023
     t,     -0.0821,    263.5500,    263.6321
     t,      0.1611,    262.1500,    261.9889
     t,     -0.2414,    258.7500,    258.9914
     t,      1.2069,    257.9500,    256.7431
     t,      0.3873,    255.1500,    254.7627
     t,      0.3136,    254.9500,    254.6364
     t,     -0.0772,    253.5500,    253.6272
     t,      0.4029,    253.2500,    252.8471
     t,     -0.1597,    251.2500,    251.4097
     t,      0.1070,    250.4500,    250.3430
     t,      0.2901,    248.8500,    248.5599
     t,     -0.0926,    241.4500,    241.5426
     t,     -0.9857,    292.1873,    293.1731
     t,     -1.3251,    293.7500,    295.0751
     t,     -2.0674,    292.8500,    294.9174
     t,     -1.6338,    290.9500,    292.5838
     t,     -0.8515,    290.0500,    290.9015
     t,     -0.7169,    290.0500,    290.7669
     t,      0.3062,    290.7500,    290.4438
     t,     -0.2618,    290.1500,    290.4118
     t,     -1.6201,    288.1500,    289.7701
     t,     -1.5868,    288.1500,    289.7368
     t,     -1.1059,    285.3500,    286.4559
     t,     -2.0224,    281.0500,    283.0724
     t,     -2.3306,    280.1500,    282.4806
     t,     -2.7746,    278.8500,    281.6246
     t,     -0.6212,    271.5500,    272.1711
     t,     -1.2766,    269.7500,    271.0266
     t,     -1.7292,    268.8500,    270.5793
     t,     -0.3380,    267.2500,    267.5880
     t,      0.3485,    266.6500,    266.3015
     t,      0.2770,    265.3500,    265.0730
     t,      0.2354,    264.4500,    264.2147
     t,      0.4203,    263.9500,    263.5297
     t,      0.7198,    263.1500,    262.4302
     t,      1.0960,    262.3500,    261.2540
     t,      0.2696,    256.8500,    256.5804
     t,     -0.3152,    251.0500,    251.3652
     t,      0.3657,    248.6500,    248.2843
     t,      0.2344,    246.0500,    245.8156
     t,     -0.3180,    243.2500,    243.5680
     t,     -0.4810,    241.6500,    242.1310
     t,      0.2112,    241.0500,    240.8388
     t,      1.1884,    240.1500,    238.9616
     t,      0.2020,    231.0500,    230.8480
     t,      0.3129,    229.4500,    229.1371
     t,      0.4513,    225.8500,    225.3987
     t,      0.9474,    222.2500,    221.3026
     t,      0.5535,    221.0500,    220.4965
     t,     -0.5442,    216.4500,    216.9942
     t,     -0.2205,    215.2500,    215.4705
     t,     -1.0219,    212.2500,    213.2719
     t,     -0.9628,    211.4500,    212.4128
     t,     -1.4451,    286.6422,    288.0873
     t,     -2.2564,    276.1223,    278.3787
     q,      0.0150,      0.6701,      0.6551
     q,     -0.0399,      0.6142,      0.6542
     q,     -0.0742,      0.5734,      0.6476
     q,     -0.0763,      0.6816,      0.7579
     q,     -0.1294,      0.7724,      0.9018
     q,     -0.0574,      0.9375,      0.9949
     q,     -0.0287,      0.9666,      0.9953
     q,     -0.0042,      0.9922,      0.9964
     q,     -0.0151,      0.9561,      0.9711
     q,      0.0213,      0.8071,      0.7858
     q,     -0.0929,      0.6640,      0.7570
     q,     -0.1047,      0.6091,      0.7138
     q,     -0.0662,      0.5981,      0.6643
     q,      0.0137,      0.5694,      0.5557
     q,     -0.0070,      0.5028,      0.5098
     q,     -0.2291,      0.2132,      0.4422
     q,     -0.1903,      0.1630,      0.3534
     q,     -0.0360,      0.2700,      0.3061
     q,     -0.0372,      0.1830,      0.2202
     q,      0.0751,      0.2839,      0.2088
     q,      0.0160,      0.2177,      0.2017
     q,      0.0197,      0.2192,      0.1995
     q,      0.1157,      0.3101,      0.1944
     q,      0.0229,      0.2196,      0.1967
     q,     -0.0864,      0.1180,      0.2044
     q,     -0.1198,      0.0956,      0.2154
     q,      0.0569,      0.2820,      0.2251
     q,     -0.0850,      0.1443,      0.2292
     q,      0.0330,      0.2332,      0.2002
     q,      0.0329,      0.2310,      0.1981
     q,     -0.0010,      0.1784,      0.1794
     q,     -0.0748,      0.0887,      0.1635
     q,      0.0060,      0.1549,      0.1489
     q,     -0.1131,      0.0274,      0.1405
     q,     -0.0897,      0.1414,      0.2311
     q,     -0.0715,      0.6294,      0.7009
     q,     -0.0160,      0.8540,      0.8699
     q,     -0.0459,      0.8276,      0.8735
     q,     -0.0782,      0.8594,      0.9375
     q,     -0.0900,      0.9063,      0.9963
     q,     -0.0839,      0.9138,      0.9977
     q,      0.0016,      0.9528,      0.9513
     q,     -0.0794,      0.8589,      0.9382
     q,     -0.0645,      0.7415,      0.8060
     q,     -0.0614,      0.7429,      0.8043
     q,      0.0333,      0.8381,      0.8048
     q,     -0.0368,      0.7835,      0.8203
     q,     -0.0881,      0.7266,      0.8148
     q,     -0.1265,      0.6799,      0.8064
     q,     -0.0411,      0.6838,      0.7249
     q,     -0.1289,      0.5777,      0.7066
     q,     -0.2940,      0.4047,      0.6987
     q,     -0.0790,      0.5163,      0.5953
     q,     -0.0418,      0.4964,      0.5383
     q,      0.0139,      0.4903,      0.4764
     q,     -0.1392,      0.2886,      0.4278
     q,      0.0263,      0.4115,      0.3851
     q,     -0.1404,      0.2044,      0.3448
     q,     -0.1870,      0.1271,      0.3141
     q,     -0.1437,      0.0768,      0.2205
     q,     -0.1547,      0.0983,      0.2530
     q,     -0.2717,      0.0551,      0.3267
     q,     -0.3297,      0.0812,      0.4110
     q,     -0.2213,      0.2539,      0.4752
     q,     -0.2817,      0.2174,      0.4991
     q,     -0.1684,      0.3585,      0.5268
     q,      0.0129,      0.7835,      0.7706
     q,     -0.1033,      0.6775,      0.7809
     t,      1.4373,    300.0500,    298.6126
     t,      0.3207,    298.1500,    297.8293
     t,     -0.0178,    295.6500,    295.6678
     t,      0.1935,    294.0500,    293.8565
     t,     -0.2840,    287.4500,    287.7340
     t,     -0.5123,    286.9500,    287.4623
     t,     -1.7452,    283.1500,    284.8952
     t,     -1.2776,    282.6500,    283.9276
     t,     -0.9470,    282.7500,    283.6970
     t,     -0.4300,    282.7500,    283.1800
     t,     -0.0946,    282.8500,    282.9446
     t,      0.5649,    283.1500,    282.5851
     t,      1.0110,    283.1500,    282.1389
     t,      1.7407,    283.3500,    281.6093
     t,      0.6754,    281.2500,    280.5746
     t,      0.7231,    281.0500,    280.3269
     t,      0.1828,    280.0500,    279.8672
     t,     -0.7410,    277.8500,    278.5910
     t,     -0.4743,    276.4500,    276.9243
     t,     -0.0580,    276.0500,    276.1080
     t,     -0.5316,    273.5500,    274.0816
     t,     -0.7098,    271.4500,    272.1599
     t,      0.4520,    269.5500,    269.0980
     t,      0.4761,    268.9500,    268.4739
     t,      0.9733,    268.4500,    267.4767
     t,      1.0120,    267.2500,    266.2380
     t,      0.5006,    265.6500,    265.1494
     t,      0.5767,    265.4500,    264.8733
     t,      0.5554,    265.2500,    264.6946
     t,     -0.1090,    262.5500,    262.6590
     t,     -0.5420,    258.9500,    259.4920
     t,     -0.0512,    256.5500,    256.6012
     t,     -0.0720,    255.7500,    255.8220
     t,      0.2997,    254.3500,    254.0503
     t,      0.5220,    254.1500,    253.6280
     t,      0.6056,    253.9500,    253.3444
     t,      0.6906,    253.7500,    253.0594
     t,      0.3970,    248.8500,    248.4530
     t,      0.2435,    246.6500,    246.4065
     t,     -0.1877,    243.2500,    243.4377
     t,      0.4123,    241.2500,    240.8377
     t,      0.1308,    237.0500,    236.9192
     t,      0.0993,    234.8500,    234.7507
     t,      0.3594,    232.6500,    232.2906
     t,      0.1767,    226.6500,    226.4733
     t,     -1.8776,    216.8500,    218.7276
     t,     -1.6200,    215.6500,    217.2700
     t,     -1.5602,    215.6500,    217.2102
     t,     -3.3093,    213.2500,    216.5593
     t,     -0.6416,    215.4500,    216.0916
     t,     -2.0493,    213.8500,    215.8993
     t,     -0.3947,    215.4500,    215.8447
     t,     -0.5038,    215.2500,    215.7538
     t,      2.0274,    217.6500,    215.6226
     t,      1.6654,    217.2500,    215.5846
     t,      1.6199,    217.0500,    215.4301
     t,      0.2378,    215.4500,    215.2122
     t,     -0.1770,    214.4500,    214.6270
     t,      0.5829,    215.0500,    214.4671
     t,     -0.3992,    213.8500,    214.2492
     t,     -0.2327,    213.8500,    214.0827
     t,     -1.9887,    211.4500,    213.4387
     t,     -0.4744,    212.8500,    213.3244
     t,     -1.7884,    211.4500,    213.2384
     t,      0.2820,    213.4500,    213.1680
     t,      0.6385,    213.8500,    213.2115
     t,      1.5417,    215.0500,    213.5083
     t,     -2.1895,    215.0500,    217.2395
     t,     -1.3784,    212.1468,    213.5252
     t,      3.3850,    289.0500,    285.6650
     t,      5.5034,    295.6500,    290.1466
     t,      2.4850,    288.1500,    285.6650
     t,      7.1836,    297.2500,    290.0664
     t,      0.7850,    286.4500,    285.6650
     t,      6.4836,    296.5500,    290.0664
     q,     -0.1026,      0.3754,      0.4780
     q,     -0.1315,      0.3481,      0.4797
     q,     -0.1624,      0.3599,      0.5222
     q,     -0.1528,      0.4135,      0.5663
     q,      0.0228,      0.5299,      0.5072
     q,     -0.0066,      0.4871,      0.4937
     q,      0.0429,      0.4367,      0.3937
     q,     -0.0771,      0.3147,      0.3918
     q,     -0.0219,      0.3720,      0.3939
     q,     -0.2895,      0.1092,      0.3987
     q,     -0.3142,      0.0868,      0.4010
     q,     -0.2824,      0.1283,      0.4108
     q,     -0.0245,      0.3952,      0.4197
     q,     -0.0736,      0.3572,      0.4308
     q,     -0.1193,      0.3282,      0.4475
     q,     -0.0101,      0.4407,      0.4508
     q,      0.0337,      0.4907,      0.4570
     q,      0.0227,      0.4887,      0.4660
     q,      0.0785,      0.5296,      0.4511
     q,     -0.0696,      0.3734,      0.4430
     q,      0.0455,      0.4836,      0.4381
     q,     -0.0067,      0.4369,      0.4436
     q,     -0.1394,      0.3096,      0.4489
     q,     -0.0842,      0.3657,      0.4499
     q,     -0.2453,      0.2063,      0.4516
     q,     -0.1444,      0.3172,      0.4616
     q,     -0.1141,      0.3568,      0.4709
     q,     -0.1455,      0.3282,      0.4737
     q,     -0.2013,      0.2735,      0.4748
     q,     -0.2406,      0.2299,      0.4705
     q,     -0.1419,      0.2795,      0.4215
     q,     -0.2185,      0.1712,      0.3897
     q,     -0.1020,      0.2776,      0.3797
     q,     -0.1155,      0.2539,      0.3694
     q,     -0.1800,      0.1902,      0.3701
     q,     -0.1360,      0.2339,      0.3699
     q,     -0.1104,      0.2594,      0.3697
     q,     -0.2483,      0.1109,      0.3592
     q,     -0.0962,      0.2524,      0.3485
     q,     -0.0755,      0.2550,      0.3306
     q,     -0.1392,      0.1687,      0.3079
     q,     -0.1573,      0.1312,      0.2884
     q,      0.1781,      0.8561,      0.6781
     q,      0.1174,      0.7955,      0.6781
     q,      0.2005,      0.8786,      0.6781
      ,      0.0000,      0.0000,      0.0000
