Note (2018.08.22) This script is outputed from mpi_readobs.f90
obtype, ensmean_obbc,      h_xnobc,           ob
    sm,      0.25830,      0.29460,      0.25300
    sm,      0.22730,      0.22254,      0.16400
    sm,      0.30517,      0.30927,      0.38100
    sm,      0.21141,      0.21126,      0.07400
    sm,      0.33468,      0.31965,      0.24000
    sm,      0.30933,      0.31451,      0.35500
    sm,      0.21043,      0.22348,      0.19600
    sm,      0.19698,      0.20322,      0.06000
    sm,      0.18609,      0.18571,      0.24800
    sm,      0.19082,      0.19922,      0.15800
    sm,      0.24735,      0.25031,      0.09300
    sm,      0.26952,      0.27622,      0.13500
    sm,      0.25253,      0.25333,      0.09300
    sm,      0.17207,      0.21973,      0.22500
    sm,      0.27384,      0.28399,      0.22400
    sm,      0.32210,      0.29659,      0.11300
    sm,      0.23798,      0.23629,      0.31600
    sm,      0.21313,      0.23325,      0.23700
    sm,      0.24004,      0.24006,      0.26600
    sm,      0.22141,      0.22169,      0.29500
    sm,      0.21824,      0.22029,      0.25300
    sm,      0.14624,      0.16485,      0.07700
    sm,      0.21771,      0.21917,      0.21100
    sm,      0.30799,      0.30649,      0.37800
    sm,      0.24443,      0.24231,      0.34400
    sm,      0.24660,      0.24709,      0.07200
    sm,      0.33611,      0.31619,      0.32500
    sm,      0.23054,      0.23010,      0.33900
    sm,      0.18120,      0.16910,      0.36700
    sm,      0.27400,      0.27415,      0.23700
    sm,      0.31884,      0.26863,      0.27600
    sm,      0.27306,      0.27534,      0.27100
    sm,      0.18981,      0.19156,      0.10600
    sm,      0.24954,      0.25432,      0.22600
    sm,      0.27108,      0.27834,      0.20900
    sm,      0.27301,      0.27988,      0.26900
    sm,      0.26274,      0.26249,      0.20100
    sm,      0.17412,      0.18071,      0.17600
    sm,      0.25785,      0.25814,      0.37400
    sm,      0.16911,      0.17245,      0.13300
    sm,      0.21256,      0.21048,      0.22200
    sm,      0.16625,      0.16702,      0.11700
    sm,      0.20310,      0.20166,      0.21000
    sm,      0.27455,      0.31056,      0.12100
    sm,      0.27776,      0.28409,      0.17100
    sm,      0.22489,      0.23508,      0.08100
    sm,      0.17665,      0.17589,      0.18000
    sm,      0.27594,      0.29922,      0.36700
    sm,      0.24089,      0.23148,      0.23300
    sm,      0.22900,      0.22558,      0.30000
    sm,      0.19858,      0.22169,      0.14900
    sm,      0.19858,      0.22169,      0.16400
    sm,      0.19150,      0.20619,      0.14400
    sm,      0.15368,      0.15518,      0.06700
    sm,      0.32180,      0.32671,      0.45100
    sm,      0.20662,      0.22277,      0.20200
    sm,      0.27713,      0.27934,      0.22900
    sm,      0.29459,      0.27641,      0.34500
    sm,      0.30799,      0.30649,      0.41100
    sm,      0.26868,      0.28130,      0.38100
    sm,      0.15770,      0.16307,      0.08700
    sm,      0.28217,      0.27996,      0.08000
    sm,      0.15939,      0.16213,      0.13100
    sm,      0.14694,      0.16366,      0.06800
    sm,      0.21043,      0.22348,      0.07100
    sm,      0.23351,      0.23749,      0.35300
    sm,      0.27261,      0.28315,      0.06500
    sm,      0.23993,      0.26090,      0.10900
    sm,      0.19158,      0.18811,      0.24100
    sm,      0.36529,      0.37769,      0.16500
    sm,      0.18997,      0.19121,      0.18700
    sm,      0.27211,      0.27191,      0.18400
    sm,      0.18609,      0.18571,      0.30800
    sm,      0.18896,      0.21964,      0.36700
    sm,      0.18896,      0.21964,      0.28100
    sm,      0.19493,      0.19760,      0.06100
     t,    313.60907,    313.60916,    315.35001
     t,    312.69254,    312.69022,    312.75000
     t,    309.62579,    309.62506,    309.64999
     t,    302.25659,    302.26068,    302.35001
     t,    300.93951,    300.94540,    300.85001
     t,    296.36169,    296.36673,    296.45001
     t,    294.87064,    294.87415,    295.54999
     t,    287.71475,    287.70587,    287.64999
     t,    286.10153,    286.08804,    285.75000
     t,    280.86313,    280.84128,    280.25000
     t,    278.10397,    278.08313,    277.25000
     t,    276.05618,    276.03867,    275.14999
     t,    274.78085,    274.76569,    273.54999
     t,    274.16644,    274.15292,    272.95001
     t,    273.09488,    273.08426,    272.04999
     t,    272.73248,    272.72281,    271.85001
     t,    271.99945,    271.99176,    271.14999
     t,    271.34900,    271.34302,    271.14999
     t,    268.97049,    268.97101,    268.14999
     t,    268.77533,    268.77637,    267.95001
     t,    267.68985,    267.69415,    267.14999
     t,    266.97928,    266.98508,    266.64999
     t,    266.02481,    266.03055,    266.14999
     t,    264.17108,    264.17673,    263.95001
     t,    262.80905,    262.81412,    262.35001
     t,    261.95389,    261.95691,    261.64999
     t,    261.58319,    261.58530,    261.35001
     t,    260.70810,    260.70810,    260.25000
     t,    260.32864,    260.32770,    260.14999
     t,    259.94647,    259.94464,    259.95001
     t,    257.50446,    257.49518,    258.14999
     t,    256.85828,    256.84668,    257.45001
     t,    256.59726,    256.58466,    257.54999
     t,    256.07132,    256.05670,    256.75000
     t,    255.40622,    255.38904,    255.95000
     t,    253.77739,    253.75450,    253.75000
     t,    252.94823,    252.92326,    252.75000
     t,    252.24683,    252.22008,    252.05000
     t,    250.81438,    250.78401,    250.95000
     t,    249.47766,    249.44461,    249.35001
     t,    248.85393,    248.82077,    248.75000
     t,    247.90125,    247.86862,    247.55000
     t,    247.42009,    247.38737,    247.35001
     t,    246.93452,    246.90172,    246.75000
     t,    246.44447,    246.41156,    246.25000
     t,    245.78395,    245.75092,    245.85001
     t,    244.08533,    244.05258,    244.55000
     t,    243.03575,    243.00342,    243.05000
     t,    242.50314,    242.47101,    242.55000
     t,    240.13039,    240.10005,    239.75000
     t,    239.56847,    239.53914,    238.95000
     t,    236.86516,    236.84065,    236.45000
     t,    234.03004,    234.00722,    233.25000
     t,    232.77374,    232.75011,    232.25000
     t,    229.04390,    229.01639,    228.64999
     t,    225.04037,    225.00748,    224.45000
     t,    223.54988,    223.51903,    222.85001
     t,    222.27748,    222.24780,    221.85001
     t,    220.97365,    220.94519,    220.64999
     t,    207.19136,    207.25397,    204.85001
     t,    208.95055,    208.99269,    204.45000
     t,    311.97107,    311.98709,    313.35001
     t,    311.81152,    311.81158,    312.04999
     t,    305.81812,    305.81586,    306.35001
     t,    295.80136,    295.80441,    295.85001
     t,    289.24545,    289.24734,    289.14999
     t,    280.03500,    279.99487,    279.85001
     t,    275.89029,    275.74091,    274.04999
     t,    275.53735,    275.37698,    273.25000
     t,    275.20651,    275.03284,    274.45001
     t,    274.79813,    274.61118,    274.64999
     t,    274.46091,    274.26062,    274.45001
     t,    273.51651,    273.28293,    275.04999
     t,    270.14667,    270.01196,    271.45001
     t,    268.78644,    268.76309,    269.45001
     t,    266.06921,    266.13687,    266.45001
     t,    264.79773,    264.88840,    264.75000
     t,    262.48669,    262.58142,    262.14999
     t,    258.87604,    258.90292,    259.64999
     t,    257.37234,    257.33517,    257.45001
     t,    251.98943,    251.80519,    251.25000
     t,    249.87788,    249.73030,    250.85001
     t,    245.96310,    245.90103,    245.45000
     t,    242.93657,    242.94421,    242.64999
     t,    235.82242,    235.90726,    236.64999
     t,    232.86195,    232.95709,    233.45000
     t,    223.42088,    223.36896,    222.64999
     t,    221.68443,    221.60023,    221.64999
     t,    221.17693,    221.08423,    221.05000
     t,    218.02705,    217.88110,    217.45000
     t,    207.52257,    207.42795,    206.05000
     t,    206.44432,    206.44612,    204.45000
     t,    204.35991,    204.58556,    200.85001
     t,    203.82166,    204.12271,    201.85001
     t,    202.50276,    202.85368,    200.85001
     t,    202.41460,    202.75674,    201.25000
     t,    202.32561,    202.65891,    203.45000
     t,    202.18254,    202.40193,    202.64999
     t,    203.16693,    202.94586,    201.45000
     t,    204.18967,    203.82761,    206.45000
     t,    205.76347,    205.52000,    206.85001
     t,    207.88243,    207.81424,    206.85001
     t,    209.93333,    209.89459,    210.05000
     t,    210.57936,    210.58221,    208.64999
     t,    301.54361,    301.54407,    301.91916
     q,      0.28975,      0.28984,      0.28146
     q,      0.30066,      0.30071,      0.32196
     q,      0.34322,      0.34326,      0.34007
     q,      0.46160,      0.46124,      0.44825
     q,      0.47575,      0.47535,      0.47065
     q,      0.52662,      0.52675,      0.46978
     q,      0.55048,      0.55085,      0.40088
     q,      0.63725,      0.64018,      0.54517
     q,      0.65548,      0.65932,      0.56892
     q,      0.59229,      0.59670,      0.66541
     q,      0.49274,      0.49616,      0.59927
     q,      0.44272,      0.44568,      0.47572
     q,      0.41180,      0.41460,      0.57470
     q,      0.41345,      0.41647,      0.57210
     q,      0.41657,      0.41999,      0.49512
     q,      0.41770,      0.42128,      0.33888
     q,      0.42013,      0.42402,      0.13232
     q,      0.42244,      0.42665,      0.10503
     q,      0.41764,      0.42166,      0.10290
     q,      0.41702,      0.42100,      0.10231
     q,      0.41098,      0.41478,      0.11336
     q,      0.40739,      0.41106,      0.21781
     q,      0.39960,      0.40319,      0.11626
     q,      0.38194,      0.38537,      0.46376
     q,      0.36904,      0.37234,      0.49120
     q,      0.37089,      0.37406,      0.34897
     q,      0.37176,      0.37486,      0.49369
     q,      0.37395,      0.37689,      0.33874
     q,      0.37497,      0.37784,      0.16382
     q,      0.37605,      0.37884,      0.12281
     q,      0.36798,      0.37022,      0.12460
     q,      0.35813,      0.36017,      0.08979
     q,      0.35456,      0.35654,      0.18926
     q,      0.34700,      0.34886,      0.36048
     q,      0.33668,      0.33837,      0.29225
     q,      0.31148,      0.31285,      0.39938
     q,      0.30330,      0.30469,      0.29019
     q,      0.29570,      0.29709,      0.15671
     q,      0.27779,      0.27920,      0.21467
     q,      0.26455,      0.26599,      0.37849
     q,      0.26845,      0.26984,      0.30680
     q,      0.27550,      0.27679,      0.36117
     q,      0.27905,      0.28030,      0.30133
     q,      0.28289,      0.28409,      0.40201
     q,      0.28706,      0.28820,      0.21638
     q,      0.29319,      0.29426,      0.15952
     q,      0.29926,      0.30006,      0.34014
     q,      0.29875,      0.29935,      0.28978
     q,      0.29845,      0.29894,      0.35329
     q,      0.15778,      0.16321,      0.16072
     q,      0.15879,      0.16427,      0.18150
     q,      0.20618,      0.21364,      0.21265
     q,      0.32986,      0.34152,      0.28664
     q,      0.45462,      0.47053,      0.38499
     q,      0.65932,      0.69998,      0.56069
     q,      0.39574,      0.52442,      0.69238
     q,      0.37295,      0.50543,      0.60002
     q,      0.35609,      0.48679,      0.37729
     q,      0.33058,      0.45848,      0.22433
     q,      0.31259,      0.43849,      0.24541
     q,      0.26192,      0.38068,      0.07980
     q,      0.12761,      0.19274,      0.03501
     q,      0.09547,      0.12452,      0.03877
     q,      0.08147,      0.08749,      0.03067
     q,      0.08373,      0.08701,      0.17721
     q,      0.08349,      0.08337,      0.11185
     q,      0.05625,      0.05643,      0.04565
     q,      0.25075,      0.25973,      0.24149
     t,    304.63034,    303.99872,    301.54999
     t,    303.41895,    302.73642,    299.35001
     t,    302.11987,    301.44458,    297.45001
     t,    300.03784,    299.37064,    295.45001
     t,    297.53912,    296.88101,    293.25000
     t,    296.12018,    295.46558,    292.04999
     t,    294.79538,    294.13956,    291.14999
     t,    290.34763,    289.37836,    287.54999
     t,    290.02429,    289.07416,    287.64999
     t,    289.66568,    288.72162,    288.54999
     t,    289.30423,    288.36633,    289.14999
     t,    288.87534,    287.94128,    289.35001
     t,    285.44241,    285.47351,    285.75000
     t,    285.06625,    285.18878,    285.54999
     t,    283.45877,    283.86453,    284.04999
     t,    282.58850,    283.01544,    283.25000
     t,    280.48041,    280.96255,    280.85001
     t,    278.37628,    278.78455,    279.04999
     t,    277.27979,    277.63321,    278.04999
     t,    276.16281,    276.45963,    277.04999
     t,    271.75363,    271.71735,    271.85001
     t,    267.20374,    266.98404,    266.35001
     t,    267.09274,    266.86792,    266.14999
     t,    266.64502,    266.40024,    265.75000
     t,    265.39490,    265.09424,    264.75000
     t,    264.00183,    263.63852,    263.54999
     t,    263.40976,    263.02005,    262.75000
     t,    262.81131,    262.39493,    262.85001
     t,    259.95984,    259.51755,    260.25000
     t,    258.80652,    258.35449,    259.35001
     t,    256.61484,    256.16483,    256.45001
     t,    255.96548,    255.51761,    255.64999
     t,    255.83363,    255.38625,    255.64999
     t,    255.16946,    254.72450,    255.64999
     t,    254.90149,    254.45750,    255.45000
     t,    254.36148,    253.91948,    255.25000
     t,    252.83546,    252.43486,    253.85001
     t,    248.72836,    248.48956,    250.05000
     t,    243.39952,    243.25542,    242.85001
     t,    240.10397,    240.03050,    240.45000
     t,    239.54143,    239.47635,    239.85001
     t,    238.39926,    238.35394,    239.64999
     t,    233.10925,    233.10429,    233.05000
     t,    232.63603,    232.63654,    232.45000
     t,    230.15990,    230.17659,    230.45000
     t,    306.29947,    305.29364,    305.45001
     t,    305.82507,    304.82309,    304.95001
     t,    303.50259,    302.51770,    301.85001
     t,    302.06140,    301.08112,    300.35001
     t,    299.77786,    298.80444,    298.04999
     t,    292.54388,    291.62970,    291.25000
     t,    290.77066,    289.98502,    289.64999
     t,    287.72467,    287.42645,    285.85001
     t,    286.74014,    286.65881,    284.54999
     t,    282.99567,    283.12759,    280.85001
     t,    281.74203,    281.93457,    280.75000
     t,    280.86429,    281.09796,    280.45001
     t,    276.94876,    277.29492,    277.54999
     t,    273.79431,    274.08826,    274.04999
     t,    273.32565,    273.57965,    273.64999
     t,    270.90591,    270.95316,    271.04999
     t,    269.85028,    269.85898,    269.85001
     t,    269.18350,    269.18872,    268.85001
     t,    268.42075,    268.42197,    268.14999
     t,    268.34055,    268.34091,    268.14999
     t,    267.30130,    267.29593,    268.14999
     t,    264.05173,    264.01770,    264.85001
     t,    256.49615,    256.40372,    256.85001
     t,    248.27150,    248.22430,    247.64999
     t,    242.15991,    242.11035,    244.25000
     t,    241.40903,    241.36719,    243.64999
     t,    233.69170,    233.67177,    234.05000
     t,    223.04825,    222.97627,    222.05000
     t,    222.03270,    221.94380,    221.05000
     t,    210.45383,    210.06064,    209.05000
     t,    208.40889,    207.92899,    207.05000
     t,    207.85948,    207.37395,    205.64999
     t,    206.43542,    206.54497,    202.45000
     t,    206.04414,    206.16551,    203.05000
     t,    205.78226,    205.91678,    204.45000
     t,    205.23233,    205.38101,    204.64999
     t,    204.62241,    204.75754,    203.45000
     t,    203.21959,    203.25862,    203.05000
     t,    203.06093,    203.09769,    204.05000
     t,    203.17661,    203.24939,    203.85001
     t,    203.34860,    203.47496,    202.25000
     t,    204.32074,    204.41527,    204.64999
     t,    205.90013,    205.86649,    204.45000
     t,    206.23618,    206.17375,    206.05000
     t,    207.39062,    207.12334,    204.85001
     t,    207.71907,    207.52301,    204.85001
     t,    209.35085,    209.63559,    210.25000
     t,    210.99416,    211.79567,    211.45000
     t,    211.17915,    212.00012,    213.25000
     q,      0.43368,      0.42974,      0.55707
     q,      0.45616,      0.45176,      0.50172
     q,      0.48342,      0.47882,      0.51416
     q,      0.53232,      0.52739,      0.56704
     q,      0.59859,      0.59334,      0.60937
     q,      0.64073,      0.63543,      0.63487
     q,      0.67992,      0.67723,      0.60313
     q,      0.62914,      0.79383,      0.62924
     q,      0.58301,      0.72879,      0.61177
     q,      0.52176,      0.64290,      0.38973
     q,      0.45939,      0.55546,      0.23473
     q,      0.38440,      0.45257,      0.22414
     q,      0.16953,      0.12134,      0.10012
     q,      0.16203,      0.11148,      0.08476
     q,      0.14058,      0.08836,      0.13694
     q,      0.14627,      0.10196,      0.25657
     q,      0.16105,      0.13877,      0.19482
     q,      0.21758,      0.20321,      0.33810
     q,      0.26058,      0.24672,      0.21028
     q,      0.30822,      0.29556,      0.24889
     q,      0.50227,      0.45708,      0.39786
     q,      0.67252,      0.63722,      0.65025
     q,      0.67596,      0.64129,      0.65575
     q,      0.68334,      0.65537,      0.62407
     q,      0.70594,      0.69848,      0.76597
     q,      0.73459,      0.75299,      0.79968
     q,      0.74877,      0.77995,      0.76718
     q,      0.76424,      0.80938,      0.68370
     q,      0.69742,      0.78049,      0.73480
     q,      0.66159,      0.76446,      0.62428
     q,      0.57582,      0.65912,      0.58010
     q,      0.54634,      0.61450,      0.51943
     q,      0.53989,      0.60490,      0.47944
     q,      0.50569,      0.55401,      0.13088
     q,      0.49104,      0.53219,      0.06839
     q,      0.45984,      0.48576,      0.02764
     q,      0.28498,      0.19323,      0.03038
     q,      0.13921,      0.12449,      0.09948
     q,      0.36496,      0.30235,      0.35733
     q,      0.37207,      0.30800,      0.37675
     q,      0.41218,      0.34074,      0.40355
     q,      0.44032,      0.36380,      0.42769
     q,      0.49021,      0.40473,      0.45267
     q,      0.67759,      0.51683,      0.59054
     q,      0.69922,      0.49154,      0.73209
     q,      0.66725,      0.41987,      0.74876
     q,      0.64719,      0.40949,      0.75143
     q,      0.67072,      0.52499,      0.81828
     q,      0.67890,      0.55424,      0.67624
     q,      0.68452,      0.57195,      0.68005
     q,      0.69260,      0.64658,      0.62999
     q,      0.64175,      0.62983,      0.65172
     q,      0.61209,      0.60213,      0.51948
     q,      0.43803,      0.43957,      0.42823
     q,      0.36220,      0.36446,      0.23317
     q,      0.32464,      0.32492,      0.22354
     q,      0.27874,      0.27659,      0.37027
     q,      0.27260,      0.27028,      0.37239
     q,      0.20346,      0.19762,      0.07779
     q,      0.13476,      0.12307,      0.06454
     q,      0.13190,      0.07613,      0.06896
     q,      0.08745,      0.06057,      0.02956
     t,    301.76114,    301.75507,    296.54999
     t,    301.76117,    301.75507,    298.35001
     t,    301.76114,    301.75507,    298.04999
     t,    301.76117,    301.75507,    298.95001
     t,    301.55603,    301.55026,    298.14999
     t,    300.98523,    300.98019,    296.64999
     t,    300.36041,    300.35577,    294.85001
     t,    299.76047,    299.75607,    295.35001
     t,    296.25781,    296.25305,    291.95001
     t,    295.47928,    295.47473,    291.75000
     t,    295.14346,    295.13901,    292.25000
     t,    294.14264,    294.13834,    291.64999
     t,    294.03094,    294.02670,    291.85001
     t,    291.78540,    291.78171,    290.35001
     t,    288.98395,    288.97971,    287.64999
     t,    287.29929,    287.29431,    286.45001
     t,    284.93610,    284.93433,    284.95001
     t,    282.28543,    282.28622,    281.75000
     t,    273.86523,    273.86957,    273.64999
     t,    270.04572,    270.05484,    269.85001
     t,    269.22235,    269.23257,    268.95001
     t,    266.95880,    266.97229,    266.54999
     t,    266.52158,    266.53384,    266.04999
     t,    264.54578,    264.55292,    263.64999
     t,    264.20959,    264.21588,    263.64999
     t,    263.30240,    263.30597,    263.95001
     t,    262.36740,    262.36804,    262.95001
     t,    261.70596,    261.70428,    262.35001
     t,    259.17358,    259.15991,    259.64999
     t,    253.57167,    253.56239,    254.25000
     t,    251.65594,    251.65085,    252.45000
     t,    246.18636,    246.18825,    246.55000
     t,    241.90837,    241.91403,    242.75000
     t,    239.16980,    239.17712,    239.64999
     t,    237.65385,    237.66180,    237.85001
     t,    237.27019,    237.27824,    237.45000
     t,    235.71182,    235.72096,    235.64999
     t,    231.27495,    231.28989,    230.85001
     t,    229.21619,    229.23656,    228.85001
     t,    227.78697,    227.81207,    227.64999
     t,    227.62529,    227.65062,    227.45000
     t,    223.77516,    223.80786,    222.25000
     t,    222.77042,    222.80177,    221.45000
     t,    221.39261,    221.42281,    220.85001
     t,    219.75302,    219.77873,    220.64999
     t,    219.50615,    219.53099,    220.85001
     t,    218.31696,    218.33311,    217.25000
     t,    218.17761,    218.19141,    217.85001
     t,    217.65973,    217.66733,    216.64999
     t,    217.32281,    217.32661,    217.85001
     t,    216.90361,    216.90289,    217.85001
     t,    216.33018,    216.32523,    217.05000
     t,    215.45731,    215.45081,    215.45000
     t,    213.62181,    213.61510,    212.25000
     t,    213.13281,    213.12714,    212.45000
     t,    211.40086,    211.39874,    208.64999
     t,    210.84885,    210.84805,    208.25000
     t,    210.66199,    210.66185,    209.25000
     t,    209.87473,    209.87296,    209.25000
     t,    208.09891,    208.08505,    207.05000
     t,    206.91228,    206.86371,    206.25000
     t,    207.31731,    207.18568,    205.05000
     t,    207.67346,    207.50731,    208.05000
     t,    208.73936,    208.55240,    208.85001
     t,    208.98294,    208.83513,    211.05000
     t,    210.60916,    210.89001,    209.85001
     t,    211.43788,    211.78201,    209.85001
     t,    212.50446,    212.74898,    211.45000
     t,    212.86530,    213.05029,    214.05000
     t,    302.30432,    302.03604,    299.75000
     t,    302.12817,    301.81253,    296.75000
     t,    296.73474,    296.43005,    291.75000
     t,    293.38812,    293.07486,    288.85001
     t,    293.17200,    292.78207,    288.85001
     t,    292.73730,    292.19327,    290.75000
     t,    292.29941,    291.60007,    291.35001
     t,    291.63635,    290.70190,    291.35001
     t,    291.06384,    290.31604,    290.54999
     t,    289.43289,    289.26047,    288.75000
     t,    288.69638,    288.64310,    288.04999
     t,    287.61917,    287.56595,    287.25000
     t,    285.65729,    285.54547,    285.45001
     t,    282.02588,    281.84155,    281.95001
     t,    276.42740,    276.25250,    275.95001
     t,    275.83023,    275.66467,    275.54999
     t,    274.20816,    274.06787,    273.95001
     t,    272.99411,    272.87848,    273.04999
     t,    267.08322,    267.08707,    266.95001
     t,    265.82510,    265.84116,    266.14999
     t,    265.07404,    265.09698,    265.85001
     t,    262.41223,    262.41574,    262.45001
     t,    259.08197,    259.08109,    259.14999
     t,    256.83871,    256.85022,    256.75000
     t,    255.18752,    255.24515,    255.14999
     t,    254.66226,    254.73776,    254.95000
     t,    254.13177,    254.22531,    254.25000
     t,    252.37363,    252.52658,    252.05000
     t,    251.50610,    251.66951,    250.95000
     t,    250.30722,    250.47791,    250.55000
     t,    243.09039,    243.12236,    243.95000
     t,    237.72046,    237.61076,    238.95000
     t,    234.88135,    234.74338,    236.25000
     t,    230.91280,    230.75204,    232.05000
     t,    228.21446,    228.04393,    229.25000
     t,    227.35655,    227.18295,    228.45000
     t,    221.44392,    221.34134,    218.85001
     t,    220.26913,    220.15787,    218.25000
     t,    220.13161,    220.02376,    218.85001
     t,    219.78348,    219.68456,    220.05000
     t,    219.01089,    218.92279,    219.64999
     t,    218.87326,    218.78416,    220.85001
     t,    218.37386,    218.28397,    220.64999
     t,    217.23773,    217.15976,    218.25000
     t,    215.60658,    215.56184,    216.25000
     t,    214.02463,    214.02179,    215.05000
     t,    211.45851,    211.53844,    210.45000
     t,    211.14967,    211.24435,    211.05000
     t,    209.61176,    209.79021,    208.25000
     t,    209.12642,    209.34627,    209.05000
     t,    208.62181,    208.88307,    207.05000
     t,    208.67776,    208.96062,    207.45000
     t,    209.77496,    209.82823,    207.05000
     t,    210.22800,    210.16096,    210.45000
     t,    210.53203,    210.49144,    210.85001
     t,    210.79527,    210.77518,    209.05000
     t,    211.28967,    211.16447,    209.45000
     t,    211.73187,    211.49109,    210.25000
     t,    211.75974,    211.52110,    210.45000
     t,    211.95967,    211.98158,    212.64999
     t,    212.56081,    213.16570,    213.85001
     t,    214.10812,    214.54762,    213.45000
     t,    214.40765,    214.72018,    216.05000
     t,    225.32753,    225.32129,    226.14999
     t,    223.34091,    223.17865,    226.14999
     q,      0.20530,      0.20544,      0.32084
     q,      0.20530,      0.20544,      0.66733
     q,      0.20530,      0.20544,      0.65328
     q,      0.20530,      0.20544,      0.62688
     q,      0.20712,      0.20726,      0.50961
     q,      0.21236,      0.21252,      0.34129
     q,      0.21829,      0.21847,      0.28062
     q,      0.22428,      0.22447,      0.29906
     q,      0.26473,      0.26492,      0.31679
     q,      0.27484,      0.27503,      0.32764
     q,      0.27944,      0.27964,      0.30302
     q,      0.29309,      0.29331,      0.33156
     q,      0.29464,      0.29487,      0.31537
     q,      0.32822,      0.32850,      0.32817
     q,      0.37343,      0.37379,      0.34906
     q,      0.40231,      0.40266,      0.38394
     q,      0.42600,      0.42595,      0.40305
     q,      0.45130,      0.45126,      0.43832
     q,      0.61142,      0.61114,      0.57928
     q,      0.70000,      0.69818,      0.69742
     q,      0.71283,      0.71062,      0.66337
     q,      0.75011,      0.74671,      0.69597
     q,      0.74820,      0.74502,      0.50889
     q,      0.73582,      0.73302,      0.69430
     q,      0.73342,      0.73070,      0.73036
     q,      0.72583,      0.72338,      0.83119
     q,      0.71216,      0.71003,      0.83797
     q,      0.69677,      0.69491,      0.95528
     q,      0.62670,      0.62640,      0.79191
     q,      0.55223,      0.55280,      0.68344
     q,      0.54118,      0.54141,      0.67510
     q,      0.52888,      0.52819,      0.57164
     q,      0.51118,      0.50954,      0.47552
     q,      0.50043,      0.49838,      0.36029
     q,      0.49195,      0.48969,      0.17400
     q,      0.48379,      0.47463,      0.57100
     q,      0.48704,      0.47750,      0.49455
     q,      0.62091,      0.60928,      0.54957
     q,      0.71904,      0.70880,      0.60292
     q,      0.69715,      0.70611,      0.62072
     q,      0.65242,      0.70061,      0.56356
     q,      0.60637,      0.69495,      0.49367
     q,      0.53469,      0.68613,      0.44792
     q,      0.43913,      0.54918,      0.46327
     q,      0.24789,      0.24755,      0.38478
     q,      0.22343,      0.22407,      0.20160
     q,      0.21813,      0.22934,      0.13794
     q,      0.22694,      0.25701,      0.23319
     q,      0.25859,      0.31209,      0.33094
     q,      0.30756,      0.36492,      0.30661
     q,      0.31390,      0.36699,      0.19039
     q,      0.33337,      0.37333,      0.17075
     q,      0.34584,      0.37506,      0.39656
     q,      0.31798,      0.30354,      0.36928
     q,      0.29212,      0.27266,      0.37934
     q,      0.27536,      0.25260,      0.33229
     q,      0.22931,      0.22013,      0.35871
     q,      0.18355,      0.19079,      0.26463
     q,      0.17220,      0.18531,      0.30758
     q,      0.21877,      0.23122,      0.24853
     q,      0.24003,      0.25149,      0.17046
     q,      0.26304,      0.27342,      0.13620
     q,      0.35518,      0.36106,      0.14074
     q,      0.39386,      0.39777,      0.33605
     q,      0.44547,      0.44737,      0.57853
     q,      0.69365,      0.69869,      0.69225
     q,      0.68508,      0.68094,      0.59171
     t,    303.24380,    303.39307,    302.04999
     t,    303.24384,    303.39310,    300.95001
     t,    301.96838,    302.14053,    299.35001
     t,    301.05750,    301.33676,    298.54999
     t,    295.46167,    295.97610,    293.45001
     t,    292.64511,    293.04370,    290.85001
     t,    289.97925,    290.13953,    291.04999
     t,    289.09674,    289.18567,    290.75000
     t,    288.27322,    288.29453,    290.04999
     t,    282.15042,    282.07648,    283.54999
     t,    281.67578,    281.58661,    282.95001
     t,    279.47897,    279.33951,    280.85001
     t,    277.21625,    277.02521,    278.04999
     t,    276.05521,    275.88300,    276.75000
     t,    274.24213,    274.13116,    274.35001
     t,    273.87112,    273.77100,    274.04999
     t,    273.49881,    273.41171,    273.64999
     t,    272.45618,    272.40012,    272.35001
     t,    271.98056,    271.94244,    271.85001
     t,    271.40256,    271.38681,    271.35001
     t,    269.63565,    269.68954,    269.35001
     t,    269.33606,    269.40164,    268.95001
     t,    268.52917,    268.62631,    268.45001
     t,    268.03323,    268.14645,    268.14999
     t,    266.07727,    266.24634,    265.75000
     t,    265.77814,    265.95490,    265.85001
     t,    265.37656,    265.56366,    265.75000
     t,    263.64590,    263.86472,    263.54999
     t,    263.24005,    263.45404,    263.35001
     t,    263.03589,    263.24744,    263.04999
     t,    261.89603,    262.09589,    262.04999
     t,    261.05017,    261.24066,    261.85001
     t,    251.85742,    251.87013,    252.25000
     t,    251.07712,    251.09569,    251.45000
     t,    248.23546,    248.29158,    248.05000
     t,    246.96359,    247.03476,    246.45000
     t,    245.17551,    245.24657,    244.45000
     t,    240.61833,    240.64987,    240.64999
     t,    239.02248,    239.02170,    240.05000
     t,    236.19035,    236.12257,    237.45000
     t,    230.41220,    230.23384,    231.64999
     t,    226.35773,    226.17702,    229.25000
     t,    225.79648,    225.63754,    228.45000
     t,    224.26450,    224.15501,    226.85001
     t,    221.80499,    221.76965,    223.45000
     t,    219.79321,    219.80489,    220.25000
     t,    218.94846,    219.00681,    218.45000
     t,    218.05905,    218.17723,    216.64999
     t,    216.71837,    217.14546,    211.25000
     t,    216.60419,    217.08185,    212.45000
     t,    216.57576,    217.07114,    212.05000
     t,    216.54828,    217.06332,    217.05000
     t,    216.54243,    217.06190,    217.85001
     t,    216.45457,    216.98050,    215.85001
     t,    216.43817,    216.92526,    216.25000
     t,    216.44818,    216.92419,    216.85001
     t,    216.40027,    216.72446,    215.85001
     t,    216.36572,    216.55759,    214.25000
     t,    216.32863,    216.40717,    216.45000
     t,    216.31480,    216.37032,    218.25000
     t,    216.22710,    216.14688,    218.64999
     t,    215.93536,    215.62492,    216.45000
     t,    215.80969,    215.43683,    214.64999
     t,    215.63695,    215.22757,    214.05000
     t,    302.23782,    302.28586,    294.64999
     t,    302.23782,    302.28586,    296.85001
     t,    301.80966,    301.88794,    296.75000
     t,    301.06760,    301.14111,    296.14999
     t,    299.36020,    299.40692,    296.54999
     t,    295.94543,    295.98572,    295.35001
     t,    290.78018,    291.05441,    289.64999
     t,    287.90424,    288.22571,    287.75000
     t,    285.13138,    285.44324,    284.64999
     t,    285.03290,    285.34512,    284.64999
     t,    282.43408,    282.71704,    281.64999
     t,    281.00998,    281.26819,    280.14999
     t,    279.18228,    279.38342,    277.95001
     t,    278.38611,    278.56152,    277.04999
     t,    275.51447,    275.59604,    274.85001
     t,    273.79324,    273.85904,    273.64999
     t,    271.50970,    271.56430,    270.45001
     t,    271.08499,    271.13751,    270.45001
     t,    270.86423,    270.91672,    270.95001
     t,    270.76065,    270.81241,    270.75000
     t,    270.56036,    270.61807,    269.85001
     t,    270.35931,    270.42303,    270.25000
     t,    270.05646,    270.12918,    269.85001
     t,    269.75189,    269.83371,    269.14999
     t,    269.44571,    269.53662,    269.35001
     t,    265.77267,    265.95432,    265.45001
     t,    264.50159,    264.70035,    264.14999
     t,    255.14093,    255.31248,    256.54999
     t,    252.46298,    252.57770,    253.05000
     t,    247.61739,    247.63731,    248.45000
     t,    245.67163,    245.66931,    245.95000
     t,    239.83289,    239.86092,    240.35001
     t,    236.74063,    236.75926,    237.14999
     t,    235.79196,    235.80894,    236.14999
     t,    232.68036,    232.68628,    234.45000
     t,    226.14935,    226.13919,    227.45000
     t,    222.35213,    222.30609,    222.85001
     t,    221.35492,    221.29448,    222.64999
     t,    218.77357,    218.69447,    218.85001
     t,    217.94138,    217.86246,    218.45000
     t,    217.72493,    217.65663,    219.64999
     t,    216.97270,    216.93961,    218.45000
     t,    216.67450,    216.65425,    216.45000
     t,    216.60834,    216.59648,    216.85001
     t,    216.43269,    216.43954,    215.64999
     t,    216.32268,    216.33929,    216.05000
     t,    216.07997,    216.11328,    214.45000
     t,    215.85167,    215.88310,    216.45000
     t,    215.66249,    215.69221,    214.85001
     t,    215.56593,    215.59296,    215.64999
     t,    215.27260,    215.27312,    215.85001
     t,    215.23331,    215.22784,    216.05000
     t,    215.02988,    214.99339,    214.85001
     t,    214.86240,    214.79697,    215.05000
     t,    214.83385,    214.75760,    214.45000
     t,    214.77338,    214.67232,    214.85001
     t,    214.71510,    214.59117,    217.05000
     t,    214.68336,    214.54381,    217.64999
     t,    214.47078,    214.23857,    215.64999
     t,    214.38777,    214.14503,    217.45000
     t,    214.30212,    214.04262,    215.85001
     t,    214.17250,    213.89705,    215.45000
     t,    213.59702,    213.27193,    210.85001
     t,    213.30138,    212.96330,    210.45000
     t,    213.10780,    212.76106,    208.85001
     t,    212.97717,    212.60783,    208.64999
     t,    212.93681,    212.56261,    209.64999
     t,    212.90518,    212.52715,    213.05000
     t,    212.85585,    212.48022,    213.64999
     t,    212.77892,    212.42436,    213.45000
     t,    213.00369,    212.79538,    210.64999
     t,    213.16171,    213.07169,    214.45000
     t,    213.67499,    213.84039,    212.64999
     t,    213.76274,    213.86374,    214.45000
     t,    213.92366,    213.87711,    215.25000
     t,    214.25548,    213.90189,    213.64999
     t,    215.06297,    214.24768,    216.05000
     t,    216.55679,    215.74057,    214.05000
     t,    259.72397,    259.94168,    260.24567
     q,      0.51124,      0.51212,      0.49938
     q,      0.51124,      0.51212,      0.44751
     q,      0.52621,      0.52585,      0.46419
     q,      0.52737,      0.51961,      0.49413
     q,      0.62904,      0.60020,      0.60199
     q,      0.69652,      0.67898,      0.60940
     q,      0.73915,      0.73439,      0.28909
     q,      0.73147,      0.72495,      0.34255
     q,      0.72533,      0.71707,      0.51623
     q,      0.71751,      0.70126,      0.63574
     q,      0.72159,      0.70482,      0.62862
     q,      0.73615,      0.71771,      0.62533
     q,      0.75133,      0.73190,      0.68883
     q,      0.75245,      0.73275,      0.55008
     q,      0.75177,      0.73327,      0.60332
     q,      0.75203,      0.73344,      0.64872
     q,      0.75200,      0.73373,      0.55771
     q,      0.75288,      0.73590,      0.54753
     q,      0.74976,      0.73061,      0.63068
     q,      0.74692,      0.72478,      0.54296
     q,      0.73525,      0.70336,      0.61591
     q,      0.73282,      0.69911,      0.66034
     q,      0.72581,      0.68692,      0.57948
     q,      0.71996,      0.67792,      0.63101
     q,      0.69126,      0.63735,      0.47303
     q,      0.68558,      0.62968,      0.24481
     q,      0.67766,      0.61898,      0.14417
     q,      0.64621,      0.57756,      0.19569
     q,      0.63997,      0.57175,      0.12182
     q,      0.63672,      0.56873,      0.08106
     q,      0.62059,      0.55402,      0.07969
     q,      0.60791,      0.54283,      0.02784
     q,      0.56397,      0.56204,      0.02373
     q,      0.57689,      0.57508,      0.02925
     q,      0.65876,      0.64095,      0.21371
     q,      0.66308,      0.65020,      0.14386
     q,      0.66024,      0.65668,      0.14180
     q,      0.65251,      0.65176,      0.09518
     q,      0.64117,      0.64356,      0.10305
     q,      0.42413,      0.43698,      0.42295
     q,      0.42413,      0.43698,      0.40446
     q,      0.43033,      0.44345,      0.34753
     q,      0.44242,      0.45562,      0.37273
     q,      0.47076,      0.48775,      0.35020
     q,      0.49958,      0.48299,      0.39270
     q,      0.45597,      0.43139,      0.47144
     q,      0.46293,      0.44917,      0.60301
     q,      0.48836,      0.48448,      0.62562
     q,      0.48974,      0.48606,      0.62959
     q,      0.52981,      0.52662,      0.74068
     q,      0.55574,      0.54936,      0.60716
     q,      0.58710,      0.57884,      0.67269
     q,      0.59756,      0.58962,      0.62523
     q,      0.64379,      0.63730,      0.77799
     q,      0.66401,      0.65777,      0.74221
     q,      0.69395,      0.68801,      0.81792
     q,      0.70044,      0.69456,      0.82595
     q,      0.70470,      0.69886,      0.78474
     q,      0.70580,      0.69989,      0.77868
     q,      0.70666,      0.70004,      0.85225
     q,      0.70754,      0.70021,      0.72363
     q,      0.70890,      0.70045,      0.71060
     q,      0.71032,      0.70071,      0.82191
     q,      0.71178,      0.70098,      0.80176
     q,      0.72868,      0.70244,      0.85421
     q,      0.72700,      0.69669,      0.85969
     q,      0.72849,      0.68739,      0.88764
     q,      0.74515,      0.71187,      0.77385
     q,      0.76541,      0.75280,      0.78141
     q,      0.76055,      0.75562,      0.66482
     q,      0.71261,      0.70286,      0.77064
     q,      0.68730,      0.67913,      0.70539
     q,      0.71881,      0.67688,      0.89652
     t,    312.72122,    312.71832,    312.25000
     t,    312.57657,    312.56665,    309.64999
     t,    311.76099,    311.75543,    308.85001
     t,    307.32867,    307.32202,    304.54999
     t,    299.95932,    299.95071,    297.64999
     t,    298.12918,    298.11838,    295.85001
     t,    296.24698,    296.29886,    295.25000
     t,    295.75748,    295.83420,    296.04999
     t,    294.30920,    294.46130,    295.14999
     t,    287.22498,    287.33084,    287.64999
     t,    286.58014,    286.67966,    286.85001
     t,    285.93207,    286.02673,    286.25000
     t,    283.72153,    283.78049,    283.64999
     t,    281.15497,    281.13052,    281.45001
     t,    279.56567,    279.48907,    280.04999
     t,    278.70111,    278.58093,    279.35001
     t,    277.40421,    277.20438,    277.64999
     t,    276.65463,    276.40912,    276.75000
     t,    275.46558,    275.14755,    275.35001
     t,    275.13657,    274.78793,    274.85001
     t,    273.89908,    273.45209,    273.25000
     t,    273.47760,    272.99710,    272.95001
     t,    272.69250,    272.14996,    272.64999
     t,    271.40765,    270.92972,    270.54999
     t,    269.73898,    269.40109,    270.25000
     t,    269.64474,    269.31479,    270.25000
     t,    267.46402,    267.25949,    267.14999
     t,    265.77341,    265.62485,    266.45001
     t,    265.12485,    264.99734,    265.54999
     t,    264.79736,    264.68048,    265.54999
     t,    263.77258,    263.66010,    264.14999
     t,    263.30624,    263.19165,    263.54999
     t,    261.88138,    261.76031,    261.64999
     t,    261.64011,    261.51660,    261.45001
     t,    260.54001,    260.41162,    260.45001
     t,    258.33582,    258.18637,    258.04999
     t,    257.66684,    257.51096,    257.85001
     t,    252.61891,    252.52258,    252.45000
     t,    251.13199,    251.07426,    251.85001
     t,    249.75523,    249.75552,    250.85001
     t,    245.15982,    245.35625,    245.85001
     t,    242.99103,    243.28067,    243.25000
     t,    241.87430,    242.21091,    242.05000
     t,    237.34457,    237.71155,    238.05000
     t,    232.93187,    233.20819,    233.05000
     t,    223.01572,    222.98415,    223.85001
     t,    221.26532,    221.18729,    221.64999
     t,    210.72069,    210.37178,    209.45000
     t,    207.94971,    207.54285,    207.05000
     t,    207.42412,    207.00626,    206.64999
     t,    205.36928,    205.47525,    202.85001
     t,    204.46547,    204.76599,    203.64999
     t,    203.75139,    204.17082,    201.45000
     t,    203.46524,    203.81914,    202.45000
     t,    203.24051,    203.36563,    200.85001
     t,    203.01591,    202.85889,    200.45000
     t,    202.99472,    202.65373,    202.85001
     t,    202.97827,    202.49457,    203.25000
     t,    203.70412,    203.53470,    200.45000
     t,    205.19958,    205.98662,    206.25000
     t,    206.50981,    207.34525,    205.85001
     t,    209.45964,    210.00423,    206.05000
     t,    309.40479,    309.39871,    306.61050
     t,    303.22443,    303.22531,    304.04999
     t,    303.22443,    303.22534,    303.75000
     t,    303.47333,    303.46494,    303.95001
     t,    303.47333,    303.46494,    303.75000
     t,    303.19296,    303.19244,    306.75000
     t,    303.19296,    303.19244,    306.14999
     t,    303.22211,    303.22604,    303.85001
     t,    303.22211,    303.22604,    303.64999
     t,    303.69009,    303.67676,    304.45001
     t,    303.69006,    303.67673,    304.14999
     t,    304.08975,    304.06387,    304.95001
     t,    304.08972,    304.06384,    304.54999
     t,    303.90155,    303.88235,    304.35001
     t,    303.90158,    303.88235,    303.95001
     t,    303.22443,    303.22534,    304.25000
     t,    303.22443,    303.22531,    303.64999
     t,    303.22443,    303.22531,    303.64999
     t,    303.47333,    303.46494,    304.25000
     t,    303.47333,    303.46494,    303.64999
     t,    303.47333,    303.46494,    303.45001
     t,    303.19296,    303.19244,    307.35001
     t,    303.19296,    303.19244,    305.85001
     t,    303.19296,    303.19244,    305.75000
     t,    303.22211,    303.22604,    304.54999
     t,    303.22211,    303.22604,    303.14999
     t,    303.22214,    303.22604,    302.95001
     t,    303.69006,    303.67673,    305.25000
     t,    303.69006,    303.67673,    303.85001
     t,    303.69006,    303.67673,    303.54999
     t,    304.08975,    304.06387,    305.95001
     t,    304.08975,    304.06387,    303.95001
     t,    304.08975,    304.06387,    303.45001
     t,    303.90155,    303.88235,    305.35001
     t,    303.90158,    303.88235,    303.45001
     t,    303.90158,    303.88235,    302.95001
     t,    303.22443,    303.22531,    304.04999
     t,    303.22446,    303.22534,    303.95001
     t,    303.47333,    303.46494,    304.14999
     t,    303.47333,    303.46494,    304.14999
     t,    303.19296,    303.19244,    307.04999
     t,    303.19296,    303.19244,    306.54999
     t,    303.22211,    303.22604,    304.25000
     t,    303.22211,    303.22604,    304.35001
     t,    303.69006,    303.67673,    305.14999
     t,    303.69006,    303.67673,    305.04999
     t,    304.08975,    304.06387,    305.45001
     t,    304.08975,    304.06384,    305.35001
     t,    303.90155,    303.88235,    304.85001
     t,    303.90155,    303.88235,    304.64999
     q,      0.37605,      0.38410,      0.48691
     q,      0.37817,      0.38626,      0.41126
     q,      0.39070,      0.39915,      0.43534
     q,      0.47394,      0.48439,      0.51783
     q,      0.66580,      0.68108,      0.68474
     q,      0.72539,      0.74309,      0.73576
     q,      0.76433,      0.76829,      0.69458
     q,      0.77101,      0.76870,      0.59440
     q,      0.77725,      0.76714,      0.57285
     q,      0.73663,      0.74206,      0.56895
     q,      0.73477,      0.74031,      0.59996
     q,      0.73297,      0.73717,      0.52651
     q,      0.72638,      0.72528,      0.57878
     q,      0.71674,      0.70843,      0.44227
     q,      0.71004,      0.69574,      0.47759
     q,      0.68403,      0.65694,      0.41311
     q,      0.62542,      0.57161,      0.53047
     q,      0.58968,      0.51885,      0.41460
     q,      0.52780,      0.42749,      0.47014
     q,      0.50544,      0.40681,      0.36626
     q,      0.42045,      0.32777,      0.35106
     q,      0.38960,      0.29907,      0.25434
     q,      0.33140,      0.24384,      0.20335
     q,      0.30272,      0.20231,      0.10755
     q,      0.28977,      0.16209,      0.04422
     q,      0.28893,      0.15957,      0.04012
     q,      0.29436,      0.12774,      0.06980
     q,      0.31879,      0.12322,      0.02566
     q,      0.32793,      0.12090,      0.17230
     q,      0.33283,      0.11966,      0.08939
     q,      0.34531,      0.12964,      0.22206
     q,      0.34836,      0.13543,      0.40200
     q,      0.35877,      0.15519,      0.38341
     q,      0.36220,      0.16274,      0.35109
     q,      0.37099,      0.18111,      0.03067
     q,      0.35135,      0.19374,      0.04390
     q,      0.34225,      0.19522,      0.06344
     q,      0.27005,      0.16530,      0.06583
     q,      0.23446,      0.14246,      0.09917
     q,      0.17764,      0.13091,      0.08456
     q,      0.43241,      0.44187,      0.47747
     t,    225.43979,    225.44414,    225.64999
     t,    223.37901,    223.37224,    223.05000
     t,    216.82623,    216.69550,    215.64999
     t,    212.91331,    212.68080,    212.64999
     t,    211.88492,    211.64294,    210.85001
     t,    209.45587,    209.39757,    205.64999
     t,    208.04605,    208.27655,    203.45000
     t,    207.16216,    207.68175,    203.64999
     t,    206.48544,    207.22755,    205.45000
     t,    206.01566,    206.90991,    205.25000
     t,    205.28680,    206.35751,    206.05000
     t,    204.74989,    205.39969,    203.85001
     t,    204.94429,    205.48245,    205.05000
     t,    205.24374,    205.60689,    205.25000
     t,    205.90907,    205.89987,    206.45000
     t,    206.01715,    205.95049,    208.45000
     t,    206.41272,    206.13330,    206.05000
     t,    208.79132,    208.64409,    207.25000
     t,    209.62863,    209.09874,    209.64999
     t,    210.13461,    209.34293,    210.45000
     t,    211.50807,    210.44484,    208.85001
     t,    211.91373,    212.00909,    210.85001
     t,    212.32214,    212.64665,    214.64999
     t,    212.47095,    212.88246,    213.45000
     t,    308.87946,    308.04504,    307.95001
     t,    308.58310,    307.65756,    307.54999
     t,    307.29181,    306.29706,    306.85001
     t,    306.34824,    305.33655,    304.75000
     t,    299.87292,    299.18112,    298.04999
     t,    296.43005,    295.70703,    294.35001
     t,    295.14053,    294.48126,    294.04999
     t,    293.83707,    293.26648,    292.95001
     t,    290.45621,    290.36023,    290.45001
     t,    289.79736,    289.71991,    290.45001
     t,    288.87869,    288.81702,    288.85001
     t,    288.54175,    288.48898,    288.75000
     t,    288.11795,    288.07639,    288.14999
     t,    286.60602,    286.58188,    286.45001
     t,    286.51489,    286.49155,    286.25000
     t,    284.47632,    284.47104,    283.14999
     t,    278.39044,    278.29678,    279.35001
     t,    277.37320,    277.27182,    279.35001
     t,    275.66684,    275.49939,    275.45001
     t,    274.74820,    274.55185,    274.54999
     t,    274.43762,    274.23196,    273.75000
     t,    274.13721,    273.92981,    273.35001
     t,    273.99289,    273.78488,    272.75000
     t,    273.70270,    273.49347,    272.64999
     t,    273.62985,    273.42029,    272.35001
     t,    273.55682,    273.34695,    272.04999
     t,    273.41043,    273.19998,    271.45001
     t,    272.89383,    272.68118,    271.14999
     t,    271.83984,    271.62662,    269.35001
     t,    271.37967,    271.16513,    268.54999
     t,    271.07001,    270.85260,    267.85001
     t,    270.63034,    270.41980,    267.35001
     t,    269.55618,    269.35519,    265.75000
     t,    269.09561,    268.90466,    265.35001
     t,    268.63495,    268.44839,    264.75000
     t,    268.07599,    267.89478,    267.25000
     t,    266.61319,    266.39426,    265.25000
     t,    266.26572,    266.02731,    265.04999
     t,    265.79901,    265.53442,    266.35001
     t,    265.19366,    264.89545,    266.35001
     t,    263.46188,    263.07077,    264.25000
     t,    260.41885,    260.11011,    262.14999
     t,    257.70523,    257.61002,    258.45001
     t,    257.26059,    257.23599,    257.35001
     t,    254.73167,    255.01550,    254.95000
     t,    254.09824,    254.37520,    254.55000
     t,    253.08516,    253.36436,    253.45000
     t,    251.90324,    252.17206,    251.85001
     t,    250.78232,    251.01636,    250.35001
     t,    249.66563,    249.85405,    249.75000
     t,    249.12495,    249.30057,    249.25000
     t,    247.02820,    247.11789,    247.85001
     t,    243.09932,    242.89548,    244.45000
     t,    235.99554,    236.19711,    238.45000
     t,    232.99348,    233.33800,    234.64999
     t,    231.96692,    232.34764,    233.45000
     t,    230.71959,    231.12125,    233.05000
     t,    222.00867,    221.96021,    222.85001
     t,    216.91350,    216.62573,    216.85001
     t,    215.36806,    215.04340,    216.64999
     t,    209.18033,    209.11882,    208.45000
     t,    207.82906,    207.86316,    206.45000
     t,    204.39244,    204.36528,    198.25000
     t,    203.95132,    203.94464,    198.85001
     t,    203.53802,    203.71185,    197.05000
     t,    203.37842,    203.61092,    198.05000
     t,    203.29207,    203.56306,    197.64999
     t,    203.11703,    203.46609,    198.45000
     t,    203.19312,    203.52132,    197.45000
     t,    203.27440,    203.56891,    200.45000
     t,    203.52495,    203.71286,    203.25000
     t,    204.36723,    204.15999,    201.05000
     t,    204.94229,    204.66704,    202.05000
     t,    205.00238,    204.72821,    202.64999
     t,    205.07790,    204.80511,    207.05000
     t,    205.20886,    204.91518,    207.85001
     t,    206.73520,    206.76913,    204.85001
     t,    207.36182,    207.59341,    206.05000
     t,    207.53888,    207.76759,    208.45000
     t,    207.81798,    207.99219,    208.45000
     t,    208.98703,    208.93829,    207.64999
     t,    210.16869,    209.71478,    211.25000
     t,    211.29533,    210.60426,    211.45000
     t,    308.88193,    307.14606,    305.25000
     t,    305.03781,    303.13376,    300.25000
     t,    302.30450,    300.49429,    297.35001
     t,    298.34079,    296.97006,    295.04999
     t,    292.08511,    290.99536,    289.85001
     t,    289.73083,    288.70139,    287.25000
     t,    288.97580,    287.92838,    288.45001
     t,    287.25604,    286.22260,    287.04999
     t,    286.29306,    285.42249,    286.25000
     t,    285.58316,    284.83261,    286.14999
     t,    274.96271,    275.07666,    274.25000
     t,    273.65054,    273.69064,    273.14999
     t,    269.30563,    268.94675,    267.64999
     t,    269.04813,    268.66968,    267.75000
     t,    268.87558,    268.48404,    267.75000
     t,    268.70236,    268.29767,    267.35001
     t,    267.01184,    266.48996,    265.95001
     t,    266.31650,    265.80737,    266.75000
     t,    263.65240,    263.18442,    264.04999
     t,    259.99960,    259.69559,    259.14999
     t,    257.80328,    257.53958,    258.25000
     t,    257.12988,    256.86432,    257.85001
     t,    251.66335,    251.38319,    251.45000
     t,    243.63487,    243.76019,    246.25000
     t,    242.17065,    242.32721,    244.45000
     t,    233.24834,    233.52078,    235.05000
     t,    232.48227,    232.75189,    234.25000
     t,    222.37714,    222.36824,    222.25000
     t,    218.55574,    218.38605,    217.85001
     t,    213.73383,    213.28793,    213.25000
     t,    213.01479,    212.55078,    214.25000
     t,    210.54678,    210.49350,    210.45000
     t,    205.88565,    206.46829,    202.25000
     t,    204.55624,    205.05032,    198.64999
     t,    203.93469,    204.45474,    198.85001
     t,    203.63141,    204.22488,    200.25000
     t,    203.52852,    204.40024,    201.05000
     t,    204.22020,    204.90805,    207.05000
     t,    207.14912,    206.72258,    205.45000
     t,    207.82135,    207.24423,    210.05000
     t,    208.60587,    208.41121,    207.25000
     t,    209.24088,    209.12492,    208.45000
     t,    294.92944,    293.85428,    292.33539
     t,    279.79712,    279.80408,    280.14023
     t,    227.85480,    228.04291,    228.66879
     q,      0.57188,      0.60131,      0.64801
     q,      0.57069,      0.60010,      0.58490
     q,      0.57635,      0.60994,      0.63274
     q,      0.56785,      0.59755,      0.59347
     q,      0.70958,      0.73397,      0.77280
     q,      0.80763,      0.85498,      0.82605
     q,      0.83715,      0.87405,      0.84621
     q,      0.86894,      0.88976,      0.73433
     q,      0.90686,      0.82224,      0.73801
     q,      0.88441,      0.79993,      0.67659
     q,      0.85051,      0.76854,      0.64598
     q,      0.83770,      0.75592,      0.76475
     q,      0.82111,      0.73956,      0.78300
     q,      0.78634,      0.70964,      0.71347
     q,      0.78483,      0.70846,      0.71228
     q,      0.74796,      0.67942,      0.82607
     q,      0.67259,      0.64682,      0.96484
     q,      0.65357,      0.63751,      1.02644
     q,      0.59106,      0.59544,      0.86544
     q,      0.55443,      0.56945,      0.87453
     q,      0.54202,      0.56160,      0.74737
     q,      0.53019,      0.55284,      0.77423
     q,      0.52506,      0.54851,      0.62718
     q,      0.51456,      0.53963,      0.83951
     q,      0.51188,      0.53736,      0.82490
     q,      0.50918,      0.53508,      0.84776
     q,      0.50372,      0.53046,      0.75923
     q,      0.48390,      0.51370,      0.80423
     q,      0.44154,      0.47863,      0.63165
     q,      0.42135,      0.46153,      0.72178
     q,      0.40727,      0.44994,      0.64151
     q,      0.39933,      0.44449,      0.68760
     q,      0.37658,      0.42592,      0.58965
     q,      0.36790,      0.41956,      0.58563
     q,      0.35707,      0.41072,      0.58187
     q,      0.34322,      0.39941,      0.72334
     q,      0.33271,      0.39786,      0.78680
     q,      0.33563,      0.40272,      0.79421
     q,      0.33974,      0.40955,      0.92542
     q,      0.34890,      0.42352,      0.93877
     q,      0.37614,      0.46291,      0.89040
     q,      0.47754,      0.56580,      0.97931
     q,      0.62713,      0.70896,      0.85490
     q,      0.66012,      0.74034,      0.80075
     q,      0.78995,      0.84817,      0.69204
     q,      0.78722,      0.84590,      0.79582
     q,      0.78355,      0.84402,      0.73155
     q,      0.77715,      0.83866,      0.70245
     q,      0.76470,      0.82926,      0.50122
     q,      0.74600,      0.81459,      0.35048
     q,      0.73838,      0.81161,      0.17063
     q,      0.69669,      0.78611,      0.10171
     q,      0.57674,      0.60817,      0.09687
     q,      0.52958,      0.53999,      0.53160
     q,      0.61314,      0.62825,      0.59421
     q,      0.68143,      0.68321,      0.65314
     q,      0.78068,      0.75284,      0.71047
     q,      0.88708,      0.85159,      0.86049
     q,      0.83479,      0.82018,      0.79272
     q,      0.80921,      0.80819,      0.62081
     q,      0.75311,      0.77888,      0.51628
     q,      0.74767,      0.76362,      0.51565
     q,      0.74336,      0.75153,      0.46538
     q,      0.62837,      0.62695,      0.79231
     q,      0.58687,      0.60659,      0.61136
     q,      0.41929,      0.50415,      0.65782
     q,      0.40913,      0.49663,      0.31626
     q,      0.40217,      0.49149,      0.34890
     q,      0.39508,      0.48625,      0.37165
     q,      0.32131,      0.42963,      0.34274
     q,      0.30183,      0.40792,      0.10888
     q,      0.21193,      0.30586,      0.24015
     q,      0.17989,      0.22165,      0.13720
     q,      0.23787,      0.26792,      0.05848
     q,      0.28077,      0.31159,      0.10145
     q,      0.46239,      0.48894,      0.03546
     q,      0.85898,      0.81438,      0.79350
     q,      0.71189,      0.67687,      0.61959
     t,    297.93298,    299.28406,    297.04999
     t,    297.93301,    299.28409,    296.35001
     t,    297.00864,    298.33533,    294.25000
     t,    295.45126,    296.79251,    293.25000
     t,    294.24454,    295.42044,    292.64999
     t,    294.06433,    295.21396,    292.35001
     t,    294.04391,    294.94077,    293.04999
     t,    294.15039,    293.78262,    292.25000
     t,    293.73175,    292.70737,    291.35001
     t,    292.52194,    291.24802,    289.85001
     t,    292.28354,    290.97754,    289.14999
     t,    291.95035,    290.63287,    287.95001
     t,    291.61459,    290.28561,    287.14999
     t,    289.68210,    288.27676,    287.35001
     t,    284.75906,    283.49268,    282.54999
     t,    284.60632,    283.36404,    282.25000
     t,    283.52277,    282.44659,    281.75000
     t,    283.05228,    282.05057,    281.45001
     t,    282.65698,    281.71777,    281.54999
     t,    280.10104,    279.69919,    279.85001
     t,    277.93973,    278.02634,    278.95001
     t,    275.65527,    275.99939,    276.04999
     t,    275.15179,    275.55252,    275.95001
     t,    272.86041,    273.42188,    272.85001
     t,    271.91113,    272.50684,    272.45001
     t,    271.12003,    271.74423,    271.75000
     t,    270.49548,    271.14218,    271.25000
     t,    267.93173,    268.51028,    268.75000
     t,    267.63800,    268.20795,    268.35001
     t,    264.91833,    265.31149,    265.14999
     t,    263.68475,    263.96478,    263.85001
     t,    259.83667,    259.79419,    260.14999
     t,    256.56512,    256.29715,    256.04999
     t,    256.15524,    255.86571,    255.64999
     t,    254.62955,    254.25984,    254.55000
     t,    254.06259,    253.66293,    253.95000
     t,    253.05609,    252.60329,    252.95000
     t,    252.31297,    251.84140,    252.14999
     t,    250.47630,    249.96124,    250.35001
     t,    249.69293,    249.15933,    249.55000
     t,    248.25763,    247.69098,    248.55000
     t,    246.11098,    245.53262,    246.05000
     t,    244.73660,    244.15494,    245.45000
     t,    240.18471,    239.58134,    240.85001
     t,    238.33995,    237.73633,    238.64999
     t,    235.69594,    235.10579,    235.25000
     t,    234.40742,    233.82570,    234.85001
     t,    231.23735,    230.98003,    232.05000
     t,    222.57419,    222.94136,    223.45000
     t,    222.17294,    222.54230,    223.25000
     t,    220.68643,    221.00905,    222.85001
     t,    214.15665,    214.26508,    213.25000
     t,    212.60933,    212.64081,    211.25000
     t,    212.12703,    212.13214,    210.25000
     t,    211.38506,    211.39221,    208.25000
     t,    210.25540,    210.39024,    206.25000
     t,    209.99281,    210.15640,    207.25000
     t,    209.26048,    209.54019,    207.25000
     t,    207.98917,    208.29408,    204.85001
     t,    207.23813,    207.10168,    204.85001
     t,    207.02440,    206.80948,    207.05000
     t,    206.90997,    206.63431,    206.05000
     t,    207.02968,    206.73427,    208.25000
     t,    207.64578,    207.21143,    207.45000
     t,    207.89598,    207.39171,    209.05000
     t,    208.83527,    208.07169,    207.25000
     t,    210.64883,    210.15645,    207.85001
     t,    210.81114,    210.52336,    210.85001
     t,    210.82286,    210.54984,    210.85001
     t,    211.10919,    211.19716,    212.45000
     t,    211.91821,    212.55829,    209.85001
     t,    212.68263,    213.14743,    211.85001
     t,    212.91925,    213.25027,    213.64999
     t,    226.61285,    226.89771,    227.51543
     t,    295.40283,    298.04138,    295.75000
     t,    295.40283,    298.04138,    295.14999
     t,    292.02472,    294.69113,    291.04999
     t,    291.33167,    293.83578,    290.25000
     t,    289.05209,    289.31506,    287.25000
     t,    288.86212,    288.96915,    287.85001
     t,    288.45908,    287.73273,    287.45001
     t,    288.29318,    287.00339,    285.95001
     t,    287.55478,    287.07230,    283.95001
     t,    287.25894,    286.85690,    284.54999
     t,    285.40933,    284.65717,    282.45001
     t,    284.04468,    283.14691,    282.35001
     t,    283.85281,    282.95126,    282.04999
     t,    283.46661,    282.55750,    281.75000
     t,    283.20731,    282.29309,    281.25000
     t,    282.48633,    281.55798,    282.14999
     t,    281.61908,    280.67374,    281.04999
     t,    281.28159,    280.34018,    280.64999
     t,    280.94553,    280.07730,    280.45001
     t,    280.53882,    279.75916,    279.85001
     t,    278.65457,    278.28180,    277.04999
     t,    278.44064,    278.11371,    276.85001
     t,    277.54816,    277.35483,    276.75000
     t,    276.58084,    276.42841,    276.04999
     t,    274.16043,    274.11026,    273.25000
     t,    272.69742,    272.58176,    271.75000
     t,    268.32364,    268.04462,    267.54999
     t,    267.21179,    266.91403,    266.85001
     t,    266.64642,    266.33917,    266.85001
     t,    266.18997,    265.87509,    266.64999
     t,    265.04474,    264.72781,    265.25000
     t,    263.82642,    263.60327,    263.64999
     t,    260.22095,    260.24182,    259.25000
     t,    259.23416,    259.28375,    258.35001
     t,    257.97153,    258.05853,    256.64999
     t,    257.71542,    257.81000,    256.64999
     t,    257.06973,    257.18347,    256.54999
     t,    256.80930,    256.93073,    256.54999
     t,    255.13843,    255.23741,    255.14999
     t,    254.85031,    254.94170,    254.95000
     t,    253.83321,    253.89851,    253.95000
     t,    250.98207,    250.98013,    250.55000
     t,    248.81042,    248.77904,    248.35001
     t,    247.69395,    247.64760,    247.14999
     t,    243.62488,    243.54353,    244.14999
     t,    238.61981,    238.46524,    239.55000
     t,    238.42128,    238.26387,    239.35001
     t,    230.85986,    230.50914,    231.64999
     t,    228.10808,    227.76456,    228.64999
     t,    225.28740,    224.96860,    225.05000
     t,    222.21538,    222.01456,    220.25000
     t,    222.00513,    221.83789,    220.85001
     t,    220.68095,    220.72147,    219.45000
     t,    220.34000,    220.43518,    219.64999
     t,    219.42441,    219.63419,    220.25000
     t,    218.38632,    218.71608,    219.85001
     t,    216.67749,    217.06664,    216.64999
     t,    215.53535,    215.94394,    215.64999
     t,    215.12650,    215.53812,    214.45000
     t,    214.57056,    214.98630,    214.64999
     t,    211.97311,    212.44237,    210.05000
     t,    211.71613,    212.17798,    210.25000
     t,    210.64609,    211.07196,    208.85001
     t,    210.50792,    210.92973,    209.25000
     t,    209.51312,    209.33507,    206.64999
     t,    209.37778,    209.10750,    207.45000
     t,    209.27481,    208.97667,    206.85001
     t,    209.29196,    209.28011,    211.64999
     t,    209.55504,    209.63660,    211.64999
     t,    210.12331,    210.08942,    208.64999
     t,    210.40973,    210.34772,    209.45000
     t,    210.93338,    210.90825,    207.45000
     t,    211.53812,    211.54448,    209.25000
     t,    211.59566,    211.60222,    209.05000
     t,    211.84787,    211.85535,    211.45000
     t,    213.54449,    213.21170,    211.64999
     t,    293.65500,    296.46149,    293.05728
     q,      0.79955,      0.83575,      0.87190
     q,      0.79955,      0.83575,      0.78115
     q,      0.83102,      0.86784,      0.78539
     q,      0.89328,      0.93243,      0.84729
     q,      0.93652,      0.95619,      0.87851
     q,      0.94235,      0.95689,      0.87713
     q,      0.94768,      0.94037,      0.89758
     q,      0.92107,      0.89394,      0.83338
     q,      0.91924,      0.89334,      0.81174
     q,      0.92203,      0.91088,      0.80052
     q,      0.92212,      0.91288,      0.77020
     q,      0.91934,      0.91155,      0.64237
     q,      0.91648,      0.91017,      0.64155
     q,      0.88804,      0.88481,      0.78156
     q,      0.72119,      0.79497,      0.70827
     q,      0.71857,      0.79217,      0.70488
     q,      0.70027,      0.77258,      0.75840
     q,      0.69121,      0.76285,      0.74885
     q,      0.68330,      0.75436,      0.67575
     q,      0.66003,      0.72190,      0.72415
     q,      0.64948,      0.69849,      0.69317
     q,      0.63935,      0.65976,      0.76043
     q,      0.63682,      0.65001,      0.67813
     q,      0.61512,      0.56783,      0.72558
     q,      0.60047,      0.51549,      0.76332
     q,      0.58716,      0.46795,      0.52548
     q,      0.57586,      0.42759,      0.45307
     q,      0.53717,      0.32533,      0.34577
     q,      0.53202,      0.31205,      0.34158
     q,      0.50307,      0.25727,      0.37677
     q,      0.49776,      0.26146,      0.26022
     q,      0.48444,      0.31019,      0.25166
     q,      0.47680,      0.37999,      0.51277
     q,      0.47559,      0.38630,      0.51049
     q,      0.46985,      0.41176,      0.33096
     q,      0.46767,      0.42302,      0.39734
     q,      0.46334,      0.44541,      0.32655
     q,      0.45856,      0.44614,      0.19372
     q,      0.44447,      0.44599,      0.22998
     q,      0.43731,      0.44591,      0.34104
     q,      0.42286,      0.44492,      0.23455
     q,      0.40559,      0.42670,      0.17551
     q,      0.76942,      0.80644,      0.80602
     q,      0.76942,      0.80644,      0.73897
     q,      0.86375,      0.83710,      0.84250
     q,      0.88618,      0.84201,      0.87434
     q,      0.97369,      0.95528,      0.84854
     q,      0.97903,      0.96840,      0.85896
     q,      0.94539,      0.94602,      0.82687
     q,      0.91238,      0.91523,      0.70330
     q,      0.73842,      0.78095,      0.60014
     q,      0.70849,      0.75384,      0.68104
     q,      0.66573,      0.71585,      0.67535
     q,      0.61715,      0.67105,      0.65406
     q,      0.60785,      0.66231,      0.62477
     q,      0.58874,      0.64437,      0.54534
     q,      0.57561,      0.63204,      0.40590
     q,      0.53777,      0.59651,      0.21298
     q,      0.48947,      0.55115,      0.19047
     q,      0.46989,      0.53226,      0.40354
     q,      0.45062,      0.51020,      0.32642
     q,      0.42666,      0.48276,      0.46176
     q,      0.30562,      0.34486,      0.48749
     q,      0.29075,      0.32791,      0.36266
     q,      0.24435,      0.27106,      0.13222
     q,      0.21739,      0.23174,      0.04332
     q,      0.13825,      0.11629,      0.13318
     q,      0.14089,      0.12525,      0.06072
     q,      0.17597,      0.18336,      0.07450
     q,      0.19675,      0.20805,      0.05624
     q,      0.20848,      0.22207,      0.20394
     q,      0.21857,      0.23413,      0.22756
     q,      0.24314,      0.26063,      0.21984
     q,      0.25179,      0.25054,      0.35780
     q,      0.29357,      0.23567,      0.35209
     q,      0.31795,      0.26118,      0.24303
     q,      0.35451,      0.29851,      0.36433
     q,      0.36269,      0.30686,      0.44727
     q,      0.38462,      0.32926,      0.22273
     q,      0.39404,      0.33888,      0.27689
     q,      0.45200,      0.40726,      0.33554
     q,      0.46300,      0.42058,      0.33688
     q,      0.50398,      0.47114,      0.30268
     q,      0.63160,      0.62524,      0.41380
     q,      0.68008,      0.67752,      0.59150
     q,      0.71049,      0.71090,      0.53090
     q,      0.73969,      0.73849,      0.70717
     q,      0.72464,      0.71118,      0.63291
     q,      0.81133,      0.81702,      0.79142
     t,    215.32022,    214.86452,    213.64999
     t,    215.01031,    214.56503,    216.25000
     t,    214.93466,    214.62506,    211.85001
     t,    215.15680,    214.93562,    213.64999
     t,    215.35497,    215.20876,    213.64999
     t,    215.45695,    215.35150,    215.85001
     t,    217.22437,    217.43504,    215.64999
     t,    217.81766,    217.99625,    219.05000
     t,    301.76437,    301.73865,    302.25000
     t,    301.55685,    301.52396,    300.04999
     t,    300.79877,    300.76993,    299.14999
     t,    298.51840,    298.49664,    296.85001
     t,    291.46390,    291.73132,    289.85001
     t,    289.92480,    290.53131,    287.25000
     t,    289.85315,    290.47662,    287.35001
     t,    289.75714,    290.40335,    289.14999
     t,    289.66071,    290.32977,    289.64999
     t,    289.20520,    289.44174,    289.75000
     t,    288.93680,    288.84326,    289.64999
     t,    288.52847,    288.35852,    289.04999
     t,    288.00424,    287.75592,    288.45001
     t,    287.66730,    287.36841,    287.85001
     t,    287.11981,    286.79544,    287.04999
     t,    284.06158,    283.71735,    284.14999
     t,    283.41846,    283.07202,    283.35001
     t,    276.43542,    276.12460,    275.95001
     t,    273.57108,    273.33978,    273.85001
     t,    271.00415,    270.93393,    271.04999
     t,    269.02911,    269.08322,    269.35001
     t,    268.28070,    268.38123,    268.85001
     t,    264.19135,    264.46219,    264.25000
     t,    263.54443,    263.80386,    263.45001
     t,    263.35764,    263.61346,    263.25000
     t,    262.31671,    262.55249,    262.75000
     t,    259.67224,    259.78867,    259.54999
     t,    259.06540,    259.14688,    260.04999
     t,    258.03522,    258.05710,    259.04999
     t,    256.89487,    256.89398,    257.95001
     t,    254.44272,    254.42921,    255.55000
     t,    254.06474,    254.04938,    255.14999
     t,    252.60184,    252.58553,    253.55000
     t,    251.19138,    251.17966,    251.85001
     t,    249.15401,    249.15031,    249.64999
     t,    247.94643,    247.93814,    248.35001
     t,    243.47986,    243.42976,    243.64999
     t,    240.63350,    240.54123,    240.25000
     t,    238.36998,    238.24615,    237.64999
     t,    236.78246,    236.63902,    236.85001
     t,    236.60242,    236.45769,    236.64999
     t,    230.99939,    230.82500,    231.05000
     t,    228.40837,    228.25772,    228.05000
     t,    226.96147,    226.84937,    226.85001
     t,    223.74564,    223.67131,    224.25000
     t,    217.84190,    217.44521,    216.45000
     t,    217.25488,    216.80965,    215.85001
     t,    216.60321,    216.13828,    214.05000
     t,    216.38222,    215.94319,    215.05000
     t,    216.06296,    215.66327,    213.64999
     t,    215.95494,    215.66959,    215.05000
     t,    215.96527,    215.71172,    216.45000
     t,    215.99306,    215.84109,    217.64999
     t,    215.96744,    215.91843,    217.85001
     t,    215.91270,    215.92645,    216.64999
     t,    215.88361,    215.92979,    215.64999
     t,    215.80916,    215.88049,    216.05000
     t,    215.64362,    215.72719,    214.64999
     t,    215.47043,    215.56580,    214.45000
     t,    215.33109,    215.45306,    215.25000
     t,    215.11127,    215.27423,    213.85001
     t,    214.99805,    215.18204,    215.05000
     t,    214.80328,    214.99519,    213.45000
     t,    214.60358,    214.80348,    213.25000
     t,    214.16959,    214.37849,    211.85001
     t,    213.99371,    214.22462,    213.25000
     t,    213.91312,    214.27412,    210.85001
     t,    213.70772,    214.46091,    212.25000
     t,    213.62346,    214.56360,    214.85001
     t,    213.94664,    214.91840,    213.64999
     t,    214.00830,    214.95927,    213.64999
     t,    214.40849,    215.23285,    215.05000
     t,    216.97046,    216.86047,    214.25000
     t,    217.66069,    217.39827,    215.45000
     q,      0.41466,      0.41085,      0.45313
     q,      0.41728,      0.41335,      0.40463
     q,      0.42772,      0.42364,      0.40086
     q,      0.47305,      0.46824,      0.42370
     q,      0.63815,      0.62029,      0.60954
     q,      0.51735,      0.52520,      0.62325
     q,      0.49219,      0.50689,      0.61113
     q,      0.45872,      0.48254,      0.52203
     q,      0.42534,      0.45825,      0.44151
     q,      0.33650,      0.37731,      0.15397
     q,      0.28489,      0.32828,      0.27998
     q,      0.28424,      0.30903,      0.39146
     q,      0.28757,      0.28691,      0.29269
     q,      0.28956,      0.27143,      0.37925
     q,      0.30440,      0.27437,      0.32430
     q,      0.43058,      0.36041,      0.40121
     q,      0.45357,      0.38309,      0.42439
     q,      0.67738,      0.60922,      0.67126
     q,      0.70753,      0.64125,      0.65158
     q,      0.68068,      0.59175,      0.63041
     q,      0.65032,      0.54588,      0.64287
     q,      0.62897,      0.53067,      0.72127
     q,      0.49970,      0.44161,      0.60968
     q,      0.48584,      0.43413,      0.66743
     q,      0.48182,      0.43215,      0.67125
     q,      0.45783,      0.42032,      0.62650
     q,      0.42495,      0.40184,      0.63922
     q,      0.42081,      0.39910,      0.54512
     q,      0.41255,      0.39315,      0.45483
     q,      0.40753,      0.39120,      0.25891
     q,      0.40361,      0.39851,      0.30500
     q,      0.40295,      0.40000,      0.22557
     q,      0.40193,      0.40608,      0.19619
     q,      0.40265,      0.41251,      0.12166
     q,      0.40403,      0.42501,      0.16039
     q,      0.40442,      0.43117,      0.26036
     q,      0.40256,      0.45169,      0.26854
     q,      0.39746,      0.45428,      0.37149
     q,      0.39271,      0.45570,      0.39225
     q,      0.39141,      0.45073,      0.26581
     q,      0.39140,      0.45152,      0.26435
     t,    306.99466,    306.96939,    308.54999
     t,    306.03378,    306.00308,    306.14999
     t,    305.58337,    305.55255,    305.75000
     t,    299.59689,    299.61380,    299.54999
     t,    298.53284,    298.60410,    298.14999
     t,    298.07724,    298.17584,    297.85001
     t,    295.87534,    296.01627,    295.04999
     t,    295.28375,    295.40894,    294.35001
     t,    294.22458,    294.24219,    293.04999
     t,    293.59808,    293.57294,    292.85001
     t,    291.81094,    291.79666,    291.75000
     t,    290.76297,    290.74973,    290.45001
     t,    289.95593,    289.94409,    289.45001
     t,    288.92648,    288.91473,    288.45001
     t,    287.70291,    287.68900,    287.75000
     t,    286.74777,    286.73212,    286.75000
     t,    285.85046,    285.83319,    285.85001
     t,    283.74164,    283.72064,    283.75000
     t,    283.06085,    283.03812,    283.25000
     t,    280.78421,    280.75586,    280.35001
     t,    277.90610,    277.86609,    277.45001
     t,    277.46997,    277.42813,    276.95001
     t,    276.85324,    276.80887,    276.45001
     t,    276.43253,    276.38928,    276.04999
     t,    275.09662,    275.06967,    275.14999
     t,    274.37515,    274.35886,    274.64999
     t,    273.96918,    273.95834,    274.35001
     t,    273.06302,    273.06433,    273.75000
     t,    271.90271,    271.93176,    272.54999
     t,    268.68393,    268.78610,    268.45001
     t,    265.33643,    265.44736,    265.04999
     t,    263.12732,    263.22214,    263.35001
     t,    260.49289,    260.55844,    260.35001
     t,    259.02527,    259.03940,    258.85001
     t,    257.51074,    257.47174,    257.45001
     t,    252.77641,    252.65288,    252.85001
     t,    250.95345,    250.82851,    250.64999
     t,    250.14073,    250.02170,    249.85001
     t,    241.70943,    241.66002,    241.25000
     t,    234.99988,    234.97156,    234.45000
     t,    231.27095,    231.22137,    231.05000
     t,    221.85873,    221.59344,    221.25000
     t,    220.75240,    220.48743,    220.45000
     t,    220.13118,    219.88626,    219.85001
     t,    219.92064,    219.68285,    219.85001
     t,    219.06776,    218.85881,    218.85001
     t,    216.86435,    216.72050,    216.25000
     t,    211.67746,    211.43918,    210.05000
     t,    209.76941,    209.63301,    209.05000
     t,    208.84131,    208.78993,    208.05000
     t,    207.61407,    207.94495,    207.25000
     t,    205.83434,    206.47682,    204.05000
     t,    205.45776,    206.01961,    204.45000
     t,    204.29793,    204.59062,    202.64999
     t,    204.04443,    204.26457,    203.45000
     t,    203.25645,    203.25278,    203.05000
     t,    202.55260,    202.52448,    199.85001
     t,    202.09239,    202.11267,    199.45000
     t,    202.18004,    202.21605,    200.85001
     t,    202.45190,    202.50986,    205.25000
     t,    202.77847,    202.85616,    204.05000
     t,    203.28709,    203.29362,    205.25000
     t,    204.78314,    204.60945,    204.05000
     t,    205.79106,    205.64961,    206.25000
     t,    207.43001,    207.20439,    208.85001
     t,    209.02319,    208.70558,    207.64999
     t,    209.39957,    209.11171,    209.45000
     t,    210.40382,    210.19847,    209.85001
     t,    210.44363,    210.24141,    211.85001
     t,    304.08969,    304.05875,    304.31436
     t,    302.52661,    302.49521,    302.79196
     t,    310.56659,    310.18021,    309.95001
     t,    310.56656,    310.18018,    309.25000
     t,    309.80515,    309.37823,    308.04999
     t,    303.74091,    303.30673,    301.85001
     t,    298.85025,    298.42062,    297.14999
     t,    296.51785,    296.22620,    294.95001
     t,    292.33148,    292.43384,    291.04999
     t,    291.83536,    291.92139,    290.75000
     t,    291.33813,    291.39804,    291.75000
     t,    290.42371,    290.47046,    291.14999
     t,    287.89761,    287.93393,    288.85001
     t,    284.92416,    285.18762,    285.45001
     t,    284.77606,    285.05133,    285.25000
     t,    283.32700,    283.69849,    283.85001
     t,    282.62027,    283.00952,    283.45001
     t,    278.36176,    278.51520,    278.54999
     t,    277.43884,    277.45029,    276.95001
     t,    277.15076,    277.11786,    276.75000
     t,    276.67508,    276.60910,    276.95001
     t,    275.75476,    275.65775,    275.54999
     t,    275.24884,    275.13168,    274.75000
     t,    274.99191,    274.86621,    274.45001
     t,    274.64719,    274.51004,    274.25000
     t,    274.29999,    274.15131,    273.85001
     t,    273.77444,    273.60831,    273.25000
     t,    273.15308,    272.96698,    272.25000
     t,    271.92929,    271.74368,    271.04999
     t,    271.35577,    271.16946,    270.75000
     t,    270.77383,    270.58801,    270.75000
     t,    269.48938,    269.30469,    269.85001
     t,    269.28879,    269.10428,    269.54999
     t,    268.22162,    268.04675,    268.75000
     t,    266.13654,    265.98312,    267.14999
     t,    260.26456,    260.13855,    259.75000
     t,    259.37155,    259.23688,    258.54999
     t,    258.46323,    258.31967,    257.54999
     t,    258.06912,    257.92172,    256.95001
     t,    256.86871,    256.70963,    255.55000
     t,    255.67331,    255.52835,    255.05000
     t,    250.84917,    250.84901,    251.25000
     t,    242.39204,    242.66002,    242.64999
     t,    238.38329,    238.76796,    238.25000
     t,    232.87964,    233.19080,    233.45000
     t,    232.29355,    232.58438,    232.85001
     t,    229.45003,    229.38997,    229.45000
     t,    228.39272,    228.20628,    228.25000
     t,    226.30568,    225.98315,    225.64999
     t,    223.27885,    222.85545,    222.25000
     t,    221.42719,    221.01414,    220.64999
     t,    217.80455,    217.53760,    217.25000
     t,    210.02885,    209.99287,    208.64999
     t,    207.67421,    207.67339,    206.45000
     t,    205.08028,    205.22253,    202.05000
     t,    204.79742,    204.75624,    203.25000
     t,    204.03036,    203.55914,    200.85001
     t,    203.97304,    203.49249,    201.05000
     t,    203.91522,    203.42528,    202.05000
     t,    203.67889,    203.15053,    201.05000
     t,    203.32990,    202.78900,    201.64999
     t,    203.21005,    202.68806,    203.45000
     t,    203.08665,    202.58417,    202.25000
     t,    203.06499,    202.72591,    200.64999
     t,    203.26416,    203.38919,    204.05000
     t,    203.92914,    204.53572,    203.25000
     t,    204.35585,    205.01282,    204.45000
     t,    204.68442,    205.37854,    207.25000
     t,    205.94601,    206.59767,    206.85001
     t,    208.82262,    208.98210,    206.64999
     t,    209.48114,    209.51981,    208.05000
     t,    211.16936,    211.16843,    208.85001
     t,    308.78870,    308.35483,    307.01056
     t,    307.53461,    307.09726,    305.73318
     t,    305.95142,    305.51639,    304.12183
     t,    308.19141,    308.18277,    310.35001
     t,    308.19141,    308.18277,    309.45001
     t,    307.77768,    307.77643,    308.25000
     t,    301.95505,    301.96027,    302.04999
     t,    296.16055,    296.20206,    295.95001
     t,    295.18573,    295.22726,    295.45001
     t,    295.09647,    295.13800,    295.25000
     t,    292.67758,    292.70425,    292.85001
     t,    292.20724,    292.23026,    292.25000
     t,    290.02643,    290.08102,    289.54999
     t,    289.42557,    289.46979,    288.95001
     t,    288.76587,    288.78992,    288.14999
     t,    287.62436,    287.61353,    287.14999
     t,    286.49268,    286.46973,    285.85001
     t,    285.64490,    285.63434,    284.85001
     t,    284.51471,    284.52008,    283.85001
     t,    282.03958,    282.10562,    281.25000
     t,    281.47330,    281.55829,    281.04999
     t,    281.18756,    281.28214,    281.04999
     t,    280.90009,    281.00427,    280.85001
     t,    280.68332,    280.79477,    280.45001
     t,    280.46552,    280.58423,    280.25000
     t,    279.42789,    279.56967,    279.14999
     t,    278.51636,    278.66406,    278.35001
     t,    277.19305,    277.34686,    277.45001
     t,    276.23297,    276.38855,    276.45001
     t,    275.69034,    275.84161,    275.85001
     t,    274.06662,    274.19266,    273.75000
     t,    273.43286,    273.54800,    272.95001
     t,    272.54642,    272.64828,    271.95001
     t,    272.25369,    272.35040,    271.75000
     t,    271.88965,    271.98013,    271.64999
     t,    271.37418,    271.45584,    271.35001
     t,    270.32651,    270.39059,    270.54999
     t,    269.55807,    269.60934,    269.54999
     t,    265.67804,    265.74194,    265.95001
     t,    265.12848,    265.19391,    265.54999
     t,    263.97311,    264.04004,    263.95001
     t,    262.79150,    262.86020,    263.04999
     t,    258.86276,    258.91113,    258.54999
     t,    258.32596,    258.36911,    258.14999
     t,    255.07869,    255.09848,    254.85001
     t,    253.42706,    253.43918,    252.85001
     t,    252.03612,    252.04279,    252.25000
     t,    241.68883,    241.66798,    241.85001
     t,    234.75246,    234.64227,    234.05000
     t,    231.86829,    231.72932,    231.45000
     t,    229.04562,    228.88673,    228.45000
     t,    224.54364,    224.38222,    224.85001
     t,    221.01662,    220.87268,    220.64999
     t,    218.52673,    218.39490,    217.64999
     t,    212.82220,    212.74895,    211.25000
     t,    209.65544,    209.64781,    208.85001
     t,    208.46434,    208.48590,    209.05000
     t,    207.24188,    207.29343,    207.45000
     t,    206.75174,    206.86102,    206.05000
     t,    206.12265,    206.33568,    206.05000
     t,    205.28323,    205.54588,    203.25000
     t,    204.78256,    204.97176,    203.64999
     t,    204.47360,    204.61960,    202.25000
     t,    203.27824,    203.12082,    200.64999
     t,    202.98750,    202.74841,    202.25000
     t,    202.74152,    202.44821,    202.25000
     t,    202.42049,    202.05647,    200.85001
     t,    203.13843,    202.88974,    202.05000
     t,    203.69768,    203.54688,    205.05000
     t,    204.74635,    204.83006,    202.45000
     t,    205.56340,    205.72054,    207.45000
     t,    206.15353,    206.34305,    205.64999
     t,    206.49742,    206.68332,    206.25000
     t,    207.58612,    207.75562,    207.85001
     t,    208.30304,    208.44380,    207.05000
     t,    208.83057,    208.94922,    208.85001
     t,    210.35008,    210.40506,    207.64999
     t,    211.23578,    211.25813,    212.05000
     t,    305.86047,    305.85544,    306.11258
     t,    304.30795,    304.30399,    304.50119
     t,    306.87421,    306.88458,    306.95001
     t,    303.23175,    303.22925,    304.04999
     t,    303.23175,    303.22925,    303.75000
     t,    303.15219,    303.16473,    303.95001
     t,    303.15219,    303.16473,    303.75000
     t,    303.22040,    303.23090,    303.95001
     t,    303.22040,    303.23087,    303.54999
     t,    303.44427,    303.44315,    303.85001
     t,    303.44427,    303.44315,    303.25000
     t,    303.35376,    303.36603,    303.45001
     t,    303.35373,    303.36603,    303.35001
     t,    303.42740,    303.43686,    303.64999
     t,    303.42737,    303.43683,    303.54999
     t,    303.18631,    303.17200,    303.54999
     t,    303.18631,    303.17200,    303.75000
     t,    303.96149,    303.96115,    303.45001
     t,    303.96149,    303.96112,    302.95001
     t,    304.96033,    304.94199,    303.75000
     t,    304.96030,    304.94199,    304.54999
     t,    304.71216,    304.62946,    303.85001
     t,    304.71216,    304.62946,    303.35001
     t,    303.55200,    303.47964,    305.14999
     t,    303.55200,    303.47964,    304.25000
     t,    306.87421,    306.88458,    307.45001
     t,    303.23178,    303.22925,    304.35001
     t,    303.23178,    303.22928,    303.45001
     t,    303.23178,    303.22928,    302.95001
     t,    303.15219,    303.16473,    303.85001
     t,    303.15219,    303.16473,    303.64999
     t,    303.15219,    303.16473,    303.75000
     t,    303.22040,    303.23090,    304.35001
     t,    303.22040,    303.23087,    302.64999
     t,    303.22040,    303.23087,    302.54999
     t,    303.44424,    303.44315,    304.64999
     t,    303.44427,    303.44315,    302.75000
     t,    303.44424,    303.44315,    302.14999
     t,    303.35373,    303.36600,    303.64999
     t,    303.35373,    303.36600,    303.14999
     t,    303.35373,    303.36600,    303.04999
     t,    303.42740,    303.43686,    304.25000
     t,    303.42740,    303.43686,    303.25000
     t,    303.42740,    303.43686,    303.14999
     t,    303.18631,    303.17200,    303.64999
     t,    303.18631,    303.17200,    303.75000
     t,    303.18634,    303.17200,    303.45001
     t,    303.96149,    303.96112,    305.95001
     t,    303.96149,    303.96112,    302.35001
     t,    303.96149,    303.96112,    301.75000
     t,    304.96033,    304.94202,    303.35001
     t,    304.96030,    304.94199,    304.54999
     t,    304.96030,    304.94199,    304.04999
     t,    304.71216,    304.62946,    303.75000
     t,    304.71216,    304.62946,    302.95001
     t,    304.71213,    304.62946,    302.14999
     t,    303.55200,    303.47964,    305.75000
     t,    303.55200,    303.47964,    303.85001
     t,    303.55200,    303.47964,    303.25000
     t,    306.87418,    306.88455,    307.04999
     t,    303.23175,    303.22925,    304.25000
     t,    303.23175,    303.22925,    304.14999
     t,    303.15219,    303.16473,    304.14999
     t,    303.15219,    303.16473,    303.85001
     t,    303.22040,    303.23087,    304.25000
     t,    303.22040,    303.23087,    304.14999
     t,    303.44427,    303.44315,    303.85001
     t,    303.44424,    303.44315,    304.04999
     t,    303.35373,    303.36600,    303.54999
     t,    303.35373,    303.36600,    303.64999
     t,    303.42740,    303.43686,    304.14999
     t,    303.42737,    303.43683,    304.04999
     t,    303.18631,    303.17200,    303.64999
     t,    303.18631,    303.17200,    303.75000
     t,    303.96149,    303.96112,    305.85001
     t,    303.96149,    303.96112,    304.75000
     t,    304.96033,    304.94199,    303.25000
     t,    304.96033,    304.94199,    303.25000
     t,    304.71216,    304.62946,    304.25000
     t,    304.71213,    304.62946,    304.14999
     t,    303.55200,    303.47964,    305.75000
     t,    303.55200,    303.47964,    305.25000
     q,      0.70206,      0.70920,      0.68526
     q,      0.72135,      0.72893,      0.67410
     q,      0.73420,      0.74192,      0.67473
     q,      0.80426,      0.79338,      0.84529
     q,      0.70865,      0.68601,      0.86918
     q,      0.67817,      0.64853,      0.79190
     q,      0.52553,      0.49836,      0.70242
     q,      0.48225,      0.46448,      0.62495
     q,      0.42785,      0.42350,      0.53953
     q,      0.40180,      0.40268,      0.35339
     q,      0.38076,      0.37692,      0.36498
     q,      0.38273,      0.37939,      0.33180
     q,      0.38492,      0.38173,      0.48442
     q,      0.39063,      0.38798,      0.26058
     q,      0.40805,      0.40649,      0.35733
     q,      0.42305,      0.42240,      0.46620
     q,      0.43841,      0.43871,      0.43434
     q,      0.47331,      0.47476,      0.43002
     q,      0.48473,      0.48639,      0.56865
     q,      0.52932,      0.53177,      0.62827
     q,      0.44779,      0.44971,      0.49632
     q,      0.43298,      0.43481,      0.42449
     q,      0.41096,      0.41266,      0.19262
     q,      0.39594,      0.39752,      0.22698
     q,      0.34879,      0.34969,      0.13729
     q,      0.32091,      0.32120,      0.27329
     q,      0.30451,      0.30454,      0.15090
     q,      0.26557,      0.26494,      0.15229
     q,      0.25056,      0.24899,      0.27169
     q,      0.21487,      0.21041,      0.24315
     q,      0.19224,      0.18893,      0.27601
     q,      0.17738,      0.17432,      0.12038
     q,      0.15751,      0.15431,      0.16467
     q,      0.14627,      0.14378,      0.07002
     q,      0.13245,      0.13085,      0.06832
     q,      0.12892,      0.12783,      0.03794
     q,      0.14492,      0.14378,      0.07759
     q,      0.15660,      0.15546,      0.16488
     q,      0.29265,      0.29406,      0.17509
     q,      0.78234,      0.79058,      0.71868
     q,      0.83868,      0.84732,      0.76844
     q,      0.41937,      0.43852,      0.49177
     q,      0.41937,      0.43852,      0.47493
     q,      0.42194,      0.44305,      0.46467
     q,      0.53347,      0.56530,      0.57698
     q,      0.66623,      0.70609,      0.70551
     q,      0.73516,      0.73859,      0.74128
     q,      0.77890,      0.77895,      0.77912
     q,      0.77840,      0.78559,      0.77583
     q,      0.77834,      0.79381,      0.62362
     q,      0.77580,      0.78829,      0.55755
     q,      0.76438,      0.74490,      0.48880
     q,      0.62661,      0.57361,      0.56068
     q,      0.61868,      0.56390,      0.55740
     q,      0.53939,      0.47651,      0.48043
     q,      0.48986,      0.43941,      0.36478
     q,      0.24412,      0.29741,      0.13413
     q,      0.20666,      0.29300,      0.28451
     q,      0.19434,      0.29155,      0.12401
     q,      0.18685,      0.28759,      0.27603
     q,      0.18283,      0.27836,      0.41850
     q,      0.17990,      0.27146,      0.44032
     q,      0.17872,      0.26870,      0.54907
     q,      0.17710,      0.26488,      0.37953
     q,      0.17540,      0.26089,      0.44216
     q,      0.17272,      0.25458,      0.34667
     q,      0.16953,      0.24664,      0.30788
     q,      0.17291,      0.22940,      0.15360
     q,      0.17490,      0.22036,      0.07410
     q,      0.17684,      0.21097,      0.09382
     q,      0.18157,      0.18796,      0.16530
     q,      0.18237,      0.18406,      0.13706
     q,      0.17264,      0.16957,      0.06942
     q,      0.14407,      0.13938,      0.07642
     q,      0.11380,      0.13961,      0.09491
     q,      0.11746,      0.14049,      0.20093
     q,      0.12160,      0.14150,      0.11858
     q,      0.12356,      0.14197,      0.17283
     q,      0.13017,      0.14358,      0.20393
     q,      0.12790,      0.13634,      0.06819
     q,      0.09726,      0.08382,      0.04162
     q,      0.11427,      0.09354,      0.05154
     q,      0.43351,      0.45655,      0.48082
     q,      0.45312,      0.47893,      0.50241
     q,      0.48419,      0.51218,      0.53208
     q,      0.53780,      0.53970,      0.49778
     q,      0.53780,      0.53970,      0.47545
     q,      0.49465,      0.49474,      0.45128
     q,      0.59774,      0.59641,      0.55107
     q,      0.74159,      0.73352,      0.68112
     q,      0.76189,      0.75183,      0.62466
     q,      0.76385,      0.75359,      0.61977
     q,      0.78360,      0.77436,      0.61606
     q,      0.78450,      0.77594,      0.50909
     q,      0.71462,      0.71925,      0.65743
     q,      0.69363,      0.70111,      0.57617
     q,      0.67056,      0.68071,      0.60589
     q,      0.62794,      0.64304,      0.53118
     q,      0.58779,      0.60220,      0.63438
     q,      0.56430,      0.57298,      0.62145
     q,      0.53010,      0.53043,      0.58517
     q,      0.44381,      0.43100,      0.40021
     q,      0.42214,      0.40741,      0.19078
     q,      0.41083,      0.39508,      0.17878
     q,      0.39917,      0.38239,      0.28689
     q,      0.39020,      0.37262,      0.28170
     q,      0.38102,      0.36262,      0.44140
     q,      0.34590,      0.32592,      0.40478
     q,      0.33472,      0.31699,      0.40375
     q,      0.31722,      0.30308,      0.22059
     q,      0.30348,      0.29257,      0.23588
     q,      0.29605,      0.28739,      0.37471
     q,      0.27372,      0.27361,      0.20138
     q,      0.26413,      0.26760,      0.29837
     q,      0.24941,      0.25830,      0.24695
     q,      0.24084,      0.24973,      0.26984
     q,      0.22931,      0.23786,      0.17899
     q,      0.21235,      0.22040,      0.25442
     q,      0.17531,      0.18197,      0.09547
     q,      0.14582,      0.15160,      0.11108
     q,      0.15464,      0.15484,      0.14074
     q,      0.15750,      0.15759,      0.07035
     q,      0.16446,      0.16521,      0.19311
     q,      0.17190,      0.17340,      0.05906
     q,      0.18693,      0.18743,      0.19005
     q,      0.18750,      0.18740,      0.12791
     q,      0.18246,      0.17894,      0.02447
     q,      0.17252,      0.16732,      0.08051
     q,      0.16193,      0.15526,      0.10627
     q,      0.18546,      0.19401,      0.09178
     q,      0.50867,      0.50891,      0.47844
     q,      0.54220,      0.54223,      0.50589
     q,      0.72983,      0.72978,      0.74153
     q,      0.72983,      0.72978,      0.72351
     q,      0.72983,      0.72978,      0.71057
     t,    308.40659,    308.01733,    309.04999
     t,    307.98129,    307.50809,    307.25000
     t,    302.82040,    302.25693,    301.95001
     t,    296.40909,    296.04224,    294.85001
     t,    295.42947,    295.19806,    293.54999
     t,    295.28091,    295.04761,    293.45001
     t,    294.98267,    294.74557,    293.75000
     t,    294.60785,    294.36600,    292.95001
     t,    294.30637,    294.06064,    292.75000
     t,    293.85135,    293.59985,    292.85001
     t,    292.80154,    292.61823,    292.45001
     t,    292.14359,    292.06113,    292.04999
     t,    288.78372,    288.98547,    289.35001
     t,    287.81924,    288.06763,    288.54999
     t,    285.31519,    285.49316,    285.45001
     t,    285.08884,    285.26059,    284.95001
     t,    279.64859,    279.48380,    279.75000
     t,    277.22275,    277.03232,    276.25000
     t,    276.40796,    276.20941,    275.64999
     t,    275.83054,    275.61060,    275.35001
     t,    275.58075,    275.34891,    275.25000
     t,    275.16156,    274.90976,    274.64999
     t,    274.90826,    274.64441,    274.64999
     t,    273.44504,    273.11365,    272.54999
     t,    273.00693,    272.65503,    272.85001
     t,    272.74213,    272.37784,    272.95001
     t,    271.20212,    270.78671,    271.04999
     t,    270.55307,    270.11682,    270.54999
     t,    270.36603,    269.92377,    270.35001
     t,    269.98883,    269.53790,    270.04999
     t,    268.93903,    268.45453,    268.85001
     t,    268.84244,    268.35486,    268.85001
     t,    268.45630,    267.96573,    268.14999
     t,    267.51721,    267.12143,    266.75000
     t,    267.23178,    266.86349,    266.64999
     t,    266.64993,    266.33630,    266.54999
     t,    265.57471,    265.36786,    266.14999
     t,    265.27719,    265.09900,    265.95001
     t,    263.94464,    263.85541,    264.14999
     t,    263.41620,    263.35028,    263.64999
     t,    262.34122,    262.32275,    263.04999
     t,    261.90411,    261.90634,    262.35001
     t,    259.55615,    259.58963,    259.64999
     t,    258.16068,    258.17657,    258.04999
     t,    255.92575,    255.89554,    255.75000
     t,    254.84366,    254.76759,    255.64999
     t,    252.89555,    252.73648,    253.45000
     t,    252.46790,    252.29059,    252.95000
     t,    252.18080,    251.99126,    252.75000
     t,    250.10872,    249.83426,    250.55000
     t,    248.72800,    248.39915,    249.05000
     t,    246.62015,    246.29414,    246.64999
     t,    245.23161,    245.00069,    244.85001
     t,    243.62581,    243.50450,    242.85001
     t,    243.07954,    242.99599,    242.45000
     t,    242.89612,    242.82533,    242.45000
     t,    242.52740,    242.48233,    242.14999
     t,    242.16000,    242.14622,    241.55000
     t,    239.32761,    239.55812,    239.25000
     t,    237.16318,    237.55399,    236.64999
     t,    236.57408,    236.97025,    236.05000
     t,    234.56160,    234.97496,    235.05000
     t,    233.31346,    233.74312,    233.64999
     t,    232.67924,    233.11465,    232.64999
     t,    229.83502,    230.17029,    230.05000
     t,    225.44557,    225.61754,    225.64999
     t,    224.00230,    224.11569,    224.25000
     t,    221.76131,    221.81339,    221.64999
     t,    221.50304,    221.55559,    221.64999
     t,    218.87332,    218.91335,    218.45000
     t,    214.70981,    214.66048,    213.85001
     t,    210.78496,    210.67133,    209.45000
     t,    208.04018,    207.93480,    206.45000
     t,    207.00060,    207.08000,    204.85001
     t,    205.56085,    205.92969,    203.05000
     t,    204.65689,    205.10866,    202.85001
     t,    204.19609,    204.50630,    200.85001
     t,    203.87730,    204.08357,    200.25000
     t,    203.79590,    203.91003,    201.05000
     t,    203.67886,    203.50490,    199.64999
     t,    203.58212,    203.16890,    200.05000
     t,    203.53638,    203.04436,    203.05000
     t,    203.47806,    203.16965,    203.25000
     t,    203.36813,    203.41821,    201.64999
     t,    206.03192,    205.58746,    205.85001
     t,    206.50584,    205.97379,    205.05000
     t,    207.52603,    206.91501,    207.05000
     t,    207.85469,    207.45834,    209.25000
     t,    208.05528,    207.78996,    210.25000
     t,    208.93207,    209.23947,    208.25000
     t,    210.59311,    211.45982,    208.25000
     t,    211.00623,    211.84792,    211.05000
     t,    211.92065,    212.55286,    213.05000
     t,    306.34207,    305.79553,    305.47879
     t,    304.81537,    304.25671,    303.94342
     t,    204.16785,    204.82492,    203.87270
     t,    305.23520,    303.99985,    301.45001
     t,    305.23520,    303.96140,    300.95001
     t,    303.50751,    301.94077,    299.25000
     t,    302.44083,    300.62006,    299.25000
     t,    302.01648,    300.18893,    299.25000
     t,    296.82275,    295.44180,    293.95001
     t,    295.99252,    294.66992,    293.14999
     t,    291.34439,    290.66553,    289.75000
     t,    289.31363,    288.77219,    288.95001
     t,    286.04684,    285.52496,    285.85001
     t,    285.02432,    284.62173,    284.85001
     t,    281.28296,    281.31671,    281.54999
     t,    278.66953,    278.74493,    278.45001
     t,    276.83771,    276.93201,    277.25000
     t,    276.08362,    276.26221,    276.14999
     t,    275.19315,    275.45526,    275.04999
     t,    273.74829,    274.14227,    273.85001
     t,    273.43958,    273.86340,    273.85001
     t,    270.45996,    270.78195,    271.04999
     t,    268.75970,    268.90207,    268.95001
     t,    268.33948,    268.43109,    268.45001
     t,    268.25491,    268.33630,    268.25000
     t,    267.82962,    267.85965,    267.85001
     t,    265.71790,    265.50040,    265.54999
     t,    265.41452,    265.16614,    265.35001
     t,    264.91132,    264.60431,    265.14999
     t,    264.70590,    264.37769,    265.14999
     t,    262.80875,    262.29044,    262.54999
     t,    261.55765,    261.02563,    261.25000
     t,    260.78738,    260.25250,    260.54999
     t,    259.75082,    259.20230,    259.54999
     t,    257.42389,    256.83215,    256.95001
     t,    257.21301,    256.60965,    256.75000
     t,    255.81332,    255.11964,    254.35001
     t,    254.82043,    254.06337,    252.75000
     t,    254.59718,    253.81854,    252.45000
     t,    253.85503,    253.11293,    252.25000
     t,    250.74593,    250.19690,    250.05000
     t,    243.78032,    244.02716,    244.35001
     t,    241.62778,    242.11938,    243.55000
     t,    239.38507,    240.13617,    241.75000
     t,    236.52225,    237.31337,    238.55000
     t,    235.02737,    235.83446,    237.14999
     t,    234.27423,    235.12006,    236.14999
     t,    233.70787,    234.59573,    235.85001
     t,    232.36212,    233.35165,    234.05000
     t,    231.17805,    232.25835,    233.05000
     t,    228.79906,    229.86703,    230.05000
     t,    227.38110,    228.34929,    228.85001
     t,    222.16551,    222.56567,    222.64999
     t,    220.59430,    220.78447,    220.64999
     t,    219.66344,    219.72600,    219.45000
     t,    217.24796,    216.97801,    217.25000
     t,    210.44489,    209.64513,    209.45000
     t,    208.56998,    207.76161,    206.25000
     t,    206.41597,    205.71527,    199.64999
     t,    206.04024,    205.35141,    202.45000
     t,    205.71764,    205.20337,    202.85001
     t,    205.46701,    205.10930,    202.05000
     t,    205.28917,    205.15369,    202.85001
     t,    205.34708,    205.49858,    201.85001
     t,    205.40187,    205.84138,    202.64999
     t,    205.44884,    206.13503,    205.05000
     t,    206.17839,    207.15080,    204.45000
     t,    206.62981,    207.35042,    207.05000
     t,    207.86514,    207.85080,    206.45000
     t,    208.30312,    208.26294,    208.64999
     t,    208.93228,    208.90036,    208.85001
     t,    209.09563,    209.09184,    208.64999
     t,    210.51018,    210.64012,    213.05000
     t,    210.92859,    211.06131,    212.45000
     t,    211.75087,    211.84915,    213.85001
     t,    213.14967,    213.10878,    211.64999
     q,      0.49929,      0.53399,      0.53490
     q,      0.48745,      0.52647,      0.46930
     q,      0.56750,      0.62297,      0.57983
     q,      0.65677,      0.64524,      0.74545
     q,      0.66242,      0.62905,      0.76397
     q,      0.66533,      0.63171,      0.75105
     q,      0.67127,      0.63716,      0.63250
     q,      0.67896,      0.64421,      0.67295
     q,      0.68534,      0.65005,      0.65877
     q,      0.69529,      0.65917,      0.50404
     q,      0.69549,      0.64392,      0.40578
     q,      0.67493,      0.60593,      0.56235
     q,      0.57950,      0.46896,      0.27000
     q,      0.55212,      0.43801,      0.43855
     q,      0.53489,      0.46123,      0.61468
     q,      0.53313,      0.46351,      0.60614
     q,      0.57674,      0.61924,      0.65107
     q,      0.59890,      0.68416,      0.68672
     q,      0.60742,      0.70901,      0.68065
     q,      0.60923,      0.71996,      0.49861
     q,      0.60870,      0.72320,      0.58239
     q,      0.60779,      0.72880,      0.52958
     q,      0.60722,      0.73229,      0.70406
     q,      0.60039,      0.75203,      0.76794
     q,      0.59917,      0.75937,      0.75759
     q,      0.59841,      0.76397,      0.64269
     q,      0.56215,      0.71076,      0.57364
     q,      0.54343,      0.67789,      0.33284
     q,      0.53781,      0.66802,      0.36089
     q,      0.52287,      0.64508,      0.62435
     q,      0.48800,      0.58354,      0.68497
     q,      0.48459,      0.57753,      0.67905
     q,      0.47036,      0.55287,      0.60528
     q,      0.42548,      0.48332,      0.62524
     q,      0.41204,      0.46180,      0.30443
     q,      0.39129,      0.42322,      0.15359
     q,      0.33069,      0.32752,      0.17604
     q,      0.31347,      0.29991,      0.08945
     q,      0.25948,      0.22433,      0.12305
     q,      0.24652,      0.21025,      0.03127
     q,      0.21772,      0.17898,      0.06143
     q,      0.20368,      0.16285,      0.17830
     q,      0.17187,      0.13541,      0.04216
     q,      0.18065,      0.15389,      0.08548
     q,      0.18923,      0.18445,      0.13587
     q,      0.18480,      0.19641,      0.05594
     q,      0.17441,      0.22185,      0.09006
     q,      0.17189,      0.22873,      0.37443
     q,      0.17011,      0.23360,      0.41524
     q,      0.15873,      0.25290,      0.32733
     q,      0.14839,      0.26517,      0.15432
     q,      0.13894,      0.28082,      0.10260
     q,      0.14254,      0.28399,      0.10485
     q,      0.14827,      0.28830,      0.21538
     q,      0.15046,      0.29073,      0.17427
     q,      0.49666,      0.54331,      0.49887
     q,      0.52367,      0.57422,      0.53181
     q,      0.76613,      0.73692,      0.67191
     q,      0.76613,      0.73617,      0.65285
     q,      0.76649,      0.75287,      0.68306
     q,      0.76800,      0.73112,      0.74967
     q,      0.77137,      0.72150,      0.76232
     q,      0.87296,      0.86495,      0.80723
     q,      0.88752,      0.88131,      0.82587
     q,      0.94191,      0.90871,      0.87383
     q,      0.94197,      0.90066,      0.85624
     q,      0.92561,      0.88211,      0.92780
     q,      0.92356,      0.87431,      0.90835
     q,      0.91382,      0.83905,      0.87809
     q,      0.87872,      0.79957,      0.92929
     q,      0.84729,      0.76496,      0.86546
     q,      0.81379,      0.74762,      0.94139
     q,      0.76832,      0.72353,      0.93333
     q,      0.68535,      0.67961,      0.87927
     q,      0.66590,      0.66977,      0.76715
     q,      0.51448,      0.60734,      0.60426
     q,      0.45232,      0.58498,      0.39062
     q,      0.43890,      0.58021,      0.49171
     q,      0.43613,      0.57922,      0.52832
     q,      0.42186,      0.57415,      0.44700
     q,      0.36893,      0.56122,      0.43381
     q,      0.36578,      0.56180,      0.47474
     q,      0.35917,      0.56283,      0.20324
     q,      0.35683,      0.56325,      0.20647
     q,      0.33502,      0.56919,      0.20656
     q,      0.36775,      0.59174,      0.34707
     q,      0.39198,      0.60734,      0.19940
     q,      0.42678,      0.63108,      0.14663
     q,      0.53796,      0.69195,      0.16849
     q,      0.55199,      0.69706,      0.18560
     q,      0.65999,      0.73311,      0.18135
     q,      0.74233,      0.76382,      0.30640
     q,      0.76291,      0.76969,      0.44043
     q,      0.75894,      0.76964,      0.57176
     q,      0.73157,      0.77235,      0.66611
     q,      0.51718,      0.58310,      0.74610
     q,      0.40986,      0.50646,      0.79406
     t,    296.13101,    295.98914,    296.85001
     t,    296.09543,    295.95831,    296.35001
     t,    295.42969,    295.44589,    294.54999
     t,    291.31238,    291.16171,    290.25000
     t,    288.14505,    287.91483,    287.25000
     t,    286.24304,    285.94739,    286.54999
     t,    286.07742,    285.77014,    286.95001
     t,    285.65991,    285.32324,    287.45001
     t,    285.47934,    284.73465,    286.95001
     t,    284.73877,    284.79337,    283.25000
     t,    283.91187,    284.01898,    281.75000
     t,    283.28577,    283.41580,    282.95001
     t,    282.59549,    282.75076,    282.14999
     t,    281.17398,    281.37494,    280.25000
     t,    280.51086,    280.64713,    279.95001
     t,    279.58865,    279.63492,    279.85001
     t,    278.44962,    278.38702,    278.75000
     t,    277.37030,    277.23404,    278.14999
     t,    271.53467,    271.22198,    271.64999
     t,    268.18231,    267.91629,    267.85001
     t,    266.99716,    266.76559,    266.85001
     t,    266.66943,    266.44739,    266.64999
     t,    265.45151,    265.28253,    265.45001
     t,    265.00229,    264.87244,    265.14999
     t,    263.63211,    263.62158,    263.54999
     t,    261.98892,    262.12152,    262.14999
     t,    258.99139,    259.21985,    258.75000
     t,    256.74313,    256.99719,    257.95001
     t,    254.76274,    254.86252,    255.14999
     t,    254.63640,    254.72629,    254.95000
     t,    253.62721,    253.63933,    253.55000
     t,    252.84708,    252.79810,    253.25000
     t,    251.40968,    251.29475,    251.25000
     t,    250.34300,    250.18715,    250.45000
     t,    248.55989,    248.33510,    248.85001
     t,    241.54263,    241.16679,    241.45000
     t,    293.17310,    293.11395,    292.18735
     t,    295.07510,    295.07159,    293.75000
     t,    294.91742,    294.87814,    292.85001
     t,    292.58383,    292.47089,    290.95001
     t,    290.90152,    290.83475,    290.04999
     t,    290.76694,    290.68765,    290.04999
     t,    290.44385,    290.19620,    290.75000
     t,    290.41183,    290.12036,    290.14999
     t,    289.77011,    289.64011,    288.14999
     t,    289.73679,    289.60556,    288.14999
     t,    286.45590,    285.92075,    285.35001
     t,    283.07242,    282.51395,    281.04999
     t,    282.48059,    281.97040,    280.14999
     t,    281.62460,    281.18423,    278.85001
     t,    272.17114,    272.35098,    271.54999
     t,    271.02658,    271.20032,    269.75000
     t,    270.57925,    270.75140,    268.85001
     t,    267.58801,    267.74875,    267.25000
     t,    266.30151,    266.43726,    266.64999
     t,    265.07303,    265.16684,    265.35001
     t,    264.21466,    264.28009,    264.45001
     t,    263.52969,    263.57050,    263.95001
     t,    262.43024,    262.44669,    263.14999
     t,    261.25403,    261.25500,    262.35001
     t,    256.58044,    256.52930,    256.85001
     t,    251.36519,    251.20729,    251.05000
     t,    248.28430,    248.02252,    248.64999
     t,    245.81558,    245.46159,    246.05000
     t,    243.56798,    243.15660,    243.25000
     t,    242.13101,    241.69873,    241.64999
     t,    240.83881,    240.38608,    241.05000
     t,    238.96158,    238.49124,    240.14999
     t,    230.84804,    230.60616,    231.05000
     t,    229.13715,    229.02350,    229.45000
     t,    225.39867,    225.69043,    225.85001
     t,    221.30257,    221.80792,    222.25000
     t,    220.49654,    221.03371,    221.05000
     t,    216.99422,    217.57645,    216.45000
     t,    215.47049,    215.78001,    215.25000
     t,    213.27188,    213.19539,    212.25000
     t,    212.41283,    212.19231,    211.45000
     t,    288.08731,    287.82559,    286.64224
     t,    278.37869,    278.29810,    276.12228
     q,      0.65513,      0.63897,      0.67014
     q,      0.65416,      0.63630,      0.61425
     q,      0.64765,      0.62620,      0.57343
     q,      0.75789,      0.75860,      0.68156
     q,      0.90180,      0.89096,      0.77243
     q,      0.99492,      0.96954,      0.93755
     q,      0.99533,      0.97059,      0.96660
     q,      0.99638,      0.97328,      0.99221
     q,      0.97115,      0.94984,      0.95609
     q,      0.78580,      0.71121,      0.80712
     q,      0.75697,      0.64782,      0.66404
     q,      0.71379,      0.58926,      0.60914
     q,      0.66428,      0.52210,      0.59806
     q,      0.55574,      0.37758,      0.56944
     q,      0.50975,      0.35968,      0.50278
     q,      0.44225,      0.33340,      0.21319
     q,      0.35336,      0.29817,      0.16303
     q,      0.30605,      0.28510,      0.27004
     q,      0.22015,      0.24578,      0.18296
     q,      0.20879,      0.20955,      0.28386
     q,      0.20167,      0.19806,      0.21768
     q,      0.19953,      0.19459,      0.21923
     q,      0.19439,      0.18480,      0.31008
     q,      0.19667,      0.18572,      0.21955
     q,      0.20435,      0.18881,      0.11795
     q,      0.21540,      0.19325,      0.09556
     q,      0.22506,      0.20842,      0.28195
     q,      0.22925,      0.22411,      0.14425
     q,      0.20021,      0.21622,      0.23317
     q,      0.19811,      0.21566,      0.23102
     q,      0.17938,      0.21033,      0.17838
     q,      0.16345,      0.20588,      0.08866
     q,      0.14890,      0.19206,      0.15485
     q,      0.14048,      0.17905,      0.02737
     q,      0.23114,      0.19026,      0.14144
     q,      0.70088,      0.69171,      0.62939
     q,      0.86994,      0.86453,      0.85398
     q,      0.87349,      0.86818,      0.82761
     q,      0.93752,      0.93480,      0.85936
     q,      0.99634,      0.99019,      0.90634
     q,      0.99769,      0.99174,      0.91377
     q,      0.95127,      0.95058,      0.95283
     q,      0.93820,      0.93888,      0.85885
     q,      0.80601,      0.79862,      0.74151
     q,      0.80430,      0.79671,      0.74288
     q,      0.80479,      0.76569,      0.83810
     q,      0.82032,      0.78466,      0.78351
     q,      0.81479,      0.77970,      0.72664
     q,      0.80637,      0.77215,      0.67987
     q,      0.72493,      0.71134,      0.68379
     q,      0.70656,      0.69593,      0.57771
     q,      0.69871,      0.68928,      0.40468
     q,      0.59530,      0.59294,      0.51634
     q,      0.53830,      0.53904,      0.49645
     q,      0.47639,      0.47876,      0.49033
     q,      0.42783,      0.43193,      0.28860
     q,      0.38511,      0.39085,      0.41145
     q,      0.34482,      0.35256,      0.20439
     q,      0.31414,      0.32261,      0.12713
     q,      0.22046,      0.21546,      0.07677
     q,      0.25302,      0.17082,      0.09831
     q,      0.32671,      0.18754,      0.05505
     q,      0.41096,      0.23583,      0.08122
     q,      0.47518,      0.27782,      0.25386
     q,      0.49913,      0.29980,      0.21741
     q,      0.52682,      0.32187,      0.35847
     q,      0.77061,      0.73890,      0.78347
     q,      0.78087,      0.75531,      0.67753
     t,    298.61264,    298.60651,    300.04999
     t,    297.82932,    297.80246,    298.14999
     t,    295.66776,    295.63968,    295.64999
     t,    293.85654,    293.82733,    294.04999
     t,    287.73404,    287.58249,    287.45001
     t,    287.46234,    287.31323,    286.95001
     t,    284.89517,    285.00601,    283.14999
     t,    283.92764,    284.28128,    282.64999
     t,    283.69696,    284.07437,    282.75000
     t,    283.17996,    283.60699,    282.75000
     t,    282.94464,    283.39606,    282.85001
     t,    282.58508,    283.02835,    283.14999
     t,    282.13895,    282.54688,    283.14999
     t,    281.60934,    281.97531,    283.35001
     t,    280.57465,    280.67410,    281.25000
     t,    280.32690,    280.33643,    281.04999
     t,    279.86722,    279.70975,    280.04999
     t,    278.59100,    278.09042,    277.85001
     t,    276.92435,    276.30960,    276.45001
     t,    276.10803,    275.43594,    276.04999
     t,    274.08160,    273.45697,    273.54999
     t,    272.15985,    271.68344,    271.45001
     t,    269.09799,    269.00266,    269.54999
     t,    268.47394,    268.46759,    268.95001
     t,    267.47672,    267.61255,    268.45001
     t,    266.23798,    266.40604,    267.25000
     t,    265.14941,    265.34433,    265.64999
     t,    264.87332,    265.07486,    265.45001
     t,    264.69458,    264.90198,    265.25000
     t,    262.65897,    262.83020,    262.54999
     t,    259.49197,    259.49689,    258.95001
     t,    256.60123,    256.54068,    256.54999
     t,    255.82196,    255.74342,    255.75000
     t,    254.05031,    253.95474,    254.35001
     t,    253.62796,    253.53145,    254.14999
     t,    253.34441,    253.24731,    253.95000
     t,    253.05942,    252.96176,    253.75000
     t,    248.45297,    248.33096,    248.85001
     t,    246.40648,    246.26524,    246.64999
     t,    243.43770,    243.29333,    243.25000
     t,    240.83766,    240.69920,    241.25000
     t,    236.91920,    236.85869,    237.05000
     t,    234.75075,    234.73494,    234.85001
     t,    232.29060,    232.31339,    232.64999
     t,    226.47331,    226.56264,    226.64999
     t,    218.72765,    218.45241,    216.85001
     t,    217.26997,    216.83545,    215.64999
     t,    217.21024,    216.78963,    215.64999
     t,    216.55931,    216.31473,    213.25000
     t,    216.09164,    215.96481,    215.45000
     t,    215.89926,    215.78453,    213.85001
     t,    215.84473,    215.73271,    215.45000
     t,    215.75375,    215.64957,    215.25000
     t,    215.62256,    215.52876,    217.64999
     t,    215.58456,    215.49352,    217.25000
     t,    215.43007,    215.35107,    217.05000
     t,    215.21216,    215.15240,    215.45000
     t,    214.62700,    214.54810,    214.45000
     t,    214.46707,    214.35373,    215.05000
     t,    214.24916,    214.08734,    213.85001
     t,    214.08266,    213.92111,    213.85001
     t,    213.43872,    213.47536,    211.45000
     t,    213.32440,    213.55984,    212.85001
     t,    213.23836,    213.71942,    211.45000
     t,    213.16801,    213.64944,    213.45000
     t,    213.21152,    213.71619,    213.85001
     t,    213.50835,    214.04794,    215.05000
     t,    217.23947,    217.39888,    215.05000
     t,    213.52518,    214.05788,    212.14679
     t,    285.66501,    285.70761,    289.04999
     t,    290.14658,    290.44937,    295.64999
     t,    285.66501,    285.70761,    288.14999
     t,    290.06638,    290.31207,    297.25000
     t,    285.66504,    285.70764,    286.45001
     t,    290.06638,    290.31207,    296.54999
     q,      0.47800,      0.48976,      0.37543
     q,      0.47969,      0.49363,      0.34815
     q,      0.52222,      0.53932,      0.35985
     q,      0.56634,      0.58714,      0.41350
     q,      0.50720,      0.44583,      0.52995
     q,      0.49372,      0.42798,      0.48714
     q,      0.39375,      0.25447,      0.43669
     q,      0.39177,      0.21889,      0.31465
     q,      0.39390,      0.22561,      0.37200
     q,      0.39871,      0.24060,      0.10919
     q,      0.40099,      0.24776,      0.08680
     q,      0.41075,      0.27260,      0.12830
     q,      0.41975,      0.31399,      0.39521
     q,      0.43078,      0.36473,      0.35717
     q,      0.44748,      0.43036,      0.32821
     q,      0.45078,      0.44119,      0.44068
     q,      0.45704,      0.46177,      0.49072
     q,      0.46595,      0.49881,      0.48868
     q,      0.45107,      0.48604,      0.52961
     q,      0.44297,      0.47902,      0.37337
     q,      0.43814,      0.45978,      0.48364
     q,      0.44361,      0.43802,      0.43690
     q,      0.44893,      0.38353,      0.30956
     q,      0.44990,      0.36939,      0.36569
     q,      0.45160,      0.34463,      0.20630
     q,      0.46163,      0.35821,      0.31722
     q,      0.47090,      0.37151,      0.35678
     q,      0.47371,      0.37544,      0.32819
     q,      0.47479,      0.37652,      0.27350
     q,      0.47053,      0.36871,      0.22990
     q,      0.42147,      0.29826,      0.27952
     q,      0.38975,      0.28248,      0.17123
     q,      0.37966,      0.27782,      0.27762
     q,      0.36937,      0.28397,      0.25391
     q,      0.37014,      0.28978,      0.19015
     q,      0.36993,      0.29294,      0.23391
     q,      0.36971,      0.29623,      0.25936
     q,      0.35923,      0.34928,      0.11088
     q,      0.34854,      0.37090,      0.25236
     q,      0.33056,      0.38269,      0.25504
     q,      0.30789,      0.38061,      0.16871
     q,      0.28844,      0.35778,      0.13119
     q,      0.67809,      0.68108,      0.85615
     q,      0.67809,      0.68108,      0.79551
     q,      0.67809,      0.68108,      0.87862
