Note (2018.08.22) This script is outputed from mpi_readobs.f90
obtype, ensmean_obbc,      h_xnobc,           ob
    sm,      0.25830,      0.25830,      0.25300
    sm,      0.22730,      0.22730,      0.16400
    sm,      0.30517,      0.30517,      0.38100
    sm,      0.21141,      0.21141,      0.07400
    sm,      0.33468,      0.33468,      0.24000
    sm,      0.30933,      0.30933,      0.35500
    sm,      0.21043,      0.21043,      0.19600
    sm,      0.19698,      0.19698,      0.06000
    sm,      0.18609,      0.18609,      0.24800
    sm,      0.19082,      0.19082,      0.15800
    sm,      0.24735,      0.24735,      0.09300
    sm,      0.26952,      0.26952,      0.13500
    sm,      0.25253,      0.25253,      0.09300
    sm,      0.17207,      0.17207,      0.22500
    sm,      0.27384,      0.27384,      0.22400
    sm,      0.32210,      0.32210,      0.11300
    sm,      0.23798,      0.23798,      0.31600
    sm,      0.21313,      0.21313,      0.23700
    sm,      0.24004,      0.24004,      0.26600
    sm,      0.22141,      0.22141,      0.29500
    sm,      0.21824,      0.21824,      0.25300
    sm,      0.14624,      0.14624,      0.07700
    sm,      0.21771,      0.21771,      0.21100
    sm,      0.30799,      0.30799,      0.37800
    sm,      0.24443,      0.24443,      0.34400
    sm,      0.24660,      0.24660,      0.07200
    sm,      0.33611,      0.33611,      0.32500
    sm,      0.23054,      0.23054,      0.33900
    sm,      0.18120,      0.18120,      0.36700
    sm,      0.27400,      0.27400,      0.23700
    sm,      0.31884,      0.31884,      0.27600
    sm,      0.27306,      0.27306,      0.27100
    sm,      0.18981,      0.18981,      0.10600
    sm,      0.24954,      0.24954,      0.22600
    sm,      0.27108,      0.27108,      0.20900
    sm,      0.27301,      0.27301,      0.26900
    sm,      0.26274,      0.26274,      0.20100
    sm,      0.17412,      0.17412,      0.17600
    sm,      0.25785,      0.25785,      0.37400
    sm,      0.16911,      0.16911,      0.13300
    sm,      0.21256,      0.21256,      0.22200
    sm,      0.16625,      0.16625,      0.11700
    sm,      0.20310,      0.20310,      0.21000
    sm,      0.27455,      0.27455,      0.12100
    sm,      0.27776,      0.27776,      0.17100
    sm,      0.22489,      0.22489,      0.08100
    sm,      0.17665,      0.17665,      0.18000
    sm,      0.27594,      0.27594,      0.36700
    sm,      0.24089,      0.24089,      0.23300
    sm,      0.22900,      0.22900,      0.30000
    sm,      0.19858,      0.19858,      0.14900
    sm,      0.19858,      0.19858,      0.16400
    sm,      0.19150,      0.19150,      0.14400
    sm,      0.15368,      0.15368,      0.06700
    sm,      0.32180,      0.32180,      0.45100
    sm,      0.20662,      0.20662,      0.20200
    sm,      0.27713,      0.27713,      0.22900
    sm,      0.29459,      0.29459,      0.34500
    sm,      0.30799,      0.30799,      0.41100
    sm,      0.26868,      0.26868,      0.38100
    sm,      0.15770,      0.15770,      0.08700
    sm,      0.28217,      0.28217,      0.08000
    sm,      0.15939,      0.15939,      0.13100
    sm,      0.14694,      0.14694,      0.06800
    sm,      0.21043,      0.21043,      0.07100
    sm,      0.23351,      0.23351,      0.35300
    sm,      0.27261,      0.27261,      0.06500
    sm,      0.23993,      0.23993,      0.10900
    sm,      0.19158,      0.19158,      0.24100
    sm,      0.36529,      0.36529,      0.16500
    sm,      0.18997,      0.18997,      0.18700
    sm,      0.27211,      0.27211,      0.18400
    sm,      0.18609,      0.18609,      0.30800
    sm,      0.18896,      0.18896,      0.36700
    sm,      0.18896,      0.18896,      0.28100
    sm,      0.19493,      0.19493,      0.06100
     t,    313.60907,    313.60907,    315.35001
     t,    312.69254,    312.69254,    312.75000
     t,    309.62579,    309.62579,    309.64999
     t,    302.25659,    302.25659,    302.35001
     t,    300.93951,    300.93951,    300.85001
     t,    296.36169,    296.36169,    296.45001
     t,    294.87064,    294.87064,    295.54999
     t,    287.71475,    287.71475,    287.64999
     t,    286.10153,    286.10153,    285.75000
     t,    280.86313,    280.86313,    280.25000
     t,    278.10397,    278.10397,    277.25000
     t,    276.05618,    276.05618,    275.14999
     t,    274.78085,    274.78085,    273.54999
     t,    274.16644,    274.16644,    272.95001
     t,    273.09488,    273.09488,    272.04999
     t,    272.73248,    272.73248,    271.85001
     t,    271.99945,    271.99945,    271.14999
     t,    271.34900,    271.34900,    271.14999
     t,    268.97049,    268.97049,    268.14999
     t,    268.77533,    268.77533,    267.95001
     t,    267.68985,    267.68985,    267.14999
     t,    266.97928,    266.97928,    266.64999
     t,    266.02481,    266.02481,    266.14999
     t,    264.17108,    264.17108,    263.95001
     t,    262.80905,    262.80905,    262.35001
     t,    261.95389,    261.95389,    261.64999
     t,    261.58319,    261.58319,    261.35001
     t,    260.70810,    260.70810,    260.25000
     t,    260.32864,    260.32864,    260.14999
     t,    259.94647,    259.94647,    259.95001
     t,    257.50446,    257.50446,    258.14999
     t,    256.85828,    256.85828,    257.45001
     t,    256.59726,    256.59726,    257.54999
     t,    256.07132,    256.07132,    256.75000
     t,    255.40622,    255.40622,    255.95000
     t,    253.77739,    253.77739,    253.75000
     t,    252.94823,    252.94823,    252.75000
     t,    252.24683,    252.24683,    252.05000
     t,    250.81438,    250.81438,    250.95000
     t,    249.47766,    249.47766,    249.35001
     t,    248.85393,    248.85393,    248.75000
     t,    247.90125,    247.90125,    247.55000
     t,    247.42009,    247.42009,    247.35001
     t,    246.93452,    246.93452,    246.75000
     t,    246.44447,    246.44447,    246.25000
     t,    245.78395,    245.78395,    245.85001
     t,    244.08533,    244.08533,    244.55000
     t,    243.03575,    243.03575,    243.05000
     t,    242.50314,    242.50314,    242.55000
     t,    240.13039,    240.13039,    239.75000
     t,    239.56847,    239.56847,    238.95000
     t,    236.86516,    236.86516,    236.45000
     t,    234.03004,    234.03004,    233.25000
     t,    232.77374,    232.77374,    232.25000
     t,    229.04390,    229.04390,    228.64999
     t,    225.04037,    225.04037,    224.45000
     t,    223.54988,    223.54988,    222.85001
     t,    222.27748,    222.27748,    221.85001
     t,    220.97365,    220.97365,    220.64999
     t,    207.19136,    207.19136,    204.85001
     t,    208.95055,    208.95055,    204.45000
     t,    311.97107,    311.97107,    313.35001
     t,    311.81152,    311.81152,    312.04999
     t,    305.81812,    305.81812,    306.35001
     t,    295.80136,    295.80136,    295.85001
     t,    289.24545,    289.24545,    289.14999
     t,    280.03500,    280.03500,    279.85001
     t,    275.89029,    275.89029,    274.04999
     t,    275.53735,    275.53735,    273.25000
     t,    275.20651,    275.20651,    274.45001
     t,    274.79813,    274.79813,    274.64999
     t,    274.46091,    274.46091,    274.45001
     t,    273.51651,    273.51651,    275.04999
     t,    270.14667,    270.14667,    271.45001
     t,    268.78644,    268.78644,    269.45001
     t,    266.06921,    266.06921,    266.45001
     t,    264.79773,    264.79773,    264.75000
     t,    262.48669,    262.48669,    262.14999
     t,    258.87604,    258.87604,    259.64999
     t,    257.37234,    257.37234,    257.45001
     t,    251.98943,    251.98943,    251.25000
     t,    249.87788,    249.87788,    250.85001
     t,    245.96310,    245.96310,    245.45000
     t,    242.93657,    242.93657,    242.64999
     t,    235.82242,    235.82242,    236.64999
     t,    232.86195,    232.86195,    233.45000
     t,    223.42088,    223.42088,    222.64999
     t,    221.68443,    221.68443,    221.64999
     t,    221.17693,    221.17693,    221.05000
     t,    218.02705,    218.02705,    217.45000
     t,    207.52257,    207.52257,    206.05000
     t,    206.44432,    206.44432,    204.45000
     t,    204.35991,    204.35991,    200.85001
     t,    203.82166,    203.82166,    201.85001
     t,    202.50276,    202.50276,    200.85001
     t,    202.41460,    202.41460,    201.25000
     t,    202.32561,    202.32561,    203.45000
     t,    202.18254,    202.18254,    202.64999
     t,    203.16693,    203.16693,    201.45000
     t,    204.18967,    204.18967,    206.45000
     t,    205.76347,    205.76347,    206.85001
     t,    207.88243,    207.88243,    206.85001
     t,    209.93333,    209.93333,    210.05000
     t,    210.57936,    210.57936,    208.64999
     t,    301.54361,    301.54361,    301.91916
     q,      0.28975,      0.28975,      0.28146
     q,      0.30066,      0.30066,      0.32196
     q,      0.34322,      0.34322,      0.34007
     q,      0.46160,      0.46160,      0.44825
     q,      0.47575,      0.47575,      0.47065
     q,      0.52662,      0.52662,      0.46978
     q,      0.55048,      0.55048,      0.40088
     q,      0.63725,      0.63725,      0.54517
     q,      0.65548,      0.65548,      0.56892
     q,      0.59229,      0.59229,      0.66541
     q,      0.49274,      0.49274,      0.59927
     q,      0.44272,      0.44272,      0.47572
     q,      0.41180,      0.41180,      0.57470
     q,      0.41345,      0.41345,      0.57210
     q,      0.41657,      0.41657,      0.49512
     q,      0.41770,      0.41770,      0.33888
     q,      0.42013,      0.42013,      0.13232
     q,      0.42244,      0.42244,      0.10503
     q,      0.41764,      0.41764,      0.10290
     q,      0.41702,      0.41702,      0.10231
     q,      0.41098,      0.41098,      0.11336
     q,      0.40739,      0.40739,      0.21781
     q,      0.39960,      0.39960,      0.11626
     q,      0.38194,      0.38194,      0.46376
     q,      0.36904,      0.36904,      0.49120
     q,      0.37089,      0.37089,      0.34897
     q,      0.37176,      0.37176,      0.49369
     q,      0.37395,      0.37395,      0.33874
     q,      0.37497,      0.37497,      0.16382
     q,      0.37605,      0.37605,      0.12281
     q,      0.36798,      0.36798,      0.12460
     q,      0.35813,      0.35813,      0.08979
     q,      0.35456,      0.35456,      0.18926
     q,      0.34700,      0.34700,      0.36048
     q,      0.33668,      0.33668,      0.29225
     q,      0.31148,      0.31148,      0.39938
     q,      0.30330,      0.30330,      0.29019
     q,      0.29570,      0.29570,      0.15671
     q,      0.27779,      0.27779,      0.21467
     q,      0.26455,      0.26455,      0.37849
     q,      0.26845,      0.26845,      0.30680
     q,      0.27550,      0.27550,      0.36117
     q,      0.27905,      0.27905,      0.30133
     q,      0.28289,      0.28289,      0.40201
     q,      0.28706,      0.28706,      0.21638
     q,      0.29319,      0.29319,      0.15952
     q,      0.29926,      0.29926,      0.34014
     q,      0.29875,      0.29875,      0.28978
     q,      0.29845,      0.29845,      0.35329
     q,      0.15778,      0.15778,      0.16072
     q,      0.15879,      0.15879,      0.18150
     q,      0.20618,      0.20618,      0.21265
     q,      0.32986,      0.32986,      0.28664
     q,      0.45462,      0.45462,      0.38499
     q,      0.65932,      0.65932,      0.56069
     q,      0.39574,      0.39574,      0.69238
     q,      0.37295,      0.37295,      0.60002
     q,      0.35609,      0.35609,      0.37729
     q,      0.33058,      0.33058,      0.22433
     q,      0.31259,      0.31259,      0.24541
     q,      0.26192,      0.26192,      0.07980
     q,      0.12761,      0.12761,      0.03501
     q,      0.09547,      0.09547,      0.03877
     q,      0.08147,      0.08147,      0.03067
     q,      0.08373,      0.08373,      0.17721
     q,      0.08349,      0.08349,      0.11185
     q,      0.05625,      0.05625,      0.04565
     q,      0.25075,      0.25075,      0.24149
     t,    304.63034,    304.63034,    301.54999
     t,    303.41895,    303.41895,    299.35001
     t,    302.11987,    302.11987,    297.45001
     t,    300.03784,    300.03784,    295.45001
     t,    297.53912,    297.53912,    293.25000
     t,    296.12018,    296.12018,    292.04999
     t,    294.79538,    294.79538,    291.14999
     t,    290.34763,    290.34763,    287.54999
     t,    290.02429,    290.02429,    287.64999
     t,    289.66568,    289.66568,    288.54999
     t,    289.30423,    289.30423,    289.14999
     t,    288.87534,    288.87534,    289.35001
     t,    285.44241,    285.44241,    285.75000
     t,    285.06625,    285.06625,    285.54999
     t,    283.45877,    283.45877,    284.04999
     t,    282.58850,    282.58850,    283.25000
     t,    280.48041,    280.48041,    280.85001
     t,    278.37628,    278.37628,    279.04999
     t,    277.27979,    277.27979,    278.04999
     t,    276.16281,    276.16281,    277.04999
     t,    271.75363,    271.75363,    271.85001
     t,    267.20374,    267.20374,    266.35001
     t,    267.09274,    267.09274,    266.14999
     t,    266.64502,    266.64502,    265.75000
     t,    265.39490,    265.39490,    264.75000
     t,    264.00183,    264.00183,    263.54999
     t,    263.40976,    263.40976,    262.75000
     t,    262.81131,    262.81131,    262.85001
     t,    259.95984,    259.95984,    260.25000
     t,    258.80652,    258.80652,    259.35001
     t,    256.61484,    256.61484,    256.45001
     t,    255.96548,    255.96548,    255.64999
     t,    255.83363,    255.83363,    255.64999
     t,    255.16946,    255.16946,    255.64999
     t,    254.90149,    254.90149,    255.45000
     t,    254.36148,    254.36148,    255.25000
     t,    252.83546,    252.83546,    253.85001
     t,    248.72836,    248.72836,    250.05000
     t,    243.39952,    243.39952,    242.85001
     t,    240.10397,    240.10397,    240.45000
     t,    239.54143,    239.54143,    239.85001
     t,    238.39926,    238.39926,    239.64999
     t,    233.10925,    233.10925,    233.05000
     t,    232.63603,    232.63603,    232.45000
     t,    230.15990,    230.15990,    230.45000
     t,    306.29947,    306.29947,    305.45001
     t,    305.82507,    305.82507,    304.95001
     t,    303.50259,    303.50259,    301.85001
     t,    302.06140,    302.06140,    300.35001
     t,    299.77786,    299.77786,    298.04999
     t,    292.54388,    292.54388,    291.25000
     t,    290.77066,    290.77066,    289.64999
     t,    287.72467,    287.72467,    285.85001
     t,    286.74014,    286.74014,    284.54999
     t,    282.99567,    282.99567,    280.85001
     t,    281.74203,    281.74203,    280.75000
     t,    280.86429,    280.86429,    280.45001
     t,    276.94876,    276.94876,    277.54999
     t,    273.79431,    273.79431,    274.04999
     t,    273.32565,    273.32565,    273.64999
     t,    270.90591,    270.90591,    271.04999
     t,    269.85028,    269.85028,    269.85001
     t,    269.18350,    269.18350,    268.85001
     t,    268.42075,    268.42075,    268.14999
     t,    268.34055,    268.34055,    268.14999
     t,    267.30130,    267.30130,    268.14999
     t,    264.05173,    264.05173,    264.85001
     t,    256.49615,    256.49615,    256.85001
     t,    248.27150,    248.27150,    247.64999
     t,    242.15991,    242.15991,    244.25000
     t,    241.40903,    241.40903,    243.64999
     t,    233.69170,    233.69170,    234.05000
     t,    223.04825,    223.04825,    222.05000
     t,    222.03270,    222.03270,    221.05000
     t,    210.45383,    210.45383,    209.05000
     t,    208.40889,    208.40889,    207.05000
     t,    207.85948,    207.85948,    205.64999
     t,    206.43542,    206.43542,    202.45000
     t,    206.04414,    206.04414,    203.05000
     t,    205.78226,    205.78226,    204.45000
     t,    205.23233,    205.23233,    204.64999
     t,    204.62241,    204.62241,    203.45000
     t,    203.21959,    203.21959,    203.05000
     t,    203.06093,    203.06093,    204.05000
     t,    203.17661,    203.17661,    203.85001
     t,    203.34860,    203.34860,    202.25000
     t,    204.32074,    204.32074,    204.64999
     t,    205.90013,    205.90013,    204.45000
     t,    206.23618,    206.23618,    206.05000
     t,    207.39062,    207.39062,    204.85001
     t,    207.71907,    207.71907,    204.85001
     t,    209.35085,    209.35085,    210.25000
     t,    210.99416,    210.99416,    211.45000
     t,    211.17915,    211.17915,    213.25000
     q,      0.43368,      0.43368,      0.55707
     q,      0.45616,      0.45616,      0.50172
     q,      0.48342,      0.48342,      0.51416
     q,      0.53232,      0.53232,      0.56704
     q,      0.59859,      0.59859,      0.60937
     q,      0.64073,      0.64073,      0.63487
     q,      0.67992,      0.67992,      0.60313
     q,      0.62914,      0.62914,      0.62924
     q,      0.58301,      0.58301,      0.61177
     q,      0.52176,      0.52176,      0.38973
     q,      0.45939,      0.45939,      0.23473
     q,      0.38440,      0.38440,      0.22414
     q,      0.16953,      0.16953,      0.10012
     q,      0.16203,      0.16203,      0.08476
     q,      0.14058,      0.14058,      0.13694
     q,      0.14627,      0.14627,      0.25657
     q,      0.16105,      0.16105,      0.19482
     q,      0.21758,      0.21758,      0.33810
     q,      0.26058,      0.26058,      0.21028
     q,      0.30822,      0.30822,      0.24889
     q,      0.50227,      0.50227,      0.39786
     q,      0.67252,      0.67252,      0.65025
     q,      0.67596,      0.67596,      0.65575
     q,      0.68334,      0.68334,      0.62407
     q,      0.70594,      0.70594,      0.76597
     q,      0.73459,      0.73459,      0.79968
     q,      0.74877,      0.74877,      0.76718
     q,      0.76424,      0.76424,      0.68370
     q,      0.69742,      0.69742,      0.73480
     q,      0.66159,      0.66159,      0.62428
     q,      0.57582,      0.57582,      0.58010
     q,      0.54634,      0.54634,      0.51943
     q,      0.53989,      0.53989,      0.47944
     q,      0.50569,      0.50569,      0.13088
     q,      0.49104,      0.49104,      0.06839
     q,      0.45984,      0.45984,      0.02764
     q,      0.28498,      0.28498,      0.03038
     q,      0.13921,      0.13921,      0.09948
     q,      0.36496,      0.36496,      0.35733
     q,      0.37207,      0.37207,      0.37675
     q,      0.41218,      0.41218,      0.40355
     q,      0.44032,      0.44032,      0.42769
     q,      0.49021,      0.49021,      0.45267
     q,      0.67759,      0.67759,      0.59054
     q,      0.69922,      0.69922,      0.73209
     q,      0.66725,      0.66725,      0.74876
     q,      0.64719,      0.64719,      0.75143
     q,      0.67072,      0.67072,      0.81828
     q,      0.67890,      0.67890,      0.67624
     q,      0.68452,      0.68452,      0.68005
     q,      0.69260,      0.69260,      0.62999
     q,      0.64175,      0.64175,      0.65172
     q,      0.61209,      0.61209,      0.51948
     q,      0.43803,      0.43803,      0.42823
     q,      0.36220,      0.36220,      0.23317
     q,      0.32464,      0.32464,      0.22354
     q,      0.27874,      0.27874,      0.37027
     q,      0.27260,      0.27260,      0.37239
     q,      0.20346,      0.20346,      0.07779
     q,      0.13476,      0.13476,      0.06454
     q,      0.13190,      0.13190,      0.06896
     q,      0.08745,      0.08745,      0.02956
     t,    301.76114,    301.76114,    296.54999
     t,    301.76117,    301.76117,    298.35001
     t,    301.76114,    301.76114,    298.04999
     t,    301.76117,    301.76117,    298.95001
     t,    301.55603,    301.55603,    298.14999
     t,    300.98523,    300.98523,    296.64999
     t,    300.36041,    300.36041,    294.85001
     t,    299.76047,    299.76047,    295.35001
     t,    296.25781,    296.25781,    291.95001
     t,    295.47928,    295.47928,    291.75000
     t,    295.14346,    295.14346,    292.25000
     t,    294.14264,    294.14264,    291.64999
     t,    294.03094,    294.03094,    291.85001
     t,    291.78540,    291.78540,    290.35001
     t,    288.98395,    288.98395,    287.64999
     t,    287.29929,    287.29929,    286.45001
     t,    284.93610,    284.93610,    284.95001
     t,    282.28543,    282.28543,    281.75000
     t,    273.86523,    273.86523,    273.64999
     t,    270.04572,    270.04572,    269.85001
     t,    269.22235,    269.22235,    268.95001
     t,    266.95880,    266.95880,    266.54999
     t,    266.52158,    266.52158,    266.04999
     t,    264.54578,    264.54578,    263.64999
     t,    264.20959,    264.20959,    263.64999
     t,    263.30240,    263.30240,    263.95001
     t,    262.36740,    262.36740,    262.95001
     t,    261.70596,    261.70596,    262.35001
     t,    259.17358,    259.17358,    259.64999
     t,    253.57167,    253.57167,    254.25000
     t,    251.65594,    251.65594,    252.45000
     t,    246.18636,    246.18636,    246.55000
     t,    241.90837,    241.90837,    242.75000
     t,    239.16980,    239.16980,    239.64999
     t,    237.65385,    237.65385,    237.85001
     t,    237.27019,    237.27019,    237.45000
     t,    235.71182,    235.71182,    235.64999
     t,    231.27495,    231.27495,    230.85001
     t,    229.21619,    229.21619,    228.85001
     t,    227.78697,    227.78697,    227.64999
     t,    227.62529,    227.62529,    227.45000
     t,    223.77516,    223.77516,    222.25000
     t,    222.77042,    222.77042,    221.45000
     t,    221.39261,    221.39261,    220.85001
     t,    219.75302,    219.75302,    220.64999
     t,    219.50615,    219.50615,    220.85001
     t,    218.31696,    218.31696,    217.25000
     t,    218.17761,    218.17761,    217.85001
     t,    217.65973,    217.65973,    216.64999
     t,    217.32281,    217.32281,    217.85001
     t,    216.90361,    216.90361,    217.85001
     t,    216.33018,    216.33018,    217.05000
     t,    215.45731,    215.45731,    215.45000
     t,    213.62181,    213.62181,    212.25000
     t,    213.13281,    213.13281,    212.45000
     t,    211.40086,    211.40086,    208.64999
     t,    210.84885,    210.84885,    208.25000
     t,    210.66199,    210.66199,    209.25000
     t,    209.87473,    209.87473,    209.25000
     t,    208.09891,    208.09891,    207.05000
     t,    206.91228,    206.91228,    206.25000
     t,    207.31731,    207.31731,    205.05000
     t,    207.67346,    207.67346,    208.05000
     t,    208.73936,    208.73936,    208.85001
     t,    208.98294,    208.98294,    211.05000
     t,    210.60916,    210.60916,    209.85001
     t,    211.43788,    211.43788,    209.85001
     t,    212.50446,    212.50446,    211.45000
     t,    212.86530,    212.86530,    214.05000
     t,    302.30432,    302.30432,    299.75000
     t,    302.12817,    302.12817,    296.75000
     t,    296.73474,    296.73474,    291.75000
     t,    293.38812,    293.38812,    288.85001
     t,    293.17200,    293.17200,    288.85001
     t,    292.73730,    292.73730,    290.75000
     t,    292.29941,    292.29941,    291.35001
     t,    291.63635,    291.63635,    291.35001
     t,    291.06384,    291.06384,    290.54999
     t,    289.43289,    289.43289,    288.75000
     t,    288.69638,    288.69638,    288.04999
     t,    287.61917,    287.61917,    287.25000
     t,    285.65729,    285.65729,    285.45001
     t,    282.02588,    282.02588,    281.95001
     t,    276.42740,    276.42740,    275.95001
     t,    275.83023,    275.83023,    275.54999
     t,    274.20816,    274.20816,    273.95001
     t,    272.99411,    272.99411,    273.04999
     t,    267.08322,    267.08322,    266.95001
     t,    265.82510,    265.82510,    266.14999
     t,    265.07404,    265.07404,    265.85001
     t,    262.41223,    262.41223,    262.45001
     t,    259.08197,    259.08197,    259.14999
     t,    256.83871,    256.83871,    256.75000
     t,    255.18752,    255.18752,    255.14999
     t,    254.66226,    254.66226,    254.95000
     t,    254.13177,    254.13177,    254.25000
     t,    252.37363,    252.37363,    252.05000
     t,    251.50610,    251.50610,    250.95000
     t,    250.30722,    250.30722,    250.55000
     t,    243.09039,    243.09039,    243.95000
     t,    237.72046,    237.72046,    238.95000
     t,    234.88135,    234.88135,    236.25000
     t,    230.91280,    230.91280,    232.05000
     t,    228.21446,    228.21446,    229.25000
     t,    227.35655,    227.35655,    228.45000
     t,    221.44392,    221.44392,    218.85001
     t,    220.26913,    220.26913,    218.25000
     t,    220.13161,    220.13161,    218.85001
     t,    219.78348,    219.78348,    220.05000
     t,    219.01089,    219.01089,    219.64999
     t,    218.87326,    218.87326,    220.85001
     t,    218.37386,    218.37386,    220.64999
     t,    217.23773,    217.23773,    218.25000
     t,    215.60658,    215.60658,    216.25000
     t,    214.02463,    214.02463,    215.05000
     t,    211.45851,    211.45851,    210.45000
     t,    211.14967,    211.14967,    211.05000
     t,    209.61176,    209.61176,    208.25000
     t,    209.12642,    209.12642,    209.05000
     t,    208.62181,    208.62181,    207.05000
     t,    208.67776,    208.67776,    207.45000
     t,    209.77496,    209.77496,    207.05000
     t,    210.22800,    210.22800,    210.45000
     t,    210.53203,    210.53203,    210.85001
     t,    210.79527,    210.79527,    209.05000
     t,    211.28967,    211.28967,    209.45000
     t,    211.73187,    211.73187,    210.25000
     t,    211.75974,    211.75974,    210.45000
     t,    211.95967,    211.95967,    212.64999
     t,    212.56081,    212.56081,    213.85001
     t,    214.10812,    214.10812,    213.45000
     t,    214.40765,    214.40765,    216.05000
     t,    225.32753,    225.32753,    226.14999
     t,    223.34091,    223.34091,    226.14999
     q,      0.20530,      0.20530,      0.32084
     q,      0.20530,      0.20530,      0.66733
     q,      0.20530,      0.20530,      0.65328
     q,      0.20530,      0.20530,      0.62688
     q,      0.20712,      0.20712,      0.50961
     q,      0.21236,      0.21236,      0.34129
     q,      0.21829,      0.21829,      0.28062
     q,      0.22428,      0.22428,      0.29906
     q,      0.26473,      0.26473,      0.31679
     q,      0.27484,      0.27484,      0.32764
     q,      0.27944,      0.27944,      0.30302
     q,      0.29309,      0.29309,      0.33156
     q,      0.29464,      0.29464,      0.31537
     q,      0.32822,      0.32822,      0.32817
     q,      0.37343,      0.37343,      0.34906
     q,      0.40231,      0.40231,      0.38394
     q,      0.42600,      0.42600,      0.40305
     q,      0.45130,      0.45130,      0.43832
     q,      0.61142,      0.61142,      0.57928
     q,      0.70000,      0.70000,      0.69742
     q,      0.71283,      0.71283,      0.66337
     q,      0.75011,      0.75011,      0.69597
     q,      0.74820,      0.74820,      0.50889
     q,      0.73582,      0.73582,      0.69430
     q,      0.73342,      0.73342,      0.73036
     q,      0.72583,      0.72583,      0.83119
     q,      0.71216,      0.71216,      0.83797
     q,      0.69677,      0.69677,      0.95528
     q,      0.62670,      0.62670,      0.79191
     q,      0.55223,      0.55223,      0.68344
     q,      0.54118,      0.54118,      0.67510
     q,      0.52888,      0.52888,      0.57164
     q,      0.51118,      0.51118,      0.47552
     q,      0.50043,      0.50043,      0.36029
     q,      0.49195,      0.49195,      0.17400
     q,      0.48379,      0.48379,      0.57100
     q,      0.48704,      0.48704,      0.49455
     q,      0.62091,      0.62091,      0.54957
     q,      0.71904,      0.71904,      0.60292
     q,      0.69715,      0.69715,      0.62072
     q,      0.65242,      0.65242,      0.56356
     q,      0.60637,      0.60637,      0.49367
     q,      0.53469,      0.53469,      0.44792
     q,      0.43913,      0.43913,      0.46327
     q,      0.24789,      0.24789,      0.38478
     q,      0.22343,      0.22343,      0.20160
     q,      0.21813,      0.21813,      0.13794
     q,      0.22694,      0.22694,      0.23319
     q,      0.25859,      0.25859,      0.33094
     q,      0.30756,      0.30756,      0.30661
     q,      0.31390,      0.31390,      0.19039
     q,      0.33337,      0.33337,      0.17075
     q,      0.34584,      0.34584,      0.39656
     q,      0.31798,      0.31798,      0.36928
     q,      0.29212,      0.29212,      0.37934
     q,      0.27536,      0.27536,      0.33229
     q,      0.22931,      0.22931,      0.35871
     q,      0.18355,      0.18355,      0.26463
     q,      0.17220,      0.17220,      0.30758
     q,      0.21877,      0.21877,      0.24853
     q,      0.24003,      0.24003,      0.17046
     q,      0.26304,      0.26304,      0.13620
     q,      0.35518,      0.35518,      0.14074
     q,      0.39386,      0.39386,      0.33605
     q,      0.44547,      0.44547,      0.57853
     q,      0.69365,      0.69365,      0.69225
     q,      0.68508,      0.68508,      0.59171
     t,    303.24380,    303.24380,    302.04999
     t,    303.24384,    303.24384,    300.95001
     t,    301.96838,    301.96838,    299.35001
     t,    301.05750,    301.05750,    298.54999
     t,    295.46167,    295.46167,    293.45001
     t,    292.64511,    292.64511,    290.85001
     t,    289.97925,    289.97925,    291.04999
     t,    289.09674,    289.09674,    290.75000
     t,    288.27322,    288.27322,    290.04999
     t,    282.15042,    282.15042,    283.54999
     t,    281.67578,    281.67578,    282.95001
     t,    279.47897,    279.47897,    280.85001
     t,    277.21625,    277.21625,    278.04999
     t,    276.05521,    276.05521,    276.75000
     t,    274.24213,    274.24213,    274.35001
     t,    273.87112,    273.87112,    274.04999
     t,    273.49881,    273.49881,    273.64999
     t,    272.45618,    272.45618,    272.35001
     t,    271.98056,    271.98056,    271.85001
     t,    271.40256,    271.40256,    271.35001
     t,    269.63565,    269.63565,    269.35001
     t,    269.33606,    269.33606,    268.95001
     t,    268.52917,    268.52917,    268.45001
     t,    268.03323,    268.03323,    268.14999
     t,    266.07727,    266.07727,    265.75000
     t,    265.77814,    265.77814,    265.85001
     t,    265.37656,    265.37656,    265.75000
     t,    263.64590,    263.64590,    263.54999
     t,    263.24005,    263.24005,    263.35001
     t,    263.03589,    263.03589,    263.04999
     t,    261.89603,    261.89603,    262.04999
     t,    261.05017,    261.05017,    261.85001
     t,    251.85742,    251.85742,    252.25000
     t,    251.07712,    251.07712,    251.45000
     t,    248.23546,    248.23546,    248.05000
     t,    246.96359,    246.96359,    246.45000
     t,    245.17551,    245.17551,    244.45000
     t,    240.61833,    240.61833,    240.64999
     t,    239.02248,    239.02248,    240.05000
     t,    236.19035,    236.19035,    237.45000
     t,    230.41220,    230.41220,    231.64999
     t,    226.35773,    226.35773,    229.25000
     t,    225.79648,    225.79648,    228.45000
     t,    224.26450,    224.26450,    226.85001
     t,    221.80499,    221.80499,    223.45000
     t,    219.79321,    219.79321,    220.25000
     t,    218.94846,    218.94846,    218.45000
     t,    218.05905,    218.05905,    216.64999
     t,    216.71837,    216.71837,    211.25000
     t,    216.60419,    216.60419,    212.45000
     t,    216.57576,    216.57576,    212.05000
     t,    216.54828,    216.54828,    217.05000
     t,    216.54243,    216.54243,    217.85001
     t,    216.45457,    216.45457,    215.85001
     t,    216.43817,    216.43817,    216.25000
     t,    216.44818,    216.44818,    216.85001
     t,    216.40027,    216.40027,    215.85001
     t,    216.36572,    216.36572,    214.25000
     t,    216.32863,    216.32863,    216.45000
     t,    216.31480,    216.31480,    218.25000
     t,    216.22710,    216.22710,    218.64999
     t,    215.93536,    215.93536,    216.45000
     t,    215.80969,    215.80969,    214.64999
     t,    215.63695,    215.63695,    214.05000
     t,    302.23782,    302.23782,    294.64999
     t,    302.23782,    302.23782,    296.85001
     t,    301.80966,    301.80966,    296.75000
     t,    301.06760,    301.06760,    296.14999
     t,    299.36020,    299.36020,    296.54999
     t,    295.94543,    295.94543,    295.35001
     t,    290.78018,    290.78018,    289.64999
     t,    287.90424,    287.90424,    287.75000
     t,    285.13138,    285.13138,    284.64999
     t,    285.03290,    285.03290,    284.64999
     t,    282.43408,    282.43408,    281.64999
     t,    281.00998,    281.00998,    280.14999
     t,    279.18228,    279.18228,    277.95001
     t,    278.38611,    278.38611,    277.04999
     t,    275.51447,    275.51447,    274.85001
     t,    273.79324,    273.79324,    273.64999
     t,    271.50970,    271.50970,    270.45001
     t,    271.08499,    271.08499,    270.45001
     t,    270.86423,    270.86423,    270.95001
     t,    270.76065,    270.76065,    270.75000
     t,    270.56036,    270.56036,    269.85001
     t,    270.35931,    270.35931,    270.25000
     t,    270.05646,    270.05646,    269.85001
     t,    269.75189,    269.75189,    269.14999
     t,    269.44571,    269.44571,    269.35001
     t,    265.77267,    265.77267,    265.45001
     t,    264.50159,    264.50159,    264.14999
     t,    255.14093,    255.14093,    256.54999
     t,    252.46298,    252.46298,    253.05000
     t,    247.61739,    247.61739,    248.45000
     t,    245.67163,    245.67163,    245.95000
     t,    239.83289,    239.83289,    240.35001
     t,    236.74063,    236.74063,    237.14999
     t,    235.79196,    235.79196,    236.14999
     t,    232.68036,    232.68036,    234.45000
     t,    226.14935,    226.14935,    227.45000
     t,    222.35213,    222.35213,    222.85001
     t,    221.35492,    221.35492,    222.64999
     t,    218.77357,    218.77357,    218.85001
     t,    217.94138,    217.94138,    218.45000
     t,    217.72493,    217.72493,    219.64999
     t,    216.97270,    216.97270,    218.45000
     t,    216.67450,    216.67450,    216.45000
     t,    216.60834,    216.60834,    216.85001
     t,    216.43269,    216.43269,    215.64999
     t,    216.32268,    216.32268,    216.05000
     t,    216.07997,    216.07997,    214.45000
     t,    215.85167,    215.85167,    216.45000
     t,    215.66249,    215.66249,    214.85001
     t,    215.56593,    215.56593,    215.64999
     t,    215.27260,    215.27260,    215.85001
     t,    215.23331,    215.23331,    216.05000
     t,    215.02988,    215.02988,    214.85001
     t,    214.86240,    214.86240,    215.05000
     t,    214.83385,    214.83385,    214.45000
     t,    214.77338,    214.77338,    214.85001
     t,    214.71510,    214.71510,    217.05000
     t,    214.68336,    214.68336,    217.64999
     t,    214.47078,    214.47078,    215.64999
     t,    214.38777,    214.38777,    217.45000
     t,    214.30212,    214.30212,    215.85001
     t,    214.17250,    214.17250,    215.45000
     t,    213.59702,    213.59702,    210.85001
     t,    213.30138,    213.30138,    210.45000
     t,    213.10780,    213.10780,    208.85001
     t,    212.97717,    212.97717,    208.64999
     t,    212.93681,    212.93681,    209.64999
     t,    212.90518,    212.90518,    213.05000
     t,    212.85585,    212.85585,    213.64999
     t,    212.77892,    212.77892,    213.45000
     t,    213.00369,    213.00369,    210.64999
     t,    213.16171,    213.16171,    214.45000
     t,    213.67499,    213.67499,    212.64999
     t,    213.76274,    213.76274,    214.45000
     t,    213.92366,    213.92366,    215.25000
     t,    214.25548,    214.25548,    213.64999
     t,    215.06297,    215.06297,    216.05000
     t,    216.55679,    216.55679,    214.05000
     t,    259.72397,    259.72397,    260.24567
     q,      0.51124,      0.51124,      0.49938
     q,      0.51124,      0.51124,      0.44751
     q,      0.52621,      0.52621,      0.46419
     q,      0.52737,      0.52737,      0.49413
     q,      0.62904,      0.62904,      0.60199
     q,      0.69652,      0.69652,      0.60940
     q,      0.73915,      0.73915,      0.28909
     q,      0.73147,      0.73147,      0.34255
     q,      0.72533,      0.72533,      0.51623
     q,      0.71751,      0.71751,      0.63574
     q,      0.72159,      0.72159,      0.62862
     q,      0.73615,      0.73615,      0.62533
     q,      0.75133,      0.75133,      0.68883
     q,      0.75245,      0.75245,      0.55008
     q,      0.75177,      0.75177,      0.60332
     q,      0.75203,      0.75203,      0.64872
     q,      0.75200,      0.75200,      0.55771
     q,      0.75288,      0.75288,      0.54753
     q,      0.74976,      0.74976,      0.63068
     q,      0.74692,      0.74692,      0.54296
     q,      0.73525,      0.73525,      0.61591
     q,      0.73282,      0.73282,      0.66034
     q,      0.72581,      0.72581,      0.57948
     q,      0.71996,      0.71996,      0.63101
     q,      0.69126,      0.69126,      0.47303
     q,      0.68558,      0.68558,      0.24481
     q,      0.67766,      0.67766,      0.14417
     q,      0.64621,      0.64621,      0.19569
     q,      0.63997,      0.63997,      0.12182
     q,      0.63672,      0.63672,      0.08106
     q,      0.62059,      0.62059,      0.07969
     q,      0.60791,      0.60791,      0.02784
     q,      0.56397,      0.56397,      0.02373
     q,      0.57689,      0.57689,      0.02925
     q,      0.65876,      0.65876,      0.21371
     q,      0.66308,      0.66308,      0.14386
     q,      0.66024,      0.66024,      0.14180
     q,      0.65251,      0.65251,      0.09518
     q,      0.64117,      0.64117,      0.10305
     q,      0.42413,      0.42413,      0.42295
     q,      0.42413,      0.42413,      0.40446
     q,      0.43033,      0.43033,      0.34753
     q,      0.44242,      0.44242,      0.37273
     q,      0.47076,      0.47076,      0.35020
     q,      0.49958,      0.49958,      0.39270
     q,      0.45597,      0.45597,      0.47144
     q,      0.46293,      0.46293,      0.60301
     q,      0.48836,      0.48836,      0.62562
     q,      0.48974,      0.48974,      0.62959
     q,      0.52981,      0.52981,      0.74068
     q,      0.55574,      0.55574,      0.60716
     q,      0.58710,      0.58710,      0.67269
     q,      0.59756,      0.59756,      0.62523
     q,      0.64379,      0.64379,      0.77799
     q,      0.66401,      0.66401,      0.74221
     q,      0.69395,      0.69395,      0.81792
     q,      0.70044,      0.70044,      0.82595
     q,      0.70470,      0.70470,      0.78474
     q,      0.70580,      0.70580,      0.77868
     q,      0.70666,      0.70666,      0.85225
     q,      0.70754,      0.70754,      0.72363
     q,      0.70890,      0.70890,      0.71060
     q,      0.71032,      0.71032,      0.82191
     q,      0.71178,      0.71178,      0.80176
     q,      0.72868,      0.72868,      0.85421
     q,      0.72700,      0.72700,      0.85969
     q,      0.72849,      0.72849,      0.88764
     q,      0.74515,      0.74515,      0.77385
     q,      0.76541,      0.76541,      0.78141
     q,      0.76055,      0.76055,      0.66482
     q,      0.71261,      0.71261,      0.77064
     q,      0.68730,      0.68730,      0.70539
     q,      0.71881,      0.71881,      0.89652
     t,    312.72122,    312.72122,    312.25000
     t,    312.57657,    312.57657,    309.64999
     t,    311.76099,    311.76099,    308.85001
     t,    307.32867,    307.32867,    304.54999
     t,    299.95932,    299.95932,    297.64999
     t,    298.12918,    298.12918,    295.85001
     t,    296.24698,    296.24698,    295.25000
     t,    295.75748,    295.75748,    296.04999
     t,    294.30920,    294.30920,    295.14999
     t,    287.22498,    287.22498,    287.64999
     t,    286.58014,    286.58014,    286.85001
     t,    285.93207,    285.93207,    286.25000
     t,    283.72153,    283.72153,    283.64999
     t,    281.15497,    281.15497,    281.45001
     t,    279.56567,    279.56567,    280.04999
     t,    278.70111,    278.70111,    279.35001
     t,    277.40421,    277.40421,    277.64999
     t,    276.65463,    276.65463,    276.75000
     t,    275.46558,    275.46558,    275.35001
     t,    275.13657,    275.13657,    274.85001
     t,    273.89908,    273.89908,    273.25000
     t,    273.47760,    273.47760,    272.95001
     t,    272.69250,    272.69250,    272.64999
     t,    271.40765,    271.40765,    270.54999
     t,    269.73898,    269.73898,    270.25000
     t,    269.64474,    269.64474,    270.25000
     t,    267.46402,    267.46402,    267.14999
     t,    265.77341,    265.77341,    266.45001
     t,    265.12485,    265.12485,    265.54999
     t,    264.79736,    264.79736,    265.54999
     t,    263.77258,    263.77258,    264.14999
     t,    263.30624,    263.30624,    263.54999
     t,    261.88138,    261.88138,    261.64999
     t,    261.64011,    261.64011,    261.45001
     t,    260.54001,    260.54001,    260.45001
     t,    258.33582,    258.33582,    258.04999
     t,    257.66684,    257.66684,    257.85001
     t,    252.61891,    252.61891,    252.45000
     t,    251.13199,    251.13199,    251.85001
     t,    249.75523,    249.75523,    250.85001
     t,    245.15982,    245.15982,    245.85001
     t,    242.99103,    242.99103,    243.25000
     t,    241.87430,    241.87430,    242.05000
     t,    237.34457,    237.34457,    238.05000
     t,    232.93187,    232.93187,    233.05000
     t,    223.01572,    223.01572,    223.85001
     t,    221.26532,    221.26532,    221.64999
     t,    210.72069,    210.72069,    209.45000
     t,    207.94971,    207.94971,    207.05000
     t,    207.42412,    207.42412,    206.64999
     t,    205.36928,    205.36928,    202.85001
     t,    204.46547,    204.46547,    203.64999
     t,    203.75139,    203.75139,    201.45000
     t,    203.46524,    203.46524,    202.45000
     t,    203.24051,    203.24051,    200.85001
     t,    203.01591,    203.01591,    200.45000
     t,    202.99472,    202.99472,    202.85001
     t,    202.97827,    202.97827,    203.25000
     t,    203.70412,    203.70412,    200.45000
     t,    205.19958,    205.19958,    206.25000
     t,    206.50981,    206.50981,    205.85001
     t,    209.45964,    209.45964,    206.05000
     t,    309.40479,    309.40479,    306.61050
     t,    303.22443,    303.22443,    304.04999
     t,    303.22443,    303.22443,    303.75000
     t,    303.47333,    303.47333,    303.95001
     t,    303.47333,    303.47333,    303.75000
     t,    303.19296,    303.19296,    306.75000
     t,    303.19296,    303.19296,    306.14999
     t,    303.22211,    303.22211,    303.85001
     t,    303.22211,    303.22211,    303.64999
     t,    303.69009,    303.69009,    304.45001
     t,    303.69006,    303.69006,    304.14999
     t,    304.08975,    304.08975,    304.95001
     t,    304.08972,    304.08972,    304.54999
     t,    303.90155,    303.90155,    304.35001
     t,    303.90158,    303.90158,    303.95001
     t,    303.22443,    303.22443,    304.25000
     t,    303.22443,    303.22443,    303.64999
     t,    303.22443,    303.22443,    303.64999
     t,    303.47333,    303.47333,    304.25000
     t,    303.47333,    303.47333,    303.64999
     t,    303.47333,    303.47333,    303.45001
     t,    303.19296,    303.19296,    307.35001
     t,    303.19296,    303.19296,    305.85001
     t,    303.19296,    303.19296,    305.75000
     t,    303.22211,    303.22211,    304.54999
     t,    303.22211,    303.22211,    303.14999
     t,    303.22214,    303.22214,    302.95001
     t,    303.69006,    303.69006,    305.25000
     t,    303.69006,    303.69006,    303.85001
     t,    303.69006,    303.69006,    303.54999
     t,    304.08975,    304.08975,    305.95001
     t,    304.08975,    304.08975,    303.95001
     t,    304.08975,    304.08975,    303.45001
     t,    303.90155,    303.90155,    305.35001
     t,    303.90158,    303.90158,    303.45001
     t,    303.90158,    303.90158,    302.95001
     t,    303.22443,    303.22443,    304.04999
     t,    303.22446,    303.22446,    303.95001
     t,    303.47333,    303.47333,    304.14999
     t,    303.47333,    303.47333,    304.14999
     t,    303.19296,    303.19296,    307.04999
     t,    303.19296,    303.19296,    306.54999
     t,    303.22211,    303.22211,    304.25000
     t,    303.22211,    303.22211,    304.35001
     t,    303.69006,    303.69006,    305.14999
     t,    303.69006,    303.69006,    305.04999
     t,    304.08975,    304.08975,    305.45001
     t,    304.08975,    304.08975,    305.35001
     t,    303.90155,    303.90155,    304.85001
     t,    303.90155,    303.90155,    304.64999
     q,      0.37605,      0.37605,      0.48691
     q,      0.37817,      0.37817,      0.41126
     q,      0.39070,      0.39070,      0.43534
     q,      0.47394,      0.47394,      0.51783
     q,      0.66580,      0.66580,      0.68474
     q,      0.72539,      0.72539,      0.73576
     q,      0.76433,      0.76433,      0.69458
     q,      0.77101,      0.77101,      0.59440
     q,      0.77725,      0.77725,      0.57285
     q,      0.73663,      0.73663,      0.56895
     q,      0.73477,      0.73477,      0.59996
     q,      0.73297,      0.73297,      0.52651
     q,      0.72638,      0.72638,      0.57878
     q,      0.71674,      0.71674,      0.44227
     q,      0.71004,      0.71004,      0.47759
     q,      0.68403,      0.68403,      0.41311
     q,      0.62542,      0.62542,      0.53047
     q,      0.58968,      0.58968,      0.41460
     q,      0.52780,      0.52780,      0.47014
     q,      0.50544,      0.50544,      0.36626
     q,      0.42045,      0.42045,      0.35106
     q,      0.38960,      0.38960,      0.25434
     q,      0.33140,      0.33140,      0.20335
     q,      0.30272,      0.30272,      0.10755
     q,      0.28977,      0.28977,      0.04422
     q,      0.28893,      0.28893,      0.04012
     q,      0.29436,      0.29436,      0.06980
     q,      0.31879,      0.31879,      0.02566
     q,      0.32793,      0.32793,      0.17230
     q,      0.33283,      0.33283,      0.08939
     q,      0.34531,      0.34531,      0.22206
     q,      0.34836,      0.34836,      0.40200
     q,      0.35877,      0.35877,      0.38341
     q,      0.36220,      0.36220,      0.35109
     q,      0.37099,      0.37099,      0.03067
     q,      0.35135,      0.35135,      0.04390
     q,      0.34225,      0.34225,      0.06344
     q,      0.27005,      0.27005,      0.06583
     q,      0.23446,      0.23446,      0.09917
     q,      0.17764,      0.17764,      0.08456
     q,      0.43241,      0.43241,      0.47747
     t,    225.43979,    225.43979,    225.64999
     t,    223.37901,    223.37901,    223.05000
     t,    216.82623,    216.82623,    215.64999
     t,    212.91331,    212.91331,    212.64999
     t,    211.88492,    211.88492,    210.85001
     t,    209.45587,    209.45587,    205.64999
     t,    208.04605,    208.04605,    203.45000
     t,    207.16216,    207.16216,    203.64999
     t,    206.48544,    206.48544,    205.45000
     t,    206.01566,    206.01566,    205.25000
     t,    205.28680,    205.28680,    206.05000
     t,    204.74989,    204.74989,    203.85001
     t,    204.94429,    204.94429,    205.05000
     t,    205.24374,    205.24374,    205.25000
     t,    205.90907,    205.90907,    206.45000
     t,    206.01715,    206.01715,    208.45000
     t,    206.41272,    206.41272,    206.05000
     t,    208.79132,    208.79132,    207.25000
     t,    209.62863,    209.62863,    209.64999
     t,    210.13461,    210.13461,    210.45000
     t,    211.50807,    211.50807,    208.85001
     t,    211.91373,    211.91373,    210.85001
     t,    212.32214,    212.32214,    214.64999
     t,    212.47095,    212.47095,    213.45000
     t,    308.87946,    308.87946,    307.95001
     t,    308.58310,    308.58310,    307.54999
     t,    307.29181,    307.29181,    306.85001
     t,    306.34824,    306.34824,    304.75000
     t,    299.87292,    299.87292,    298.04999
     t,    296.43005,    296.43005,    294.35001
     t,    295.14053,    295.14053,    294.04999
     t,    293.83707,    293.83707,    292.95001
     t,    290.45621,    290.45621,    290.45001
     t,    289.79736,    289.79736,    290.45001
     t,    288.87869,    288.87869,    288.85001
     t,    288.54175,    288.54175,    288.75000
     t,    288.11795,    288.11795,    288.14999
     t,    286.60602,    286.60602,    286.45001
     t,    286.51489,    286.51489,    286.25000
     t,    284.47632,    284.47632,    283.14999
     t,    278.39044,    278.39044,    279.35001
     t,    277.37320,    277.37320,    279.35001
     t,    275.66684,    275.66684,    275.45001
     t,    274.74820,    274.74820,    274.54999
     t,    274.43762,    274.43762,    273.75000
     t,    274.13721,    274.13721,    273.35001
     t,    273.99289,    273.99289,    272.75000
     t,    273.70270,    273.70270,    272.64999
     t,    273.62985,    273.62985,    272.35001
     t,    273.55682,    273.55682,    272.04999
     t,    273.41043,    273.41043,    271.45001
     t,    272.89383,    272.89383,    271.14999
     t,    271.83984,    271.83984,    269.35001
     t,    271.37967,    271.37967,    268.54999
     t,    271.07001,    271.07001,    267.85001
     t,    270.63034,    270.63034,    267.35001
     t,    269.55618,    269.55618,    265.75000
     t,    269.09561,    269.09561,    265.35001
     t,    268.63495,    268.63495,    264.75000
     t,    268.07599,    268.07599,    267.25000
     t,    266.61319,    266.61319,    265.25000
     t,    266.26572,    266.26572,    265.04999
     t,    265.79901,    265.79901,    266.35001
     t,    265.19366,    265.19366,    266.35001
     t,    263.46188,    263.46188,    264.25000
     t,    260.41885,    260.41885,    262.14999
     t,    257.70523,    257.70523,    258.45001
     t,    257.26059,    257.26059,    257.35001
     t,    254.73167,    254.73167,    254.95000
     t,    254.09824,    254.09824,    254.55000
     t,    253.08516,    253.08516,    253.45000
     t,    251.90324,    251.90324,    251.85001
     t,    250.78232,    250.78232,    250.35001
     t,    249.66563,    249.66563,    249.75000
     t,    249.12495,    249.12495,    249.25000
     t,    247.02820,    247.02820,    247.85001
     t,    243.09932,    243.09932,    244.45000
     t,    235.99554,    235.99554,    238.45000
     t,    232.99348,    232.99348,    234.64999
     t,    231.96692,    231.96692,    233.45000
     t,    230.71959,    230.71959,    233.05000
     t,    222.00867,    222.00867,    222.85001
     t,    216.91350,    216.91350,    216.85001
     t,    215.36806,    215.36806,    216.64999
     t,    209.18033,    209.18033,    208.45000
     t,    207.82906,    207.82906,    206.45000
     t,    204.39244,    204.39244,    198.25000
     t,    203.95132,    203.95132,    198.85001
     t,    203.53802,    203.53802,    197.05000
     t,    203.37842,    203.37842,    198.05000
     t,    203.29207,    203.29207,    197.64999
     t,    203.11703,    203.11703,    198.45000
     t,    203.19312,    203.19312,    197.45000
     t,    203.27440,    203.27440,    200.45000
     t,    203.52495,    203.52495,    203.25000
     t,    204.36723,    204.36723,    201.05000
     t,    204.94229,    204.94229,    202.05000
     t,    205.00238,    205.00238,    202.64999
     t,    205.07790,    205.07790,    207.05000
     t,    205.20886,    205.20886,    207.85001
     t,    206.73520,    206.73520,    204.85001
     t,    207.36182,    207.36182,    206.05000
     t,    207.53888,    207.53888,    208.45000
     t,    207.81798,    207.81798,    208.45000
     t,    208.98703,    208.98703,    207.64999
     t,    210.16869,    210.16869,    211.25000
     t,    211.29533,    211.29533,    211.45000
     t,    308.88193,    308.88193,    305.25000
     t,    305.03781,    305.03781,    300.25000
     t,    302.30450,    302.30450,    297.35001
     t,    298.34079,    298.34079,    295.04999
     t,    292.08511,    292.08511,    289.85001
     t,    289.73083,    289.73083,    287.25000
     t,    288.97580,    288.97580,    288.45001
     t,    287.25604,    287.25604,    287.04999
     t,    286.29306,    286.29306,    286.25000
     t,    285.58316,    285.58316,    286.14999
     t,    274.96271,    274.96271,    274.25000
     t,    273.65054,    273.65054,    273.14999
     t,    269.30563,    269.30563,    267.64999
     t,    269.04813,    269.04813,    267.75000
     t,    268.87558,    268.87558,    267.75000
     t,    268.70236,    268.70236,    267.35001
     t,    267.01184,    267.01184,    265.95001
     t,    266.31650,    266.31650,    266.75000
     t,    263.65240,    263.65240,    264.04999
     t,    259.99960,    259.99960,    259.14999
     t,    257.80328,    257.80328,    258.25000
     t,    257.12988,    257.12988,    257.85001
     t,    251.66335,    251.66335,    251.45000
     t,    243.63487,    243.63487,    246.25000
     t,    242.17065,    242.17065,    244.45000
     t,    233.24834,    233.24834,    235.05000
     t,    232.48227,    232.48227,    234.25000
     t,    222.37714,    222.37714,    222.25000
     t,    218.55574,    218.55574,    217.85001
     t,    213.73383,    213.73383,    213.25000
     t,    213.01479,    213.01479,    214.25000
     t,    210.54678,    210.54678,    210.45000
     t,    205.88565,    205.88565,    202.25000
     t,    204.55624,    204.55624,    198.64999
     t,    203.93469,    203.93469,    198.85001
     t,    203.63141,    203.63141,    200.25000
     t,    203.52852,    203.52852,    201.05000
     t,    204.22020,    204.22020,    207.05000
     t,    207.14912,    207.14912,    205.45000
     t,    207.82135,    207.82135,    210.05000
     t,    208.60587,    208.60587,    207.25000
     t,    209.24088,    209.24088,    208.45000
     t,    294.92944,    294.92944,    292.33539
     t,    279.79712,    279.79712,    280.14023
     t,    227.85480,    227.85480,    228.66879
     q,      0.57188,      0.57188,      0.64801
     q,      0.57069,      0.57069,      0.58490
     q,      0.57635,      0.57635,      0.63274
     q,      0.56785,      0.56785,      0.59347
     q,      0.70958,      0.70958,      0.77280
     q,      0.80763,      0.80763,      0.82605
     q,      0.83715,      0.83715,      0.84621
     q,      0.86894,      0.86894,      0.73433
     q,      0.90686,      0.90686,      0.73801
     q,      0.88441,      0.88441,      0.67659
     q,      0.85051,      0.85051,      0.64598
     q,      0.83770,      0.83770,      0.76475
     q,      0.82111,      0.82111,      0.78300
     q,      0.78634,      0.78634,      0.71347
     q,      0.78483,      0.78483,      0.71228
     q,      0.74796,      0.74796,      0.82607
     q,      0.67259,      0.67259,      0.96484
     q,      0.65357,      0.65357,      1.02644
     q,      0.59106,      0.59106,      0.86544
     q,      0.55443,      0.55443,      0.87453
     q,      0.54202,      0.54202,      0.74737
     q,      0.53019,      0.53019,      0.77423
     q,      0.52506,      0.52506,      0.62718
     q,      0.51456,      0.51456,      0.83951
     q,      0.51188,      0.51188,      0.82490
     q,      0.50918,      0.50918,      0.84776
     q,      0.50372,      0.50372,      0.75923
     q,      0.48390,      0.48390,      0.80423
     q,      0.44154,      0.44154,      0.63165
     q,      0.42135,      0.42135,      0.72178
     q,      0.40727,      0.40727,      0.64151
     q,      0.39933,      0.39933,      0.68760
     q,      0.37658,      0.37658,      0.58965
     q,      0.36790,      0.36790,      0.58563
     q,      0.35707,      0.35707,      0.58187
     q,      0.34322,      0.34322,      0.72334
     q,      0.33271,      0.33271,      0.78680
     q,      0.33563,      0.33563,      0.79421
     q,      0.33974,      0.33974,      0.92542
     q,      0.34890,      0.34890,      0.93877
     q,      0.37614,      0.37614,      0.89040
     q,      0.47754,      0.47754,      0.97931
     q,      0.62713,      0.62713,      0.85490
     q,      0.66012,      0.66012,      0.80075
     q,      0.78995,      0.78995,      0.69204
     q,      0.78722,      0.78722,      0.79582
     q,      0.78355,      0.78355,      0.73155
     q,      0.77715,      0.77715,      0.70245
     q,      0.76470,      0.76470,      0.50122
     q,      0.74600,      0.74600,      0.35048
     q,      0.73838,      0.73838,      0.17063
     q,      0.69669,      0.69669,      0.10171
     q,      0.57674,      0.57674,      0.09687
     q,      0.52958,      0.52958,      0.53160
     q,      0.61314,      0.61314,      0.59421
     q,      0.68143,      0.68143,      0.65314
     q,      0.78068,      0.78068,      0.71047
     q,      0.88708,      0.88708,      0.86049
     q,      0.83479,      0.83479,      0.79272
     q,      0.80921,      0.80921,      0.62081
     q,      0.75311,      0.75311,      0.51628
     q,      0.74767,      0.74767,      0.51565
     q,      0.74336,      0.74336,      0.46538
     q,      0.62837,      0.62837,      0.79231
     q,      0.58687,      0.58687,      0.61136
     q,      0.41929,      0.41929,      0.65782
     q,      0.40913,      0.40913,      0.31626
     q,      0.40217,      0.40217,      0.34890
     q,      0.39508,      0.39508,      0.37165
     q,      0.32131,      0.32131,      0.34274
     q,      0.30183,      0.30183,      0.10888
     q,      0.21193,      0.21193,      0.24015
     q,      0.17989,      0.17989,      0.13720
     q,      0.23787,      0.23787,      0.05848
     q,      0.28077,      0.28077,      0.10145
     q,      0.46239,      0.46239,      0.03546
     q,      0.85898,      0.85898,      0.79350
     q,      0.71189,      0.71189,      0.61959
     t,    297.93298,    297.93298,    297.04999
     t,    297.93301,    297.93301,    296.35001
     t,    297.00864,    297.00864,    294.25000
     t,    295.45126,    295.45126,    293.25000
     t,    294.24454,    294.24454,    292.64999
     t,    294.06433,    294.06433,    292.35001
     t,    294.04391,    294.04391,    293.04999
     t,    294.15039,    294.15039,    292.25000
     t,    293.73175,    293.73175,    291.35001
     t,    292.52194,    292.52194,    289.85001
     t,    292.28354,    292.28354,    289.14999
     t,    291.95035,    291.95035,    287.95001
     t,    291.61459,    291.61459,    287.14999
     t,    289.68210,    289.68210,    287.35001
     t,    284.75906,    284.75906,    282.54999
     t,    284.60632,    284.60632,    282.25000
     t,    283.52277,    283.52277,    281.75000
     t,    283.05228,    283.05228,    281.45001
     t,    282.65698,    282.65698,    281.54999
     t,    280.10104,    280.10104,    279.85001
     t,    277.93973,    277.93973,    278.95001
     t,    275.65527,    275.65527,    276.04999
     t,    275.15179,    275.15179,    275.95001
     t,    272.86041,    272.86041,    272.85001
     t,    271.91113,    271.91113,    272.45001
     t,    271.12003,    271.12003,    271.75000
     t,    270.49548,    270.49548,    271.25000
     t,    267.93173,    267.93173,    268.75000
     t,    267.63800,    267.63800,    268.35001
     t,    264.91833,    264.91833,    265.14999
     t,    263.68475,    263.68475,    263.85001
     t,    259.83667,    259.83667,    260.14999
     t,    256.56512,    256.56512,    256.04999
     t,    256.15524,    256.15524,    255.64999
     t,    254.62955,    254.62955,    254.55000
     t,    254.06259,    254.06259,    253.95000
     t,    253.05609,    253.05609,    252.95000
     t,    252.31297,    252.31297,    252.14999
     t,    250.47630,    250.47630,    250.35001
     t,    249.69293,    249.69293,    249.55000
     t,    248.25763,    248.25763,    248.55000
     t,    246.11098,    246.11098,    246.05000
     t,    244.73660,    244.73660,    245.45000
     t,    240.18471,    240.18471,    240.85001
     t,    238.33995,    238.33995,    238.64999
     t,    235.69594,    235.69594,    235.25000
     t,    234.40742,    234.40742,    234.85001
     t,    231.23735,    231.23735,    232.05000
     t,    222.57419,    222.57419,    223.45000
     t,    222.17294,    222.17294,    223.25000
     t,    220.68643,    220.68643,    222.85001
     t,    214.15665,    214.15665,    213.25000
     t,    212.60933,    212.60933,    211.25000
     t,    212.12703,    212.12703,    210.25000
     t,    211.38506,    211.38506,    208.25000
     t,    210.25540,    210.25540,    206.25000
     t,    209.99281,    209.99281,    207.25000
     t,    209.26048,    209.26048,    207.25000
     t,    207.98917,    207.98917,    204.85001
     t,    207.23813,    207.23813,    204.85001
     t,    207.02440,    207.02440,    207.05000
     t,    206.90997,    206.90997,    206.05000
     t,    207.02968,    207.02968,    208.25000
     t,    207.64578,    207.64578,    207.45000
     t,    207.89598,    207.89598,    209.05000
     t,    208.83527,    208.83527,    207.25000
     t,    210.64883,    210.64883,    207.85001
     t,    210.81114,    210.81114,    210.85001
     t,    210.82286,    210.82286,    210.85001
     t,    211.10919,    211.10919,    212.45000
     t,    211.91821,    211.91821,    209.85001
     t,    212.68263,    212.68263,    211.85001
     t,    212.91925,    212.91925,    213.64999
     t,    226.61285,    226.61285,    227.51543
     t,    295.40283,    295.40283,    295.75000
     t,    295.40283,    295.40283,    295.14999
     t,    292.02472,    292.02472,    291.04999
     t,    291.33167,    291.33167,    290.25000
     t,    289.05209,    289.05209,    287.25000
     t,    288.86212,    288.86212,    287.85001
     t,    288.45908,    288.45908,    287.45001
     t,    288.29318,    288.29318,    285.95001
     t,    287.55478,    287.55478,    283.95001
     t,    287.25894,    287.25894,    284.54999
     t,    285.40933,    285.40933,    282.45001
     t,    284.04468,    284.04468,    282.35001
     t,    283.85281,    283.85281,    282.04999
     t,    283.46661,    283.46661,    281.75000
     t,    283.20731,    283.20731,    281.25000
     t,    282.48633,    282.48633,    282.14999
     t,    281.61908,    281.61908,    281.04999
     t,    281.28159,    281.28159,    280.64999
     t,    280.94553,    280.94553,    280.45001
     t,    280.53882,    280.53882,    279.85001
     t,    278.65457,    278.65457,    277.04999
     t,    278.44064,    278.44064,    276.85001
     t,    277.54816,    277.54816,    276.75000
     t,    276.58084,    276.58084,    276.04999
     t,    274.16043,    274.16043,    273.25000
     t,    272.69742,    272.69742,    271.75000
     t,    268.32364,    268.32364,    267.54999
     t,    267.21179,    267.21179,    266.85001
     t,    266.64642,    266.64642,    266.85001
     t,    266.18997,    266.18997,    266.64999
     t,    265.04474,    265.04474,    265.25000
     t,    263.82642,    263.82642,    263.64999
     t,    260.22095,    260.22095,    259.25000
     t,    259.23416,    259.23416,    258.35001
     t,    257.97153,    257.97153,    256.64999
     t,    257.71542,    257.71542,    256.64999
     t,    257.06973,    257.06973,    256.54999
     t,    256.80930,    256.80930,    256.54999
     t,    255.13843,    255.13843,    255.14999
     t,    254.85031,    254.85031,    254.95000
     t,    253.83321,    253.83321,    253.95000
     t,    250.98207,    250.98207,    250.55000
     t,    248.81042,    248.81042,    248.35001
     t,    247.69395,    247.69395,    247.14999
     t,    243.62488,    243.62488,    244.14999
     t,    238.61981,    238.61981,    239.55000
     t,    238.42128,    238.42128,    239.35001
     t,    230.85986,    230.85986,    231.64999
     t,    228.10808,    228.10808,    228.64999
     t,    225.28740,    225.28740,    225.05000
     t,    222.21538,    222.21538,    220.25000
     t,    222.00513,    222.00513,    220.85001
     t,    220.68095,    220.68095,    219.45000
     t,    220.34000,    220.34000,    219.64999
     t,    219.42441,    219.42441,    220.25000
     t,    218.38632,    218.38632,    219.85001
     t,    216.67749,    216.67749,    216.64999
     t,    215.53535,    215.53535,    215.64999
     t,    215.12650,    215.12650,    214.45000
     t,    214.57056,    214.57056,    214.64999
     t,    211.97311,    211.97311,    210.05000
     t,    211.71613,    211.71613,    210.25000
     t,    210.64609,    210.64609,    208.85001
     t,    210.50792,    210.50792,    209.25000
     t,    209.51312,    209.51312,    206.64999
     t,    209.37778,    209.37778,    207.45000
     t,    209.27481,    209.27481,    206.85001
     t,    209.29196,    209.29196,    211.64999
     t,    209.55504,    209.55504,    211.64999
     t,    210.12331,    210.12331,    208.64999
     t,    210.40973,    210.40973,    209.45000
     t,    210.93338,    210.93338,    207.45000
     t,    211.53812,    211.53812,    209.25000
     t,    211.59566,    211.59566,    209.05000
     t,    211.84787,    211.84787,    211.45000
     t,    213.54449,    213.54449,    211.64999
     t,    293.65500,    293.65500,    293.05728
     q,      0.79955,      0.79955,      0.87190
     q,      0.79955,      0.79955,      0.78115
     q,      0.83102,      0.83102,      0.78539
     q,      0.89328,      0.89328,      0.84729
     q,      0.93652,      0.93652,      0.87851
     q,      0.94235,      0.94235,      0.87713
     q,      0.94768,      0.94768,      0.89758
     q,      0.92107,      0.92107,      0.83338
     q,      0.91924,      0.91924,      0.81174
     q,      0.92203,      0.92203,      0.80052
     q,      0.92212,      0.92212,      0.77020
     q,      0.91934,      0.91934,      0.64237
     q,      0.91648,      0.91648,      0.64155
     q,      0.88804,      0.88804,      0.78156
     q,      0.72119,      0.72119,      0.70827
     q,      0.71857,      0.71857,      0.70488
     q,      0.70027,      0.70027,      0.75840
     q,      0.69121,      0.69121,      0.74885
     q,      0.68330,      0.68330,      0.67575
     q,      0.66003,      0.66003,      0.72415
     q,      0.64948,      0.64948,      0.69317
     q,      0.63935,      0.63935,      0.76043
     q,      0.63682,      0.63682,      0.67813
     q,      0.61512,      0.61512,      0.72558
     q,      0.60047,      0.60047,      0.76332
     q,      0.58716,      0.58716,      0.52548
     q,      0.57586,      0.57586,      0.45307
     q,      0.53717,      0.53717,      0.34577
     q,      0.53202,      0.53202,      0.34158
     q,      0.50307,      0.50307,      0.37677
     q,      0.49776,      0.49776,      0.26022
     q,      0.48444,      0.48444,      0.25166
     q,      0.47680,      0.47680,      0.51277
     q,      0.47559,      0.47559,      0.51049
     q,      0.46985,      0.46985,      0.33096
     q,      0.46767,      0.46767,      0.39734
     q,      0.46334,      0.46334,      0.32655
     q,      0.45856,      0.45856,      0.19372
     q,      0.44447,      0.44447,      0.22998
     q,      0.43731,      0.43731,      0.34104
     q,      0.42286,      0.42286,      0.23455
     q,      0.40559,      0.40559,      0.17551
     q,      0.76942,      0.76942,      0.80602
     q,      0.76942,      0.76942,      0.73897
     q,      0.86375,      0.86375,      0.84250
     q,      0.88618,      0.88618,      0.87434
     q,      0.97369,      0.97369,      0.84854
     q,      0.97903,      0.97903,      0.85896
     q,      0.94539,      0.94539,      0.82687
     q,      0.91238,      0.91238,      0.70330
     q,      0.73842,      0.73842,      0.60014
     q,      0.70849,      0.70849,      0.68104
     q,      0.66573,      0.66573,      0.67535
     q,      0.61715,      0.61715,      0.65406
     q,      0.60785,      0.60785,      0.62477
     q,      0.58874,      0.58874,      0.54534
     q,      0.57561,      0.57561,      0.40590
     q,      0.53777,      0.53777,      0.21298
     q,      0.48947,      0.48947,      0.19047
     q,      0.46989,      0.46989,      0.40354
     q,      0.45062,      0.45062,      0.32642
     q,      0.42666,      0.42666,      0.46176
     q,      0.30562,      0.30562,      0.48749
     q,      0.29075,      0.29075,      0.36266
     q,      0.24435,      0.24435,      0.13222
     q,      0.21739,      0.21739,      0.04332
     q,      0.13825,      0.13825,      0.13318
     q,      0.14089,      0.14089,      0.06072
     q,      0.17597,      0.17597,      0.07450
     q,      0.19675,      0.19675,      0.05624
     q,      0.20848,      0.20848,      0.20394
     q,      0.21857,      0.21857,      0.22756
     q,      0.24314,      0.24314,      0.21984
     q,      0.25179,      0.25179,      0.35780
     q,      0.29357,      0.29357,      0.35209
     q,      0.31795,      0.31795,      0.24303
     q,      0.35451,      0.35451,      0.36433
     q,      0.36269,      0.36269,      0.44727
     q,      0.38462,      0.38462,      0.22273
     q,      0.39404,      0.39404,      0.27689
     q,      0.45200,      0.45200,      0.33554
     q,      0.46300,      0.46300,      0.33688
     q,      0.50398,      0.50398,      0.30268
     q,      0.63160,      0.63160,      0.41380
     q,      0.68008,      0.68008,      0.59150
     q,      0.71049,      0.71049,      0.53090
     q,      0.73969,      0.73969,      0.70717
     q,      0.72464,      0.72464,      0.63291
     q,      0.81133,      0.81133,      0.79142
     t,    215.32022,    215.32022,    213.64999
     t,    215.01031,    215.01031,    216.25000
     t,    214.93466,    214.93466,    211.85001
     t,    215.15680,    215.15680,    213.64999
     t,    215.35497,    215.35497,    213.64999
     t,    215.45695,    215.45695,    215.85001
     t,    217.22437,    217.22437,    215.64999
     t,    217.81766,    217.81766,    219.05000
     t,    301.76437,    301.76437,    302.25000
     t,    301.55685,    301.55685,    300.04999
     t,    300.79877,    300.79877,    299.14999
     t,    298.51840,    298.51840,    296.85001
     t,    291.46390,    291.46390,    289.85001
     t,    289.92480,    289.92480,    287.25000
     t,    289.85315,    289.85315,    287.35001
     t,    289.75714,    289.75714,    289.14999
     t,    289.66071,    289.66071,    289.64999
     t,    289.20520,    289.20520,    289.75000
     t,    288.93680,    288.93680,    289.64999
     t,    288.52847,    288.52847,    289.04999
     t,    288.00424,    288.00424,    288.45001
     t,    287.66730,    287.66730,    287.85001
     t,    287.11981,    287.11981,    287.04999
     t,    284.06158,    284.06158,    284.14999
     t,    283.41846,    283.41846,    283.35001
     t,    276.43542,    276.43542,    275.95001
     t,    273.57108,    273.57108,    273.85001
     t,    271.00415,    271.00415,    271.04999
     t,    269.02911,    269.02911,    269.35001
     t,    268.28070,    268.28070,    268.85001
     t,    264.19135,    264.19135,    264.25000
     t,    263.54443,    263.54443,    263.45001
     t,    263.35764,    263.35764,    263.25000
     t,    262.31671,    262.31671,    262.75000
     t,    259.67224,    259.67224,    259.54999
     t,    259.06540,    259.06540,    260.04999
     t,    258.03522,    258.03522,    259.04999
     t,    256.89487,    256.89487,    257.95001
     t,    254.44272,    254.44272,    255.55000
     t,    254.06474,    254.06474,    255.14999
     t,    252.60184,    252.60184,    253.55000
     t,    251.19138,    251.19138,    251.85001
     t,    249.15401,    249.15401,    249.64999
     t,    247.94643,    247.94643,    248.35001
     t,    243.47986,    243.47986,    243.64999
     t,    240.63350,    240.63350,    240.25000
     t,    238.36998,    238.36998,    237.64999
     t,    236.78246,    236.78246,    236.85001
     t,    236.60242,    236.60242,    236.64999
     t,    230.99939,    230.99939,    231.05000
     t,    228.40837,    228.40837,    228.05000
     t,    226.96147,    226.96147,    226.85001
     t,    223.74564,    223.74564,    224.25000
     t,    217.84190,    217.84190,    216.45000
     t,    217.25488,    217.25488,    215.85001
     t,    216.60321,    216.60321,    214.05000
     t,    216.38222,    216.38222,    215.05000
     t,    216.06296,    216.06296,    213.64999
     t,    215.95494,    215.95494,    215.05000
     t,    215.96527,    215.96527,    216.45000
     t,    215.99306,    215.99306,    217.64999
     t,    215.96744,    215.96744,    217.85001
     t,    215.91270,    215.91270,    216.64999
     t,    215.88361,    215.88361,    215.64999
     t,    215.80916,    215.80916,    216.05000
     t,    215.64362,    215.64362,    214.64999
     t,    215.47043,    215.47043,    214.45000
     t,    215.33109,    215.33109,    215.25000
     t,    215.11127,    215.11127,    213.85001
     t,    214.99805,    214.99805,    215.05000
     t,    214.80328,    214.80328,    213.45000
     t,    214.60358,    214.60358,    213.25000
     t,    214.16959,    214.16959,    211.85001
     t,    213.99371,    213.99371,    213.25000
     t,    213.91312,    213.91312,    210.85001
     t,    213.70772,    213.70772,    212.25000
     t,    213.62346,    213.62346,    214.85001
     t,    213.94664,    213.94664,    213.64999
     t,    214.00830,    214.00830,    213.64999
     t,    214.40849,    214.40849,    215.05000
     t,    216.97046,    216.97046,    214.25000
     t,    217.66069,    217.66069,    215.45000
     q,      0.41466,      0.41466,      0.45313
     q,      0.41728,      0.41728,      0.40463
     q,      0.42772,      0.42772,      0.40086
     q,      0.47305,      0.47305,      0.42370
     q,      0.63815,      0.63815,      0.60954
     q,      0.51735,      0.51735,      0.62325
     q,      0.49219,      0.49219,      0.61113
     q,      0.45872,      0.45872,      0.52203
     q,      0.42534,      0.42534,      0.44151
     q,      0.33650,      0.33650,      0.15397
     q,      0.28489,      0.28489,      0.27998
     q,      0.28424,      0.28424,      0.39146
     q,      0.28757,      0.28757,      0.29269
     q,      0.28956,      0.28956,      0.37925
     q,      0.30440,      0.30440,      0.32430
     q,      0.43058,      0.43058,      0.40121
     q,      0.45357,      0.45357,      0.42439
     q,      0.67738,      0.67738,      0.67126
     q,      0.70753,      0.70753,      0.65158
     q,      0.68068,      0.68068,      0.63041
     q,      0.65032,      0.65032,      0.64287
     q,      0.62897,      0.62897,      0.72127
     q,      0.49970,      0.49970,      0.60968
     q,      0.48584,      0.48584,      0.66743
     q,      0.48182,      0.48182,      0.67125
     q,      0.45783,      0.45783,      0.62650
     q,      0.42495,      0.42495,      0.63922
     q,      0.42081,      0.42081,      0.54512
     q,      0.41255,      0.41255,      0.45483
     q,      0.40753,      0.40753,      0.25891
     q,      0.40361,      0.40361,      0.30500
     q,      0.40295,      0.40295,      0.22557
     q,      0.40193,      0.40193,      0.19619
     q,      0.40265,      0.40265,      0.12166
     q,      0.40403,      0.40403,      0.16039
     q,      0.40442,      0.40442,      0.26036
     q,      0.40256,      0.40256,      0.26854
     q,      0.39746,      0.39746,      0.37149
     q,      0.39271,      0.39271,      0.39225
     q,      0.39141,      0.39141,      0.26581
     q,      0.39140,      0.39140,      0.26435
     t,    306.99466,    306.99466,    308.54999
     t,    306.03378,    306.03378,    306.14999
     t,    305.58337,    305.58337,    305.75000
     t,    299.59689,    299.59689,    299.54999
     t,    298.53284,    298.53284,    298.14999
     t,    298.07724,    298.07724,    297.85001
     t,    295.87534,    295.87534,    295.04999
     t,    295.28375,    295.28375,    294.35001
     t,    294.22458,    294.22458,    293.04999
     t,    293.59808,    293.59808,    292.85001
     t,    291.81094,    291.81094,    291.75000
     t,    290.76297,    290.76297,    290.45001
     t,    289.95593,    289.95593,    289.45001
     t,    288.92648,    288.92648,    288.45001
     t,    287.70291,    287.70291,    287.75000
     t,    286.74777,    286.74777,    286.75000
     t,    285.85046,    285.85046,    285.85001
     t,    283.74164,    283.74164,    283.75000
     t,    283.06085,    283.06085,    283.25000
     t,    280.78421,    280.78421,    280.35001
     t,    277.90610,    277.90610,    277.45001
     t,    277.46997,    277.46997,    276.95001
     t,    276.85324,    276.85324,    276.45001
     t,    276.43253,    276.43253,    276.04999
     t,    275.09662,    275.09662,    275.14999
     t,    274.37515,    274.37515,    274.64999
     t,    273.96918,    273.96918,    274.35001
     t,    273.06302,    273.06302,    273.75000
     t,    271.90271,    271.90271,    272.54999
     t,    268.68393,    268.68393,    268.45001
     t,    265.33643,    265.33643,    265.04999
     t,    263.12732,    263.12732,    263.35001
     t,    260.49289,    260.49289,    260.35001
     t,    259.02527,    259.02527,    258.85001
     t,    257.51074,    257.51074,    257.45001
     t,    252.77641,    252.77641,    252.85001
     t,    250.95345,    250.95345,    250.64999
     t,    250.14073,    250.14073,    249.85001
     t,    241.70943,    241.70943,    241.25000
     t,    234.99988,    234.99988,    234.45000
     t,    231.27095,    231.27095,    231.05000
     t,    221.85873,    221.85873,    221.25000
     t,    220.75240,    220.75240,    220.45000
     t,    220.13118,    220.13118,    219.85001
     t,    219.92064,    219.92064,    219.85001
     t,    219.06776,    219.06776,    218.85001
     t,    216.86435,    216.86435,    216.25000
     t,    211.67746,    211.67746,    210.05000
     t,    209.76941,    209.76941,    209.05000
     t,    208.84131,    208.84131,    208.05000
     t,    207.61407,    207.61407,    207.25000
     t,    205.83434,    205.83434,    204.05000
     t,    205.45776,    205.45776,    204.45000
     t,    204.29793,    204.29793,    202.64999
     t,    204.04443,    204.04443,    203.45000
     t,    203.25645,    203.25645,    203.05000
     t,    202.55260,    202.55260,    199.85001
     t,    202.09239,    202.09239,    199.45000
     t,    202.18004,    202.18004,    200.85001
     t,    202.45190,    202.45190,    205.25000
     t,    202.77847,    202.77847,    204.05000
     t,    203.28709,    203.28709,    205.25000
     t,    204.78314,    204.78314,    204.05000
     t,    205.79106,    205.79106,    206.25000
     t,    207.43001,    207.43001,    208.85001
     t,    209.02319,    209.02319,    207.64999
     t,    209.39957,    209.39957,    209.45000
     t,    210.40382,    210.40382,    209.85001
     t,    210.44363,    210.44363,    211.85001
     t,    304.08969,    304.08969,    304.31436
     t,    302.52661,    302.52661,    302.79196
     t,    310.56659,    310.56659,    309.95001
     t,    310.56656,    310.56656,    309.25000
     t,    309.80515,    309.80515,    308.04999
     t,    303.74091,    303.74091,    301.85001
     t,    298.85025,    298.85025,    297.14999
     t,    296.51785,    296.51785,    294.95001
     t,    292.33148,    292.33148,    291.04999
     t,    291.83536,    291.83536,    290.75000
     t,    291.33813,    291.33813,    291.75000
     t,    290.42371,    290.42371,    291.14999
     t,    287.89761,    287.89761,    288.85001
     t,    284.92416,    284.92416,    285.45001
     t,    284.77606,    284.77606,    285.25000
     t,    283.32700,    283.32700,    283.85001
     t,    282.62027,    282.62027,    283.45001
     t,    278.36176,    278.36176,    278.54999
     t,    277.43884,    277.43884,    276.95001
     t,    277.15076,    277.15076,    276.75000
     t,    276.67508,    276.67508,    276.95001
     t,    275.75476,    275.75476,    275.54999
     t,    275.24884,    275.24884,    274.75000
     t,    274.99191,    274.99191,    274.45001
     t,    274.64719,    274.64719,    274.25000
     t,    274.29999,    274.29999,    273.85001
     t,    273.77444,    273.77444,    273.25000
     t,    273.15308,    273.15308,    272.25000
     t,    271.92929,    271.92929,    271.04999
     t,    271.35577,    271.35577,    270.75000
     t,    270.77383,    270.77383,    270.75000
     t,    269.48938,    269.48938,    269.85001
     t,    269.28879,    269.28879,    269.54999
     t,    268.22162,    268.22162,    268.75000
     t,    266.13654,    266.13654,    267.14999
     t,    260.26456,    260.26456,    259.75000
     t,    259.37155,    259.37155,    258.54999
     t,    258.46323,    258.46323,    257.54999
     t,    258.06912,    258.06912,    256.95001
     t,    256.86871,    256.86871,    255.55000
     t,    255.67331,    255.67331,    255.05000
     t,    250.84917,    250.84917,    251.25000
     t,    242.39204,    242.39204,    242.64999
     t,    238.38329,    238.38329,    238.25000
     t,    232.87964,    232.87964,    233.45000
     t,    232.29355,    232.29355,    232.85001
     t,    229.45003,    229.45003,    229.45000
     t,    228.39272,    228.39272,    228.25000
     t,    226.30568,    226.30568,    225.64999
     t,    223.27885,    223.27885,    222.25000
     t,    221.42719,    221.42719,    220.64999
     t,    217.80455,    217.80455,    217.25000
     t,    210.02885,    210.02885,    208.64999
     t,    207.67421,    207.67421,    206.45000
     t,    205.08028,    205.08028,    202.05000
     t,    204.79742,    204.79742,    203.25000
     t,    204.03036,    204.03036,    200.85001
     t,    203.97304,    203.97304,    201.05000
     t,    203.91522,    203.91522,    202.05000
     t,    203.67889,    203.67889,    201.05000
     t,    203.32990,    203.32990,    201.64999
     t,    203.21005,    203.21005,    203.45000
     t,    203.08665,    203.08665,    202.25000
     t,    203.06499,    203.06499,    200.64999
     t,    203.26416,    203.26416,    204.05000
     t,    203.92914,    203.92914,    203.25000
     t,    204.35585,    204.35585,    204.45000
     t,    204.68442,    204.68442,    207.25000
     t,    205.94601,    205.94601,    206.85001
     t,    208.82262,    208.82262,    206.64999
     t,    209.48114,    209.48114,    208.05000
     t,    211.16936,    211.16936,    208.85001
     t,    308.78870,    308.78870,    307.01056
     t,    307.53461,    307.53461,    305.73318
     t,    305.95142,    305.95142,    304.12183
     t,    308.19141,    308.19141,    310.35001
     t,    308.19141,    308.19141,    309.45001
     t,    307.77768,    307.77768,    308.25000
     t,    301.95505,    301.95505,    302.04999
     t,    296.16055,    296.16055,    295.95001
     t,    295.18573,    295.18573,    295.45001
     t,    295.09647,    295.09647,    295.25000
     t,    292.67758,    292.67758,    292.85001
     t,    292.20724,    292.20724,    292.25000
     t,    290.02643,    290.02643,    289.54999
     t,    289.42557,    289.42557,    288.95001
     t,    288.76587,    288.76587,    288.14999
     t,    287.62436,    287.62436,    287.14999
     t,    286.49268,    286.49268,    285.85001
     t,    285.64490,    285.64490,    284.85001
     t,    284.51471,    284.51471,    283.85001
     t,    282.03958,    282.03958,    281.25000
     t,    281.47330,    281.47330,    281.04999
     t,    281.18756,    281.18756,    281.04999
     t,    280.90009,    280.90009,    280.85001
     t,    280.68332,    280.68332,    280.45001
     t,    280.46552,    280.46552,    280.25000
     t,    279.42789,    279.42789,    279.14999
     t,    278.51636,    278.51636,    278.35001
     t,    277.19305,    277.19305,    277.45001
     t,    276.23297,    276.23297,    276.45001
     t,    275.69034,    275.69034,    275.85001
     t,    274.06662,    274.06662,    273.75000
     t,    273.43286,    273.43286,    272.95001
     t,    272.54642,    272.54642,    271.95001
     t,    272.25369,    272.25369,    271.75000
     t,    271.88965,    271.88965,    271.64999
     t,    271.37418,    271.37418,    271.35001
     t,    270.32651,    270.32651,    270.54999
     t,    269.55807,    269.55807,    269.54999
     t,    265.67804,    265.67804,    265.95001
     t,    265.12848,    265.12848,    265.54999
     t,    263.97311,    263.97311,    263.95001
     t,    262.79150,    262.79150,    263.04999
     t,    258.86276,    258.86276,    258.54999
     t,    258.32596,    258.32596,    258.14999
     t,    255.07869,    255.07869,    254.85001
     t,    253.42706,    253.42706,    252.85001
     t,    252.03612,    252.03612,    252.25000
     t,    241.68883,    241.68883,    241.85001
     t,    234.75246,    234.75246,    234.05000
     t,    231.86829,    231.86829,    231.45000
     t,    229.04562,    229.04562,    228.45000
     t,    224.54364,    224.54364,    224.85001
     t,    221.01662,    221.01662,    220.64999
     t,    218.52673,    218.52673,    217.64999
     t,    212.82220,    212.82220,    211.25000
     t,    209.65544,    209.65544,    208.85001
     t,    208.46434,    208.46434,    209.05000
     t,    207.24188,    207.24188,    207.45000
     t,    206.75174,    206.75174,    206.05000
     t,    206.12265,    206.12265,    206.05000
     t,    205.28323,    205.28323,    203.25000
     t,    204.78256,    204.78256,    203.64999
     t,    204.47360,    204.47360,    202.25000
     t,    203.27824,    203.27824,    200.64999
     t,    202.98750,    202.98750,    202.25000
     t,    202.74152,    202.74152,    202.25000
     t,    202.42049,    202.42049,    200.85001
     t,    203.13843,    203.13843,    202.05000
     t,    203.69768,    203.69768,    205.05000
     t,    204.74635,    204.74635,    202.45000
     t,    205.56340,    205.56340,    207.45000
     t,    206.15353,    206.15353,    205.64999
     t,    206.49742,    206.49742,    206.25000
     t,    207.58612,    207.58612,    207.85001
     t,    208.30304,    208.30304,    207.05000
     t,    208.83057,    208.83057,    208.85001
     t,    210.35008,    210.35008,    207.64999
     t,    211.23578,    211.23578,    212.05000
     t,    305.86047,    305.86047,    306.11258
     t,    304.30795,    304.30795,    304.50119
     t,    306.87421,    306.87421,    306.95001
     t,    303.23175,    303.23175,    304.04999
     t,    303.23175,    303.23175,    303.75000
     t,    303.15219,    303.15219,    303.95001
     t,    303.15219,    303.15219,    303.75000
     t,    303.22040,    303.22040,    303.95001
     t,    303.22040,    303.22040,    303.54999
     t,    303.44427,    303.44427,    303.85001
     t,    303.44427,    303.44427,    303.25000
     t,    303.35376,    303.35376,    303.45001
     t,    303.35373,    303.35373,    303.35001
     t,    303.42740,    303.42740,    303.64999
     t,    303.42737,    303.42737,    303.54999
     t,    303.18631,    303.18631,    303.54999
     t,    303.18631,    303.18631,    303.75000
     t,    303.96149,    303.96149,    303.45001
     t,    303.96149,    303.96149,    302.95001
     t,    304.96033,    304.96033,    303.75000
     t,    304.96030,    304.96030,    304.54999
     t,    304.71216,    304.71216,    303.85001
     t,    304.71216,    304.71216,    303.35001
     t,    303.55200,    303.55200,    305.14999
     t,    303.55200,    303.55200,    304.25000
     t,    306.87421,    306.87421,    307.45001
     t,    303.23178,    303.23178,    304.35001
     t,    303.23178,    303.23178,    303.45001
     t,    303.23178,    303.23178,    302.95001
     t,    303.15219,    303.15219,    303.85001
     t,    303.15219,    303.15219,    303.64999
     t,    303.15219,    303.15219,    303.75000
     t,    303.22040,    303.22040,    304.35001
     t,    303.22040,    303.22040,    302.64999
     t,    303.22040,    303.22040,    302.54999
     t,    303.44424,    303.44424,    304.64999
     t,    303.44427,    303.44427,    302.75000
     t,    303.44424,    303.44424,    302.14999
     t,    303.35373,    303.35373,    303.64999
     t,    303.35373,    303.35373,    303.14999
     t,    303.35373,    303.35373,    303.04999
     t,    303.42740,    303.42740,    304.25000
     t,    303.42740,    303.42740,    303.25000
     t,    303.42740,    303.42740,    303.14999
     t,    303.18631,    303.18631,    303.64999
     t,    303.18631,    303.18631,    303.75000
     t,    303.18634,    303.18634,    303.45001
     t,    303.96149,    303.96149,    305.95001
     t,    303.96149,    303.96149,    302.35001
     t,    303.96149,    303.96149,    301.75000
     t,    304.96033,    304.96033,    303.35001
     t,    304.96030,    304.96030,    304.54999
     t,    304.96030,    304.96030,    304.04999
     t,    304.71216,    304.71216,    303.75000
     t,    304.71216,    304.71216,    302.95001
     t,    304.71213,    304.71213,    302.14999
     t,    303.55200,    303.55200,    305.75000
     t,    303.55200,    303.55200,    303.85001
     t,    303.55200,    303.55200,    303.25000
     t,    306.87418,    306.87418,    307.04999
     t,    303.23175,    303.23175,    304.25000
     t,    303.23175,    303.23175,    304.14999
     t,    303.15219,    303.15219,    304.14999
     t,    303.15219,    303.15219,    303.85001
     t,    303.22040,    303.22040,    304.25000
     t,    303.22040,    303.22040,    304.14999
     t,    303.44427,    303.44427,    303.85001
     t,    303.44424,    303.44424,    304.04999
     t,    303.35373,    303.35373,    303.54999
     t,    303.35373,    303.35373,    303.64999
     t,    303.42740,    303.42740,    304.14999
     t,    303.42737,    303.42737,    304.04999
     t,    303.18631,    303.18631,    303.64999
     t,    303.18631,    303.18631,    303.75000
     t,    303.96149,    303.96149,    305.85001
     t,    303.96149,    303.96149,    304.75000
     t,    304.96033,    304.96033,    303.25000
     t,    304.96033,    304.96033,    303.25000
     t,    304.71216,    304.71216,    304.25000
     t,    304.71213,    304.71213,    304.14999
     t,    303.55200,    303.55200,    305.75000
     t,    303.55200,    303.55200,    305.25000
     q,      0.70206,      0.70206,      0.68526
     q,      0.72135,      0.72135,      0.67410
     q,      0.73420,      0.73420,      0.67473
     q,      0.80426,      0.80426,      0.84529
     q,      0.70865,      0.70865,      0.86918
     q,      0.67817,      0.67817,      0.79190
     q,      0.52553,      0.52553,      0.70242
     q,      0.48225,      0.48225,      0.62495
     q,      0.42785,      0.42785,      0.53953
     q,      0.40180,      0.40180,      0.35339
     q,      0.38076,      0.38076,      0.36498
     q,      0.38273,      0.38273,      0.33180
     q,      0.38492,      0.38492,      0.48442
     q,      0.39063,      0.39063,      0.26058
     q,      0.40805,      0.40805,      0.35733
     q,      0.42305,      0.42305,      0.46620
     q,      0.43841,      0.43841,      0.43434
     q,      0.47331,      0.47331,      0.43002
     q,      0.48473,      0.48473,      0.56865
     q,      0.52932,      0.52932,      0.62827
     q,      0.44779,      0.44779,      0.49632
     q,      0.43298,      0.43298,      0.42449
     q,      0.41096,      0.41096,      0.19262
     q,      0.39594,      0.39594,      0.22698
     q,      0.34879,      0.34879,      0.13729
     q,      0.32091,      0.32091,      0.27329
     q,      0.30451,      0.30451,      0.15090
     q,      0.26557,      0.26557,      0.15229
     q,      0.25056,      0.25056,      0.27169
     q,      0.21487,      0.21487,      0.24315
     q,      0.19224,      0.19224,      0.27601
     q,      0.17738,      0.17738,      0.12038
     q,      0.15751,      0.15751,      0.16467
     q,      0.14627,      0.14627,      0.07002
     q,      0.13245,      0.13245,      0.06832
     q,      0.12892,      0.12892,      0.03794
     q,      0.14492,      0.14492,      0.07759
     q,      0.15660,      0.15660,      0.16488
     q,      0.29265,      0.29265,      0.17509
     q,      0.78234,      0.78234,      0.71868
     q,      0.83868,      0.83868,      0.76844
     q,      0.41937,      0.41937,      0.49177
     q,      0.41937,      0.41937,      0.47493
     q,      0.42194,      0.42194,      0.46467
     q,      0.53347,      0.53347,      0.57698
     q,      0.66623,      0.66623,      0.70551
     q,      0.73516,      0.73516,      0.74128
     q,      0.77890,      0.77890,      0.77912
     q,      0.77840,      0.77840,      0.77583
     q,      0.77834,      0.77834,      0.62362
     q,      0.77580,      0.77580,      0.55755
     q,      0.76438,      0.76438,      0.48880
     q,      0.62661,      0.62661,      0.56068
     q,      0.61868,      0.61868,      0.55740
     q,      0.53939,      0.53939,      0.48043
     q,      0.48986,      0.48986,      0.36478
     q,      0.24412,      0.24412,      0.13413
     q,      0.20666,      0.20666,      0.28451
     q,      0.19434,      0.19434,      0.12401
     q,      0.18685,      0.18685,      0.27603
     q,      0.18283,      0.18283,      0.41850
     q,      0.17990,      0.17990,      0.44032
     q,      0.17872,      0.17872,      0.54907
     q,      0.17710,      0.17710,      0.37953
     q,      0.17540,      0.17540,      0.44216
     q,      0.17272,      0.17272,      0.34667
     q,      0.16953,      0.16953,      0.30788
     q,      0.17291,      0.17291,      0.15360
     q,      0.17490,      0.17490,      0.07410
     q,      0.17684,      0.17684,      0.09382
     q,      0.18157,      0.18157,      0.16530
     q,      0.18237,      0.18237,      0.13706
     q,      0.17264,      0.17264,      0.06942
     q,      0.14407,      0.14407,      0.07642
     q,      0.11380,      0.11380,      0.09491
     q,      0.11746,      0.11746,      0.20093
     q,      0.12160,      0.12160,      0.11858
     q,      0.12356,      0.12356,      0.17283
     q,      0.13017,      0.13017,      0.20393
     q,      0.12790,      0.12790,      0.06819
     q,      0.09726,      0.09726,      0.04162
     q,      0.11427,      0.11427,      0.05154
     q,      0.43351,      0.43351,      0.48082
     q,      0.45312,      0.45312,      0.50241
     q,      0.48419,      0.48419,      0.53208
     q,      0.53780,      0.53780,      0.49778
     q,      0.53780,      0.53780,      0.47545
     q,      0.49465,      0.49465,      0.45128
     q,      0.59774,      0.59774,      0.55107
     q,      0.74159,      0.74159,      0.68112
     q,      0.76189,      0.76189,      0.62466
     q,      0.76385,      0.76385,      0.61977
     q,      0.78360,      0.78360,      0.61606
     q,      0.78450,      0.78450,      0.50909
     q,      0.71462,      0.71462,      0.65743
     q,      0.69363,      0.69363,      0.57617
     q,      0.67056,      0.67056,      0.60589
     q,      0.62794,      0.62794,      0.53118
     q,      0.58779,      0.58779,      0.63438
     q,      0.56430,      0.56430,      0.62145
     q,      0.53010,      0.53010,      0.58517
     q,      0.44381,      0.44381,      0.40021
     q,      0.42214,      0.42214,      0.19078
     q,      0.41083,      0.41083,      0.17878
     q,      0.39917,      0.39917,      0.28689
     q,      0.39020,      0.39020,      0.28170
     q,      0.38102,      0.38102,      0.44140
     q,      0.34590,      0.34590,      0.40478
     q,      0.33472,      0.33472,      0.40375
     q,      0.31722,      0.31722,      0.22059
     q,      0.30348,      0.30348,      0.23588
     q,      0.29605,      0.29605,      0.37471
     q,      0.27372,      0.27372,      0.20138
     q,      0.26413,      0.26413,      0.29837
     q,      0.24941,      0.24941,      0.24695
     q,      0.24084,      0.24084,      0.26984
     q,      0.22931,      0.22931,      0.17899
     q,      0.21235,      0.21235,      0.25442
     q,      0.17531,      0.17531,      0.09547
     q,      0.14582,      0.14582,      0.11108
     q,      0.15464,      0.15464,      0.14074
     q,      0.15750,      0.15750,      0.07035
     q,      0.16446,      0.16446,      0.19311
     q,      0.17190,      0.17190,      0.05906
     q,      0.18693,      0.18693,      0.19005
     q,      0.18750,      0.18750,      0.12791
     q,      0.18246,      0.18246,      0.02447
     q,      0.17252,      0.17252,      0.08051
     q,      0.16193,      0.16193,      0.10627
     q,      0.18546,      0.18546,      0.09178
     q,      0.50867,      0.50867,      0.47844
     q,      0.54220,      0.54220,      0.50589
     q,      0.72983,      0.72983,      0.74153
     q,      0.72983,      0.72983,      0.72351
     q,      0.72983,      0.72983,      0.71057
     t,    308.40659,    308.40659,    309.04999
     t,    307.98129,    307.98129,    307.25000
     t,    302.82040,    302.82040,    301.95001
     t,    296.40909,    296.40909,    294.85001
     t,    295.42947,    295.42947,    293.54999
     t,    295.28091,    295.28091,    293.45001
     t,    294.98267,    294.98267,    293.75000
     t,    294.60785,    294.60785,    292.95001
     t,    294.30637,    294.30637,    292.75000
     t,    293.85135,    293.85135,    292.85001
     t,    292.80154,    292.80154,    292.45001
     t,    292.14359,    292.14359,    292.04999
     t,    288.78372,    288.78372,    289.35001
     t,    287.81924,    287.81924,    288.54999
     t,    285.31519,    285.31519,    285.45001
     t,    285.08884,    285.08884,    284.95001
     t,    279.64859,    279.64859,    279.75000
     t,    277.22275,    277.22275,    276.25000
     t,    276.40796,    276.40796,    275.64999
     t,    275.83054,    275.83054,    275.35001
     t,    275.58075,    275.58075,    275.25000
     t,    275.16156,    275.16156,    274.64999
     t,    274.90826,    274.90826,    274.64999
     t,    273.44504,    273.44504,    272.54999
     t,    273.00693,    273.00693,    272.85001
     t,    272.74213,    272.74213,    272.95001
     t,    271.20212,    271.20212,    271.04999
     t,    270.55307,    270.55307,    270.54999
     t,    270.36603,    270.36603,    270.35001
     t,    269.98883,    269.98883,    270.04999
     t,    268.93903,    268.93903,    268.85001
     t,    268.84244,    268.84244,    268.85001
     t,    268.45630,    268.45630,    268.14999
     t,    267.51721,    267.51721,    266.75000
     t,    267.23178,    267.23178,    266.64999
     t,    266.64993,    266.64993,    266.54999
     t,    265.57471,    265.57471,    266.14999
     t,    265.27719,    265.27719,    265.95001
     t,    263.94464,    263.94464,    264.14999
     t,    263.41620,    263.41620,    263.64999
     t,    262.34122,    262.34122,    263.04999
     t,    261.90411,    261.90411,    262.35001
     t,    259.55615,    259.55615,    259.64999
     t,    258.16068,    258.16068,    258.04999
     t,    255.92575,    255.92575,    255.75000
     t,    254.84366,    254.84366,    255.64999
     t,    252.89555,    252.89555,    253.45000
     t,    252.46790,    252.46790,    252.95000
     t,    252.18080,    252.18080,    252.75000
     t,    250.10872,    250.10872,    250.55000
     t,    248.72800,    248.72800,    249.05000
     t,    246.62015,    246.62015,    246.64999
     t,    245.23161,    245.23161,    244.85001
     t,    243.62581,    243.62581,    242.85001
     t,    243.07954,    243.07954,    242.45000
     t,    242.89612,    242.89612,    242.45000
     t,    242.52740,    242.52740,    242.14999
     t,    242.16000,    242.16000,    241.55000
     t,    239.32761,    239.32761,    239.25000
     t,    237.16318,    237.16318,    236.64999
     t,    236.57408,    236.57408,    236.05000
     t,    234.56160,    234.56160,    235.05000
     t,    233.31346,    233.31346,    233.64999
     t,    232.67924,    232.67924,    232.64999
     t,    229.83502,    229.83502,    230.05000
     t,    225.44557,    225.44557,    225.64999
     t,    224.00230,    224.00230,    224.25000
     t,    221.76131,    221.76131,    221.64999
     t,    221.50304,    221.50304,    221.64999
     t,    218.87332,    218.87332,    218.45000
     t,    214.70981,    214.70981,    213.85001
     t,    210.78496,    210.78496,    209.45000
     t,    208.04018,    208.04018,    206.45000
     t,    207.00060,    207.00060,    204.85001
     t,    205.56085,    205.56085,    203.05000
     t,    204.65689,    204.65689,    202.85001
     t,    204.19609,    204.19609,    200.85001
     t,    203.87730,    203.87730,    200.25000
     t,    203.79590,    203.79590,    201.05000
     t,    203.67886,    203.67886,    199.64999
     t,    203.58212,    203.58212,    200.05000
     t,    203.53638,    203.53638,    203.05000
     t,    203.47806,    203.47806,    203.25000
     t,    203.36813,    203.36813,    201.64999
     t,    206.03192,    206.03192,    205.85001
     t,    206.50584,    206.50584,    205.05000
     t,    207.52603,    207.52603,    207.05000
     t,    207.85469,    207.85469,    209.25000
     t,    208.05528,    208.05528,    210.25000
     t,    208.93207,    208.93207,    208.25000
     t,    210.59311,    210.59311,    208.25000
     t,    211.00623,    211.00623,    211.05000
     t,    211.92065,    211.92065,    213.05000
     t,    306.34207,    306.34207,    305.47879
     t,    304.81537,    304.81537,    303.94342
     t,    204.16785,    204.16785,    203.87270
     t,    305.23520,    305.23520,    301.45001
     t,    305.23520,    305.23520,    300.95001
     t,    303.50751,    303.50751,    299.25000
     t,    302.44083,    302.44083,    299.25000
     t,    302.01648,    302.01648,    299.25000
     t,    296.82275,    296.82275,    293.95001
     t,    295.99252,    295.99252,    293.14999
     t,    291.34439,    291.34439,    289.75000
     t,    289.31363,    289.31363,    288.95001
     t,    286.04684,    286.04684,    285.85001
     t,    285.02432,    285.02432,    284.85001
     t,    281.28296,    281.28296,    281.54999
     t,    278.66953,    278.66953,    278.45001
     t,    276.83771,    276.83771,    277.25000
     t,    276.08362,    276.08362,    276.14999
     t,    275.19315,    275.19315,    275.04999
     t,    273.74829,    273.74829,    273.85001
     t,    273.43958,    273.43958,    273.85001
     t,    270.45996,    270.45996,    271.04999
     t,    268.75970,    268.75970,    268.95001
     t,    268.33948,    268.33948,    268.45001
     t,    268.25491,    268.25491,    268.25000
     t,    267.82962,    267.82962,    267.85001
     t,    265.71790,    265.71790,    265.54999
     t,    265.41452,    265.41452,    265.35001
     t,    264.91132,    264.91132,    265.14999
     t,    264.70590,    264.70590,    265.14999
     t,    262.80875,    262.80875,    262.54999
     t,    261.55765,    261.55765,    261.25000
     t,    260.78738,    260.78738,    260.54999
     t,    259.75082,    259.75082,    259.54999
     t,    257.42389,    257.42389,    256.95001
     t,    257.21301,    257.21301,    256.75000
     t,    255.81332,    255.81332,    254.35001
     t,    254.82043,    254.82043,    252.75000
     t,    254.59718,    254.59718,    252.45000
     t,    253.85503,    253.85503,    252.25000
     t,    250.74593,    250.74593,    250.05000
     t,    243.78032,    243.78032,    244.35001
     t,    241.62778,    241.62778,    243.55000
     t,    239.38507,    239.38507,    241.75000
     t,    236.52225,    236.52225,    238.55000
     t,    235.02737,    235.02737,    237.14999
     t,    234.27423,    234.27423,    236.14999
     t,    233.70787,    233.70787,    235.85001
     t,    232.36212,    232.36212,    234.05000
     t,    231.17805,    231.17805,    233.05000
     t,    228.79906,    228.79906,    230.05000
     t,    227.38110,    227.38110,    228.85001
     t,    222.16551,    222.16551,    222.64999
     t,    220.59430,    220.59430,    220.64999
     t,    219.66344,    219.66344,    219.45000
     t,    217.24796,    217.24796,    217.25000
     t,    210.44489,    210.44489,    209.45000
     t,    208.56998,    208.56998,    206.25000
     t,    206.41597,    206.41597,    199.64999
     t,    206.04024,    206.04024,    202.45000
     t,    205.71764,    205.71764,    202.85001
     t,    205.46701,    205.46701,    202.05000
     t,    205.28917,    205.28917,    202.85001
     t,    205.34708,    205.34708,    201.85001
     t,    205.40187,    205.40187,    202.64999
     t,    205.44884,    205.44884,    205.05000
     t,    206.17839,    206.17839,    204.45000
     t,    206.62981,    206.62981,    207.05000
     t,    207.86514,    207.86514,    206.45000
     t,    208.30312,    208.30312,    208.64999
     t,    208.93228,    208.93228,    208.85001
     t,    209.09563,    209.09563,    208.64999
     t,    210.51018,    210.51018,    213.05000
     t,    210.92859,    210.92859,    212.45000
     t,    211.75087,    211.75087,    213.85001
     t,    213.14967,    213.14967,    211.64999
     q,      0.49929,      0.49929,      0.53490
     q,      0.48745,      0.48745,      0.46930
     q,      0.56750,      0.56750,      0.57983
     q,      0.65677,      0.65677,      0.74545
     q,      0.66242,      0.66242,      0.76397
     q,      0.66533,      0.66533,      0.75105
     q,      0.67127,      0.67127,      0.63250
     q,      0.67896,      0.67896,      0.67295
     q,      0.68534,      0.68534,      0.65877
     q,      0.69529,      0.69529,      0.50404
     q,      0.69549,      0.69549,      0.40578
     q,      0.67493,      0.67493,      0.56235
     q,      0.57950,      0.57950,      0.27000
     q,      0.55212,      0.55212,      0.43855
     q,      0.53489,      0.53489,      0.61468
     q,      0.53313,      0.53313,      0.60614
     q,      0.57674,      0.57674,      0.65107
     q,      0.59890,      0.59890,      0.68672
     q,      0.60742,      0.60742,      0.68065
     q,      0.60923,      0.60923,      0.49861
     q,      0.60870,      0.60870,      0.58239
     q,      0.60779,      0.60779,      0.52958
     q,      0.60722,      0.60722,      0.70406
     q,      0.60039,      0.60039,      0.76794
     q,      0.59917,      0.59917,      0.75759
     q,      0.59841,      0.59841,      0.64269
     q,      0.56215,      0.56215,      0.57364
     q,      0.54343,      0.54343,      0.33284
     q,      0.53781,      0.53781,      0.36089
     q,      0.52287,      0.52287,      0.62435
     q,      0.48800,      0.48800,      0.68497
     q,      0.48459,      0.48459,      0.67905
     q,      0.47036,      0.47036,      0.60528
     q,      0.42548,      0.42548,      0.62524
     q,      0.41204,      0.41204,      0.30443
     q,      0.39129,      0.39129,      0.15359
     q,      0.33069,      0.33069,      0.17604
     q,      0.31347,      0.31347,      0.08945
     q,      0.25948,      0.25948,      0.12305
     q,      0.24652,      0.24652,      0.03127
     q,      0.21772,      0.21772,      0.06143
     q,      0.20368,      0.20368,      0.17830
     q,      0.17187,      0.17187,      0.04216
     q,      0.18065,      0.18065,      0.08548
     q,      0.18923,      0.18923,      0.13587
     q,      0.18480,      0.18480,      0.05594
     q,      0.17441,      0.17441,      0.09006
     q,      0.17189,      0.17189,      0.37443
     q,      0.17011,      0.17011,      0.41524
     q,      0.15873,      0.15873,      0.32733
     q,      0.14839,      0.14839,      0.15432
     q,      0.13894,      0.13894,      0.10260
     q,      0.14254,      0.14254,      0.10485
     q,      0.14827,      0.14827,      0.21538
     q,      0.15046,      0.15046,      0.17427
     q,      0.49666,      0.49666,      0.49887
     q,      0.52367,      0.52367,      0.53181
     q,      0.76613,      0.76613,      0.67191
     q,      0.76613,      0.76613,      0.65285
     q,      0.76649,      0.76649,      0.68306
     q,      0.76800,      0.76800,      0.74967
     q,      0.77137,      0.77137,      0.76232
     q,      0.87296,      0.87296,      0.80723
     q,      0.88752,      0.88752,      0.82587
     q,      0.94191,      0.94191,      0.87383
     q,      0.94197,      0.94197,      0.85624
     q,      0.92561,      0.92561,      0.92780
     q,      0.92356,      0.92356,      0.90835
     q,      0.91382,      0.91382,      0.87809
     q,      0.87872,      0.87872,      0.92929
     q,      0.84729,      0.84729,      0.86546
     q,      0.81379,      0.81379,      0.94139
     q,      0.76832,      0.76832,      0.93333
     q,      0.68535,      0.68535,      0.87927
     q,      0.66590,      0.66590,      0.76715
     q,      0.51448,      0.51448,      0.60426
     q,      0.45232,      0.45232,      0.39062
     q,      0.43890,      0.43890,      0.49171
     q,      0.43613,      0.43613,      0.52832
     q,      0.42186,      0.42186,      0.44700
     q,      0.36893,      0.36893,      0.43381
     q,      0.36578,      0.36578,      0.47474
     q,      0.35917,      0.35917,      0.20324
     q,      0.35683,      0.35683,      0.20647
     q,      0.33502,      0.33502,      0.20656
     q,      0.36775,      0.36775,      0.34707
     q,      0.39198,      0.39198,      0.19940
     q,      0.42678,      0.42678,      0.14663
     q,      0.53796,      0.53796,      0.16849
     q,      0.55199,      0.55199,      0.18560
     q,      0.65999,      0.65999,      0.18135
     q,      0.74233,      0.74233,      0.30640
     q,      0.76291,      0.76291,      0.44043
     q,      0.75894,      0.75894,      0.57176
     q,      0.73157,      0.73157,      0.66611
     q,      0.51718,      0.51718,      0.74610
     q,      0.40986,      0.40986,      0.79406
     t,    296.13101,    296.13101,    296.85001
     t,    296.09543,    296.09543,    296.35001
     t,    295.42969,    295.42969,    294.54999
     t,    291.31238,    291.31238,    290.25000
     t,    288.14505,    288.14505,    287.25000
     t,    286.24304,    286.24304,    286.54999
     t,    286.07742,    286.07742,    286.95001
     t,    285.65991,    285.65991,    287.45001
     t,    285.47934,    285.47934,    286.95001
     t,    284.73877,    284.73877,    283.25000
     t,    283.91187,    283.91187,    281.75000
     t,    283.28577,    283.28577,    282.95001
     t,    282.59549,    282.59549,    282.14999
     t,    281.17398,    281.17398,    280.25000
     t,    280.51086,    280.51086,    279.95001
     t,    279.58865,    279.58865,    279.85001
     t,    278.44962,    278.44962,    278.75000
     t,    277.37030,    277.37030,    278.14999
     t,    271.53467,    271.53467,    271.64999
     t,    268.18231,    268.18231,    267.85001
     t,    266.99716,    266.99716,    266.85001
     t,    266.66943,    266.66943,    266.64999
     t,    265.45151,    265.45151,    265.45001
     t,    265.00229,    265.00229,    265.14999
     t,    263.63211,    263.63211,    263.54999
     t,    261.98892,    261.98892,    262.14999
     t,    258.99139,    258.99139,    258.75000
     t,    256.74313,    256.74313,    257.95001
     t,    254.76274,    254.76274,    255.14999
     t,    254.63640,    254.63640,    254.95000
     t,    253.62721,    253.62721,    253.55000
     t,    252.84708,    252.84708,    253.25000
     t,    251.40968,    251.40968,    251.25000
     t,    250.34300,    250.34300,    250.45000
     t,    248.55989,    248.55989,    248.85001
     t,    241.54263,    241.54263,    241.45000
     t,    293.17310,    293.17310,    292.18735
     t,    295.07510,    295.07510,    293.75000
     t,    294.91742,    294.91742,    292.85001
     t,    292.58383,    292.58383,    290.95001
     t,    290.90152,    290.90152,    290.04999
     t,    290.76694,    290.76694,    290.04999
     t,    290.44385,    290.44385,    290.75000
     t,    290.41183,    290.41183,    290.14999
     t,    289.77011,    289.77011,    288.14999
     t,    289.73679,    289.73679,    288.14999
     t,    286.45590,    286.45590,    285.35001
     t,    283.07242,    283.07242,    281.04999
     t,    282.48059,    282.48059,    280.14999
     t,    281.62460,    281.62460,    278.85001
     t,    272.17114,    272.17114,    271.54999
     t,    271.02658,    271.02658,    269.75000
     t,    270.57925,    270.57925,    268.85001
     t,    267.58801,    267.58801,    267.25000
     t,    266.30151,    266.30151,    266.64999
     t,    265.07303,    265.07303,    265.35001
     t,    264.21466,    264.21466,    264.45001
     t,    263.52969,    263.52969,    263.95001
     t,    262.43024,    262.43024,    263.14999
     t,    261.25403,    261.25403,    262.35001
     t,    256.58044,    256.58044,    256.85001
     t,    251.36519,    251.36519,    251.05000
     t,    248.28430,    248.28430,    248.64999
     t,    245.81558,    245.81558,    246.05000
     t,    243.56798,    243.56798,    243.25000
     t,    242.13101,    242.13101,    241.64999
     t,    240.83881,    240.83881,    241.05000
     t,    238.96158,    238.96158,    240.14999
     t,    230.84804,    230.84804,    231.05000
     t,    229.13715,    229.13715,    229.45000
     t,    225.39867,    225.39867,    225.85001
     t,    221.30257,    221.30257,    222.25000
     t,    220.49654,    220.49654,    221.05000
     t,    216.99422,    216.99422,    216.45000
     t,    215.47049,    215.47049,    215.25000
     t,    213.27188,    213.27188,    212.25000
     t,    212.41283,    212.41283,    211.45000
     t,    288.08731,    288.08731,    286.64224
     t,    278.37869,    278.37869,    276.12228
     q,      0.65513,      0.65513,      0.67014
     q,      0.65416,      0.65416,      0.61425
     q,      0.64765,      0.64765,      0.57343
     q,      0.75789,      0.75789,      0.68156
     q,      0.90180,      0.90180,      0.77243
     q,      0.99492,      0.99492,      0.93755
     q,      0.99533,      0.99533,      0.96660
     q,      0.99638,      0.99638,      0.99221
     q,      0.97115,      0.97115,      0.95609
     q,      0.78580,      0.78580,      0.80712
     q,      0.75697,      0.75697,      0.66404
     q,      0.71379,      0.71379,      0.60914
     q,      0.66428,      0.66428,      0.59806
     q,      0.55574,      0.55574,      0.56944
     q,      0.50975,      0.50975,      0.50278
     q,      0.44225,      0.44225,      0.21319
     q,      0.35336,      0.35336,      0.16303
     q,      0.30605,      0.30605,      0.27004
     q,      0.22015,      0.22015,      0.18296
     q,      0.20879,      0.20879,      0.28386
     q,      0.20167,      0.20167,      0.21768
     q,      0.19953,      0.19953,      0.21923
     q,      0.19439,      0.19439,      0.31008
     q,      0.19667,      0.19667,      0.21955
     q,      0.20435,      0.20435,      0.11795
     q,      0.21540,      0.21540,      0.09556
     q,      0.22506,      0.22506,      0.28195
     q,      0.22925,      0.22925,      0.14425
     q,      0.20021,      0.20021,      0.23317
     q,      0.19811,      0.19811,      0.23102
     q,      0.17938,      0.17938,      0.17838
     q,      0.16345,      0.16345,      0.08866
     q,      0.14890,      0.14890,      0.15485
     q,      0.14048,      0.14048,      0.02737
     q,      0.23114,      0.23114,      0.14144
     q,      0.70088,      0.70088,      0.62939
     q,      0.86994,      0.86994,      0.85398
     q,      0.87349,      0.87349,      0.82761
     q,      0.93752,      0.93752,      0.85936
     q,      0.99634,      0.99634,      0.90634
     q,      0.99769,      0.99769,      0.91377
     q,      0.95127,      0.95127,      0.95283
     q,      0.93820,      0.93820,      0.85885
     q,      0.80601,      0.80601,      0.74151
     q,      0.80430,      0.80430,      0.74288
     q,      0.80479,      0.80479,      0.83810
     q,      0.82032,      0.82032,      0.78351
     q,      0.81479,      0.81479,      0.72664
     q,      0.80637,      0.80637,      0.67987
     q,      0.72493,      0.72493,      0.68379
     q,      0.70656,      0.70656,      0.57771
     q,      0.69871,      0.69871,      0.40468
     q,      0.59530,      0.59530,      0.51634
     q,      0.53830,      0.53830,      0.49645
     q,      0.47639,      0.47639,      0.49033
     q,      0.42783,      0.42783,      0.28860
     q,      0.38511,      0.38511,      0.41145
     q,      0.34482,      0.34482,      0.20439
     q,      0.31414,      0.31414,      0.12713
     q,      0.22046,      0.22046,      0.07677
     q,      0.25302,      0.25302,      0.09831
     q,      0.32671,      0.32671,      0.05505
     q,      0.41096,      0.41096,      0.08122
     q,      0.47518,      0.47518,      0.25386
     q,      0.49913,      0.49913,      0.21741
     q,      0.52682,      0.52682,      0.35847
     q,      0.77061,      0.77061,      0.78347
     q,      0.78087,      0.78087,      0.67753
     t,    298.61264,    298.61264,    300.04999
     t,    297.82932,    297.82932,    298.14999
     t,    295.66776,    295.66776,    295.64999
     t,    293.85654,    293.85654,    294.04999
     t,    287.73404,    287.73404,    287.45001
     t,    287.46234,    287.46234,    286.95001
     t,    284.89517,    284.89517,    283.14999
     t,    283.92764,    283.92764,    282.64999
     t,    283.69696,    283.69696,    282.75000
     t,    283.17996,    283.17996,    282.75000
     t,    282.94464,    282.94464,    282.85001
     t,    282.58508,    282.58508,    283.14999
     t,    282.13895,    282.13895,    283.14999
     t,    281.60934,    281.60934,    283.35001
     t,    280.57465,    280.57465,    281.25000
     t,    280.32690,    280.32690,    281.04999
     t,    279.86722,    279.86722,    280.04999
     t,    278.59100,    278.59100,    277.85001
     t,    276.92435,    276.92435,    276.45001
     t,    276.10803,    276.10803,    276.04999
     t,    274.08160,    274.08160,    273.54999
     t,    272.15985,    272.15985,    271.45001
     t,    269.09799,    269.09799,    269.54999
     t,    268.47394,    268.47394,    268.95001
     t,    267.47672,    267.47672,    268.45001
     t,    266.23798,    266.23798,    267.25000
     t,    265.14941,    265.14941,    265.64999
     t,    264.87332,    264.87332,    265.45001
     t,    264.69458,    264.69458,    265.25000
     t,    262.65897,    262.65897,    262.54999
     t,    259.49197,    259.49197,    258.95001
     t,    256.60123,    256.60123,    256.54999
     t,    255.82196,    255.82196,    255.75000
     t,    254.05031,    254.05031,    254.35001
     t,    253.62796,    253.62796,    254.14999
     t,    253.34441,    253.34441,    253.95000
     t,    253.05942,    253.05942,    253.75000
     t,    248.45297,    248.45297,    248.85001
     t,    246.40648,    246.40648,    246.64999
     t,    243.43770,    243.43770,    243.25000
     t,    240.83766,    240.83766,    241.25000
     t,    236.91920,    236.91920,    237.05000
     t,    234.75075,    234.75075,    234.85001
     t,    232.29060,    232.29060,    232.64999
     t,    226.47331,    226.47331,    226.64999
     t,    218.72765,    218.72765,    216.85001
     t,    217.26997,    217.26997,    215.64999
     t,    217.21024,    217.21024,    215.64999
     t,    216.55931,    216.55931,    213.25000
     t,    216.09164,    216.09164,    215.45000
     t,    215.89926,    215.89926,    213.85001
     t,    215.84473,    215.84473,    215.45000
     t,    215.75375,    215.75375,    215.25000
     t,    215.62256,    215.62256,    217.64999
     t,    215.58456,    215.58456,    217.25000
     t,    215.43007,    215.43007,    217.05000
     t,    215.21216,    215.21216,    215.45000
     t,    214.62700,    214.62700,    214.45000
     t,    214.46707,    214.46707,    215.05000
     t,    214.24916,    214.24916,    213.85001
     t,    214.08266,    214.08266,    213.85001
     t,    213.43872,    213.43872,    211.45000
     t,    213.32440,    213.32440,    212.85001
     t,    213.23836,    213.23836,    211.45000
     t,    213.16801,    213.16801,    213.45000
     t,    213.21152,    213.21152,    213.85001
     t,    213.50835,    213.50835,    215.05000
     t,    217.23947,    217.23947,    215.05000
     t,    213.52518,    213.52518,    212.14679
     t,    285.66501,    285.66501,    289.04999
     t,    290.14658,    290.14658,    295.64999
     t,    285.66501,    285.66501,    288.14999
     t,    290.06638,    290.06638,    297.25000
     t,    285.66504,    285.66504,    286.45001
     t,    290.06638,    290.06638,    296.54999
     q,      0.47800,      0.47800,      0.37543
     q,      0.47969,      0.47969,      0.34815
     q,      0.52222,      0.52222,      0.35985
     q,      0.56634,      0.56634,      0.41350
     q,      0.50720,      0.50720,      0.52995
     q,      0.49372,      0.49372,      0.48714
     q,      0.39375,      0.39375,      0.43669
     q,      0.39177,      0.39177,      0.31465
     q,      0.39390,      0.39390,      0.37200
     q,      0.39871,      0.39871,      0.10919
     q,      0.40099,      0.40099,      0.08680
     q,      0.41075,      0.41075,      0.12830
     q,      0.41975,      0.41975,      0.39521
     q,      0.43078,      0.43078,      0.35717
     q,      0.44748,      0.44748,      0.32821
     q,      0.45078,      0.45078,      0.44068
     q,      0.45704,      0.45704,      0.49072
     q,      0.46595,      0.46595,      0.48868
     q,      0.45107,      0.45107,      0.52961
     q,      0.44297,      0.44297,      0.37337
     q,      0.43814,      0.43814,      0.48364
     q,      0.44361,      0.44361,      0.43690
     q,      0.44893,      0.44893,      0.30956
     q,      0.44990,      0.44990,      0.36569
     q,      0.45160,      0.45160,      0.20630
     q,      0.46163,      0.46163,      0.31722
     q,      0.47090,      0.47090,      0.35678
     q,      0.47371,      0.47371,      0.32819
     q,      0.47479,      0.47479,      0.27350
     q,      0.47053,      0.47053,      0.22990
     q,      0.42147,      0.42147,      0.27952
     q,      0.38975,      0.38975,      0.17123
     q,      0.37966,      0.37966,      0.27762
     q,      0.36937,      0.36937,      0.25391
     q,      0.37014,      0.37014,      0.19015
     q,      0.36993,      0.36993,      0.23391
     q,      0.36971,      0.36971,      0.25936
     q,      0.35923,      0.35923,      0.11088
     q,      0.34854,      0.34854,      0.25236
     q,      0.33056,      0.33056,      0.25504
     q,      0.30789,      0.30789,      0.16871
     q,      0.28844,      0.28844,      0.13119
     q,      0.67809,      0.67809,      0.85615
     q,      0.67809,      0.67809,      0.79551
     q,      0.67809,      0.67809,      0.87862
