Note (2018.08.22) This script is outputed from mpi_readobs.f90
obtype, ensmean_obbc,      h_xnobc,           ob
    sm,      0.25830,      0.24537,      0.25300
    sm,      0.22730,      0.22814,      0.16400
    sm,      0.30517,      0.30300,      0.38100
    sm,      0.21141,      0.20708,      0.07400
    sm,      0.33468,      0.32546,      0.24000
    sm,      0.30933,      0.32058,      0.35500
    sm,      0.21043,      0.20368,      0.19600
    sm,      0.19698,      0.19057,      0.06000
    sm,      0.18609,      0.18593,      0.24800
    sm,      0.19082,      0.18818,      0.15800
    sm,      0.24735,      0.24506,      0.09300
    sm,      0.26952,      0.26487,      0.13500
    sm,      0.25253,      0.25029,      0.09300
    sm,      0.17207,      0.15808,      0.22500
    sm,      0.27384,      0.27012,      0.22400
    sm,      0.32210,      0.32305,      0.11300
    sm,      0.23798,      0.23953,      0.31600
    sm,      0.21313,      0.19203,      0.23700
    sm,      0.24004,      0.23959,      0.26600
    sm,      0.22141,      0.22054,      0.29500
    sm,      0.21824,      0.20943,      0.25300
    sm,      0.14624,      0.13623,      0.07700
    sm,      0.21771,      0.21697,      0.21100
    sm,      0.30799,      0.32302,      0.37800
    sm,      0.24443,      0.24369,      0.34400
    sm,      0.24660,      0.24638,      0.07200
    sm,      0.33611,      0.31590,      0.32500
    sm,      0.23054,      0.23110,      0.33900
    sm,      0.18120,      0.22964,      0.36700
    sm,      0.27400,      0.27351,      0.23700
    sm,      0.31884,      0.35076,      0.27600
    sm,      0.27306,      0.26909,      0.27100
    sm,      0.18981,      0.18919,      0.10600
    sm,      0.24954,      0.24138,      0.22600
    sm,      0.27108,      0.26166,      0.20900
    sm,      0.27301,      0.26788,      0.26900
    sm,      0.26274,      0.26199,      0.20100
    sm,      0.17412,      0.16841,      0.17600
    sm,      0.25785,      0.25495,      0.37400
    sm,      0.16911,      0.15974,      0.13300
    sm,      0.21256,      0.21391,      0.22200
    sm,      0.16625,      0.16493,      0.11700
    sm,      0.20310,      0.20568,      0.21000
    sm,      0.27455,      0.26602,      0.12100
    sm,      0.27776,      0.27154,      0.17100
    sm,      0.22489,      0.21972,      0.08100
    sm,      0.17665,      0.17967,      0.18000
    sm,      0.27594,      0.27400,      0.36700
    sm,      0.24089,      0.22583,      0.23300
    sm,      0.22900,      0.22831,      0.30000
    sm,      0.19858,      0.18097,      0.14900
    sm,      0.19858,      0.18097,      0.16400
    sm,      0.19150,      0.18519,      0.14400
    sm,      0.15368,      0.14962,      0.06700
    sm,      0.32180,      0.33331,      0.45100
    sm,      0.20662,      0.19657,      0.20200
    sm,      0.27713,      0.27472,      0.22900
    sm,      0.29459,      0.33043,      0.34500
    sm,      0.30799,      0.32302,      0.41100
    sm,      0.26868,      0.25459,      0.38100
    sm,      0.15770,      0.15241,      0.08700
    sm,      0.28217,      0.28320,      0.08000
    sm,      0.15939,      0.15459,      0.13100
    sm,      0.14694,      0.13778,      0.06800
    sm,      0.21043,      0.20368,      0.07100
    sm,      0.23351,      0.23624,      0.35300
    sm,      0.27261,      0.26469,      0.06500
    sm,      0.23993,      0.22869,      0.10900
    sm,      0.19158,      0.20500,      0.24100
    sm,      0.36529,      0.33033,      0.16500
    sm,      0.18997,      0.18957,      0.18700
    sm,      0.27211,      0.27200,      0.18400
    sm,      0.18609,      0.18593,      0.30800
    sm,      0.18896,      0.18962,      0.36700
    sm,      0.18896,      0.18962,      0.28100
    sm,      0.19493,      0.19357,      0.06100
     t,    313.60907,    313.61050,    315.35001
     t,    312.69254,    312.69702,    312.75000
     t,    309.62579,    309.62982,    309.64999
     t,    302.25659,    302.25525,    302.35001
     t,    300.93951,    300.93591,    300.85001
     t,    296.36169,    296.35962,    296.45001
     t,    294.87064,    294.86877,    295.54999
     t,    287.71475,    287.71469,    287.64999
     t,    286.10153,    286.10223,    285.75000
     t,    280.86313,    280.86560,    280.25000
     t,    278.10397,    278.10724,    277.25000
     t,    276.05618,    276.06018,    275.14999
     t,    274.78085,    274.78510,    273.54999
     t,    274.16644,    274.17062,    272.95001
     t,    273.09488,    273.09894,    272.04999
     t,    272.73248,    272.73648,    271.85001
     t,    271.99945,    272.00339,    271.14999
     t,    271.34900,    271.35284,    271.14999
     t,    268.97049,    268.97623,    268.14999
     t,    268.77533,    268.78125,    267.95001
     t,    267.68985,    267.69672,    267.14999
     t,    266.97928,    266.98691,    266.64999
     t,    266.02481,    266.03345,    266.14999
     t,    264.17108,    264.18176,    263.95001
     t,    262.80905,    262.82147,    262.35001
     t,    261.95389,    261.96777,    261.64999
     t,    261.58319,    261.59772,    261.35001
     t,    260.70810,    260.72409,    260.25000
     t,    260.32864,    260.34528,    260.14999
     t,    259.94647,    259.96378,    259.95001
     t,    257.50446,    257.52655,    258.14999
     t,    256.85828,    256.88156,    257.45001
     t,    256.59726,    256.62115,    257.54999
     t,    256.07132,    256.09644,    256.75000
     t,    255.40622,    255.43291,    255.95000
     t,    253.77739,    253.80730,    253.75000
     t,    252.94823,    252.97894,    252.75000
     t,    252.24683,    252.27821,    252.05000
     t,    250.81438,    250.84714,    250.95000
     t,    249.47766,    249.51112,    249.35001
     t,    248.85393,    248.88669,    248.75000
     t,    247.90125,    247.93230,    247.55000
     t,    247.42009,    247.45062,    247.35001
     t,    246.93452,    246.96452,    246.75000
     t,    246.44447,    246.47394,    246.25000
     t,    245.78395,    245.81268,    245.85001
     t,    244.08533,    244.11172,    244.55000
     t,    243.03575,    243.06050,    243.05000
     t,    242.50314,    242.52705,    242.55000
     t,    240.13039,    240.15018,    239.75000
     t,    239.56847,    239.58739,    238.95000
     t,    236.86516,    236.87994,    236.45000
     t,    234.03004,    234.04248,    233.25000
     t,    232.77374,    232.78609,    232.25000
     t,    229.04390,    229.05800,    228.64999
     t,    225.04037,    225.05896,    224.45000
     t,    223.54988,    223.56889,    222.85001
     t,    222.27748,    222.29712,    221.85001
     t,    220.97365,    220.99393,    220.64999
     t,    207.19136,    207.13731,    204.85001
     t,    208.95055,    208.93216,    204.45000
     t,    311.97107,    311.98492,    313.35001
     t,    311.81152,    311.83429,    312.04999
     t,    305.81812,    305.84274,    306.35001
     t,    295.80136,    295.82462,    295.85001
     t,    289.24545,    289.26608,    289.14999
     t,    280.03500,    280.04489,    279.85001
     t,    275.89029,    275.91254,    274.04999
     t,    275.53735,    275.56168,    273.25000
     t,    275.20651,    275.23471,    274.45001
     t,    274.79813,    274.83020,    274.64999
     t,    274.46091,    274.49686,    274.45001
     t,    273.51651,    273.56192,    275.04999
     t,    270.14667,    270.19235,    271.45001
     t,    268.78644,    268.82062,    269.45001
     t,    266.06921,    266.09116,    266.45001
     t,    264.79773,    264.81589,    264.75000
     t,    262.48669,    262.51318,    262.14999
     t,    258.87604,    258.93625,    259.64999
     t,    257.37234,    257.44785,    257.45001
     t,    251.98943,    252.07928,    251.25000
     t,    249.87788,    249.94771,    250.85001
     t,    245.96310,    245.99579,    245.45000
     t,    242.93657,    242.94366,    242.64999
     t,    235.82242,    235.80325,    236.64999
     t,    232.86195,    232.83928,    233.45000
     t,    223.42088,    223.42566,    222.64999
     t,    221.68443,    221.69460,    221.64999
     t,    221.17693,    221.18826,    221.05000
     t,    218.02705,    218.04703,    217.45000
     t,    207.52257,    207.62717,    206.05000
     t,    206.44432,    206.56839,    204.45000
     t,    204.35991,    204.35001,    200.85001
     t,    203.82166,    203.76698,    201.85001
     t,    202.50276,    202.52097,    200.85001
     t,    202.41460,    202.44908,    201.25000
     t,    202.32561,    202.37651,    203.45000
     t,    202.18254,    202.23911,    202.64999
     t,    203.16693,    203.14589,    201.45000
     t,    204.18967,    204.08543,    206.45000
     t,    205.76347,    205.55565,    206.85001
     t,    207.88243,    207.69511,    206.85001
     t,    209.93333,    209.96329,    210.05000
     t,    210.57936,    210.63019,    208.64999
     t,    301.54361,    301.56766,    301.91916
     q,      0.28975,      0.28961,      0.28146
     q,      0.30066,      0.30056,      0.32196
     q,      0.34322,      0.34314,      0.34007
     q,      0.46160,      0.46198,      0.44825
     q,      0.47575,      0.47622,      0.47065
     q,      0.52662,      0.52663,      0.46978
     q,      0.55048,      0.55046,      0.40088
     q,      0.63725,      0.63713,      0.54517
     q,      0.65548,      0.65535,      0.56892
     q,      0.59229,      0.59186,      0.66541
     q,      0.49274,      0.49190,      0.59927
     q,      0.44272,      0.44190,      0.47572
     q,      0.41180,      0.41092,      0.57470
     q,      0.41345,      0.41257,      0.57210
     q,      0.41657,      0.41570,      0.49512
     q,      0.41770,      0.41684,      0.33888
     q,      0.42013,      0.41927,      0.13232
     q,      0.42244,      0.42160,      0.10503
     q,      0.41764,      0.41677,      0.10290
     q,      0.41702,      0.41614,      0.10231
     q,      0.41098,      0.41007,      0.11336
     q,      0.40739,      0.40648,      0.21781
     q,      0.39960,      0.39870,      0.11626
     q,      0.38194,      0.38110,      0.46376
     q,      0.36904,      0.36819,      0.49120
     q,      0.37089,      0.37004,      0.34897
     q,      0.37176,      0.37090,      0.49369
     q,      0.37395,      0.37309,      0.33874
     q,      0.37497,      0.37411,      0.16382
     q,      0.37605,      0.37518,      0.12281
     q,      0.36798,      0.36702,      0.12460
     q,      0.35813,      0.35713,      0.08979
     q,      0.35456,      0.35353,      0.18926
     q,      0.34700,      0.34591,      0.36048
     q,      0.33668,      0.33551,      0.29225
     q,      0.31148,      0.31011,      0.39938
     q,      0.30330,      0.30196,      0.29019
     q,      0.29570,      0.29437,      0.15671
     q,      0.27779,      0.27649,      0.21467
     q,      0.26455,      0.26324,      0.37849
     q,      0.26845,      0.26718,      0.30680
     q,      0.27550,      0.27431,      0.36117
     q,      0.27905,      0.27790,      0.30133
     q,      0.28289,      0.28178,      0.40201
     q,      0.28706,      0.28598,      0.21638
     q,      0.29319,      0.29218,      0.15952
     q,      0.29926,      0.29813,      0.34014
     q,      0.29875,      0.29740,      0.28978
     q,      0.29845,      0.29699,      0.35329
     q,      0.15778,      0.15619,      0.16072
     q,      0.15879,      0.15718,      0.18150
     q,      0.20618,      0.20390,      0.21265
     q,      0.32986,      0.32617,      0.28664
     q,      0.45462,      0.44989,      0.38499
     q,      0.65932,      0.65656,      0.56069
     q,      0.39574,      0.38729,      0.69238
     q,      0.37295,      0.36382,      0.60002
     q,      0.35609,      0.34659,      0.37729
     q,      0.33058,      0.32044,      0.22433
     q,      0.31259,      0.30209,      0.24541
     q,      0.26192,      0.25057,      0.07980
     q,      0.12761,      0.11956,      0.03501
     q,      0.09547,      0.09213,      0.03877
     q,      0.08147,      0.08119,      0.03067
     q,      0.08373,      0.08387,      0.17721
     q,      0.08349,      0.08367,      0.11185
     q,      0.05625,      0.05636,      0.04565
     q,      0.25075,      0.24796,      0.24149
     t,    304.63034,    304.55307,    301.54999
     t,    303.41895,    303.34076,    299.35001
     t,    302.11987,    302.04047,    297.45001
     t,    300.03784,    299.95813,    295.45001
     t,    297.53912,    297.45956,    293.25000
     t,    296.12018,    296.03894,    292.04999
     t,    294.79538,    294.71149,    291.14999
     t,    290.34763,    290.84665,    287.54999
     t,    290.02429,    290.48938,    287.64999
     t,    289.66568,    290.05905,    288.54999
     t,    289.30423,    289.62537,    289.14999
     t,    288.87534,    289.11386,    289.35001
     t,    285.44241,    285.32959,    285.75000
     t,    285.06625,    284.95264,    285.54999
     t,    283.45877,    283.34555,    284.04999
     t,    282.58850,    282.48087,    283.25000
     t,    280.48041,    280.38690,    280.85001
     t,    278.37628,    278.32867,    279.04999
     t,    277.27979,    277.26270,    278.04999
     t,    276.16281,    276.17630,    277.04999
     t,    271.75363,    271.87097,    271.85001
     t,    267.20374,    267.17715,    266.35001
     t,    267.09274,    267.06387,    266.14999
     t,    266.64502,    266.61313,    265.75000
     t,    265.39490,    265.35452,    264.75000
     t,    264.00183,    263.95105,    263.54999
     t,    263.40976,    263.35507,    262.75000
     t,    262.81131,    262.75266,    262.85001
     t,    259.95984,    259.93842,    260.25000
     t,    258.80652,    258.80188,    259.35001
     t,    256.61484,    256.64114,    256.45001
     t,    255.96548,    256.00174,    255.64999
     t,    255.83363,    255.87175,    255.64999
     t,    255.16946,    255.21698,    255.64999
     t,    254.90149,    254.95279,    255.45000
     t,    254.36148,    254.42043,    255.25000
     t,    252.83546,    252.89825,    253.85001
     t,    248.72836,    248.76823,    250.05000
     t,    243.39952,    243.42862,    242.85001
     t,    240.10397,    240.13161,    240.45000
     t,    239.54143,    239.56317,    239.85001
     t,    238.39926,    238.40988,    239.64999
     t,    233.10925,    233.08369,    233.05000
     t,    232.63603,    232.61792,    232.45000
     t,    230.15990,    230.17918,    230.45000
     t,    306.29947,    306.20938,    305.45001
     t,    305.82507,    305.73337,    304.95001
     t,    303.50259,    303.40958,    301.85001
     t,    302.06140,    301.96869,    300.35001
     t,    299.77786,    299.68610,    298.04999
     t,    292.54388,    292.48203,    291.25000
     t,    290.77066,    290.76547,    289.64999
     t,    287.72467,    287.79599,    285.85001
     t,    286.74014,    286.79599,    284.54999
     t,    282.99567,    282.84711,    280.85001
     t,    281.74203,    281.59622,    280.75000
     t,    280.86429,    280.72745,    280.45001
     t,    276.94876,    276.90942,    277.54999
     t,    273.79431,    273.93027,    274.04999
     t,    273.32565,    273.45880,    273.64999
     t,    270.90591,    271.02649,    271.04999
     t,    269.85028,    269.95297,    269.85001
     t,    269.18350,    269.26059,    268.85001
     t,    268.42075,    268.46848,    268.14999
     t,    268.34055,    268.38721,    268.14999
     t,    267.30130,    267.30786,    268.14999
     t,    264.05173,    264.10852,    264.85001
     t,    256.49615,    256.59897,    256.85001
     t,    248.27150,    248.22884,    247.64999
     t,    242.15991,    242.08807,    244.25000
     t,    241.40903,    241.32947,    243.64999
     t,    233.69170,    233.63588,    234.05000
     t,    223.04825,    223.03903,    222.05000
     t,    222.03270,    222.02725,    221.05000
     t,    210.45383,    210.49762,    209.05000
     t,    208.40889,    208.47752,    207.05000
     t,    207.85948,    207.93266,    205.64999
     t,    206.43542,    206.47453,    202.45000
     t,    206.04414,    206.07491,    203.05000
     t,    205.78226,    205.81209,    204.45000
     t,    205.23233,    205.25072,    204.64999
     t,    204.62241,    204.64429,    203.45000
     t,    203.21959,    203.28506,    203.05000
     t,    203.06093,    203.13531,    204.05000
     t,    203.17661,    203.34819,    203.85001
     t,    203.34860,    203.66470,    202.25000
     t,    204.32074,    204.77637,    204.64999
     t,    205.90013,    206.14801,    204.45000
     t,    206.23618,    206.23433,    206.05000
     t,    207.39062,    207.24358,    204.85001
     t,    207.71907,    207.57327,    204.85001
     t,    209.35085,    209.23579,    210.25000
     t,    210.99416,    210.80783,    211.45000
     t,    211.17915,    210.95503,    213.25000
     q,      0.43368,      0.41923,      0.55707
     q,      0.45616,      0.44120,      0.50172
     q,      0.48342,      0.46779,      0.51416
     q,      0.53232,      0.51549,      0.56704
     q,      0.59859,      0.58018,      0.60937
     q,      0.64073,      0.62117,      0.63487
     q,      0.67992,      0.66013,      0.60313
     q,      0.62914,      0.46226,      0.62924
     q,      0.58301,      0.43356,      0.61177
     q,      0.52176,      0.40424,      0.38973
     q,      0.45939,      0.37438,      0.23473
     q,      0.38440,      0.33925,      0.22414
     q,      0.16953,      0.17229,      0.10012
     q,      0.16203,      0.16380,      0.08476
     q,      0.14058,      0.13918,      0.13694
     q,      0.14627,      0.14341,      0.25657
     q,      0.16105,      0.15425,      0.19482
     q,      0.21758,      0.21557,      0.33810
     q,      0.26058,      0.26312,      0.21028
     q,      0.30822,      0.31637,      0.24889
     q,      0.50227,      0.52308,      0.39786
     q,      0.67252,      0.68996,      0.65025
     q,      0.67596,      0.69325,      0.65575
     q,      0.68334,      0.69957,      0.62407
     q,      0.70594,      0.71890,      0.76597
     q,      0.73459,      0.74354,      0.79968
     q,      0.74877,      0.75563,      0.76718
     q,      0.76424,      0.76883,      0.68370
     q,      0.69742,      0.67692,      0.73480
     q,      0.66159,      0.62738,      0.62428
     q,      0.57582,      0.53368,      0.58010
     q,      0.54634,      0.50342,      0.51943
     q,      0.53989,      0.49698,      0.47944
     q,      0.50569,      0.46286,      0.13088
     q,      0.49104,      0.44823,      0.06839
     q,      0.45984,      0.41710,      0.02764
     q,      0.28498,      0.26703,      0.03038
     q,      0.13921,      0.12228,      0.09948
     q,      0.36496,      0.39556,      0.35733
     q,      0.37207,      0.40339,      0.37675
     q,      0.41218,      0.44717,      0.40355
     q,      0.44032,      0.47779,      0.42769
     q,      0.49021,      0.53207,      0.45267
     q,      0.67759,      0.71156,      0.59054
     q,      0.69922,      0.71437,      0.73209
     q,      0.66725,      0.66339,      0.74876
     q,      0.64719,      0.64491,      0.75143
     q,      0.67072,      0.67119,      0.81828
     q,      0.67890,      0.67418,      0.67624
     q,      0.68452,      0.67511,      0.68005
     q,      0.69260,      0.66048,      0.62999
     q,      0.64175,      0.59438,      0.65172
     q,      0.61209,      0.56779,      0.51948
     q,      0.43803,      0.41180,      0.42823
     q,      0.36220,      0.34457,      0.23317
     q,      0.32464,      0.31241,      0.22354
     q,      0.27874,      0.27310,      0.37027
     q,      0.27260,      0.26786,      0.37239
     q,      0.20346,      0.20871,      0.07779
     q,      0.13476,      0.14190,      0.06454
     q,      0.13190,      0.16528,      0.06896
     q,      0.08745,      0.10510,      0.02956
     t,    301.76114,    301.77429,    296.54999
     t,    301.76117,    301.77432,    298.35001
     t,    301.76114,    301.77429,    298.04999
     t,    301.76117,    301.77432,    298.95001
     t,    301.55603,    301.56790,    298.14999
     t,    300.98523,    300.99527,    296.64999
     t,    300.36041,    300.36951,    294.85001
     t,    299.76047,    299.76886,    295.35001
     t,    296.25781,    296.26572,    291.95001
     t,    295.47928,    295.48706,    291.75000
     t,    295.14346,    295.15118,    292.25000
     t,    294.14264,    294.15036,    291.64999
     t,    294.03094,    294.03864,    291.85001
     t,    291.78540,    291.79251,    290.35001
     t,    288.98395,    288.98987,    287.64999
     t,    287.29929,    287.30368,    286.45001
     t,    284.93610,    284.93796,    284.95001
     t,    282.28543,    282.28470,    281.75000
     t,    273.86523,    273.86450,    273.64999
     t,    270.04572,    270.04337,    269.85001
     t,    269.22235,    269.21918,    268.95001
     t,    266.95880,    266.95361,    266.54999
     t,    266.52158,    266.51666,    266.04999
     t,    264.54578,    264.54227,    263.64999
     t,    264.20959,    264.20633,    263.64999
     t,    263.30240,    263.29996,    263.95001
     t,    262.36740,    262.36649,    262.95001
     t,    261.70596,    261.70676,    262.35001
     t,    259.17358,    259.18198,    259.64999
     t,    253.57167,    253.58548,    254.25000
     t,    251.65594,    251.66936,    252.45000
     t,    246.18636,    246.19487,    246.55000
     t,    241.90837,    241.91447,    242.75000
     t,    239.16980,    239.17508,    239.64999
     t,    237.65385,    237.65852,    237.85001
     t,    237.27019,    237.27470,    237.45000
     t,    235.71182,    235.71585,    235.64999
     t,    231.27495,    231.27875,    230.85001
     t,    229.21619,    229.22154,    228.85001
     t,    227.78697,    227.79430,    227.64999
     t,    227.62529,    227.63257,    227.45000
     t,    223.77516,    223.78194,    222.25000
     t,    222.77042,    222.77657,    221.45000
     t,    221.39261,    221.39799,    220.85001
     t,    219.75302,    219.75597,    220.64999
     t,    219.50615,    219.50867,    220.85001
     t,    218.31696,    218.31680,    217.25000
     t,    218.17761,    218.17651,    217.85001
     t,    217.65973,    217.65735,    216.64999
     t,    217.32281,    217.32031,    217.85001
     t,    216.90361,    216.90102,    217.85001
     t,    216.33018,    216.32771,    217.05000
     t,    215.45731,    215.45595,    215.45000
     t,    213.62181,    213.62303,    212.25000
     t,    213.13281,    213.13588,    212.45000
     t,    211.40086,    211.40874,    208.64999
     t,    210.84885,    210.85945,    208.25000
     t,    210.66199,    210.67221,    209.25000
     t,    209.87473,    209.89095,    209.25000
     t,    208.09891,    208.13512,    207.05000
     t,    206.91228,    206.97583,    206.25000
     t,    207.31731,    207.41617,    205.05000
     t,    207.67346,    207.78224,    208.05000
     t,    208.73936,    208.82196,    208.85001
     t,    208.98294,    209.04518,    211.05000
     t,    210.60916,    210.59134,    209.85001
     t,    211.43788,    211.45892,    209.85001
     t,    212.50446,    212.51256,    211.45000
     t,    212.86530,    212.83153,    214.05000
     t,    302.30432,    302.07047,    299.75000
     t,    302.12817,    301.90073,    296.75000
     t,    296.73474,    296.49854,    291.75000
     t,    293.38812,    293.15640,    288.85001
     t,    293.17200,    292.98145,    288.85001
     t,    292.73730,    292.63156,    290.75000
     t,    292.29941,    292.27911,    291.35001
     t,    291.63635,    291.74545,    291.35001
     t,    291.06384,    291.15503,    290.54999
     t,    289.43289,    289.48035,    288.75000
     t,    288.69638,    288.80429,    288.04999
     t,    287.61917,    287.75952,    287.25000
     t,    285.65729,    285.81161,    285.45001
     t,    282.02588,    282.15186,    281.95001
     t,    276.42740,    276.52557,    275.95001
     t,    275.83023,    275.92133,    275.54999
     t,    274.20816,    274.28000,    273.95001
     t,    272.99411,    273.05258,    273.04999
     t,    267.08322,    267.10144,    266.95001
     t,    265.82510,    265.83896,    266.14999
     t,    265.07404,    265.08505,    265.85001
     t,    262.41223,    262.41351,    262.45001
     t,    259.08197,    259.06747,    259.14999
     t,    256.83871,    256.81036,    256.75000
     t,    255.18752,    255.17268,    255.14999
     t,    254.66226,    254.65347,    254.95000
     t,    254.13177,    254.12910,    254.25000
     t,    252.37363,    252.39058,    252.05000
     t,    251.50610,    251.53275,    250.95000
     t,    250.30722,    250.34668,    250.55000
     t,    243.09039,    243.15488,    243.95000
     t,    237.72046,    237.76538,    238.95000
     t,    234.88135,    234.92180,    236.25000
     t,    230.91280,    230.92664,    232.05000
     t,    228.21446,    228.17746,    229.25000
     t,    227.35655,    227.30362,    228.45000
     t,    221.44392,    221.41470,    218.85001
     t,    220.26913,    220.28304,    218.25000
     t,    220.13161,    220.15010,    218.85001
     t,    219.78348,    219.81670,    220.05000
     t,    219.01089,    219.06447,    219.64999
     t,    218.87326,    218.92548,    220.85001
     t,    218.37386,    218.41986,    220.64999
     t,    217.23773,    217.27914,    218.25000
     t,    215.60658,    215.62143,    216.25000
     t,    214.02463,    214.00508,    215.05000
     t,    211.45851,    211.35089,    210.45000
     t,    211.14967,    211.03252,    211.05000
     t,    209.61176,    209.44633,    208.25000
     t,    209.12642,    208.95844,    209.05000
     t,    208.62181,    208.45500,    207.05000
     t,    208.67776,    208.53975,    207.45000
     t,    209.77496,    209.82600,    207.05000
     t,    210.22800,    210.35895,    210.45000
     t,    210.53203,    210.67023,    210.85001
     t,    210.79527,    210.93748,    209.05000
     t,    211.28967,    211.50789,    209.45000
     t,    211.73187,    212.02757,    210.25000
     t,    211.75974,    212.06297,    210.45000
     t,    211.95967,    212.24895,    212.64999
     t,    212.56081,    212.83220,    213.85001
     t,    214.10812,    214.48080,    213.45000
     t,    214.40765,    214.80960,    216.05000
     t,    225.32753,    225.35229,    226.14999
     t,    223.34091,    223.45911,    226.14999
     q,      0.20530,      0.20519,      0.32084
     q,      0.20530,      0.20519,      0.66733
     q,      0.20530,      0.20519,      0.65328
     q,      0.20530,      0.20519,      0.62688
     q,      0.20712,      0.20700,      0.50961
     q,      0.21236,      0.21223,      0.34129
     q,      0.21829,      0.21815,      0.28062
     q,      0.22428,      0.22414,      0.29906
     q,      0.26473,      0.26457,      0.31679
     q,      0.27484,      0.27466,      0.32764
     q,      0.27944,      0.27927,      0.30302
     q,      0.29309,      0.29290,      0.33156
     q,      0.29464,      0.29445,      0.31537
     q,      0.32822,      0.32803,      0.32817
     q,      0.37343,      0.37330,      0.34906
     q,      0.40231,      0.40229,      0.38394
     q,      0.42600,      0.42635,      0.40305
     q,      0.45130,      0.45160,      0.43832
     q,      0.61142,      0.61165,      0.57928
     q,      0.70000,      0.70072,      0.69742
     q,      0.71283,      0.71380,      0.66337
     q,      0.75011,      0.75184,      0.69597
     q,      0.74820,      0.74993,      0.50889
     q,      0.73582,      0.73754,      0.69430
     q,      0.73342,      0.73514,      0.73036
     q,      0.72583,      0.72750,      0.83119
     q,      0.71216,      0.71368,      0.83797
     q,      0.69677,      0.69806,      0.95528
     q,      0.62670,      0.62676,      0.79191
     q,      0.55223,      0.55072,      0.68344
     q,      0.54118,      0.53950,      0.67510
     q,      0.52888,      0.52734,      0.57164
     q,      0.51118,      0.50985,      0.47552
     q,      0.50043,      0.49930,      0.36029
     q,      0.49195,      0.49101,      0.17400
     q,      0.48379,      0.48614,      0.57100
     q,      0.48704,      0.48954,      0.49455
     q,      0.62091,      0.62570,      0.54957
     q,      0.71904,      0.72313,      0.60292
     q,      0.69715,      0.68490,      0.62072
     q,      0.65242,      0.60617,      0.56356
     q,      0.60637,      0.52513,      0.49367
     q,      0.53469,      0.39900,      0.44792
     q,      0.43913,      0.32244,      0.46327
     q,      0.24789,      0.21016,      0.38478
     q,      0.22343,      0.19343,      0.20160
     q,      0.21813,      0.19415,      0.13794
     q,      0.22694,      0.20789,      0.23319
     q,      0.25859,      0.23463,      0.33094
     q,      0.30756,      0.28591,      0.30661
     q,      0.31390,      0.29356,      0.19039
     q,      0.33337,      0.31705,      0.17075
     q,      0.34584,      0.33279,      0.39656
     q,      0.31798,      0.31794,      0.36928
     q,      0.29212,      0.29352,      0.37934
     q,      0.27536,      0.27774,      0.33229
     q,      0.22931,      0.23115,      0.35871
     q,      0.18355,      0.18451,      0.26463
     q,      0.17220,      0.17299,      0.30758
     q,      0.21877,      0.21547,      0.24853
     q,      0.24003,      0.23485,      0.17046
     q,      0.26304,      0.25583,      0.13620
     q,      0.35518,      0.34040,      0.14074
     q,      0.39386,      0.37806,      0.33605
     q,      0.44547,      0.43028,      0.57853
     q,      0.69365,      0.69762,      0.69225
     q,      0.68508,      0.69469,      0.59171
     t,    303.24380,    303.44272,    302.04999
     t,    303.24384,    303.44275,    300.95001
     t,    301.96838,    302.14066,    299.35001
     t,    301.05750,    301.21652,    298.54999
     t,    295.46167,    295.29581,    293.45001
     t,    292.64511,    292.46265,    290.85001
     t,    289.97925,    289.82599,    291.04999
     t,    289.09674,    289.00140,    290.75000
     t,    288.27322,    288.22742,    290.04999
     t,    282.15042,    282.26782,    283.54999
     t,    281.67578,    281.79593,    282.95001
     t,    279.47897,    279.41660,    280.85001
     t,    277.21625,    276.94894,    278.04999
     t,    276.05521,    275.78110,    276.75000
     t,    274.24213,    273.99225,    274.35001
     t,    273.87112,    273.62595,    274.04999
     t,    273.49881,    273.25815,    273.64999
     t,    272.45618,    272.24026,    272.35001
     t,    271.98056,    271.77484,    271.85001
     t,    271.40256,    271.20724,    271.35001
     t,    269.63565,    269.47546,    269.35001
     t,    269.33606,    269.18216,    268.95001
     t,    268.52917,    268.39224,    268.45001
     t,    268.03323,    267.90604,    268.14999
     t,    266.07727,    265.98090,    265.75000
     t,    265.77814,    265.68723,    265.85001
     t,    265.37656,    265.29306,    265.75000
     t,    263.64590,    263.59875,    263.54999
     t,    263.24005,    263.20673,    263.35001
     t,    263.03589,    263.00949,    263.04999
     t,    261.89603,    261.90771,    262.04999
     t,    261.05017,    261.09113,    261.85001
     t,    251.85742,    252.04546,    252.25000
     t,    251.07712,    251.25641,    251.45000
     t,    248.23546,    248.34804,    248.05000
     t,    246.96359,    247.05156,    246.45000
     t,    245.17551,    245.24812,    244.45000
     t,    240.61833,    240.66592,    240.64999
     t,    239.02248,    239.06795,    240.05000
     t,    236.19035,    236.24298,    237.45000
     t,    230.41220,    230.53697,    231.64999
     t,    226.35773,    226.58369,    229.25000
     t,    225.79648,    226.02754,    228.45000
     t,    224.26450,    224.50929,    226.85001
     t,    221.80499,    221.99509,    223.45000
     t,    219.79321,    219.81770,    220.25000
     t,    218.94846,    218.95178,    218.45000
     t,    218.05905,    218.06950,    216.64999
     t,    216.71837,    216.63800,    211.25000
     t,    216.60419,    216.50772,    212.45000
     t,    216.57576,    216.46991,    212.05000
     t,    216.54828,    216.43300,    217.05000
     t,    216.54243,    216.42502,    217.85001
     t,    216.45457,    216.32051,    215.85001
     t,    216.43817,    216.30669,    216.25000
     t,    216.44818,    216.31650,    216.85001
     t,    216.40027,    216.30432,    215.85001
     t,    216.36572,    216.31587,    214.25000
     t,    216.32863,    216.31351,    216.45000
     t,    216.31480,    216.30556,    218.25000
     t,    216.22710,    216.24478,    218.64999
     t,    215.93536,    215.91063,    216.45000
     t,    215.80969,    215.75249,    214.64999
     t,    215.63695,    215.55267,    214.05000
     t,    302.23782,    302.21109,    294.64999
     t,    302.23782,    302.21112,    296.85001
     t,    301.80966,    301.77417,    296.75000
     t,    301.06760,    301.02307,    296.14999
     t,    299.36020,    299.37921,    296.54999
     t,    295.94543,    296.08957,    295.35001
     t,    290.78018,    290.70267,    289.64999
     t,    287.90424,    287.63477,    287.75000
     t,    285.13138,    284.87555,    284.64999
     t,    285.03290,    284.78223,    284.64999
     t,    282.43408,    282.21216,    281.64999
     t,    281.00998,    280.73950,    280.14999
     t,    279.18228,    278.91412,    277.95001
     t,    278.38611,    278.14560,    277.04999
     t,    275.51447,    275.38150,    274.85001
     t,    273.79324,    273.71674,    273.64999
     t,    271.50970,    271.49591,    270.45001
     t,    271.08499,    271.08289,    270.45001
     t,    270.86423,    270.87256,    270.95001
     t,    270.76065,    270.77072,    270.75000
     t,    270.56036,    270.57150,    269.85001
     t,    270.35931,    270.37158,    270.25000
     t,    270.05646,    270.07034,    269.85001
     t,    269.75189,    269.76746,    269.14999
     t,    269.44571,    269.46292,    269.35001
     t,    265.77267,    265.81439,    265.45001
     t,    264.50159,    264.55011,    264.14999
     t,    255.14093,    255.24074,    256.54999
     t,    252.46298,    252.54929,    253.05000
     t,    247.61739,    247.63795,    248.45000
     t,    245.67163,    245.65967,    245.95000
     t,    239.83289,    239.81334,    240.35001
     t,    236.74063,    236.73495,    237.14999
     t,    235.79196,    235.79089,    236.14999
     t,    232.68036,    232.70227,    234.45000
     t,    226.14935,    226.23042,    227.45000
     t,    222.35213,    222.42877,    222.85001
     t,    221.35492,    221.42485,    222.64999
     t,    218.77357,    218.79552,    218.85001
     t,    217.94138,    217.93604,    218.45000
     t,    217.72493,    217.69704,    219.64999
     t,    216.97270,    216.88242,    218.45000
     t,    216.67450,    216.59706,    216.45000
     t,    216.60834,    216.53925,    216.85001
     t,    216.43269,    216.38290,    215.64999
     t,    216.32268,    216.28375,    216.05000
     t,    216.07997,    216.07831,    214.45000
     t,    215.85167,    215.89000,    216.45000
     t,    215.66249,    215.73361,    214.85001
     t,    215.56593,    215.65274,    215.64999
     t,    215.27260,    215.40550,    215.85001
     t,    215.23331,    215.37173,    216.05000
     t,    215.02988,    215.19528,    214.85001
     t,    214.86240,    215.04602,    215.05000
     t,    214.83385,    215.01355,    214.45000
     t,    214.77338,    214.94139,    214.85001
     t,    214.71510,    214.87433,    217.05000
     t,    214.68336,    214.83316,    217.64999
     t,    214.47078,    214.57780,    215.64999
     t,    214.38777,    214.46158,    217.45000
     t,    214.30212,    214.33163,    215.85001
     t,    214.17250,    214.14813,    215.45000
     t,    213.59702,    213.34552,    210.85001
     t,    213.30138,    212.94626,    210.45000
     t,    213.10780,    212.69637,    208.85001
     t,    212.97717,    212.52501,    208.64999
     t,    212.93681,    212.47548,    209.64999
     t,    212.90518,    212.43665,    213.05000
     t,    212.85585,    212.37166,    213.64999
     t,    212.77892,    212.29141,    213.45000
     t,    213.00369,    212.63448,    210.64999
     t,    213.16171,    212.88689,    214.45000
     t,    213.67499,    213.99083,    212.64999
     t,    213.76274,    214.27846,    214.45000
     t,    213.92366,    214.58139,    215.25000
     t,    214.25548,    215.20015,    213.64999
     t,    215.06297,    216.37798,    216.05000
     t,    216.55679,    217.40285,    214.05000
     t,    259.72397,    259.80322,    260.24567
     q,      0.51124,      0.47153,      0.49938
     q,      0.51124,      0.47153,      0.44751
     q,      0.52621,      0.48740,      0.46419
     q,      0.52737,      0.49771,      0.49413
     q,      0.62904,      0.62152,      0.60199
     q,      0.69652,      0.68936,      0.60940
     q,      0.73915,      0.74072,      0.28909
     q,      0.73147,      0.73024,      0.34255
     q,      0.72533,      0.72216,      0.51623
     q,      0.71751,      0.70385,      0.63574
     q,      0.72159,      0.70742,      0.62862
     q,      0.73615,      0.73096,      0.62533
     q,      0.75133,      0.75738,      0.68883
     q,      0.75245,      0.76310,      0.55008
     q,      0.75177,      0.76835,      0.60332
     q,      0.75203,      0.77027,      0.64872
     q,      0.75200,      0.77161,      0.55771
     q,      0.75288,      0.77569,      0.54753
     q,      0.74976,      0.77446,      0.63068
     q,      0.74692,      0.77406,      0.54296
     q,      0.73525,      0.77032,      0.61591
     q,      0.73282,      0.76937,      0.66034
     q,      0.72581,      0.76667,      0.57948
     q,      0.71996,      0.76306,      0.63101
     q,      0.69126,      0.73966,      0.47303
     q,      0.68558,      0.73505,      0.24481
     q,      0.67766,      0.72860,      0.14417
     q,      0.64621,      0.70076,      0.19569
     q,      0.63997,      0.69360,      0.12182
     q,      0.63672,      0.68988,      0.08106
     q,      0.62059,      0.66982,      0.07969
     q,      0.60791,      0.65336,      0.02784
     q,      0.56397,      0.55129,      0.02373
     q,      0.57689,      0.55841,      0.02925
     q,      0.65876,      0.62419,      0.21371
     q,      0.66308,      0.63239,      0.14386
     q,      0.66024,      0.64267,      0.14180
     q,      0.65251,      0.63938,      0.09518
     q,      0.64117,      0.63381,      0.10305
     q,      0.42413,      0.43670,      0.42295
     q,      0.42413,      0.43670,      0.40446
     q,      0.43033,      0.44284,      0.34753
     q,      0.44242,      0.45459,      0.37273
     q,      0.47076,      0.46930,      0.35020
     q,      0.49958,      0.51172,      0.39270
     q,      0.45597,      0.50309,      0.47144
     q,      0.46293,      0.50529,      0.60301
     q,      0.48836,      0.51285,      0.62562
     q,      0.48974,      0.51417,      0.62959
     q,      0.52981,      0.55358,      0.74068
     q,      0.55574,      0.58093,      0.60716
     q,      0.58710,      0.61073,      0.67269
     q,      0.59756,      0.61941,      0.62523
     q,      0.64379,      0.65736,      0.77799
     q,      0.66401,      0.67457,      0.74221
     q,      0.69395,      0.70103,      0.81792
     q,      0.70044,      0.70676,      0.82595
     q,      0.70470,      0.71028,      0.78474
     q,      0.70580,      0.71126,      0.77868
     q,      0.70666,      0.71206,      0.85225
     q,      0.70754,      0.71288,      0.72363
     q,      0.70890,      0.71414,      0.71060
     q,      0.71032,      0.71546,      0.82191
     q,      0.71178,      0.71682,      0.80176
     q,      0.72868,      0.73169,      0.85421
     q,      0.72700,      0.72911,      0.85969
     q,      0.72849,      0.72163,      0.88764
     q,      0.74515,      0.73941,      0.77385
     q,      0.76541,      0.77187,      0.78141
     q,      0.76055,      0.77493,      0.66482
     q,      0.71261,      0.72635,      0.77064
     q,      0.68730,      0.69280,      0.70539
     q,      0.71881,      0.71628,      0.89652
     t,    312.72122,    312.70700,    312.25000
     t,    312.57657,    312.54434,    309.64999
     t,    311.76099,    311.72397,    308.85001
     t,    307.32867,    307.29062,    304.54999
     t,    299.95932,    299.92288,    297.64999
     t,    298.12918,    298.09308,    295.85001
     t,    296.24698,    296.19656,    295.25000
     t,    295.75748,    295.70078,    296.04999
     t,    294.30920,    294.22488,    295.14999
     t,    287.22498,    287.14029,    287.64999
     t,    286.58014,    286.51151,    286.85001
     t,    285.93207,    285.88055,    286.25000
     t,    283.72153,    283.71094,    283.64999
     t,    281.15497,    281.15530,    281.45001
     t,    279.56567,    279.57278,    280.04999
     t,    278.70111,    278.70605,    279.35001
     t,    277.40421,    277.40051,    277.64999
     t,    276.65463,    276.64453,    276.75000
     t,    275.46558,    275.44553,    275.35001
     t,    275.13657,    275.14636,    274.85001
     t,    273.89908,    273.99466,    273.25000
     t,    273.47760,    273.60239,    272.95001
     t,    272.69250,    272.87323,    272.64999
     t,    271.40765,    271.57446,    270.54999
     t,    269.73898,    269.85718,    270.25000
     t,    269.64474,    269.76010,    270.25000
     t,    267.46402,    267.53592,    267.14999
     t,    265.77341,    265.82828,    266.45001
     t,    265.12485,    265.17331,    265.54999
     t,    264.79736,    264.84259,    265.54999
     t,    263.77258,    263.81107,    264.14999
     t,    263.30624,    263.34247,    263.54999
     t,    261.88138,    261.91077,    261.64999
     t,    261.64011,    261.66864,    261.45001
     t,    260.54001,    260.56335,    260.45001
     t,    258.33582,    258.35175,    258.04999
     t,    257.66684,    257.68057,    257.85001
     t,    252.61891,    252.58540,    252.45000
     t,    251.13199,    251.07837,    251.85001
     t,    249.75523,    249.67932,    250.85001
     t,    245.15982,    245.01550,    245.85001
     t,    242.99103,    242.82248,    243.25000
     t,    241.87430,    241.69365,    242.05000
     t,    237.34457,    237.13870,    238.05000
     t,    232.93187,    232.75179,    233.05000
     t,    223.01572,    222.96193,    223.85001
     t,    221.26532,    221.23973,    221.64999
     t,    210.72069,    210.75961,    209.45000
     t,    207.94971,    207.95526,    207.05000
     t,    207.42412,    207.42334,    206.64999
     t,    205.36928,    205.22972,    202.85001
     t,    204.46547,    204.29333,    203.64999
     t,    203.75139,    203.57779,    201.45000
     t,    203.46524,    203.32376,    202.45000
     t,    203.24051,    203.17429,    200.85001
     t,    203.01591,    203.02769,    200.45000
     t,    202.99472,    203.02161,    202.85001
     t,    202.97827,    203.01688,    203.25000
     t,    203.70412,    203.79486,    200.45000
     t,    205.19958,    205.37242,    206.25000
     t,    206.50981,    206.87909,    205.85001
     t,    209.45964,    209.55571,    206.05000
     t,    309.40479,    309.36655,    306.61050
     t,    303.22443,    303.20410,    304.04999
     t,    303.22443,    303.20410,    303.75000
     t,    303.47333,    303.47760,    303.95001
     t,    303.47333,    303.47760,    303.75000
     t,    303.19296,    303.13794,    306.75000
     t,    303.19296,    303.13791,    306.14999
     t,    303.22211,    303.17520,    303.85001
     t,    303.22211,    303.17517,    303.64999
     t,    303.69009,    303.70795,    304.45001
     t,    303.69006,    303.70792,    304.14999
     t,    304.08975,    304.11832,    304.95001
     t,    304.08972,    304.11829,    304.54999
     t,    303.90155,    303.92554,    304.35001
     t,    303.90158,    303.92557,    303.95001
     t,    303.22443,    303.20410,    304.25000
     t,    303.22443,    303.20410,    303.64999
     t,    303.22443,    303.20410,    303.64999
     t,    303.47333,    303.47760,    304.25000
     t,    303.47333,    303.47760,    303.64999
     t,    303.47333,    303.47760,    303.45001
     t,    303.19296,    303.13794,    307.35001
     t,    303.19296,    303.13794,    305.85001
     t,    303.19296,    303.13794,    305.75000
     t,    303.22211,    303.17517,    304.54999
     t,    303.22211,    303.17517,    303.14999
     t,    303.22214,    303.17520,    302.95001
     t,    303.69006,    303.70792,    305.25000
     t,    303.69006,    303.70795,    303.85001
     t,    303.69006,    303.70792,    303.54999
     t,    304.08975,    304.11832,    305.95001
     t,    304.08975,    304.11832,    303.95001
     t,    304.08975,    304.11832,    303.45001
     t,    303.90155,    303.92554,    305.35001
     t,    303.90158,    303.92557,    303.45001
     t,    303.90158,    303.92557,    302.95001
     t,    303.22443,    303.20410,    304.04999
     t,    303.22446,    303.20413,    303.95001
     t,    303.47333,    303.47760,    304.14999
     t,    303.47333,    303.47760,    304.14999
     t,    303.19296,    303.13791,    307.04999
     t,    303.19296,    303.13791,    306.54999
     t,    303.22211,    303.17517,    304.25000
     t,    303.22211,    303.17520,    304.35001
     t,    303.69006,    303.70792,    305.14999
     t,    303.69006,    303.70792,    305.04999
     t,    304.08975,    304.11832,    305.45001
     t,    304.08975,    304.11832,    305.35001
     t,    303.90155,    303.92554,    304.85001
     t,    303.90155,    303.92554,    304.64999
     q,      0.37605,      0.37506,      0.48691
     q,      0.37817,      0.37715,      0.41126
     q,      0.39070,      0.38970,      0.43534
     q,      0.47394,      0.47252,      0.51783
     q,      0.66580,      0.66333,      0.68474
     q,      0.72539,      0.72259,      0.73576
     q,      0.76433,      0.76397,      0.69458
     q,      0.77101,      0.77190,      0.59440
     q,      0.77725,      0.78023,      0.57285
     q,      0.73663,      0.74619,      0.56895
     q,      0.73477,      0.74443,      0.59996
     q,      0.73297,      0.74305,      0.52651
     q,      0.72638,      0.73837,      0.57878
     q,      0.71674,      0.73170,      0.44227
     q,      0.71004,      0.72737,      0.47759
     q,      0.68403,      0.70431,      0.41311
     q,      0.62542,      0.65093,      0.53047
     q,      0.58968,      0.61887,      0.41460
     q,      0.52780,      0.56337,      0.47014
     q,      0.50544,      0.53835,      0.36626
     q,      0.42045,      0.44626,      0.35106
     q,      0.38960,      0.41283,      0.25434
     q,      0.33140,      0.34966,      0.20335
     q,      0.30272,      0.32558,      0.10755
     q,      0.28977,      0.32361,      0.04422
     q,      0.28893,      0.32347,      0.04012
     q,      0.29436,      0.34185,      0.06980
     q,      0.31879,      0.37403,      0.02566
     q,      0.32793,      0.38632,      0.17230
     q,      0.33283,      0.39290,      0.08939
     q,      0.34531,      0.40494,      0.22206
     q,      0.34836,      0.40670,      0.40200
     q,      0.35877,      0.41273,      0.38341
     q,      0.36220,      0.41474,      0.35109
     q,      0.37099,      0.41928,      0.03067
     q,      0.35135,      0.38730,      0.04390
     q,      0.34225,      0.37406,      0.06344
     q,      0.27005,      0.28900,      0.06583
     q,      0.23446,      0.25492,      0.09917
     q,      0.17764,      0.20399,      0.08456
     q,      0.43241,      0.43122,      0.47747
     t,    225.43979,    225.46011,    225.64999
     t,    223.37901,    223.39319,    223.05000
     t,    216.82623,    216.84891,    215.64999
     t,    212.91331,    212.94185,    212.64999
     t,    211.88492,    211.91533,    210.85001
     t,    209.45587,    209.48109,    205.64999
     t,    208.04605,    208.05714,    203.45000
     t,    207.16216,    207.12498,    203.64999
     t,    206.48544,    206.41125,    205.45000
     t,    206.01566,    205.91566,    205.25000
     t,    205.28680,    205.15343,    206.05000
     t,    204.74989,    204.66423,    203.85001
     t,    204.94429,    204.89201,    205.05000
     t,    205.24374,    205.24324,    205.25000
     t,    205.90907,    206.06221,    206.45000
     t,    206.01715,    206.22488,    208.45000
     t,    206.41272,    206.82335,    206.05000
     t,    208.79132,    208.69225,    207.25000
     t,    209.62863,    209.65746,    209.64999
     t,    210.13461,    210.38168,    210.45000
     t,    211.50807,    212.30469,    208.85001
     t,    211.91373,    212.60532,    210.85001
     t,    212.32214,    212.80966,    214.64999
     t,    212.47095,    212.88005,    213.45000
     t,    308.87946,    308.93011,    307.95001
     t,    308.58310,    308.60147,    307.54999
     t,    307.29181,    307.22000,    306.85001
     t,    306.34824,    306.10983,    304.75000
     t,    299.87292,    299.80661,    298.04999
     t,    296.43005,    296.46320,    294.35001
     t,    295.14053,    295.13907,    294.04999
     t,    293.83707,    293.80920,    292.95001
     t,    290.45621,    290.46265,    290.45001
     t,    289.79736,    289.79706,    290.45001
     t,    288.87869,    288.87317,    288.85001
     t,    288.54175,    288.53268,    288.75000
     t,    288.11795,    288.10443,    288.14999
     t,    286.60602,    286.57614,    286.45001
     t,    286.51489,    286.48410,    286.25000
     t,    284.47632,    284.42535,    283.14999
     t,    278.39044,    278.35660,    279.35001
     t,    277.37320,    277.34827,    279.35001
     t,    275.66684,    275.64877,    275.45001
     t,    274.74820,    274.73087,    274.54999
     t,    274.43762,    274.42554,    273.75000
     t,    274.13721,    274.12445,    273.35001
     t,    273.99289,    273.97879,    272.75000
     t,    273.70270,    273.68591,    272.64999
     t,    273.62985,    273.61240,    272.35001
     t,    273.55682,    273.53870,    272.04999
     t,    273.41043,    273.39096,    271.45001
     t,    272.89383,    272.86957,    271.14999
     t,    271.83984,    271.81064,    269.35001
     t,    271.37967,    271.34619,    268.54999
     t,    271.07001,    271.03366,    267.85001
     t,    270.63034,    270.59839,    267.35001
     t,    269.55618,    269.52551,    265.75000
     t,    269.09561,    269.06848,    265.35001
     t,    268.63495,    268.60797,    264.75000
     t,    268.07599,    268.04922,    267.25000
     t,    266.61319,    266.61035,    265.25000
     t,    266.26572,    266.27377,    265.04999
     t,    265.79901,    265.82172,    266.35001
     t,    265.19366,    265.23273,    266.35001
     t,    263.46188,    263.55457,    264.25000
     t,    260.41885,    260.66006,    262.14999
     t,    257.70523,    258.01373,    258.45001
     t,    257.26059,    257.55081,    257.35001
     t,    254.73167,    254.94977,    254.95000
     t,    254.09824,    254.28711,    254.55000
     t,    253.08516,    253.24130,    253.45000
     t,    251.90324,    252.00639,    251.85001
     t,    250.78232,    250.84955,    250.35001
     t,    249.66563,    249.68471,    249.75000
     t,    249.12495,    249.12817,    249.25000
     t,    247.02820,    246.93394,    247.85001
     t,    243.09932,    242.62502,    244.45000
     t,    235.99554,    235.78824,    238.45000
     t,    232.99348,    232.97119,    234.64999
     t,    231.96692,    232.00079,    233.45000
     t,    230.71959,    230.80371,    233.05000
     t,    222.00867,    221.97827,    222.85001
     t,    216.91350,    216.91248,    216.85001
     t,    215.36806,    215.39116,    216.64999
     t,    209.18033,    209.39180,    208.45000
     t,    207.82906,    208.08269,    206.45000
     t,    204.39244,    204.33018,    198.25000
     t,    203.95132,    203.79382,    198.85001
     t,    203.53802,    203.29871,    197.05000
     t,    203.37842,    203.11876,    198.05000
     t,    203.29207,    203.01559,    197.64999
     t,    203.11703,    202.80646,    198.45000
     t,    203.19312,    203.15558,    197.45000
     t,    203.27440,    203.34991,    200.45000
     t,    203.52495,    203.80432,    203.25000
     t,    204.36723,    204.86763,    201.05000
     t,    204.94229,    205.27211,    202.05000
     t,    205.00238,    205.30061,    202.64999
     t,    205.07790,    205.33644,    207.05000
     t,    205.20886,    205.42392,    207.85001
     t,    206.73520,    206.35794,    204.85001
     t,    207.36182,    206.81506,    206.05000
     t,    207.53888,    206.99799,    208.45000
     t,    207.81798,    207.33282,    208.45000
     t,    208.98703,    208.73102,    207.64999
     t,    210.16869,    210.43449,    211.25000
     t,    211.29533,    212.05382,    211.45000
     t,    308.88193,    310.16202,    305.25000
     t,    305.03781,    306.21088,    300.25000
     t,    302.30450,    303.33109,    297.35001
     t,    298.34079,    298.90628,    295.04999
     t,    292.08511,    292.14624,    289.85001
     t,    289.73083,    289.90735,    287.25000
     t,    288.97580,    289.18588,    288.45001
     t,    287.25604,    287.52036,    287.04999
     t,    286.29306,    286.49323,    286.25000
     t,    285.58316,    285.73602,    286.14999
     t,    274.96271,    274.76486,    274.25000
     t,    273.65054,    273.42877,    273.14999
     t,    269.30563,    269.19180,    267.64999
     t,    269.04813,    268.93973,    267.75000
     t,    268.87558,    268.77081,    267.75000
     t,    268.70236,    268.60126,    267.35001
     t,    267.01184,    266.94464,    265.95001
     t,    266.31650,    266.22867,    266.75000
     t,    263.65240,    263.49109,    264.04999
     t,    259.99960,    259.73074,    259.14999
     t,    257.80328,    257.48569,    258.25000
     t,    257.12988,    256.80020,    257.85001
     t,    251.66335,    251.47438,    251.45000
     t,    243.63487,    243.70151,    246.25000
     t,    242.17065,    242.22762,    244.45000
     t,    233.24834,    233.30792,    235.05000
     t,    232.48227,    232.54517,    234.25000
     t,    222.37714,    222.48360,    222.25000
     t,    218.55574,    218.70679,    217.85001
     t,    213.73383,    214.00795,    213.25000
     t,    213.01479,    213.30379,    214.25000
     t,    210.54678,    210.70198,    210.45000
     t,    205.88565,    205.71765,    202.25000
     t,    204.55624,    204.30418,    198.64999
     t,    203.93469,    203.42015,    198.85001
     t,    203.63141,    202.83827,    200.25000
     t,    203.52852,    202.49052,    201.05000
     t,    204.22020,    203.17696,    207.05000
     t,    207.14912,    207.11678,    205.45000
     t,    207.82135,    208.12286,    210.05000
     t,    208.60587,    209.09453,    207.25000
     t,    209.24088,    209.97145,    208.45000
     t,    294.92944,    295.01080,    292.33539
     t,    279.79712,    279.74435,    280.14023
     t,    227.85480,    227.94165,    228.66879
     q,      0.57188,      0.58464,      0.64801
     q,      0.57069,      0.58373,      0.58490
     q,      0.57635,      0.59195,      0.63274
     q,      0.56785,      0.57829,      0.59347
     q,      0.70958,      0.71696,      0.77280
     q,      0.80763,      0.81908,      0.82605
     q,      0.83715,      0.85103,      0.84621
     q,      0.86894,      0.88549,      0.73433
     q,      0.90686,      0.91423,      0.73801
     q,      0.88441,      0.89428,      0.67659
     q,      0.85051,      0.86305,      0.64598
     q,      0.83770,      0.85158,      0.76475
     q,      0.82111,      0.83673,      0.78300
     q,      0.78634,      0.80680,      0.71347
     q,      0.78483,      0.80553,      0.71228
     q,      0.74796,      0.77433,      0.82607
     q,      0.67259,      0.69937,      0.96484
     q,      0.65357,      0.67833,      1.02644
     q,      0.59106,      0.60644,      0.86544
     q,      0.55443,      0.56505,      0.87453
     q,      0.54202,      0.55082,      0.74737
     q,      0.53019,      0.53804,      0.77423
     q,      0.52506,      0.53268,      0.62718
     q,      0.51456,      0.52173,      0.83951
     q,      0.51188,      0.51893,      0.82490
     q,      0.50918,      0.51612,      0.84776
     q,      0.50372,      0.51042,      0.75923
     q,      0.48390,      0.48973,      0.80423
     q,      0.44154,      0.44563,      0.63165
     q,      0.42135,      0.42461,      0.72178
     q,      0.40727,      0.40995,      0.64151
     q,      0.39933,      0.40249,      0.68760
     q,      0.37658,      0.38007,      0.58965
     q,      0.36790,      0.37215,      0.58563
     q,      0.35707,      0.36158,      0.58187
     q,      0.34322,      0.34806,      0.72334
     q,      0.33271,      0.34039,      0.78680
     q,      0.33563,      0.34384,      0.79421
     q,      0.33974,      0.34870,      0.92542
     q,      0.34890,      0.36059,      0.93877
     q,      0.37614,      0.38856,      0.89040
     q,      0.47754,      0.49133,      0.97931
     q,      0.62713,      0.64542,      0.85490
     q,      0.66012,      0.68125,      0.80075
     q,      0.78995,      0.80462,      0.69204
     q,      0.78722,      0.79782,      0.79582
     q,      0.78355,      0.78996,      0.73155
     q,      0.77715,      0.77425,      0.70245
     q,      0.76470,      0.76519,      0.50122
     q,      0.74600,      0.75105,      0.35048
     q,      0.73838,      0.75035,      0.17063
     q,      0.69669,      0.72608,      0.10171
     q,      0.57674,      0.62513,      0.09687
     q,      0.52958,      0.49970,      0.53160
     q,      0.61314,      0.58621,      0.59421
     q,      0.68143,      0.66207,      0.65314
     q,      0.78068,      0.78570,      0.71047
     q,      0.88708,      0.88003,      0.86049
     q,      0.83479,      0.79312,      0.79272
     q,      0.80921,      0.76655,      0.62081
     q,      0.75311,      0.70906,      0.51628
     q,      0.74767,      0.71095,      0.51565
     q,      0.74336,      0.71245,      0.46538
     q,      0.62837,      0.61342,      0.79231
     q,      0.58687,      0.56367,      0.61136
     q,      0.41929,      0.37082,      0.65782
     q,      0.40913,      0.36050,      0.31626
     q,      0.40217,      0.35345,      0.34890
     q,      0.39508,      0.34624,      0.37165
     q,      0.32131,      0.27064,      0.34274
     q,      0.30183,      0.25191,      0.10888
     q,      0.21193,      0.16429,      0.24015
     q,      0.17989,      0.11107,      0.13720
     q,      0.23787,      0.11716,      0.05848
     q,      0.28077,      0.13187,      0.10145
     q,      0.46239,      0.18729,      0.03546
     q,      0.85898,      0.88033,      0.79350
     q,      0.71189,      0.70927,      0.61959
     t,    297.93298,    298.32635,    297.04999
     t,    297.93301,    298.32639,    296.35001
     t,    297.00864,    297.37631,    294.25000
     t,    295.45126,    295.78238,    293.25000
     t,    294.24454,    294.43600,    292.64999
     t,    294.06433,    294.21838,    292.35001
     t,    294.04391,    294.31848,    293.04999
     t,    294.15039,    294.15042,    292.25000
     t,    293.73175,    293.98407,    291.35001
     t,    292.52194,    292.90826,    289.85001
     t,    292.28354,    292.68771,    289.14999
     t,    291.95035,    292.35550,    287.95001
     t,    291.61459,    292.02078,    287.14999
     t,    289.68210,    290.02988,    287.35001
     t,    284.75906,    284.97653,    282.54999
     t,    284.60632,    284.82095,    282.25000
     t,    283.52277,    283.71637,    281.75000
     t,    283.05228,    283.23691,    281.45001
     t,    282.65698,    282.83408,    281.54999
     t,    280.10104,    280.20679,    279.85001
     t,    277.93973,    277.97662,    278.95001
     t,    275.65527,    275.60776,    276.04999
     t,    275.15179,    275.08582,    275.95001
     t,    272.86041,    272.69714,    272.85001
     t,    271.91113,    271.70465,    272.45001
     t,    271.12003,    270.87753,    271.75000
     t,    270.49548,    270.22452,    271.25000
     t,    267.93173,    267.59326,    268.75000
     t,    267.63800,    267.29239,    268.35001
     t,    264.91833,    264.55927,    265.14999
     t,    263.68475,    263.33798,    263.85001
     t,    259.83667,    259.60873,    260.14999
     t,    256.56512,    256.48215,    256.04999
     t,    256.15524,    256.09235,    255.64999
     t,    254.62955,    254.63661,    254.55000
     t,    254.06259,    254.09758,    253.95000
     t,    253.05609,    253.14066,    252.95000
     t,    252.31297,    252.42844,    252.14999
     t,    250.47630,    250.68205,    250.35001
     t,    249.69293,    249.93718,    249.55000
     t,    248.25763,    248.56992,    248.55000
     t,    246.11098,    246.48134,    246.05000
     t,    244.73660,    245.13966,    245.45000
     t,    240.18471,    240.50258,    240.85001
     t,    238.33995,    238.57886,    238.64999
     t,    235.69594,    235.87369,    235.25000
     t,    234.40742,    234.55432,    234.85001
     t,    231.23735,    231.31186,    232.05000
     t,    222.57419,    222.52260,    223.45000
     t,    222.17294,    222.12489,    223.25000
     t,    220.68643,    220.64856,    222.85001
     t,    214.15665,    214.11348,    213.25000
     t,    212.60933,    212.52899,    211.25000
     t,    212.12703,    212.03558,    210.25000
     t,    211.38506,    211.26884,    208.25000
     t,    210.25540,    210.07391,    206.25000
     t,    209.99281,    209.79695,    207.25000
     t,    209.26048,    209.01347,    207.25000
     t,    207.98917,    207.81345,    204.85001
     t,    207.23813,    207.46594,    204.85001
     t,    207.02440,    207.29298,    207.05000
     t,    206.90997,    207.12773,    206.05000
     t,    207.02968,    207.01666,    208.25000
     t,    207.64578,    207.07315,    207.45000
     t,    207.89598,    207.36029,    209.05000
     t,    208.83527,    208.43871,    207.25000
     t,    210.64883,    210.89604,    207.85001
     t,    210.81114,    211.05458,    210.85001
     t,    210.82286,    211.06602,    210.85001
     t,    211.10919,    211.34572,    212.45000
     t,    211.91821,    212.06021,    209.85001
     t,    212.68263,    212.76425,    211.85001
     t,    212.91925,    213.00497,    213.64999
     t,    226.61285,    226.56239,    227.51543
     t,    295.40283,    295.28439,    295.75000
     t,    295.40283,    295.28439,    295.14999
     t,    292.02472,    291.72379,    291.04999
     t,    291.33167,    290.96390,    290.25000
     t,    289.05209,    289.08673,    287.25000
     t,    288.86212,    289.05185,    287.85001
     t,    288.45908,    288.37891,    287.45001
     t,    288.29318,    287.84003,    285.95001
     t,    287.55478,    287.73761,    283.95001
     t,    287.25894,    287.58411,    284.54999
     t,    285.40933,    285.80505,    282.45001
     t,    284.04468,    284.35965,    282.35001
     t,    283.85281,    284.13992,    282.04999
     t,    283.46661,    283.69772,    281.75000
     t,    283.20731,    283.40076,    281.25000
     t,    282.48633,    282.57520,    282.14999
     t,    281.61908,    281.58212,    281.04999
     t,    281.28159,    281.20230,    280.64999
     t,    280.94553,    280.86731,    280.45001
     t,    280.53882,    280.46188,    279.85001
     t,    278.65457,    278.58640,    277.04999
     t,    278.44064,    278.37283,    276.85001
     t,    277.54816,    277.51297,    276.75000
     t,    276.58084,    276.62332,    276.04999
     t,    274.16043,    274.39719,    273.25000
     t,    272.69742,    272.94107,    271.75000
     t,    268.32364,    268.50110,    267.54999
     t,    267.21179,    267.33353,    266.85001
     t,    266.64642,    266.73914,    266.85001
     t,    266.18997,    266.25928,    266.64999
     t,    265.04474,    265.06104,    265.25000
     t,    263.82642,    263.81796,    263.64999
     t,    260.22095,    260.15619,    259.25000
     t,    259.23416,    259.17282,    258.35001
     t,    257.97153,    257.91782,    256.64999
     t,    257.71542,    257.66324,    256.64999
     t,    257.06973,    257.02145,    256.54999
     t,    256.80930,    256.76257,    256.54999
     t,    255.13843,    255.11018,    255.14999
     t,    254.85031,    254.82620,    254.95000
     t,    253.83321,    253.82190,    253.95000
     t,    250.98207,    251.00095,    250.55000
     t,    248.81042,    248.82469,    248.35001
     t,    247.69395,    247.70483,    247.14999
     t,    243.62488,    243.63503,    244.14999
     t,    238.61981,    238.61739,    239.55000
     t,    238.42128,    238.41859,    239.35001
     t,    230.85986,    230.88884,    231.64999
     t,    228.10808,    228.13066,    228.64999
     t,    225.28740,    225.32115,    225.05000
     t,    222.21538,    222.29597,    220.25000
     t,    222.00513,    222.06697,    220.85001
     t,    220.68095,    220.63512,    219.45000
     t,    220.34000,    220.26479,    219.64999
     t,    219.42441,    219.31023,    220.25000
     t,    218.38632,    218.24130,    219.85001
     t,    216.67749,    216.52867,    216.64999
     t,    215.53535,    215.39908,    215.64999
     t,    215.12650,    214.99597,    214.45000
     t,    214.57056,    214.44832,    214.64999
     t,    211.97311,    211.88528,    210.05000
     t,    211.71613,    211.63646,    210.25000
     t,    210.64609,    210.60452,    208.85001
     t,    210.50792,    210.47096,    209.25000
     t,    209.51312,    209.63373,    206.64999
     t,    209.37778,    209.53133,    207.45000
     t,    209.27481,    209.48318,    206.85001
     t,    209.29196,    209.37373,    211.64999
     t,    209.55504,    209.50302,    211.64999
     t,    210.12331,    209.92033,    208.64999
     t,    210.40973,    210.15450,    209.45000
     t,    210.93338,    210.64644,    207.45000
     t,    211.53812,    211.19600,    209.25000
     t,    211.59566,    211.24715,    209.05000
     t,    211.84787,    211.47139,    211.45000
     t,    213.54449,    213.38936,    211.64999
     t,    293.65500,    293.50739,    293.05728
     q,      0.79955,      0.81690,      0.87190
     q,      0.79955,      0.81690,      0.78115
     q,      0.83102,      0.84994,      0.78539
     q,      0.89328,      0.91449,      0.84729
     q,      0.93652,      0.95619,      0.87851
     q,      0.94235,      0.96115,      0.87713
     q,      0.94768,      0.96986,      0.89758
     q,      0.92107,      0.96673,      0.83338
     q,      0.91924,      0.97483,      0.81174
     q,      0.92203,      0.96942,      0.80052
     q,      0.92212,      0.96748,      0.77020
     q,      0.91934,      0.96108,      0.64237
     q,      0.91648,      0.95448,      0.64155
     q,      0.88804,      0.91381,      0.78156
     q,      0.72119,      0.71730,      0.70827
     q,      0.71857,      0.71487,      0.70488
     q,      0.70027,      0.69807,      0.75840
     q,      0.69121,      0.68963,      0.74885
     q,      0.68330,      0.68227,      0.67575
     q,      0.66003,      0.66829,      0.72415
     q,      0.64948,      0.66956,      0.69317
     q,      0.63935,      0.66900,      0.76043
     q,      0.63682,      0.66887,      0.67813
     q,      0.61512,      0.66062,      0.72558
     q,      0.60047,      0.65294,      0.76332
     q,      0.58716,      0.64597,      0.52548
     q,      0.57586,      0.64004,      0.45307
     q,      0.53717,      0.61468,      0.34577
     q,      0.53202,      0.61122,      0.34158
     q,      0.50307,      0.58908,      0.37677
     q,      0.49776,      0.58303,      0.26022
     q,      0.48444,      0.54826,      0.25166
     q,      0.47680,      0.50702,      0.51277
     q,      0.47559,      0.50268,      0.51049
     q,      0.46985,      0.48471,      0.33096
     q,      0.46767,      0.47693,      0.39734
     q,      0.46334,      0.46147,      0.32655
     q,      0.45856,      0.45834,      0.19372
     q,      0.44447,      0.45047,      0.22998
     q,      0.43731,      0.44647,      0.34104
     q,      0.42286,      0.44084,      0.23455
     q,      0.40559,      0.44799,      0.17551
     q,      0.76942,      0.75959,      0.80602
     q,      0.76942,      0.75959,      0.73897
     q,      0.86375,      0.86896,      0.84250
     q,      0.88618,      0.89295,      0.87434
     q,      0.97369,      0.99710,      0.84854
     q,      0.97903,      1.00647,      0.85896
     q,      0.94539,      0.98313,      0.82687
     q,      0.91238,      0.95503,      0.70330
     q,      0.73842,      0.75401,      0.60014
     q,      0.70849,      0.71548,      0.68104
     q,      0.66573,      0.66285,      0.67535
     q,      0.61715,      0.61799,      0.65406
     q,      0.60785,      0.61077,      0.62477
     q,      0.58874,      0.59595,      0.54534
     q,      0.57561,      0.58576,      0.40590
     q,      0.53777,      0.55640,      0.21298
     q,      0.48947,      0.51893,      0.19047
     q,      0.46989,      0.50335,      0.40354
     q,      0.45062,      0.48536,      0.32642
     q,      0.42666,      0.46299,      0.46176
     q,      0.30562,      0.34888,      0.48749
     q,      0.29075,      0.33504,      0.36266
     q,      0.24435,      0.28919,      0.13222
     q,      0.21739,      0.25419,      0.04332
     q,      0.13825,      0.15142,      0.13318
     q,      0.14089,      0.14529,      0.06072
     q,      0.17597,      0.16245,      0.07450
     q,      0.19675,      0.18672,      0.05624
     q,      0.20848,      0.20041,      0.20394
     q,      0.21857,      0.21218,      0.22756
     q,      0.24314,      0.24141,      0.21984
     q,      0.25179,      0.25574,      0.35780
     q,      0.29357,      0.31584,      0.35209
     q,      0.31795,      0.34181,      0.24303
     q,      0.35451,      0.38105,      0.36433
     q,      0.36269,      0.38982,      0.44727
     q,      0.38462,      0.41336,      0.22273
     q,      0.39404,      0.42348,      0.27689
     q,      0.45200,      0.47601,      0.33554
     q,      0.46300,      0.48550,      0.33688
     q,      0.50398,      0.52033,      0.30268
     q,      0.63160,      0.63129,      0.41380
     q,      0.68008,      0.68035,      0.59150
     q,      0.71049,      0.71053,      0.53090
     q,      0.73969,      0.75169,      0.70717
     q,      0.72464,      0.75119,      0.63291
     q,      0.81133,      0.81523,      0.79142
     t,    215.32022,    215.26100,    213.64999
     t,    215.01031,    215.04355,    216.25000
     t,    214.93466,    214.87863,    211.85001
     t,    215.15680,    215.02725,    213.64999
     t,    215.35497,    215.15178,    213.64999
     t,    215.45695,    215.21965,    215.85001
     t,    217.22437,    217.03352,    215.64999
     t,    217.81766,    217.70326,    219.05000
     t,    301.76437,    301.31335,    302.25000
     t,    301.55685,    301.08304,    300.04999
     t,    300.79877,    300.33466,    299.14999
     t,    298.51840,    298.05957,    296.85001
     t,    291.46390,    290.94977,    289.85001
     t,    289.92480,    289.58890,    287.25000
     t,    289.85315,    289.55817,    287.35001
     t,    289.75714,    289.51703,    289.14999
     t,    289.66071,    289.47571,    289.64999
     t,    289.20520,    288.94812,    289.75000
     t,    288.93680,    288.60620,    289.64999
     t,    288.52847,    288.23697,    289.04999
     t,    288.00424,    287.77234,    288.45001
     t,    287.66730,    287.47507,    287.85001
     t,    287.11981,    286.96942,    287.04999
     t,    284.06158,    284.13470,    284.14999
     t,    283.41846,    283.49142,    283.35001
     t,    276.43542,    276.50864,    275.95001
     t,    273.57108,    273.63580,    273.85001
     t,    271.00415,    271.02454,    271.04999
     t,    269.02911,    269.01559,    269.35001
     t,    268.28070,    268.24902,    268.85001
     t,    264.19135,    264.07596,    264.25000
     t,    263.54443,    263.42191,    263.45001
     t,    263.35764,    263.23386,    263.25000
     t,    262.31671,    262.18582,    262.75000
     t,    259.67224,    259.57220,    259.54999
     t,    259.06540,    258.97852,    260.04999
     t,    258.03522,    257.96863,    259.04999
     t,    256.89487,    256.84082,    257.95001
     t,    254.44272,    254.41946,    255.55000
     t,    254.06474,    254.04652,    255.14999
     t,    252.60184,    252.59895,    253.55000
     t,    251.19138,    251.20010,    251.85001
     t,    249.15401,    249.17961,    249.64999
     t,    247.94643,    247.98244,    248.35001
     t,    243.47986,    243.55951,    243.64999
     t,    240.63350,    240.73242,    240.25000
     t,    238.36998,    238.47797,    237.64999
     t,    236.78246,    236.88377,    236.85001
     t,    236.60242,    236.70201,    236.64999
     t,    230.99939,    231.06761,    231.05000
     t,    228.40837,    228.46402,    228.05000
     t,    226.96147,    227.01457,    226.85001
     t,    223.74564,    223.81805,    224.25000
     t,    217.84190,    218.16747,    216.45000
     t,    217.25488,    217.61446,    215.85001
     t,    216.60321,    216.96783,    214.05000
     t,    216.38222,    216.71103,    215.05000
     t,    216.06296,    216.34351,    213.64999
     t,    215.95494,    216.16023,    215.05000
     t,    215.96527,    216.15044,    216.45000
     t,    215.99306,    216.12009,    217.64999
     t,    215.96744,    216.05702,    217.85001
     t,    215.91270,    215.99612,    216.64999
     t,    215.88361,    215.96370,    215.64999
     t,    215.80916,    215.88380,    216.05000
     t,    215.64362,    215.71115,    214.64999
     t,    215.47043,    215.53145,    214.45000
     t,    215.33109,    215.35577,    215.25000
     t,    215.11127,    215.08076,    213.85001
     t,    214.99805,    214.93576,    215.05000
     t,    214.80328,    214.67416,    213.45000
     t,    214.60358,    214.40274,    213.25000
     t,    214.16959,    213.82693,    211.85001
     t,    213.99371,    213.60966,    213.25000
     t,    213.91312,    213.49461,    210.85001
     t,    213.70772,    213.25359,    212.25000
     t,    213.62346,    213.15562,    214.85001
     t,    213.94664,    213.69211,    213.64999
     t,    214.00830,    213.78870,    213.64999
     t,    214.40849,    214.43880,    215.05000
     t,    216.97046,    217.54971,    214.25000
     t,    217.66069,    218.12233,    215.45000
     q,      0.41466,      0.36077,      0.45313
     q,      0.41728,      0.36252,      0.40463
     q,      0.42772,      0.37062,      0.40086
     q,      0.47305,      0.40920,      0.42370
     q,      0.63815,      0.56516,      0.60954
     q,      0.51735,      0.43478,      0.62325
     q,      0.49219,      0.40623,      0.61113
     q,      0.45872,      0.36826,      0.52203
     q,      0.42534,      0.33038,      0.44151
     q,      0.33650,      0.27833,      0.15397
     q,      0.28489,      0.25478,      0.27998
     q,      0.28424,      0.26811,      0.39146
     q,      0.28757,      0.28801,      0.29269
     q,      0.28956,      0.30090,      0.37925
     q,      0.30440,      0.32159,      0.32430
     q,      0.43058,      0.45676,      0.40121
     q,      0.45357,      0.47898,      0.42439
     q,      0.67738,      0.68807,      0.67126
     q,      0.70753,      0.71081,      0.65158
     q,      0.68068,      0.69387,      0.63041
     q,      0.65032,      0.67229,      0.64287
     q,      0.62897,      0.65272,      0.72127
     q,      0.49970,      0.53073,      0.60968
     q,      0.48584,      0.51575,      0.66743
     q,      0.48182,      0.51122,      0.67125
     q,      0.45783,      0.48416,      0.62650
     q,      0.42495,      0.44172,      0.63922
     q,      0.42081,      0.43469,      0.54512
     q,      0.41255,      0.42129,      0.45483
     q,      0.40753,      0.41303,      0.25891
     q,      0.40361,      0.40284,      0.30500
     q,      0.40295,      0.40098,      0.22557
     q,      0.40193,      0.39697,      0.19619
     q,      0.40265,      0.39627,      0.12166
     q,      0.40403,      0.39483,      0.16039
     q,      0.40442,      0.39394,      0.26036
     q,      0.40256,      0.38706,      0.26854
     q,      0.39746,      0.38211,      0.37149
     q,      0.39271,      0.37808,      0.39225
     q,      0.39141,      0.37950,      0.26581
     q,      0.39140,      0.37933,      0.26435
     t,    306.99466,    306.96283,    308.54999
     t,    306.03378,    305.99973,    306.14999
     t,    305.58337,    305.54904,    305.75000
     t,    299.59689,    299.58997,    299.54999
     t,    298.53284,    298.54453,    298.14999
     t,    298.07724,    298.09479,    297.85001
     t,    295.87534,    295.92059,    295.04999
     t,    295.28375,    295.33597,    294.35001
     t,    294.22458,    294.27371,    293.04999
     t,    293.59808,    293.64386,    292.85001
     t,    291.81094,    291.84363,    291.75000
     t,    290.76297,    290.79623,    290.45001
     t,    289.95593,    289.98990,    289.45001
     t,    288.92648,    288.95914,    288.45001
     t,    287.70291,    287.72632,    287.75000
     t,    286.74777,    286.76395,    286.75000
     t,    285.85046,    285.85986,    285.85001
     t,    283.74164,    283.74286,    283.75000
     t,    283.06085,    283.06116,    283.25000
     t,    280.78421,    280.78152,    280.35001
     t,    277.90610,    277.89020,    277.45001
     t,    277.46997,    277.45206,    276.95001
     t,    276.85324,    276.83246,    276.45001
     t,    276.43253,    276.40988,    276.04999
     t,    275.09662,    275.06961,    275.14999
     t,    274.37515,    274.34433,    274.64999
     t,    273.96918,    273.93692,    274.35001
     t,    273.06302,    273.02759,    273.75000
     t,    271.90271,    271.86859,    272.54999
     t,    268.68393,    268.65564,    268.45001
     t,    265.33643,    265.31769,    265.04999
     t,    263.12732,    263.11533,    263.35001
     t,    260.49289,    260.48895,    260.35001
     t,    259.02527,    259.03027,    258.85001
     t,    257.51074,    257.52493,    257.45001
     t,    252.77641,    252.80055,    252.85001
     t,    250.95345,    250.97581,    250.64999
     t,    250.14073,    250.16124,    249.85001
     t,    241.70943,    241.70808,    241.25000
     t,    234.99988,    234.99879,    234.45000
     t,    231.27095,    231.28336,    231.05000
     t,    221.85873,    221.93314,    221.25000
     t,    220.75240,    220.82642,    220.45000
     t,    220.13118,    220.20171,    219.85001
     t,    219.92064,    219.98984,    219.85001
     t,    219.06776,    219.13155,    218.85001
     t,    216.86435,    216.91667,    216.25000
     t,    211.67746,    211.73262,    210.05000
     t,    209.76941,    209.74385,    209.05000
     t,    208.84131,    208.76573,    208.05000
     t,    207.61407,    207.39078,    207.25000
     t,    205.83434,    205.48763,    204.05000
     t,    205.45776,    205.14156,    204.45000
     t,    204.29793,    204.07631,    202.64999
     t,    204.04443,    203.84393,    203.45000
     t,    203.25645,    203.11984,    203.05000
     t,    202.55260,    202.49727,    199.85001
     t,    202.09239,    202.09819,    199.45000
     t,    202.18004,    202.22859,    200.85001
     t,    202.45190,    202.55267,    205.25000
     t,    202.77847,    202.94197,    204.05000
     t,    203.28709,    203.49231,    205.25000
     t,    204.78314,    204.98593,    204.05000
     t,    205.79106,    205.91841,    206.25000
     t,    207.43001,    207.69307,    208.85001
     t,    209.02319,    209.37035,    207.64999
     t,    209.39957,    209.70689,    209.45000
     t,    210.40382,    210.60510,    209.85001
     t,    210.44363,    210.64067,    211.85001
     t,    304.08969,    304.05493,    304.31436
     t,    302.52661,    302.49225,    302.79196
     t,    310.56659,    310.76706,    309.95001
     t,    310.56656,    310.76706,    309.25000
     t,    309.80515,    310.00888,    308.04999
     t,    303.74091,    303.94891,    301.85001
     t,    298.85025,    299.05267,    297.14999
     t,    296.51785,    296.69214,    294.95001
     t,    292.33148,    292.30884,    291.04999
     t,    291.83536,    291.81009,    290.75000
     t,    291.33813,    291.31186,    291.75000
     t,    290.42371,    290.41388,    291.14999
     t,    287.89761,    287.95532,    288.85001
     t,    284.92416,    284.71249,    285.45001
     t,    284.77606,    284.54980,    285.25000
     t,    283.32700,    282.97595,    283.85001
     t,    282.62027,    282.23911,    283.45001
     t,    278.36176,    278.16040,    278.54999
     t,    277.43884,    277.37885,    276.95001
     t,    277.15076,    277.13489,    276.75000
     t,    276.67508,    276.67972,    276.95001
     t,    275.75476,    275.75717,    275.54999
     t,    275.24884,    275.25266,    274.75000
     t,    274.99191,    274.99527,    274.45001
     t,    274.64719,    274.64993,    274.25000
     t,    274.29999,    274.30209,    273.85001
     t,    273.77444,    273.77560,    273.25000
     t,    273.15308,    273.15311,    272.25000
     t,    271.92929,    271.92828,    271.04999
     t,    271.35577,    271.35669,    270.75000
     t,    270.77383,    270.77377,    270.75000
     t,    269.48938,    269.48712,    269.85001
     t,    269.28879,    269.28619,    269.54999
     t,    268.22162,    268.22812,    268.75000
     t,    266.13654,    266.16513,    267.14999
     t,    260.26456,    260.32437,    259.75000
     t,    259.37155,    259.43100,    258.54999
     t,    258.46323,    258.52225,    257.54999
     t,    258.06912,    258.12793,    256.95001
     t,    256.86871,    256.92700,    255.55000
     t,    255.67331,    255.72755,    255.05000
     t,    250.84917,    250.88199,    251.25000
     t,    242.39204,    242.40102,    242.64999
     t,    238.38329,    238.38702,    238.25000
     t,    232.87964,    232.87474,    233.45000
     t,    232.29355,    232.28799,    232.85001
     t,    229.45003,    229.50011,    229.45000
     t,    228.39272,    228.46194,    228.25000
     t,    226.30568,    226.40047,    225.64999
     t,    223.27885,    223.39922,    222.25000
     t,    221.42719,    221.54192,    220.64999
     t,    217.80455,    217.87054,    217.25000
     t,    210.02885,    209.94104,    208.64999
     t,    207.67421,    207.58940,    206.45000
     t,    205.08028,    205.04398,    202.05000
     t,    204.79742,    204.81549,    203.25000
     t,    204.03036,    204.21323,    200.85001
     t,    203.97304,    204.17271,    201.05000
     t,    203.91522,    204.13187,    202.05000
     t,    203.67889,    203.96489,    201.05000
     t,    203.32990,    203.72316,    201.64999
     t,    203.21005,    203.64273,    203.45000
     t,    203.08665,    203.55992,    202.25000
     t,    203.06499,    203.42920,    200.64999
     t,    203.26416,    203.23466,    204.05000
     t,    203.92914,    203.44435,    203.25000
     t,    204.35585,    203.79315,    204.45000
     t,    204.68442,    204.06334,    207.25000
     t,    205.94601,    205.19318,    206.85001
     t,    208.82262,    208.12395,    206.64999
     t,    209.48114,    208.84808,    208.05000
     t,    211.16936,    210.89577,    208.85001
     t,    308.78870,    308.99033,    307.01056
     t,    307.53461,    307.73740,    305.73318
     t,    305.95142,    306.15683,    304.12183
     t,    308.19141,    308.21588,    310.35001
     t,    308.19141,    308.21588,    309.45001
     t,    307.77768,    307.79932,    308.25000
     t,    301.95505,    301.96866,    302.04999
     t,    296.16055,    296.16739,    295.95001
     t,    295.18573,    295.19067,    295.45001
     t,    295.09647,    295.10123,    295.25000
     t,    292.67758,    292.69537,    292.85001
     t,    292.20724,    292.22919,    292.25000
     t,    290.02643,    290.03122,    289.54999
     t,    289.42557,    289.42456,    288.95001
     t,    288.76587,    288.75864,    288.14999
     t,    287.62436,    287.60635,    287.14999
     t,    286.49268,    286.46362,    285.85001
     t,    285.64490,    285.60660,    284.85001
     t,    284.51471,    284.46509,    283.85001
     t,    282.03958,    281.98883,    281.25000
     t,    281.47330,    281.42667,    281.04999
     t,    281.18756,    281.14301,    281.04999
     t,    280.90009,    280.85760,    280.85001
     t,    280.68332,    280.64240,    280.45001
     t,    280.46552,    280.42618,    280.25000
     t,    279.42789,    279.39807,    279.14999
     t,    278.51636,    278.49643,    278.35001
     t,    277.19305,    277.18643,    277.45001
     t,    276.23297,    276.23593,    276.45001
     t,    275.69034,    275.69681,    275.85001
     t,    274.06662,    274.08051,    273.75000
     t,    273.43286,    273.44901,    272.95001
     t,    272.54642,    272.56644,    271.95001
     t,    272.25369,    272.27371,    271.75000
     t,    271.88965,    271.90958,    271.64999
     t,    271.37418,    271.39401,    271.35001
     t,    270.32651,    270.34512,    270.54999
     t,    269.55807,    269.57648,    269.54999
     t,    265.67804,    265.67358,    265.95001
     t,    265.12848,    265.12253,    265.54999
     t,    263.97311,    263.96530,    263.95001
     t,    262.79150,    262.78210,    263.04999
     t,    258.86276,    258.85748,    258.54999
     t,    258.32596,    258.32217,    258.14999
     t,    255.07869,    255.08272,    254.85001
     t,    253.42706,    253.43451,    252.85001
     t,    252.03612,    252.04579,    252.25000
     t,    241.68883,    241.69873,    241.85001
     t,    234.75246,    234.77713,    234.05000
     t,    231.86829,    231.90097,    231.45000
     t,    229.04562,    229.08125,    228.45000
     t,    224.54364,    224.57895,    224.85001
     t,    221.01662,    221.04962,    220.64999
     t,    218.52673,    218.55782,    217.64999
     t,    212.82220,    212.84213,    211.25000
     t,    209.65544,    209.67365,    208.85001
     t,    208.46434,    208.48260,    209.05000
     t,    207.24188,    207.26022,    207.45000
     t,    206.75174,    206.76820,    206.05000
     t,    206.12265,    206.13528,    206.05000
     t,    205.28323,    205.30099,    203.25000
     t,    204.78256,    204.81485,    203.64999
     t,    204.47360,    204.51392,    202.25000
     t,    203.27824,    203.34326,    200.64999
     t,    202.98750,    203.05525,    202.25000
     t,    202.74152,    202.78905,    202.25000
     t,    202.42049,    202.44167,    200.85001
     t,    203.13843,    203.10509,    202.05000
     t,    203.69768,    203.63577,    205.05000
     t,    204.74635,    204.67992,    202.45000
     t,    205.56340,    205.51547,    207.45000
     t,    206.15353,    206.12106,    205.64999
     t,    206.49742,    206.47499,    206.25000
     t,    207.58612,    207.58539,    207.85001
     t,    208.30304,    208.30936,    207.05000
     t,    208.83057,    208.84167,    208.85001
     t,    210.35008,    210.36229,    207.64999
     t,    211.23578,    211.24394,    212.05000
     t,    305.86047,    305.87805,    306.11258
     t,    304.30795,    304.32407,    304.50119
     t,    306.87421,    306.84973,    306.95001
     t,    303.23175,    303.23819,    304.04999
     t,    303.23175,    303.23819,    303.75000
     t,    303.15219,    303.13837,    303.95001
     t,    303.15219,    303.13834,    303.75000
     t,    303.22040,    303.20822,    303.95001
     t,    303.22040,    303.20819,    303.54999
     t,    303.44427,    303.43466,    303.85001
     t,    303.44427,    303.43466,    303.25000
     t,    303.35376,    303.33743,    303.45001
     t,    303.35373,    303.33743,    303.35001
     t,    303.42740,    303.41309,    303.64999
     t,    303.42737,    303.41306,    303.54999
     t,    303.18631,    303.11240,    303.54999
     t,    303.18631,    303.11243,    303.75000
     t,    303.96149,    303.96606,    303.45001
     t,    303.96149,    303.96606,    302.95001
     t,    304.96033,    304.98584,    303.75000
     t,    304.96030,    304.98581,    304.54999
     t,    304.71216,    304.72546,    303.85001
     t,    304.71216,    304.72546,    303.35001
     t,    303.55200,    303.52502,    305.14999
     t,    303.55200,    303.52502,    304.25000
     t,    306.87421,    306.84973,    307.45001
     t,    303.23178,    303.23819,    304.35001
     t,    303.23178,    303.23819,    303.45001
     t,    303.23178,    303.23819,    302.95001
     t,    303.15219,    303.13834,    303.85001
     t,    303.15219,    303.13834,    303.64999
     t,    303.15219,    303.13834,    303.75000
     t,    303.22040,    303.20822,    304.35001
     t,    303.22040,    303.20819,    302.64999
     t,    303.22040,    303.20819,    302.54999
     t,    303.44424,    303.43466,    304.64999
     t,    303.44427,    303.43466,    302.75000
     t,    303.44424,    303.43466,    302.14999
     t,    303.35373,    303.33743,    303.64999
     t,    303.35373,    303.33743,    303.14999
     t,    303.35373,    303.33740,    303.04999
     t,    303.42740,    303.41309,    304.25000
     t,    303.42740,    303.41309,    303.25000
     t,    303.42740,    303.41309,    303.14999
     t,    303.18631,    303.11243,    303.64999
     t,    303.18631,    303.11243,    303.75000
     t,    303.18634,    303.11243,    303.45001
     t,    303.96149,    303.96606,    305.95001
     t,    303.96149,    303.96606,    302.35001
     t,    303.96149,    303.96603,    301.75000
     t,    304.96033,    304.98584,    303.35001
     t,    304.96030,    304.98581,    304.54999
     t,    304.96030,    304.98581,    304.04999
     t,    304.71216,    304.72546,    303.75000
     t,    304.71216,    304.72549,    302.95001
     t,    304.71213,    304.72546,    302.14999
     t,    303.55200,    303.52502,    305.75000
     t,    303.55200,    303.52502,    303.85001
     t,    303.55200,    303.52502,    303.25000
     t,    306.87418,    306.84970,    307.04999
     t,    303.23175,    303.23819,    304.25000
     t,    303.23175,    303.23819,    304.14999
     t,    303.15219,    303.13834,    304.14999
     t,    303.15219,    303.13834,    303.85001
     t,    303.22040,    303.20822,    304.25000
     t,    303.22040,    303.20819,    304.14999
     t,    303.44427,    303.43466,    303.85001
     t,    303.44424,    303.43463,    304.04999
     t,    303.35373,    303.33740,    303.54999
     t,    303.35373,    303.33743,    303.64999
     t,    303.42740,    303.41309,    304.14999
     t,    303.42737,    303.41306,    304.04999
     t,    303.18631,    303.11243,    303.64999
     t,    303.18631,    303.11243,    303.75000
     t,    303.96149,    303.96606,    305.85001
     t,    303.96149,    303.96603,    304.75000
     t,    304.96033,    304.98584,    303.25000
     t,    304.96033,    304.98584,    303.25000
     t,    304.71216,    304.72546,    304.25000
     t,    304.71213,    304.72546,    304.14999
     t,    303.55200,    303.52502,    305.75000
     t,    303.55200,    303.52502,    305.25000
     q,      0.70206,      0.70234,      0.68526
     q,      0.72135,      0.72205,      0.67410
     q,      0.73420,      0.73496,      0.67473
     q,      0.80426,      0.79812,      0.84529
     q,      0.70865,      0.70525,      0.86918
     q,      0.67817,      0.67434,      0.79190
     q,      0.52553,      0.52119,      0.70242
     q,      0.48225,      0.47785,      0.62495
     q,      0.42785,      0.42659,      0.53953
     q,      0.40180,      0.40202,      0.35339
     q,      0.38076,      0.38094,      0.36498
     q,      0.38273,      0.38183,      0.33180
     q,      0.38492,      0.38313,      0.48442
     q,      0.39063,      0.38807,      0.26058
     q,      0.40805,      0.40644,      0.35733
     q,      0.42305,      0.42223,      0.46620
     q,      0.43841,      0.43842,      0.43434
     q,      0.47331,      0.47397,      0.43002
     q,      0.48473,      0.48538,      0.56865
     q,      0.52932,      0.52992,      0.62827
     q,      0.44779,      0.44918,      0.49632
     q,      0.43298,      0.43451,      0.42449
     q,      0.41096,      0.41269,      0.19262
     q,      0.39594,      0.39777,      0.22698
     q,      0.34879,      0.35072,      0.13729
     q,      0.32091,      0.32304,      0.27329
     q,      0.30451,      0.30669,      0.15090
     q,      0.26557,      0.26785,      0.15229
     q,      0.25056,      0.25289,      0.27169
     q,      0.21487,      0.21729,      0.24315
     q,      0.19224,      0.19349,      0.27601
     q,      0.17738,      0.17796,      0.12038
     q,      0.15751,      0.15728,      0.16467
     q,      0.14627,      0.14596,      0.07002
     q,      0.13245,      0.13205,      0.06832
     q,      0.12892,      0.12888,      0.03794
     q,      0.14492,      0.14508,      0.07759
     q,      0.15660,      0.15685,      0.16488
     q,      0.29265,      0.29376,      0.17509
     q,      0.78234,      0.78318,      0.71868
     q,      0.83868,      0.83933,      0.76844
     q,      0.41937,      0.41254,      0.49177
     q,      0.41937,      0.41254,      0.47493
     q,      0.42194,      0.41421,      0.46467
     q,      0.53347,      0.52041,      0.57698
     q,      0.66623,      0.65094,      0.70551
     q,      0.73516,      0.72421,      0.74128
     q,      0.77890,      0.77601,      0.77912
     q,      0.77840,      0.77345,      0.77583
     q,      0.77834,      0.77099,      0.62362
     q,      0.77580,      0.76917,      0.55755
     q,      0.76438,      0.76687,      0.48880
     q,      0.62661,      0.66831,      0.56068
     q,      0.61868,      0.66265,      0.55740
     q,      0.53939,      0.60206,      0.48043
     q,      0.48986,      0.55220,      0.36478
     q,      0.24412,      0.27180,      0.13413
     q,      0.20666,      0.21473,      0.28451
     q,      0.19434,      0.19598,      0.12401
     q,      0.18685,      0.18399,      0.27603
     q,      0.18283,      0.17610,      0.41850
     q,      0.17990,      0.16971,      0.44032
     q,      0.17872,      0.16733,      0.54907
     q,      0.17710,      0.16405,      0.37953
     q,      0.17540,      0.16062,      0.44216
     q,      0.17272,      0.15519,      0.34667
     q,      0.16953,      0.14874,      0.30788
     q,      0.17291,      0.15507,      0.15360
     q,      0.17490,      0.15789,      0.07410
     q,      0.17684,      0.16162,      0.09382
     q,      0.18157,      0.17077,      0.16530
     q,      0.18237,      0.17232,      0.13706
     q,      0.17264,      0.16252,      0.06942
     q,      0.14407,      0.13187,      0.07642
     q,      0.11380,      0.09445,      0.09491
     q,      0.11746,      0.09922,      0.20093
     q,      0.12160,      0.10464,      0.11858
     q,      0.12356,      0.10719,      0.17283
     q,      0.13017,      0.11583,      0.20393
     q,      0.12790,      0.11648,      0.06819
     q,      0.09726,      0.09978,      0.04162
     q,      0.11427,      0.11497,      0.05154
     q,      0.43351,      0.42509,      0.48082
     q,      0.45312,      0.44357,      0.50241
     q,      0.48419,      0.47316,      0.53208
     q,      0.53780,      0.53651,      0.49778
     q,      0.53780,      0.53651,      0.47545
     q,      0.49465,      0.49376,      0.45128
     q,      0.59774,      0.59719,      0.55107
     q,      0.74159,      0.74302,      0.68112
     q,      0.76189,      0.76431,      0.62466
     q,      0.76385,      0.76636,      0.61977
     q,      0.78360,      0.78526,      0.61606
     q,      0.78450,      0.78568,      0.50909
     q,      0.71462,      0.71493,      0.65743
     q,      0.69363,      0.69422,      0.57617
     q,      0.67056,      0.67172,      0.60589
     q,      0.62794,      0.63019,      0.53118
     q,      0.58779,      0.59139,      0.63438
     q,      0.56430,      0.56922,      0.62145
     q,      0.53010,      0.53677,      0.58517
     q,      0.44381,      0.45190,      0.40021
     q,      0.42214,      0.43000,      0.19078
     q,      0.41083,      0.41856,      0.17878
     q,      0.39917,      0.40678,      0.28689
     q,      0.39020,      0.39771,      0.28170
     q,      0.38102,      0.38843,      0.44140
     q,      0.34590,      0.35175,      0.40478
     q,      0.33472,      0.33779,      0.40375
     q,      0.31722,      0.31611,      0.22059
     q,      0.30348,      0.29904,      0.23588
     q,      0.29605,      0.29060,      0.37471
     q,      0.27372,      0.26695,      0.20138
     q,      0.26413,      0.25698,      0.29837
     q,      0.24941,      0.24146,      0.24695
     q,      0.24084,      0.23313,      0.26984
     q,      0.22931,      0.22200,      0.17899
     q,      0.21235,      0.20563,      0.25442
     q,      0.17531,      0.17009,      0.09547
     q,      0.14582,      0.14160,      0.11108
     q,      0.15464,      0.15309,      0.14074
     q,      0.15750,      0.15592,      0.07035
     q,      0.16446,      0.16241,      0.19311
     q,      0.17190,      0.16923,      0.05906
     q,      0.18693,      0.18509,      0.19005
     q,      0.18750,      0.18613,      0.12791
     q,      0.18246,      0.18303,      0.02447
     q,      0.17252,      0.17331,      0.08051
     q,      0.16193,      0.16290,      0.10627
     q,      0.18546,      0.18315,      0.09178
     q,      0.50867,      0.50813,      0.47844
     q,      0.54220,      0.54170,      0.50589
     q,      0.72983,      0.73071,      0.74153
     q,      0.72983,      0.73071,      0.72351
     q,      0.72983,      0.73071,      0.71057
     t,    308.40659,    308.51770,    309.04999
     t,    307.98129,    308.08984,    307.25000
     t,    302.82040,    302.90396,    301.95001
     t,    296.40909,    296.57303,    294.85001
     t,    295.42947,    295.58429,    293.54999
     t,    295.28091,    295.43625,    293.45001
     t,    294.98267,    295.13904,    293.75000
     t,    294.60785,    294.76556,    292.95001
     t,    294.30637,    294.46512,    292.75000
     t,    293.85135,    294.01172,    292.85001
     t,    292.80154,    292.95688,    292.45001
     t,    292.14359,    292.28952,    292.04999
     t,    288.78372,    288.78140,    289.35001
     t,    287.81924,    287.76141,    288.54999
     t,    285.31519,    285.24182,    285.45001
     t,    285.08884,    285.01382,    284.95001
     t,    279.64859,    279.61716,    279.75000
     t,    277.22275,    277.23615,    276.25000
     t,    276.40796,    276.43692,    275.64999
     t,    275.83054,    275.87228,    275.35001
     t,    275.58075,    275.62854,    275.25000
     t,    275.16156,    275.21942,    274.64999
     t,    274.90826,    274.97226,    274.64999
     t,    273.44504,    273.54517,    272.54999
     t,    273.00693,    273.11771,    272.85001
     t,    272.74213,    272.85931,    272.95001
     t,    271.20212,    271.34253,    271.04999
     t,    270.55307,    270.70093,    270.54999
     t,    270.36603,    270.51605,    270.35001
     t,    269.98883,    270.14447,    270.04999
     t,    268.93903,    269.10681,    268.85001
     t,    268.84244,    269.01135,    268.85001
     t,    268.45630,    268.62833,    268.14999
     t,    267.51721,    267.67422,    266.75000
     t,    267.23178,    267.38382,    266.64999
     t,    266.64993,    266.79272,    266.54999
     t,    265.57471,    265.69974,    266.14999
     t,    265.27719,    265.39700,    265.95001
     t,    263.94464,    264.05408,    264.14999
     t,    263.41620,    263.52466,    263.64999
     t,    262.34122,    262.44778,    263.04999
     t,    261.90411,    262.00986,    262.35001
     t,    259.55615,    259.64221,    259.64999
     t,    258.16068,    258.22595,    258.04999
     t,    255.92575,    255.96281,    255.75000
     t,    254.84366,    254.87766,    255.64999
     t,    252.89555,    252.92320,    253.45000
     t,    252.46790,    252.49432,    252.95000
     t,    252.18080,    252.20641,    252.75000
     t,    250.10872,    250.15343,    250.55000
     t,    248.72800,    248.78760,    249.05000
     t,    246.62015,    246.69139,    246.64999
     t,    245.23161,    245.29437,    244.85001
     t,    243.62581,    243.68076,    242.85001
     t,    243.07954,    243.13063,    242.45000
     t,    242.89612,    242.94626,    242.45000
     t,    242.52740,    242.57567,    242.14999
     t,    242.16000,    242.20026,    241.55000
     t,    239.32761,    239.29596,    239.25000
     t,    237.16318,    237.08336,    236.64999
     t,    236.57408,    236.49142,    236.05000
     t,    234.56160,    234.46941,    235.05000
     t,    233.31346,    233.21419,    233.64999
     t,    232.67924,    232.57701,    232.64999
     t,    229.83502,    229.75162,    230.05000
     t,    225.44557,    225.38872,    225.64999
     t,    224.00230,    223.95442,    224.25000
     t,    221.76131,    221.72119,    221.64999
     t,    221.50304,    221.46519,    221.64999
     t,    218.87332,    218.84241,    218.45000
     t,    214.70981,    214.76712,    213.85001
     t,    210.78496,    210.93251,    209.45000
     t,    208.04018,    208.21875,    206.45000
     t,    207.00060,    207.05193,    204.85001
     t,    205.56085,    205.41054,    203.05000
     t,    204.65689,    204.40511,    202.85001
     t,    204.19609,    203.94357,    200.85001
     t,    203.87730,    203.62407,    200.25000
     t,    203.79590,    203.57416,    201.05000
     t,    203.67886,    203.57864,    199.64999
     t,    203.58212,    203.58293,    200.05000
     t,    203.53638,    203.57079,    203.05000
     t,    203.47806,    203.46925,    203.25000
     t,    203.36813,    203.26805,    201.64999
     t,    206.03192,    205.58894,    205.85001
     t,    206.50584,    206.21400,    205.05000
     t,    207.52603,    207.48575,    207.05000
     t,    207.85469,    207.76086,    209.25000
     t,    208.05528,    207.92877,    210.25000
     t,    208.93207,    208.66272,    208.25000
     t,    210.59311,    210.07176,    208.25000
     t,    211.00623,    210.54057,    211.05000
     t,    211.92065,    211.69600,    213.05000
     t,    306.34207,    306.43839,    305.47879
     t,    304.81537,    304.90439,    303.94342
     t,    204.16785,    203.46130,    203.87270
     t,    305.23520,    305.11563,    301.45001
     t,    305.23520,    305.11563,    300.95001
     t,    303.50751,    303.51849,    299.25000
     t,    302.44083,    302.49304,    299.25000
     t,    302.01648,    302.11172,    299.25000
     t,    296.82275,    297.04089,    293.95001
     t,    295.99252,    296.20404,    293.14999
     t,    291.34439,    291.35315,    289.75000
     t,    289.31363,    289.26660,    288.95001
     t,    286.04684,    285.93781,    285.85001
     t,    285.02432,    284.85263,    284.85001
     t,    281.28296,    280.88187,    281.54999
     t,    278.66953,    278.30969,    278.45001
     t,    276.83771,    276.52512,    277.25000
     t,    276.08362,    275.71796,    276.14999
     t,    275.19315,    274.74927,    275.04999
     t,    273.74829,    273.19962,    273.85001
     t,    273.43958,    272.86365,    273.85001
     t,    270.45996,    269.83826,    271.04999
     t,    268.75970,    268.19415,    268.95001
     t,    268.33948,    267.79440,    268.45001
     t,    268.25491,    267.71396,    268.25000
     t,    267.82962,    267.30936,    267.85001
     t,    265.71790,    265.36511,    265.54999
     t,    265.41452,    265.09930,    265.35001
     t,    264.91132,    264.65353,    265.14999
     t,    264.70590,    264.47357,    265.14999
     t,    262.80875,    262.79108,    262.54999
     t,    261.55765,    261.59863,    261.25000
     t,    260.78738,    260.86414,    260.54999
     t,    259.75082,    259.87491,    259.54999
     t,    257.42389,    257.65417,    256.95001
     t,    257.21301,    257.45016,    256.75000
     t,    255.81332,    256.10654,    254.35001
     t,    254.82043,    255.15477,    252.75000
     t,    254.59718,    254.93562,    252.45000
     t,    253.85503,    254.12105,    252.25000
     t,    250.74593,    250.71962,    250.05000
     t,    243.78032,    243.42278,    244.35001
     t,    241.62778,    241.48178,    243.55000
     t,    239.38507,    239.45891,    241.75000
     t,    236.52225,    236.53679,    238.55000
     t,    235.02737,    234.98834,    237.14999
     t,    234.27423,    234.20819,    236.14999
     t,    233.70787,    233.61697,    235.85001
     t,    232.36212,    232.21303,    234.05000
     t,    231.17805,    230.97926,    233.05000
     t,    228.79906,    228.54141,    230.05000
     t,    227.38110,    227.10742,    228.85001
     t,    222.16551,    221.93541,    222.64999
     t,    220.59430,    220.41107,    220.64999
     t,    219.66344,    219.51314,    219.45000
     t,    217.24796,    217.17856,    217.25000
     t,    210.44489,    210.95848,    209.45000
     t,    208.56998,    209.27940,    206.25000
     t,    206.41597,    207.19054,    199.64999
     t,    206.04024,    206.77603,    202.45000
     t,    205.71764,    206.25435,    202.85001
     t,    205.46701,    205.81184,    202.05000
     t,    205.28917,    205.43826,    202.85001
     t,    205.34708,    205.30313,    201.85001
     t,    205.40187,    205.17496,    202.64999
     t,    205.44884,    205.06520,    205.05000
     t,    206.17839,    205.25319,    204.45000
     t,    206.62981,    205.63036,    207.05000
     t,    207.86514,    207.10748,    206.45000
     t,    208.30312,    207.73798,    208.64999
     t,    208.93228,    208.58919,    208.85001
     t,    209.09563,    208.79057,    208.64999
     t,    210.51018,    210.35143,    213.05000
     t,    210.92859,    210.70839,    212.45000
     t,    211.75087,    211.58118,    213.85001
     t,    213.14967,    213.42952,    211.64999
     q,      0.49929,      0.49617,      0.53490
     q,      0.48745,      0.48445,      0.46930
     q,      0.56750,      0.56664,      0.57983
     q,      0.65677,      0.64630,      0.74545
     q,      0.66242,      0.65062,      0.76397
     q,      0.66533,      0.65167,      0.75105
     q,      0.67127,      0.65384,      0.63250
     q,      0.67896,      0.65664,      0.67295
     q,      0.68534,      0.65896,      0.65877
     q,      0.69529,      0.66259,      0.50404
     q,      0.69549,      0.65905,      0.40578
     q,      0.67493,      0.64452,      0.56235
     q,      0.57950,      0.59738,      0.27000
     q,      0.55212,      0.58630,      0.43855
     q,      0.53489,      0.55992,      0.61468
     q,      0.53313,      0.55725,      0.60614
     q,      0.57674,      0.56733,      0.65107
     q,      0.59890,      0.57322,      0.68672
     q,      0.60742,      0.57495,      0.68065
     q,      0.60923,      0.57738,      0.49861
     q,      0.60870,      0.57818,      0.58239
     q,      0.60779,      0.57956,      0.52958
     q,      0.60722,      0.58042,      0.70406
     q,      0.60039,      0.58136,      0.76794
     q,      0.59917,      0.58303,      0.75759
     q,      0.59841,      0.58408,      0.64269
     q,      0.56215,      0.56344,      0.57364
     q,      0.54343,      0.55328,      0.33284
     q,      0.53781,      0.55023,      0.36089
     q,      0.52287,      0.53948,      0.62435
     q,      0.48800,      0.52071,      0.68497
     q,      0.48459,      0.51887,      0.67905
     q,      0.47036,      0.51045,      0.60528
     q,      0.42548,      0.46501,      0.62524
     q,      0.41204,      0.45173,      0.30443
     q,      0.39129,      0.43198,      0.15359
     q,      0.33069,      0.37135,      0.17604
     q,      0.31347,      0.35439,      0.08945
     q,      0.25948,      0.29011,      0.12305
     q,      0.24652,      0.26985,      0.03127
     q,      0.21772,      0.22483,      0.06143
     q,      0.20368,      0.20304,      0.17830
     q,      0.17187,      0.14248,      0.04216
     q,      0.18065,      0.13933,      0.08548
     q,      0.18923,      0.13191,      0.13587
     q,      0.18480,      0.12822,      0.05594
     q,      0.17441,      0.11954,      0.09006
     q,      0.17189,      0.11743,      0.37443
     q,      0.17011,      0.11595,      0.41524
     q,      0.15873,      0.10505,      0.32733
     q,      0.14839,      0.09628,      0.15432
     q,      0.13894,      0.08893,      0.10260
     q,      0.14254,      0.09253,      0.10485
     q,      0.14827,      0.09846,      0.21538
     q,      0.15046,      0.10030,      0.17427
     q,      0.49666,      0.49441,      0.49887
     q,      0.52367,      0.52241,      0.53181
     q,      0.76613,      0.76892,      0.67191
     q,      0.76613,      0.76892,      0.65285
     q,      0.76649,      0.76442,      0.68306
     q,      0.76800,      0.76642,      0.74967
     q,      0.77137,      0.77186,      0.76232
     q,      0.87296,      0.87939,      0.80723
     q,      0.88752,      0.89284,      0.82587
     q,      0.94191,      0.95560,      0.87383
     q,      0.94197,      0.96607,      0.85624
     q,      0.92561,      0.94853,      0.92780
     q,      0.92356,      0.94729,      0.90835
     q,      0.91382,      0.94203,      0.87809
     q,      0.87872,      0.92880,      0.92929
     q,      0.84729,      0.91536,      0.86546
     q,      0.81379,      0.88451,      0.94139
     q,      0.76832,      0.84125,      0.93333
     q,      0.68535,      0.75852,      0.87927
     q,      0.66590,      0.74034,      0.76715
     q,      0.51448,      0.57210,      0.60426
     q,      0.45232,      0.49936,      0.39062
     q,      0.43890,      0.48286,      0.49171
     q,      0.43613,      0.47946,      0.52832
     q,      0.42186,      0.46191,      0.44700
     q,      0.36893,      0.39154,      0.43381
     q,      0.36578,      0.38532,      0.47474
     q,      0.35917,      0.37427,      0.20324
     q,      0.35683,      0.36967,      0.20647
     q,      0.33502,      0.32644,      0.20656
     q,      0.36775,      0.35999,      0.34707
     q,      0.39198,      0.38468,      0.19940
     q,      0.42678,      0.42100,      0.14663
     q,      0.53796,      0.55060,      0.16849
     q,      0.55199,      0.56945,      0.18560
     q,      0.65999,      0.71314,      0.18135
     q,      0.74233,      0.82462,      0.30640
     q,      0.76291,      0.85060,      0.44043
     q,      0.75894,      0.83834,      0.57176
     q,      0.73157,      0.77171,      0.66611
     q,      0.51718,      0.37757,      0.74610
     q,      0.40986,      0.24938,      0.79406
     t,    296.13101,    296.12775,    296.85001
     t,    296.09543,    296.09866,    296.35001
     t,    295.42969,    295.43970,    294.54999
     t,    291.31238,    291.27664,    290.25000
     t,    288.14505,    288.10678,    287.25000
     t,    286.24304,    286.24686,    286.54999
     t,    286.07742,    286.09543,    286.95001
     t,    285.65991,    285.71375,    287.45001
     t,    285.47934,    286.03903,    286.95001
     t,    284.73877,    284.71088,    283.25000
     t,    283.91187,    283.74466,    281.75000
     t,    283.28577,    283.11044,    282.95001
     t,    282.59549,    282.41119,    282.14999
     t,    281.17398,    280.97369,    280.25000
     t,    280.51086,    280.37454,    279.95001
     t,    279.58865,    279.54126,    279.85001
     t,    278.44962,    278.51154,    278.75000
     t,    277.37030,    277.46857,    278.14999
     t,    271.53467,    271.59253,    271.64999
     t,    268.18231,    268.19171,    267.85001
     t,    266.99716,    266.99036,    266.85001
     t,    266.66943,    266.65814,    266.64999
     t,    265.45151,    265.43054,    265.45001
     t,    265.00229,    264.98849,    265.14999
     t,    263.63211,    263.64029,    263.54999
     t,    261.98892,    262.02347,    262.14999
     t,    258.99139,    259.03894,    258.75000
     t,    256.74313,    256.79407,    257.95001
     t,    254.76274,    254.85179,    255.14999
     t,    254.63640,    254.72781,    254.95000
     t,    253.62721,    253.73599,    253.55000
     t,    252.84708,    252.97090,    253.25000
     t,    251.40968,    251.55614,    251.25000
     t,    250.34300,    250.50508,    250.45000
     t,    248.55989,    248.74710,    248.85001
     t,    241.54263,    241.60416,    241.45000
     t,    293.17310,    293.15823,    292.18735
     t,    295.07510,    294.90842,    293.75000
     t,    294.91742,    294.78412,    292.85001
     t,    292.58383,    292.48706,    290.95001
     t,    290.90152,    290.85138,    290.04999
     t,    290.76694,    290.72134,    290.04999
     t,    290.44385,    290.40305,    290.75000
     t,    290.41183,    290.37427,    290.14999
     t,    289.77011,    289.61679,    288.14999
     t,    289.73679,    289.58493,    288.14999
     t,    286.45590,    286.74530,    285.35001
     t,    283.07242,    283.56192,    281.04999
     t,    282.48059,    282.99338,    280.14999
     t,    281.62460,    282.17102,    278.85001
     t,    272.17114,    272.37170,    271.54999
     t,    271.02658,    271.19186,    269.75000
     t,    270.57925,    270.73050,    268.85001
     t,    267.58801,    267.65652,    267.25000
     t,    266.30151,    266.34845,    266.64999
     t,    265.07303,    265.11667,    265.35001
     t,    264.21466,    264.25269,    264.45001
     t,    263.52969,    263.56497,    263.95001
     t,    262.43024,    262.47260,    263.14999
     t,    261.25403,    261.30841,    262.35001
     t,    256.58044,    256.69403,    256.85001
     t,    251.36519,    251.62074,    251.05000
     t,    248.28430,    248.56825,    248.64999
     t,    245.81558,    246.04659,    246.05000
     t,    243.56798,    243.76701,    243.25000
     t,    242.13101,    242.31659,    241.64999
     t,    240.83881,    241.01299,    241.05000
     t,    238.96158,    239.11266,    240.14999
     t,    230.84804,    230.83237,    231.05000
     t,    229.13715,    229.08582,    229.45000
     t,    225.39867,    225.34966,    225.85001
     t,    221.30257,    221.42534,    222.25000
     t,    220.49654,    220.62436,    221.05000
     t,    216.99422,    216.89705,    216.45000
     t,    215.47049,    215.41624,    215.25000
     t,    213.27188,    213.25742,    212.25000
     t,    212.41283,    212.40906,    211.45000
     t,    288.08731,    288.14188,    286.64224
     t,    278.37869,    278.74811,    276.12228
     q,      0.65513,      0.64688,      0.67014
     q,      0.65416,      0.64610,      0.61425
     q,      0.64765,      0.63791,      0.57343
     q,      0.75789,      0.75091,      0.68156
     q,      0.90180,      0.90480,      0.77243
     q,      0.99492,      0.99825,      0.93755
     q,      0.99533,      0.99895,      0.96660
     q,      0.99638,      1.00074,      0.99221
     q,      0.97115,      0.97314,      0.95609
     q,      0.78580,      0.80686,      0.80712
     q,      0.75697,      0.78694,      0.66404
     q,      0.71379,      0.74518,      0.60914
     q,      0.66428,      0.69729,      0.59806
     q,      0.55574,      0.59180,      0.56944
     q,      0.50975,      0.53015,      0.50278
     q,      0.44225,      0.43967,      0.21319
     q,      0.35336,      0.32060,      0.16303
     q,      0.30605,      0.26277,      0.27004
     q,      0.22015,      0.18691,      0.18296
     q,      0.20879,      0.18805,      0.28386
     q,      0.20167,      0.18492,      0.21768
     q,      0.19953,      0.18397,      0.21923
     q,      0.19439,      0.18295,      0.31008
     q,      0.19667,      0.18581,      0.21955
     q,      0.20435,      0.19549,      0.11795
     q,      0.21540,      0.20941,      0.09556
     q,      0.22506,      0.21707,      0.28195
     q,      0.22925,      0.21680,      0.14425
     q,      0.20021,      0.18933,      0.23317
     q,      0.19811,      0.18735,      0.23102
     q,      0.17938,      0.16978,      0.17838
     q,      0.16345,      0.15474,      0.08866
     q,      0.14890,      0.14156,      0.15485
     q,      0.14048,      0.13434,      0.02737
     q,      0.23114,      0.23560,      0.14144
     q,      0.70088,      0.69113,      0.62939
     q,      0.86994,      0.87241,      0.85398
     q,      0.87349,      0.87649,      0.82761
     q,      0.93752,      0.93858,      0.85936
     q,      0.99634,      0.99459,      0.90634
     q,      0.99769,      0.99573,      0.91377
     q,      0.95127,      0.95059,      0.95283
     q,      0.93820,      0.93792,      0.85885
     q,      0.80601,      0.80181,      0.74151
     q,      0.80430,      0.79959,      0.74288
     q,      0.80479,      0.77180,      0.83810
     q,      0.82032,      0.76304,      0.78351
     q,      0.81479,      0.75931,      0.72664
     q,      0.80637,      0.75364,      0.67987
     q,      0.72493,      0.66050,      0.68379
     q,      0.70656,      0.64085,      0.57771
     q,      0.69871,      0.63248,      0.40468
     q,      0.59530,      0.53179,      0.51634
     q,      0.53830,      0.47714,      0.49645
     q,      0.47639,      0.41998,      0.49033
     q,      0.42783,      0.37516,      0.28860
     q,      0.38511,      0.33506,      0.41145
     q,      0.34482,      0.29875,      0.20439
     q,      0.31414,      0.27390,      0.12713
     q,      0.22046,      0.21405,      0.07677
     q,      0.25302,      0.35438,      0.09831
     q,      0.32671,      0.47685,      0.05505
     q,      0.41096,      0.52735,      0.08122
     q,      0.47518,      0.55996,      0.25386
     q,      0.49913,      0.56389,      0.21741
     q,      0.52682,      0.57113,      0.35847
     q,      0.77061,      0.75044,      0.78347
     q,      0.78087,      0.73463,      0.67753
     t,    298.61264,    298.71054,    300.04999
     t,    297.82932,    297.93256,    298.14999
     t,    295.66776,    295.77411,    295.64999
     t,    293.85654,    293.96216,    294.04999
     t,    287.73404,    287.89316,    287.45001
     t,    287.46234,    287.61295,    286.95001
     t,    284.89517,    284.88693,    283.14999
     t,    283.92764,    283.77408,    282.64999
     t,    283.69696,    283.49295,    282.75000
     t,    283.17996,    282.86499,    282.75000
     t,    282.94464,    282.57751,    282.85001
     t,    282.58508,    282.13666,    283.14999
     t,    282.13895,    281.57965,    283.14999
     t,    281.60934,    280.91840,    283.35001
     t,    280.57465,    280.04349,    281.25000
     t,    280.32690,    279.89420,    281.04999
     t,    279.86722,    279.61716,    280.04999
     t,    278.59100,    278.70877,    277.85001
     t,    276.92435,    277.15237,    276.45001
     t,    276.10803,    276.39059,    276.04999
     t,    274.08160,    274.34576,    273.54999
     t,    272.15985,    272.32318,    271.45001
     t,    269.09799,    269.14908,    269.54999
     t,    268.47394,    268.50595,    268.95001
     t,    267.47672,    267.47827,    268.45001
     t,    266.23798,    266.24326,    267.25000
     t,    265.14941,    265.15845,    265.64999
     t,    264.87332,    264.88324,    265.45001
     t,    264.69458,    264.70300,    265.25000
     t,    262.65897,    262.67310,    262.54999
     t,    259.49197,    259.51016,    258.95001
     t,    256.60123,    256.59100,    256.54999
     t,    255.82196,    255.80396,    255.75000
     t,    254.05031,    254.02246,    254.35001
     t,    253.62796,    253.59837,    254.14999
     t,    253.34441,    253.31386,    253.95000
     t,    253.05942,    253.02791,    253.75000
     t,    248.45297,    248.41606,    248.85001
     t,    246.40648,    246.37453,    246.64999
     t,    243.43770,    243.40465,    243.25000
     t,    240.83766,    240.80099,    241.25000
     t,    236.91920,    236.88260,    237.05000
     t,    234.75075,    234.71602,    234.85001
     t,    232.29060,    232.26436,    232.64999
     t,    226.47331,    226.46651,    226.64999
     t,    218.72765,    218.86209,    216.85001
     t,    217.26997,    217.47340,    215.64999
     t,    217.21024,    217.41544,    215.64999
     t,    216.55931,    216.77148,    213.25000
     t,    216.09164,    216.30104,    215.45000
     t,    215.89926,    216.06937,    213.85001
     t,    215.84473,    216.00240,    215.45000
     t,    215.75375,    215.88020,    215.25000
     t,    215.62256,    215.70195,    217.64999
     t,    215.58456,    215.65024,    217.25000
     t,    215.43007,    215.46248,    217.05000
     t,    215.21216,    215.21379,    215.45000
     t,    214.62700,    214.56197,    214.45000
     t,    214.46707,    214.38872,    215.05000
     t,    214.24916,    214.15228,    213.85001
     t,    214.08266,    213.99138,    213.85001
     t,    213.43872,    213.38661,    211.45000
     t,    213.32440,    213.23598,    212.85001
     t,    213.23836,    213.03239,    211.45000
     t,    213.16801,    213.00606,    213.45000
     t,    213.21152,    213.17670,    213.85001
     t,    213.50835,    213.58549,    215.05000
     t,    217.23947,    217.73380,    215.05000
     t,    213.52518,    213.28592,    212.14679
     t,    285.66501,    285.63498,    289.04999
     t,    290.14658,    289.85541,    295.64999
     t,    285.66501,    285.63501,    288.14999
     t,    290.06638,    289.81107,    297.25000
     t,    285.66504,    285.63501,    286.45001
     t,    290.06638,    289.81107,    296.54999
     q,      0.47800,      0.45641,      0.37543
     q,      0.47969,      0.45484,      0.34815
     q,      0.52222,      0.49198,      0.35985
     q,      0.56634,      0.53168,      0.41350
     q,      0.50720,      0.49110,      0.52995
     q,      0.49372,      0.49263,      0.48714
     q,      0.39375,      0.47819,      0.43669
     q,      0.39177,      0.46291,      0.31465
     q,      0.39390,      0.47211,      0.37200
     q,      0.39871,      0.49375,      0.10919
     q,      0.40099,      0.50356,      0.08680
     q,      0.41075,      0.51432,      0.12830
     q,      0.41975,      0.51243,      0.39521
     q,      0.43078,      0.51011,      0.35717
     q,      0.44748,      0.49095,      0.32821
     q,      0.45078,      0.48407,      0.44068
     q,      0.45704,      0.47100,      0.49072
     q,      0.46595,      0.44151,      0.48868
     q,      0.45107,      0.42422,      0.52961
     q,      0.44297,      0.41488,      0.37337
     q,      0.43814,      0.41505,      0.48364
     q,      0.44361,      0.43140,      0.43690
     q,      0.44893,      0.44658,      0.30956
     q,      0.44990,      0.44898,      0.36569
     q,      0.45160,      0.45317,      0.20630
     q,      0.46163,      0.46580,      0.31722
     q,      0.47090,      0.47747,      0.35678
     q,      0.47371,      0.48098,      0.32819
     q,      0.47479,      0.48282,      0.27350
     q,      0.47053,      0.48236,      0.22990
     q,      0.42147,      0.43758,      0.27952
     q,      0.38975,      0.40671,      0.17123
     q,      0.37966,      0.39691,      0.27762
     q,      0.36937,      0.38342,      0.25391
     q,      0.37014,      0.38279,      0.19015
     q,      0.36993,      0.38159,      0.23391
     q,      0.36971,      0.38033,      0.25936
     q,      0.35923,      0.35455,      0.11088
     q,      0.34854,      0.33926,      0.25236
     q,      0.33056,      0.31984,      0.25504
     q,      0.30789,      0.29892,      0.16871
     q,      0.28844,      0.28046,      0.13119
     q,      0.67809,      0.67425,      0.85615
     q,      0.67809,      0.67425,      0.79551
     q,      0.67809,      0.67425,      0.87862
