Note (2018.08.15) This script is outputed from innovstats.f90
obtype,         obfit, oberrvar_orig,        obsprd,      obloclat,      obloclon
    sm,     -0.061122,      0.001600,      0.000424,     37.132999,    262.916992
    sm,     -0.061556,      0.001600,      0.000033,     42.016998,    266.266998
    sm,      0.076481,      0.001600,      0.000006,     30.070000,    265.709991
    sm,     -0.136693,      0.001600,      0.000005,     35.167000,    257.899994
    sm,     -0.080527,      0.001600,      0.000210,     39.700001,    263.833008
    sm,      0.029209,      0.001600,      0.000238,     39.228001,    267.881012
    sm,     -0.006874,      0.001600,      0.000082,     40.820000,    255.289993
    sm,     -0.133339,      0.001600,      0.000020,     45.417000,    266.049988
    sm,      0.061658,      0.001600,      0.000000,     43.733002,    263.382996
    sm,     -0.036120,      0.001600,      0.000047,     35.549999,    261.983002
    sm,     -0.154201,      0.001600,      0.000004,     47.716999,    263.733002
    sm,     -0.132075,      0.001600,      0.000016,     34.250000,    270.132996
    sm,     -0.158712,      0.001600,      0.000002,     34.233002,    270.100006
    sm,      0.041136,      0.001600,      0.000428,     33.450001,    260.130005
    sm,     -0.054401,      0.001600,      0.000035,     39.049999,    264.816986
    sm,     -0.161783,      0.001600,      0.000308,     40.317001,    270.100006
    sm,      0.077884,      0.001600,      0.000001,     33.000000,    268.933014
    sm,      0.031369,      0.001600,      0.000200,     40.867001,    255.266998
    sm,      0.025990,      0.001600,      0.000000,     32.750000,    269.066986
    sm,      0.073757,      0.001600,      0.000000,     33.966999,    269.100006
    sm,      0.037599,      0.001600,      0.000057,     39.783001,    260.666992
    sm,     -0.062471,      0.001600,      0.000090,     30.083000,    264.016998
    sm,     -0.006047,      0.001600,      0.000001,     31.480000,    263.119995
    sm,      0.057043,      0.001600,      0.000069,     40.849998,    263.532990
    sm,      0.099454,      0.001600,      0.000001,     31.549999,    259.489990
    sm,     -0.174432,      0.001600,      0.000000,     33.667000,    269.433014
    sm,      0.006497,      0.001600,      0.000165,     37.990002,    265.959991
    sm,      0.108343,      0.001600,      0.000000,     33.617001,    268.899994
    sm,      0.151358,      0.001600,      0.000251,     42.432999,    264.233002
    sm,     -0.036854,      0.001600,      0.000001,     33.083000,    269.483002
    sm,     -0.030749,      0.001600,      0.000451,     40.250000,    266.282990
    sm,     -0.001311,      0.001600,      0.000007,     33.632999,    271.233002
    sm,     -0.083612,      0.001600,      0.000001,     32.250000,    261.799988
    sm,     -0.019733,      0.001600,      0.000032,     34.682999,    269.583008
    sm,     -0.059960,      0.001600,      0.000036,     34.250000,    267.967010
    sm,     -0.001168,      0.001600,      0.000023,     34.849998,    268.117004
    sm,     -0.061490,      0.001600,      0.000001,     34.783001,    269.183014
    sm,      0.002470,      0.001600,      0.000021,     29.360001,    259.750000
    sm,      0.116833,      0.001600,      0.000003,     34.067001,    269.649994
    sm,     -0.036138,      0.001600,      0.000021,     34.020000,    260.750000
    sm,      0.009802,      0.001600,      0.000002,     45.466999,    271.416992
    sm,     -0.049021,      0.001600,      0.000001,     45.712002,    260.869995
    sm,      0.006406,      0.001600,      0.000003,     30.622000,    261.915009
    sm,     -0.145699,      0.001600,      0.000139,     35.820000,    268.218994
    sm,     -0.104763,      0.001600,      0.000022,     40.035000,    254.459000
    sm,     -0.142876,      0.001600,      0.000032,     32.041000,    259.751007
    sm,      0.002658,      0.001600,      0.000010,     45.515999,    256.697998
    sm,      0.081652,      0.001600,      0.000064,     40.053001,    271.627014
    sm,      0.000572,      0.001600,      0.000266,     41.556000,    266.714996
    sm,      0.071011,      0.001600,      0.000010,     48.306000,    264.126007
    sm,     -0.055402,      0.001600,      0.000103,     36.598999,    258.404999
    sm,     -0.040157,      0.001600,      0.000103,     36.568001,    258.390015
    sm,     -0.045350,      0.001600,      0.000057,     42.424999,    256.264008
    sm,     -0.086449,      0.001600,      0.000004,     46.770000,    260.522003
    sm,      0.109479,      0.001600,      0.000306,     37.428001,    265.416992
    sm,     -0.004260,      0.001600,      0.000090,     37.863998,    256.178009
    sm,     -0.048313,      0.001600,      0.000004,     30.091999,    268.127014
    sm,      0.015674,      0.001600,      0.000446,     40.695000,    263.145996
    sm,      0.090036,      0.001600,      0.000069,     40.848000,    263.434998
    sm,      0.104142,      0.001600,      0.000057,     39.103001,    263.390015
    sm,     -0.069438,      0.001600,      0.000026,     46.895000,    256.622986
    sm,     -0.201769,      0.001600,      0.000001,     32.882999,    267.882996
    sm,     -0.028606,      0.001600,      0.000012,     33.956001,    257.226013
    sm,     -0.075213,      0.001600,      0.000074,     44.060001,    269.825989
    sm,     -0.131849,      0.001600,      0.000082,     40.806999,    255.244995
    sm,      0.115512,      0.001600,      0.000027,     38.869999,    259.036987
    sm,     -0.203487,      0.001600,      0.000042,     31.780001,    264.277008
    sm,     -0.119725,      0.001600,      0.000137,     29.348000,    256.790985
    sm,      0.047780,      0.001600,      0.000026,     44.019001,    259.647003
    sm,     -0.173505,      0.001600,      0.000235,     37.633999,    268.277008
    sm,     -0.003165,      0.001600,      0.000001,     46.113998,    267.006012
    sm,     -0.088208,      0.001600,      0.000000,     41.842999,    271.148987
    sm,      0.121659,      0.001600,      0.000000,     43.735001,    263.377991
    sm,      0.140854,      0.001600,      0.000104,     36.118000,    262.908997
    sm,      0.054805,      0.001600,      0.000104,     36.134998,    262.891998
    sm,     -0.130907,      0.001600,      0.000035,     44.516998,    255.563995
     t,      1.740326,      2.013129,      0.000011,     29.370001,    259.079987
     t,      0.056610,      2.054934,      0.000013,     29.370001,    259.079987
     t,      0.023499,      2.065544,      0.000009,     29.370001,    259.079987
     t,      0.093842,      1.868416,      0.000005,     29.379999,    259.079987
     t,     -0.088745,      1.783891,      0.000014,     29.379999,    259.079987
     t,      0.088654,      1.498813,      0.000009,     29.379999,    259.070007
     t,      0.679565,      1.412675,      0.000008,     29.379999,    259.070007
     t,     -0.064789,      1.080976,      0.000021,     29.379999,    259.079987
     t,     -0.351532,      1.041721,      0.000038,     29.379999,    259.079987
     t,     -0.613159,      0.935329,      0.000097,     29.379999,    259.079987
     t,     -0.854065,      0.897889,      0.000116,     29.379999,    259.089996
     t,     -0.906219,      0.881557,      0.000129,     29.379999,    259.089996
     t,     -1.230865,      0.871690,      0.000143,     29.379999,    259.089996
     t,     -1.216461,      0.866777,      0.000136,     29.379999,    259.089996
     t,     -1.044952,      0.859991,      0.000127,     29.379999,    259.089996
     t,     -0.882568,      0.858269,      0.000125,     29.379999,    259.089996
     t,     -0.849579,      0.854830,      0.000123,     29.379999,    259.089996
     t,     -0.199127,      0.851827,      0.000121,     29.379999,    259.089996
     t,     -0.820526,      0.841146,      0.000110,     29.379999,    259.089996
     t,     -0.825317,      0.841080,      0.000109,     29.379999,    259.089996
     t,     -0.539856,      0.840721,      0.000110,     29.379999,    259.100006
     t,     -0.329285,      0.840493,      0.000113,     29.379999,    259.100006
     t,      0.125183,      0.840199,      0.000107,     29.379999,    259.100006
     t,     -0.221069,      0.839644,      0.000101,     29.379999,    259.100006
     t,     -0.459045,      0.845038,      0.000102,     29.379999,    259.100006
     t,     -0.303894,      0.849887,      0.000102,     29.379999,    259.100006
     t,     -0.233185,      0.851969,      0.000103,     29.379999,    259.100006
     t,     -0.458099,      0.856837,      0.000107,     29.379999,    259.100006
     t,     -0.178650,      0.858928,      0.000109,     29.379999,    259.100006
     t,      0.003540,      0.861021,      0.000111,     29.379999,    259.100006
     t,      0.645538,      0.874337,      0.000141,     29.379999,    259.100006
     t,      0.591736,      0.883602,      0.000149,     29.370001,    259.100006
     t,      0.952728,      0.887322,      0.000155,     29.370001,    259.100006
     t,      0.678680,      0.894784,      0.000169,     29.370001,    259.100006
     t,      0.543777,      0.904156,      0.000188,     29.370001,    259.100006
     t,     -0.027390,      0.926848,      0.000238,     29.370001,    259.100006
     t,     -0.198227,      0.938300,      0.000253,     29.370001,    259.100006
     t,     -0.196823,      0.947897,      0.000269,     29.370001,    259.100006
     t,      0.135620,      0.967236,      0.000307,     29.370001,    259.100006
     t,     -0.127655,      0.996281,      0.000340,     29.370001,    259.100006
     t,     -0.103928,      1.009971,      0.000338,     29.370001,    259.100006
     t,     -0.351242,      1.030681,      0.000323,     29.360001,    259.100006
     t,     -0.070084,      1.041115,      0.000324,     29.360001,    259.100006
     t,     -0.184525,      1.051602,      0.000325,     29.360001,    259.100006
     t,     -0.194473,      1.062141,      0.000327,     29.360001,    259.100006
     t,      0.066055,      1.076275,      0.000330,     29.360001,    259.100006
     t,      0.464676,      1.112018,      0.000334,     29.360001,    259.100006
     t,      0.014252,      1.133744,      0.000336,     29.360001,    259.100006
     t,      0.046860,      1.144686,      0.000338,     29.360001,    259.100006
     t,     -0.380386,      1.207674,      0.000334,     29.350000,    259.100006
     t,     -0.618469,      1.222449,      0.000328,     29.350000,    259.100006
     t,     -0.415161,      1.292587,      0.000311,     29.350000,    259.100006
     t,     -0.780045,      1.364682,      0.000295,     29.340000,    259.100006
     t,     -0.523743,      1.396179,      0.000297,     29.340000,    259.100006
     t,     -0.393906,      1.481488,      0.000280,     29.330000,    259.100006
     t,     -0.590378,      1.569327,      0.000295,     29.330000,    259.089996
     t,     -0.699875,      1.600934,      0.000278,     29.320000,    259.089996
     t,     -0.427475,      1.627513,      0.000280,     29.320000,    259.089996
     t,     -0.323654,      1.654310,      0.000288,     29.320000,    259.089996
     t,     -2.340668,      1.865075,      0.009794,     29.320000,    259.049988
     t,     -4.500198,      1.837181,      0.001873,     29.320000,    259.029999
     t,      1.377502,      2.062855,      0.000446,     31.940001,    257.809998
     t,      0.235840,      2.061820,      0.000648,     31.940001,    257.809998
     t,      0.529327,      1.868416,      0.000610,     31.940001,    257.809998
     t,      0.047882,      1.329086,      0.000562,     31.930000,    257.829987
     t,     -0.095825,      1.080976,      0.000500,     31.930000,    257.839996
     t,     -0.187073,      0.927780,      0.000757,     31.930000,    257.850006
     t,     -1.847321,      0.882971,      0.007078,     31.930000,    257.850006
     t,     -2.295441,      0.880144,      0.007738,     31.930000,    257.850006
     t,     -0.765808,      0.877321,      0.008197,     31.930000,    257.850006
     t,     -0.158936,      0.873799,      0.008569,     31.920000,    257.850006
     t,     -0.022949,      0.870987,      0.009131,     31.920000,    257.850006
     t,      1.517303,      0.863276,      0.010757,     31.920000,    257.859985
     t,      1.289246,      0.847119,      0.006030,     31.910000,    257.859985
     t,      0.657959,      0.841146,      0.004031,     31.910000,    257.859985
     t,      0.382660,      0.840330,      0.003994,     31.910000,    257.869995
     t,     -0.044739,      0.839971,      0.004089,     31.910000,    257.869995
     t,     -0.334625,      0.843656,      0.003687,     31.900000,    257.869995
     t,      0.774048,      0.865215,      0.002124,     31.900000,    257.880005
     t,      0.077515,      0.874337,      0.001992,     31.900000,    257.880005
     t,     -0.739365,      0.955609,      0.005522,     31.889999,    257.890015
     t,      0.972153,      0.996281,      0.003377,     31.889999,    257.899994
     t,     -0.513107,      1.083377,      0.000981,     31.889999,    257.910004
     t,     -0.286575,      1.144686,      0.000953,     31.889999,    257.920013
     t,      0.827576,      1.323245,      0.003309,     31.889999,    257.940002
     t,      0.588043,      1.396179,      0.004335,     31.889999,    257.950012
     t,     -0.770889,      1.606232,      0.004836,     31.879999,    257.970001
     t,     -0.034439,      1.643565,      0.004540,     31.889999,    257.980011
     t,     -0.126923,      1.654310,      0.004510,     31.889999,    257.980011
     t,     -0.577042,      1.696558,      0.005116,     31.889999,    257.989990
     t,     -1.472977,      1.833858,      0.004886,     31.910000,    258.010010
     t,     -1.993561,      1.841693,      0.007336,     31.910000,    258.019989
     t,     -3.491135,      1.866880,      0.016166,     31.910000,    258.029999
     t,     -1.944870,      1.876369,      0.025690,     31.910000,    258.029999
     t,     -1.642273,      1.900196,      0.021857,     31.910000,    258.040009
     t,     -1.155975,      1.901790,      0.020195,     31.910000,    258.040009
     t,      1.131409,      1.903385,      0.018989,     31.910000,    258.040009
     t,      0.472198,      1.912966,      0.019183,     31.910000,    258.040009
     t,     -1.720901,      1.913112,      0.079995,     31.920000,    258.040009
     t,      2.208786,      1.913189,      0.097252,     31.930000,    258.040009
     t,      1.050674,      1.896790,      0.038928,     31.930000,    258.029999
     t,     -1.005630,      1.870614,      0.043850,     31.930000,    258.019989
     t,      0.174332,      1.847860,      0.103975,     31.930000,    258.019989
     t,     -1.877396,      1.838150,      0.079163,     31.930000,    258.010010
     t,      0.373871,      1.868416,      0.000587,     31.935780,    257.818451
     q,     -0.008275,      0.006324,      0.000000,     29.370001,    259.079987
     q,      0.021323,      0.006815,      0.000000,     29.370001,    259.079987
     q,     -0.003128,      0.007895,      0.000000,     29.370001,    259.079987
     q,     -0.013416,      0.010897,      0.000000,     29.379999,    259.079987
     q,     -0.005183,      0.011581,      0.000000,     29.379999,    259.079987
     q,     -0.056846,      0.014121,      0.000000,     29.379999,    259.070007
     q,     -0.149590,      0.014934,      0.000000,     29.379999,    259.070007
     q,     -0.092072,      0.019096,      0.000001,     29.379999,    259.079987
     q,     -0.086562,      0.020019,      0.000003,     29.379999,    259.079987
     q,      0.073124,      0.022906,      0.000005,     29.379999,    259.079987
     q,      0.106535,      0.024218,      0.000004,     29.379999,    259.089996
     q,      0.033016,      0.024808,      0.000002,     29.379999,    259.089996
     q,      0.162912,      0.025171,      0.000002,     29.379999,    259.089996
     q,      0.158667,      0.025354,      0.000002,     29.379999,    259.089996
     q,      0.078570,      0.025638,      0.000002,     29.379999,    259.089996
     q,     -0.078802,      0.025724,      0.000002,     29.379999,    259.089996
     q,     -0.287779,      0.025895,      0.000002,     29.379999,    259.089996
     q,     -0.317390,      0.026045,      0.000002,     29.379999,    259.089996
     q,     -0.314724,      0.026585,      0.000002,     29.379999,    259.089996
     q,     -0.314684,      0.026638,      0.000002,     29.379999,    259.089996
     q,     -0.297598,      0.026927,      0.000002,     29.379999,    259.100006
     q,     -0.189570,      0.027112,      0.000002,     29.379999,    259.100006
     q,     -0.283318,      0.027351,      0.000002,     29.379999,    259.100006
     q,      0.081828,      0.027805,      0.000002,     29.379999,    259.100006
     q,      0.122173,      0.028118,      0.000002,     29.379999,    259.100006
     q,     -0.021917,      0.028299,      0.000003,     29.379999,    259.100006
     q,      0.121934,      0.028376,      0.000003,     29.379999,    259.100006
     q,     -0.035209,      0.028558,      0.000003,     29.379999,    259.100006
     q,     -0.211148,      0.028636,      0.000003,     29.379999,    259.100006
     q,     -0.253239,      0.028714,      0.000004,     29.379999,    259.100006
     q,     -0.243380,      0.029210,      0.000005,     29.379999,    259.100006
     q,     -0.268342,      0.029356,      0.000005,     29.370001,    259.100006
     q,     -0.165295,      0.029414,      0.000005,     29.370001,    259.100006
     q,      0.013479,      0.029531,      0.000005,     29.370001,    259.100006
     q,     -0.044433,      0.029678,      0.000005,     29.370001,    259.100006
     q,      0.087907,      0.030031,      0.000006,     29.370001,    259.100006
     q,     -0.013117,      0.030209,      0.000005,     29.370001,    259.100006
     q,     -0.138988,      0.030357,      0.000004,     29.370001,    259.100006
     q,     -0.063126,      0.030655,      0.000003,     29.370001,    259.100006
     q,      0.113941,      0.030982,      0.000002,     29.370001,    259.100006
     q,      0.038350,      0.031132,      0.000002,     29.370001,    259.100006
     q,      0.085669,      0.031357,      0.000001,     29.360001,    259.100006
     q,      0.022279,      0.031469,      0.000001,     29.360001,    259.100006
     q,      0.119122,      0.031582,      0.000001,     29.360001,    259.100006
     q,     -0.070681,      0.031695,      0.000001,     29.360001,    259.100006
     q,     -0.133669,      0.031847,      0.000001,     29.360001,    259.100006
     q,      0.040875,      0.032226,      0.000001,     29.360001,    259.100006
     q,     -0.008966,      0.032455,      0.000001,     29.360001,    259.100006
     q,      0.054842,      0.032569,      0.000001,     29.360001,    259.100006
     q,      0.003361,      0.008380,      0.000005,     31.940001,    257.809998
     q,      0.023142,      0.008571,      0.000005,     31.940001,    257.809998
     q,      0.006953,      0.010897,      0.000010,     31.940001,    257.809998
     q,     -0.042987,      0.015769,      0.000027,     31.930000,    257.829987
     q,     -0.069654,      0.019096,      0.000046,     31.930000,    257.839996
     q,     -0.097867,      0.023166,      0.000340,     31.930000,    257.850006
     q,      0.297995,      0.024757,      0.002642,     31.930000,    257.850006
     q,      0.229005,      0.024860,      0.002789,     31.930000,    257.850006
     q,      0.023780,      0.024963,      0.002660,     31.930000,    257.850006
     q,     -0.102893,      0.025093,      0.002462,     31.920000,    257.850006
     q,     -0.063222,      0.025197,      0.002341,     31.920000,    257.850006
     q,     -0.176747,      0.025484,      0.001991,     31.920000,    257.859985
     q,     -0.087916,      0.026282,      0.000594,     31.910000,    257.859985
     q,     -0.054562,      0.026585,      0.000129,     31.910000,    257.859985
     q,     -0.050428,      0.027245,      0.000007,     31.910000,    257.869995
     q,      0.093627,      0.027538,      0.000002,     31.910000,    257.869995
     q,      0.028343,      0.028067,      0.000000,     31.900000,    257.869995
     q,     -0.010597,      0.031922,      0.000000,     31.889999,    257.910004
     q,     -0.008842,      0.015769,      0.000015,     31.935780,    257.818451
     t,     -1.096832,      2.065130,      0.146586,     37.759998,    260.029999
     t,     -1.924774,      2.062234,      0.150365,     37.759998,    260.029999
     t,     -2.477356,      2.044671,      0.143742,     37.759998,    260.029999
     t,     -2.364532,      1.963221,      0.136205,     37.759998,    260.029999
     t,     -2.115723,      1.868416,      0.131674,     37.759998,    260.029999
     t,     -1.963776,      1.783891,      0.131443,     37.759998,    260.029999
     t,     -1.641846,      1.707157,      0.129187,     37.759998,    260.029999
     t,     -1.596893,      1.441104,      0.124209,     37.750000,    260.029999
     t,     -1.405975,      1.412675,      0.100084,     37.750000,    260.029999
     t,     -0.412048,      1.378933,      0.078737,     37.750000,    260.029999
     t,      0.302246,      1.345600,      0.071213,     37.750000,    260.029999
     t,      0.661621,      1.307226,      0.081702,     37.750000,    260.040009
     t,      0.091248,      1.080976,      0.035415,     37.740002,    260.040009
     t,      0.264008,      1.068631,      0.034847,     37.740002,    260.040009
     t,      0.392548,      1.017555,      0.039803,     37.740002,    260.049988
     t,      0.496399,      0.991300,      0.037566,     37.740002,    260.049988
     t,      0.254456,      0.944175,      0.041424,     37.740002,    260.059998
     t,      0.583069,      0.914019,      0.038453,     37.740002,    260.059998
     t,      0.687683,      0.899125,      0.036819,     37.730000,    260.059998
     t,      0.812225,      0.890059,      0.036618,     37.730000,    260.059998
     t,      0.084320,      0.859560,      0.035105,     37.730000,    260.070007
     t,     -0.806824,      0.841146,      0.026826,     37.730000,    260.079987
     t,     -0.895111,      0.841113,      0.026805,     37.730000,    260.079987
     t,     -0.845245,      0.840983,      0.025975,     37.730000,    260.079987
     t,     -0.594055,      0.840623,      0.026174,     37.730000,    260.079987
     t,     -0.406372,      0.840232,      0.030715,     37.730000,    260.089996
     t,     -0.618256,      0.840069,      0.034067,     37.730000,    260.089996
     t,      0.075195,      0.839906,      0.038298,     37.730000,    260.089996
     t,      0.308899,      0.847115,      0.038107,     37.730000,    260.100006
     t,      0.559723,      0.853358,      0.038698,     37.730000,    260.109985
     t,     -0.147308,      0.865215,      0.034173,     37.730000,    260.109985
     t,     -0.296814,      0.868718,      0.032838,     37.730000,    260.119995
     t,     -0.164597,      0.869419,      0.032570,     37.730000,    260.119995
     t,      0.501862,      0.872931,      0.031413,     37.730000,    260.119995
     t,      0.570938,      0.874337,      0.031032,     37.730000,    260.119995
     t,      0.913239,      0.881745,      0.030417,     37.730000,    260.119995
     t,      1.035721,      0.902278,      0.025204,     37.730000,    260.130005
     t,      1.307953,      0.955609,      0.012673,     37.730000,    260.149994
     t,     -0.566681,      1.065666,      0.013204,     37.740002,    260.179993
     t,      0.338425,      1.144686,      0.010707,     37.740002,    260.190002
     t,      0.301010,      1.163887,      0.011151,     37.740002,    260.190002
     t,      1.243576,      1.202769,      0.012404,     37.740002,    260.200012
     t,     -0.061249,      1.396179,      0.006055,     37.740002,    260.260010
     t,     -0.187714,      1.411049,      0.004640,     37.740002,    260.269989
     t,      0.289917,      1.486585,      0.001129,     37.750000,    260.299988
     t,     -0.525787,      2.021231,      0.086739,     35.230000,    258.290009
     t,     -0.548126,      2.005679,      0.084926,     35.230000,    258.290009
     t,     -1.314514,      1.921218,      0.075646,     35.230000,    258.290009
     t,     -1.372253,      1.868416,      0.071197,     35.230000,    258.290009
     t,     -1.400452,      1.736470,      0.065180,     35.230000,    258.290009
     t,     -1.114014,      1.345600,      0.049797,     35.220001,    258.279999
     t,     -0.979797,      1.260433,      0.037884,     35.220001,    258.279999
     t,     -1.738678,      1.125572,      0.027365,     35.220001,    258.279999
     t,     -2.038818,      1.080976,      0.030523,     35.220001,    258.279999
     t,     -2.029419,      0.986563,      0.025906,     35.220001,    258.279999
     t,     -0.891052,      0.958160,      0.022554,     35.220001,    258.279999
     t,     -0.324951,      0.946710,      0.020887,     35.220001,    258.290009
     t,      0.618683,      0.897176,      0.018540,     35.220001,    258.290009
     t,      0.209412,      0.873799,      0.027937,     35.209999,    258.299988
     t,      0.277985,      0.869582,      0.025765,     35.209999,    258.299988
     t,      0.103180,      0.853972,      0.023981,     35.209999,    258.309998
     t,     -0.036774,      0.848402,      0.024192,     35.200001,    258.320007
     t,     -0.366638,      0.844983,      0.022441,     35.200001,    258.320007
     t,     -0.301208,      0.841146,      0.021260,     35.200001,    258.320007
     t,     -0.220795,      0.841113,      0.021759,     35.200001,    258.329987
     t,      0.821350,      0.840721,      0.021549,     35.200001,    258.329987
     t,      0.782257,      0.839742,      0.008693,     35.189999,    258.350006
     t,      0.353516,      0.874337,      0.008627,     35.180000,    258.390015
     t,     -0.621063,      0.992873,      0.004276,     35.180000,    258.450012
     t,      2.090607,      1.144686,      0.007887,     35.180000,    258.500000
     t,      2.241425,      1.168712,      0.008255,     35.180000,    258.500000
     t,      0.358688,      1.396179,      0.005327,     35.180000,    258.559998
     t,     -0.997406,      1.632855,      0.005905,     35.209999,    258.609985
     t,     -0.981293,      1.654310,      0.006307,     35.209999,    258.619995
     t,     -1.336288,      1.800857,      0.029192,     35.230000,    258.670013
     t,     -1.267120,      1.833858,      0.043375,     35.240002,    258.690002
     t,     -2.120621,      1.841693,      0.045333,     35.240002,    258.690002
     t,     -3.976456,      1.873203,      0.016724,     35.250000,    258.720001
     t,     -2.982727,      1.877952,      0.019190,     35.250000,    258.720001
     t,     -1.318985,      1.881122,      0.022047,     35.259998,    258.720001
     t,     -0.565155,      1.887469,      0.028396,     35.259998,    258.730011
     t,     -1.153717,      1.893827,      0.034367,     35.259998,    258.730011
     t,     -0.157104,      1.906575,      0.050625,     35.259998,    258.739990
     t,      1.000519,      1.908172,      0.052793,     35.259998,    258.739990
     t,      0.684372,      1.912966,      0.047434,     35.259998,    258.739990
     t,     -1.081528,      1.913013,      0.067206,     35.259998,    258.739990
     t,      0.365479,      1.913081,      0.115021,     35.270000,    258.750000
     t,     -1.398117,      1.913177,      0.099877,     35.279999,    258.760010
     t,     -0.138763,      1.913213,      0.056123,     35.279999,    258.760010
     t,     -2.446686,      1.896790,      0.068495,     35.279999,    258.760010
     t,     -2.794708,      1.892196,      0.054914,     35.279999,    258.750000
     t,      0.822296,      1.871266,      0.185192,     35.279999,    258.750000
     t,      0.314835,      1.843325,      0.195434,     35.279999,    258.739990
     t,      1.951172,      1.834919,      0.158630,     35.279999,    258.739990
     q,      0.110929,      0.007969,      0.000171,     37.759998,    260.029999
     q,      0.032123,      0.008494,      0.000185,     37.759998,    260.029999
     q,      0.016119,      0.008997,      0.000204,     37.759998,    260.029999
     q,      0.018408,      0.009842,      0.000239,     37.759998,    260.029999
     q,     -0.006923,      0.010897,      0.000293,     37.759998,    260.029999
     q,     -0.023777,      0.011581,      0.000332,     37.759998,    260.029999
     q,     -0.089969,      0.012235,      0.000365,     37.759998,    260.029999
     q,      0.028503,      0.014660,      0.006015,     37.750000,    260.029999
     q,      0.084230,      0.014934,      0.004973,     37.750000,    260.029999
     q,     -0.046865,      0.015265,      0.004035,     37.750000,    260.029999
     q,     -0.111297,      0.015601,      0.004242,     37.750000,    260.029999
     q,     -0.015975,      0.015996,      0.006009,     37.750000,    260.040009
     q,     -0.011242,      0.019096,      0.002339,     37.740002,    260.040009
     q,     -0.024265,      0.019382,      0.002131,     37.740002,    260.040009
     q,      0.028534,      0.020607,      0.001446,     37.740002,    260.049988
     q,      0.132932,      0.021263,      0.001253,     37.740002,    260.049988
     q,      0.040833,      0.022605,      0.001022,     37.740002,    260.059998
     q,      0.123409,      0.023645,      0.000924,     37.740002,    260.059998
     q,     -0.047742,      0.024173,      0.000879,     37.730000,    260.059998
     q,     -0.056866,      0.024499,      0.000817,     37.730000,    260.059998
     q,     -0.097691,      0.025660,      0.000487,     37.730000,    260.070007
     q,     -0.021168,      0.026585,      0.000287,     37.730000,    260.079987
     q,     -0.019262,      0.026612,      0.000284,     37.730000,    260.079987
     q,     -0.059349,      0.026717,      0.000222,     37.730000,    260.079987
     q,      0.057532,      0.027006,      0.000128,     37.730000,    260.079987
     q,      0.060886,      0.027324,      0.000205,     37.730000,    260.089996
     q,      0.013860,      0.027458,      0.000318,     37.730000,    260.089996
     q,     -0.085200,      0.027591,      0.000497,     37.730000,    260.089996
     q,      0.043009,      0.028195,      0.000896,     37.730000,    260.100006
     q,     -0.024641,      0.028428,      0.001403,     37.730000,    260.109985
     q,      0.038671,      0.028870,      0.001435,     37.730000,    260.109985
     q,      0.016783,      0.029001,      0.001604,     37.730000,    260.119995
     q,     -0.014751,      0.029027,      0.001664,     37.730000,    260.119995
     q,     -0.318217,      0.029158,      0.002136,     37.730000,    260.119995
     q,     -0.361267,      0.029210,      0.002414,     37.730000,    260.119995
     q,     -0.360512,      0.029327,      0.003154,     37.730000,    260.119995
     q,     -0.162029,      0.030476,      0.008254,     37.730000,    260.149994
     q,     -0.023104,      0.031733,      0.000936,     37.740002,    260.179993
     q,      0.008198,      0.009235,      0.000546,     35.230000,    258.290009
     q,      0.021233,      0.009395,      0.000564,     35.230000,    258.290009
     q,      0.011885,      0.010300,      0.000657,     35.230000,    258.290009
     q,      0.010511,      0.010897,      0.000729,     35.230000,    258.290009
     q,     -0.010300,      0.011981,      0.000876,     35.230000,    258.290009
     q,     -0.051146,      0.015601,      0.001755,     35.220001,    258.279999
     q,      0.060240,      0.016563,      0.002188,     35.220001,    258.279999
     q,      0.077369,      0.018431,      0.003159,     35.220001,    258.279999
     q,      0.095164,      0.019096,      0.003254,     35.220001,    258.279999
     q,      0.138396,      0.021384,      0.001535,     35.220001,    258.279999
     q,     -0.008816,      0.022137,      0.001308,     35.220001,    258.279999
     q,     -0.008215,      0.022520,      0.001219,     35.220001,    258.290009
     q,     -0.053943,      0.024243,      0.000938,     35.220001,    258.290009
     q,      0.021330,      0.025093,      0.001224,     35.209999,    258.299988
     q,     -0.082359,      0.025249,      0.001066,     35.209999,    258.299988
     q,     -0.004354,      0.025938,      0.000483,     35.209999,    258.309998
     q,     -0.125024,      0.026217,      0.000337,     35.200001,    258.320007
     q,     -0.097802,      0.026390,      0.000258,     35.200001,    258.320007
     q,      0.094160,      0.026585,      0.000204,     35.200001,    258.320007
     q,      0.102378,      0.026612,      0.000206,     35.200001,    258.329987
     q,     -0.123839,      0.026927,      0.000226,     35.200001,    258.329987
     q,     -0.069431,      0.027725,      0.000088,     35.189999,    258.350006
     q,     -0.061817,      0.029210,      0.001070,     35.180000,    258.390015
     q,     -0.056920,      0.030945,      0.000326,     35.180000,    258.450012
     t,     -5.217438,      1.807841,      0.000175,     39.770000,    255.130005
     t,     -3.417480,      1.801839,      0.000175,     39.770000,    255.130005
     t,     -3.717468,      1.783891,      0.000175,     39.770000,    255.130005
     t,     -2.817505,      1.771976,      0.000175,     39.770000,    255.130005
     t,     -3.411682,      1.718852,      0.000155,     39.770000,    255.130005
     t,     -4.340271,      1.695501,      0.000119,     39.770000,    255.130005
     t,     -5.515198,      1.666537,      0.000101,     39.770000,    255.130005
     t,     -4.415009,      1.637822,      0.000089,     39.770000,    255.130005
     t,     -4.311737,      1.458298,      0.000071,     39.759998,    255.130005
     t,     -3.733093,      1.418338,      0.000068,     39.759998,    255.130005
     t,     -2.897217,      1.401382,      0.000066,     39.759998,    255.130005
     t,     -2.496246,      1.351127,      0.000063,     39.759998,    255.139999
     t,     -2.184540,      1.345600,      0.000062,     39.759998,    255.139999
     t,     -1.438324,      1.247466,      0.000049,     39.759998,    255.139999
     t,     -1.335754,      1.142013,      0.000024,     39.759998,    255.139999
     t,     -0.850128,      1.080976,      0.000013,     39.750000,    255.139999
     t,      0.013824,      1.027187,      0.000024,     39.750000,    255.149994
     t,     -0.535156,      0.970074,      0.000027,     39.750000,    255.149994
     t,     -0.215088,      0.885803,      0.000096,     39.740002,    255.169998
     t,     -0.195618,      0.863276,      0.000221,     39.740002,    255.179993
     t,     -0.272278,      0.859991,      0.000254,     39.740002,    255.179993
     t,     -0.408783,      0.851827,      0.000387,     39.740002,    255.190002
     t,     -0.471558,      0.850114,      0.000405,     39.730000,    255.190002
     t,     -0.895782,      0.842424,      0.000519,     39.730000,    255.190002
     t,     -0.559601,      0.841146,      0.000543,     39.730000,    255.190002
     t,      0.647614,      0.840885,      0.000645,     39.730000,    255.199997
     t,      0.582611,      0.840591,      0.000664,     39.730000,    255.199997
     t,      0.644043,      0.840362,      0.000636,     39.730000,    255.199997
     t,      0.476410,      0.839514,      0.000623,     39.720001,    255.210007
     t,      0.678329,      0.874337,      0.000362,     39.720001,    255.210007
     t,      0.794052,      0.902278,      0.000331,     39.709999,    255.220001
     t,      0.363647,      0.975921,      0.000227,     39.709999,    255.229996
     t,      0.841629,      1.062141,      0.000168,     39.700001,    255.240005
     t,      0.480194,      1.115624,      0.000162,     39.700001,    255.250000
     t,      0.196152,      1.144686,      0.000154,     39.700001,    255.250000
     t,      0.179810,      1.154267,      0.000153,     39.700001,    255.250000
     t,     -0.061829,      1.192988,      0.000157,     39.700001,    255.259995
     t,     -0.424942,      1.302766,      0.000237,     39.700001,    255.279999
     t,     -0.366180,      1.354263,      0.000376,     39.700001,    255.279999
     t,     -0.136978,      1.390904,      0.000523,     39.709999,    255.289993
     t,     -0.175293,      1.396179,      0.000542,     39.709999,    255.289993
     t,     -1.525162,      1.512201,      0.001134,     39.709999,    255.320007
     t,     -1.320419,      1.543230,      0.001177,     39.709999,    255.320007
     t,     -0.542603,      1.585091,      0.001278,     39.709999,    255.330002
     t,      0.896973,      1.654310,      0.001601,     39.709999,    255.339996
     t,      1.343857,      1.661315,      0.001663,     39.709999,    255.339996
     t,     -1.066956,      1.707204,      0.001710,     39.709999,    255.350006
     t,     -0.327606,      1.714319,      0.001705,     39.709999,    255.360001
     t,     -1.009735,      1.739339,      0.001632,     39.709999,    255.360001
     t,      0.527191,      1.757321,      0.001443,     39.709999,    255.369995
     t,      0.946396,      1.779023,      0.001269,     39.709999,    255.380005
     t,      0.719818,      1.804509,      0.001144,     39.720001,    255.389999
     t,     -0.007309,      1.833858,      0.001022,     39.720001,    255.399994
     t,     -1.371811,      1.854265,      0.001239,     39.720001,    255.429993
     t,     -0.682816,      1.858991,      0.001348,     39.720001,    255.429993
     t,     -2.750870,      1.874785,      0.001949,     39.730000,    255.449997
     t,     -2.598846,      1.879537,      0.002196,     39.730000,    255.449997
     t,     -1.411987,      1.881122,      0.002333,     39.730000,    255.460007
     t,     -0.624725,      1.887469,      0.002806,     39.730000,    255.470001
     t,     -1.048889,      1.901790,      0.004923,     39.730000,    255.479996
     t,     -0.662216,      1.912966,      0.010422,     39.730000,    255.490005
     t,     -2.267517,      1.913048,      0.023831,     39.740002,    255.500000
     t,      0.375473,      1.913084,      0.029235,     39.740002,    255.500000
     t,      0.104889,      1.913161,      0.022967,     39.740002,    255.509995
     t,      2.061005,      1.913178,      0.015814,     39.740002,    255.509995
     t,     -0.708817,      1.896790,      0.052620,     39.740002,    255.520004
     t,     -1.505203,      1.881390,      0.104289,     39.740002,    255.520004
     t,     -1.001816,      1.863773,      0.127859,     39.740002,    255.520004
     t,      1.216461,      1.857920,      0.116059,     39.740002,    255.509995
     t,     -1.155304,      2.063682,      0.211105,     41.130001,    259.299988
     t,     -3.890198,      2.060993,      0.209860,     41.130001,    259.299988
     t,     -3.550323,      1.868416,      0.167380,     41.139999,    259.299988
     t,     -3.372101,      1.672309,      0.151739,     41.139999,    259.299988
     t,     -3.280060,      1.655021,      0.132214,     41.139999,    259.299988
     t,     -1.175934,      1.620712,      0.107187,     41.139999,    259.299988
     t,     -0.344452,      1.586764,      0.099799,     41.139999,    259.299988
     t,      0.059296,      1.533981,      0.121919,     41.139999,    259.299988
     t,     -0.401611,      1.469817,      0.070310,     41.139999,    259.299988
     t,     -0.778534,      1.296364,      0.040470,     41.130001,    259.299988
     t,     -0.708191,      1.243158,      0.044680,     41.130001,    259.299988
     t,     -0.360626,      1.179439,      0.041070,     41.130001,    259.299988
     t,     -0.141815,      1.080976,      0.028253,     41.130001,    259.299988
     t,     -0.025543,      0.988930,      0.014104,     41.119999,    259.309998
     t,     -0.473846,      0.904076,      0.011853,     41.110001,    259.309998
     t,     -0.279480,      0.897176,      0.011395,     41.110001,    259.309998
     t,     -0.262146,      0.885803,      0.010431,     41.110001,    259.309998
     t,      0.050293,      0.877321,      0.009477,     41.110001,    259.309998
     t,     -0.134460,      0.846265,      0.007598,     41.099998,    259.320007
     t,      0.324524,      0.841146,      0.008193,     41.090000,    259.320007
     t,      0.775940,      0.840917,      0.008742,     41.090000,    259.320007
     t,      0.039001,      0.840134,      0.008047,     41.090000,    259.329987
     t,      0.071350,      0.846422,      0.008349,     41.090000,    259.339996
     t,     -0.083557,      0.859625,      0.009036,     41.080002,    259.339996
     t,     -0.032990,      0.868718,      0.007878,     41.080002,    259.350006
     t,      0.291962,      0.871525,      0.007595,     41.080002,    259.350006
     t,      0.121994,      0.874337,      0.007449,     41.080002,    259.350006
     t,     -0.321442,      0.898527,      0.007887,     41.080002,    259.359985
     t,     -0.554611,      0.909803,      0.007237,     41.080002,    259.359985
     t,      0.243500,      0.924947,      0.006120,     41.080002,    259.359985
     t,      0.856598,      1.041115,      0.004697,     41.080002,    259.380005
     t,      1.222183,      1.144686,      0.007798,     41.080002,    259.410004
     t,      1.362915,      1.212589,      0.007549,     41.080002,    259.420013
     t,      1.134216,      1.307871,      0.007410,     41.080002,    259.429993
     t,      1.033676,      1.375141,      0.008800,     41.090000,    259.440002
     t,      1.091888,      1.396179,      0.009582,     41.090000,    259.440002
     t,     -2.594040,      1.585091,      0.011719,     41.099998,    259.470001
     t,     -2.019073,      1.643565,      0.013561,     41.110001,    259.480011
     t,     -1.281509,      1.654310,      0.013475,     41.110001,    259.480011
     t,      0.266708,      1.671849,      0.013400,     41.110001,    259.489990
     t,      0.639328,      1.710759,      0.011276,     41.110001,    259.510010
     t,      1.976990,      1.717882,      0.010176,     41.110001,    259.510010
     t,      2.276321,      1.742928,      0.006830,     41.119999,    259.519989
     t,      1.012299,      1.786286,      0.004011,     41.119999,    259.549988
     t,      0.643326,      1.833858,      0.003731,     41.130001,    259.579987
     t,      1.025375,      1.849545,      0.005250,     41.130001,    259.600006
     t,     -1.008942,      1.873203,      0.009815,     41.139999,    259.630005
     t,     -0.100113,      1.876369,      0.009898,     41.139999,    259.630005
     t,     -1.360901,      1.892237,      0.012718,     41.139999,    259.649994
     t,     -0.072662,      1.898603,      0.014461,     41.139999,    259.660004
     t,     -1.563705,      1.904980,      0.018774,     41.139999,    259.660004
     t,     -1.207230,      1.912966,      0.024497,     41.139999,    259.670013
     t,     -2.680359,      1.913096,      0.042112,     41.139999,    259.700012
     t,      0.269424,      1.913136,      0.058335,     41.139999,    259.700012
     t,      0.369659,      1.913176,      0.044956,     41.139999,    259.700012
     t,     -1.682907,      1.913209,      0.050845,     41.139999,    259.709991
     t,     -1.748566,      1.908958,      0.070654,     41.139999,    259.709991
     t,     -1.376099,      1.897447,      0.165989,     41.139999,    259.709991
     t,     -1.204697,      1.896790,      0.172538,     41.150002,    259.709991
     t,      0.734314,      1.889246,      0.139365,     41.150002,    259.709991
     t,      1.205322,      1.870288,      0.190276,     41.150002,    259.709991
     t,     -0.682266,      1.843649,      0.076834,     41.150002,    259.709991
     t,      1.624191,      1.834596,      0.070729,     41.150002,    259.700012
     t,      0.822479,      1.746852,      0.004101,     39.250000,    259.779999
     t,      2.809174,      1.746852,      0.012729,     40.200001,    259.420013
     q,      0.115619,      0.011384,      0.000000,     39.770000,    255.130005
     q,      0.462105,      0.011433,      0.000000,     39.770000,    255.130005
     q,      0.448055,      0.011581,      0.000000,     39.770000,    255.130005
     q,      0.421662,      0.011681,      0.000000,     39.770000,    255.130005
     q,      0.302581,      0.012133,      0.000000,     39.770000,    255.130005
     q,      0.129023,      0.012337,      0.000000,     39.770000,    255.130005
     q,      0.062418,      0.012594,      0.000000,     39.770000,    255.130005
     q,      0.074873,      0.012854,      0.000000,     39.770000,    255.130005
     q,      0.052153,      0.014498,      0.000000,     39.759998,    255.130005
     q,      0.052889,      0.014879,      0.000000,     39.759998,    255.130005
     q,      0.023666,      0.015044,      0.000000,     39.759998,    255.130005
     q,      0.038562,      0.015544,      0.000000,     39.759998,    255.139999
     q,      0.020813,      0.015601,      0.000000,     39.759998,    255.139999
     q,      0.000027,      0.016733,      0.000000,     39.759998,    255.139999
     q,     -0.024323,      0.018192,      0.000000,     39.759998,    255.139999
     q,     -0.018360,      0.019096,      0.000000,     39.750000,    255.139999
     q,     -0.022999,      0.020371,      0.000000,     39.750000,    255.149994
     q,     -0.013025,      0.021808,      0.000001,     39.750000,    255.149994
     q,     -0.032158,      0.024653,      0.000001,     39.740002,    255.169998
     q,     -0.002596,      0.025484,      0.000004,     39.740002,    255.179993
     q,     -0.049471,      0.025638,      0.000006,     39.740002,    255.179993
     q,     -0.054154,      0.026045,      0.000013,     39.740002,    255.190002
     q,     -0.239320,      0.026131,      0.000013,     39.730000,    255.190002
     q,     -0.041522,      0.026520,      0.000015,     39.730000,    255.190002
     q,     -0.003064,      0.026585,      0.000015,     39.730000,    255.190002
     q,      0.105354,      0.026795,      0.000017,     39.730000,    255.199997
     q,      0.125806,      0.027033,      0.000016,     39.730000,    255.199997
     q,      0.258513,      0.027218,      0.000014,     39.730000,    255.199997
     q,      0.165210,      0.027912,      0.000007,     39.720001,    255.210007
     q,      0.131212,      0.029210,      0.000003,     39.720001,    255.210007
     q,      0.133922,      0.029649,      0.000003,     39.709999,    255.220001
     q,      0.042763,      0.030759,      0.000006,     39.709999,    255.229996
     q,     -0.035661,      0.031695,      0.000010,     39.700001,    255.240005
     q,     -0.140145,      0.032264,      0.000010,     39.700001,    255.250000
     q,     -0.317951,      0.032569,      0.000009,     39.700001,    255.250000
     q,      0.069926,      0.008230,      0.000132,     41.130001,    259.299988
     q,     -0.010169,      0.008724,      0.000131,     41.130001,    259.299988
     q,     -0.093995,      0.010897,      0.000215,     41.139999,    259.299988
     q,     -0.127657,      0.012542,      0.000273,     41.139999,    259.299988
     q,     -0.068917,      0.012698,      0.000292,     41.139999,    259.299988
     q,     -0.047743,      0.013011,      0.000921,     41.139999,    259.299988
     q,     -0.043812,      0.013329,      0.002359,     41.139999,    259.299988
     q,      0.011528,      0.013802,      0.006204,     41.139999,    259.299988
     q,      0.099996,      0.014390,      0.004717,     41.139999,    259.299988
     q,      0.152975,      0.016110,      0.001266,     41.130001,    259.299988
     q,     -0.017286,      0.016791,      0.000560,     41.130001,    259.299988
     q,     -0.083035,      0.017660,      0.000316,     41.130001,    259.299988
     q,      0.000642,      0.019096,      0.000258,     41.130001,    259.299988
     q,      0.068314,      0.021323,      0.000550,     41.119999,    259.309998
     q,      0.001332,      0.023996,      0.000711,     41.110001,    259.309998
     q,     -0.121085,      0.024243,      0.000638,     41.110001,    259.309998
     q,     -0.160245,      0.024653,      0.000443,     41.110001,    259.309998
     q,      0.052691,      0.024963,      0.000301,     41.110001,    259.309998
     q,      0.051131,      0.026325,      0.000057,     41.099998,    259.320007
     q,      0.086998,      0.026585,      0.000092,     41.090000,    259.320007
     q,      0.056692,      0.026769,      0.000124,     41.090000,    259.320007
     q,      0.129316,      0.027404,      0.000051,     41.090000,    259.329987
     q,      0.081209,      0.028170,      0.000087,     41.090000,    259.339996
     q,      0.136242,      0.028662,      0.000324,     41.080002,    259.339996
     q,      0.031697,      0.029001,      0.000654,     41.080002,    259.350006
     q,     -0.067217,      0.029105,      0.000805,     41.080002,    259.350006
     q,     -0.124067,      0.029210,      0.000995,     41.080002,    259.350006
     q,     -0.210352,      0.029590,      0.001997,     41.080002,    259.359985
     q,     -0.053966,      0.029766,      0.002008,     41.080002,    259.359985
     q,      0.136025,      0.030002,      0.001631,     41.080002,    259.359985
     q,     -0.000500,      0.031469,      0.000277,     41.080002,    259.380005
     q,     -0.089164,      0.032569,      0.001424,     41.080002,    259.410004
     t,     -1.206421,      2.070307,      0.178444,     46.770000,    259.239990
     t,     -2.323792,      2.069063,      0.177198,     46.770000,    259.239990
     t,     -2.692566,      2.065544,      0.152454,     46.770000,    259.239990
     t,     -2.570374,      2.063268,      0.083210,     46.779999,    259.239990
     t,     -1.794586,      1.868416,      0.045671,     46.790001,    259.239990
     t,     -1.672974,      1.689688,      0.036614,     46.799999,    259.239990
     t,      0.802307,      1.516346,      0.036150,     46.799999,    259.250000
     t,      1.351349,      1.452555,      0.031864,     46.810001,    259.250000
     t,      1.444580,      1.395753,      0.030793,     46.810001,    259.260010
     t,      1.157776,      1.080976,      0.026917,     46.820000,    259.279999
     t,      1.039398,      1.068631,      0.030039,     46.820000,    259.279999
     t,      1.231140,      1.007968,      0.020089,     46.830002,    259.290009
     t,      0.746796,      0.954336,      0.036667,     46.830002,    259.290009
     t,      0.626923,      0.937852,      0.037061,     46.830002,    259.299988
     t,      0.062469,      0.912773,      0.031803,     46.830002,    259.299988
     t,      0.136597,      0.907798,      0.032301,     46.830002,    259.309998
     t,      0.111877,      0.902837,      0.031903,     46.830002,    259.309998
     t,     -0.138611,      0.892903,      0.028932,     46.840000,    259.309998
     t,     -0.161469,      0.889349,      0.026599,     46.840000,    259.309998
     t,     -0.082977,      0.885095,      0.024902,     46.840000,    259.320007
     t,     -0.317444,      0.872393,      0.019472,     46.840000,    259.329987
     t,     -0.418488,      0.870284,      0.018708,     46.840000,    259.329987
     t,     -0.114410,      0.864675,      0.017099,     46.840000,    259.329987
     t,      0.078644,      0.861714,      0.016009,     46.840000,    259.329987
     t,     -0.391388,      0.853114,      0.012325,     46.840000,    259.350006
     t,      0.003632,      0.851827,      0.011973,     46.840000,    259.350006
     t,      0.299622,      0.850114,      0.011644,     46.840000,    259.350006
     t,     -0.191589,      0.842850,      0.011581,     46.840000,    259.359985
     t,      0.014771,      0.841146,      0.011345,     46.840000,    259.359985
     t,     -0.081085,      0.841080,      0.011322,     46.840000,    259.359985
     t,      0.057159,      0.840721,      0.012807,     46.840000,    259.369995
     t,      0.700470,      0.840460,      0.015425,     46.840000,    259.380005
     t,      0.329605,      0.874337,      0.017003,     46.849998,    259.420013
     t,      0.311646,      0.885461,      0.014326,     46.849998,    259.429993
     t,     -0.238541,      0.924947,      0.005336,     46.860001,    259.440002
     t,     -0.562943,      0.942133,      0.004374,     46.860001,    259.450012
     t,     -0.747482,      0.965294,      0.003649,     46.860001,    259.459991
     t,      0.074387,      1.058622,      0.003327,     46.869999,    259.489990
     t,      1.092773,      1.090502,      0.003697,     46.869999,    259.500000
     t,      1.318939,      1.144686,      0.005511,     46.869999,    259.519989
     t,      1.178894,      1.282447,      0.009979,     46.880001,    259.559998
     t,      2.700012,      1.380385,      0.033647,     46.880001,    259.589996
     t,      2.452896,      1.396179,      0.036489,     46.880001,    259.600006
     t,      2.365463,      1.436009,      0.049694,     46.880001,    259.609985
     t,      1.487305,      1.507061,      0.042717,     46.880001,    259.640015
     t,      0.422684,      1.574573,      0.011699,     46.869999,    259.670013
     t,     -0.502472,      1.611539,      0.008972,     46.869999,    259.679993
     t,     -1.379745,      1.654310,      0.010669,     46.869999,    259.700012
     t,     -5.255447,      1.732172,      0.054538,     46.849998,    259.750000
     t,     -3.914795,      1.742928,      0.066442,     46.849998,    259.760010
     t,     -4.276733,      1.757321,      0.073662,     46.849998,    259.769989
     t,      0.750351,      1.771774,      0.082007,     46.849998,    259.779999
     t,      1.554031,      1.775396,      0.084017,     46.849998,    259.779999
     t,     -0.446701,      1.819154,      0.087152,     46.840000,    259.809998
     t,     -0.077225,      1.833858,      0.071321,     46.840000,    259.820007
     t,      0.501907,      1.835423,      0.066078,     46.849998,    259.829987
     t,     -0.523849,      1.851118,      0.029105,     46.849998,    259.839996
     t,     -2.116211,      1.860567,      0.013619,     46.849998,    259.850006
     t,      0.102493,      1.868459,      0.013087,     46.849998,    259.869995
     t,      1.913391,      1.870040,      0.013921,     46.849998,    259.869995
     t,      2.389282,      1.879537,      0.026441,     46.860001,    259.880005
     t,      0.529968,      1.898603,      0.070316,     46.860001,    259.910004
     t,     -1.110077,      1.904980,      0.085255,     46.860001,    259.920013
     t,     -1.506104,      1.912966,      0.090785,     46.849998,    259.929993
     t,     -7.511108,      2.036843,      0.028974,     44.070000,    256.790009
     t,     -5.308960,      2.009562,      0.028919,     44.070000,    256.790009
     t,     -4.973969,      1.959384,      0.029883,     44.070000,    256.790009
     t,     -4.832275,      1.932628,      0.028054,     44.070000,    256.790009
     t,     -2.724854,      1.868416,      0.031805,     44.070000,    256.790009
     t,     -0.533173,      1.666537,      0.030937,     44.080002,    256.779999
     t,     -1.064331,      1.351127,      0.023782,     44.080002,    256.779999
     t,     -0.056335,      1.204726,      0.030531,     44.070000,    256.779999
     t,     -0.371979,      1.084993,      0.027627,     44.070000,    256.790009
     t,     -0.273285,      1.080976,      0.027652,     44.070000,    256.790009
     t,     -0.666260,      1.017555,      0.027757,     44.070000,    256.790009
     t,     -0.734314,      0.984199,      0.029455,     44.060001,    256.790009
     t,     -1.113983,      0.950519,      0.027717,     44.060001,    256.799988
     t,     -1.226959,      0.940379,      0.024909,     44.060001,    256.799988
     t,     -0.588043,      0.905316,      0.017797,     44.060001,    256.809998
     t,     -0.081421,      0.890059,      0.015488,     44.060001,    256.820007
     t,     -1.010773,      0.874503,      0.014210,     44.060001,    256.820007
     t,     -0.587860,      0.871690,      0.014197,     44.060001,    256.820007
     t,      0.132385,      0.870284,      0.014648,     44.060001,    256.829987
     t,      0.035522,      0.869582,      0.014606,     44.060001,    256.829987
     t,     -0.663940,      0.868179,      0.014876,     44.060001,    256.829987
     t,     -0.062561,      0.866777,      0.015166,     44.060001,    256.829987
     t,     -0.159393,      0.864675,      0.015637,     44.060001,    256.829987
     t,     -0.554352,      0.862576,      0.016155,     44.060001,    256.829987
     t,     -0.047699,      0.861283,      0.016715,     44.060001,    256.829987
     t,     -0.270264,      0.846265,      0.025595,     44.049999,    256.850006
     t,     -0.301361,      0.841146,      0.028125,     44.049999,    256.859985
     t,      1.392670,      0.860323,      0.025421,     44.049999,    256.920013
     t,      0.567810,      0.874337,      0.016143,     44.049999,    256.940002
     t,      0.825317,      0.938300,      0.005734,     44.049999,    256.970001
     t,      0.275024,      0.963353,      0.004681,     44.049999,    256.980011
     t,      0.517288,      1.083377,      0.003738,     44.040001,    257.019989
     t,      0.409698,      1.144686,      0.001549,     44.040001,    257.040009
     t,      0.358337,      1.168712,      0.001251,     44.040001,    257.049988
     t,      1.769958,      1.242289,      0.001778,     44.040001,    257.070007
     t,      1.301132,      1.396179,      0.009491,     44.049999,    257.100006
     t,      0.497025,      1.491691,      0.010777,     44.060001,    257.119995
     t,      1.292969,      1.517351,      0.012688,     44.060001,    257.130005
     t,      0.065018,      1.600934,      0.019889,     44.070000,    257.140015
     t,      0.492706,      1.638206,      0.023690,     44.080002,    257.149994
     t,      1.907745,      1.654310,      0.024092,     44.080002,    257.149994
     t,      1.457581,      1.689480,      0.024631,     44.090000,    257.170013
     t,     -0.241898,      1.710759,      0.020695,     44.099998,    257.170013
     t,      0.225662,      1.717882,      0.019048,     44.099998,    257.179993
     t,     -0.795593,      1.735754,      0.017221,     44.099998,    257.190002
     t,     -0.283951,      1.746521,      0.017413,     44.099998,    257.190002
     t,     -1.638519,      1.768155,      0.017827,     44.099998,    257.209991
     t,      0.590103,      1.786286,      0.018998,     44.099998,    257.220001
     t,     -0.821808,      1.800857,      0.020819,     44.099998,    257.230011
     t,      0.073486,      1.808164,      0.022149,     44.099998,    257.230011
     t,      0.555832,      1.833858,      0.025597,     44.099998,    257.250000
     t,      0.792526,      1.835423,      0.026233,     44.099998,    257.250000
     t,     -0.220749,      1.843263,      0.030396,     44.099998,    257.260010
     t,      0.128952,      1.849545,      0.035035,     44.099998,    257.269989
     t,     -0.447189,      1.851118,      0.035029,     44.099998,    257.269989
     t,      0.003494,      1.854265,      0.035869,     44.099998,    257.279999
     t,      2.253174,      1.857415,      0.037560,     44.099998,    257.279999
     t,      2.880432,      1.858991,      0.039208,     44.099998,    257.290009
     t,      1.087906,      1.870040,      0.056950,     44.099998,    257.299988
     t,      2.989609,      1.873203,      0.056725,     44.099998,    257.299988
     t,      1.501846,      1.876369,      0.058817,     44.099998,    257.309998
     t,      1.284851,      1.881122,      0.062462,     44.099998,    257.309998
     t,     -2.468079,      1.897010,      0.084040,     44.099998,    257.329987
     t,     -2.473999,      1.903385,      0.100621,     44.099998,    257.339996
     t,     -3.849762,      1.908172,      0.110933,     44.099998,    257.339996
     t,     -3.937347,      1.912966,      0.116598,     44.099998,    257.350006
     t,     -2.909027,      1.912976,      0.118928,     44.099998,    257.350006
     t,      0.511810,      1.912983,      0.121198,     44.099998,    257.350006
     t,      1.131531,      1.912998,      0.122774,     44.110001,    257.350006
     t,      0.891373,      1.913045,      0.119786,     44.110001,    257.359985
     t,     -2.284973,      1.913104,      0.079023,     44.110001,    257.359985
     t,      1.309021,      1.913141,      0.067129,     44.110001,    257.369995
     t,     -1.036804,      1.905995,      0.174365,     44.110001,    257.380005
     t,      0.655258,      1.896790,      0.224977,     44.110001,    257.380005
     t,      1.278885,      1.892196,      0.218121,     44.110001,    257.380005
     t,     -0.683807,      1.883025,      0.263602,     44.110001,    257.390015
     t,      0.935516,      1.866704,      0.450114,     44.110001,    257.390015
     t,     -2.241699,      1.838150,      0.366668,     44.099998,    257.399994
     t,      0.538971,      0.860323,      0.033218,     44.049999,    256.890839
     q,     -0.006327,      0.007073,      0.000893,     46.770000,    259.239990
     q,     -0.057074,      0.007283,      0.000886,     46.770000,    259.239990
     q,     -0.052091,      0.007895,      0.000782,     46.770000,    259.239990
     q,     -0.025078,      0.008305,      0.000407,     46.779999,    259.239990
     q,     -0.030699,      0.010897,      0.000164,     46.790001,    259.239990
     q,     -0.056474,      0.012388,      0.000329,     46.799999,    259.239990
     q,     -0.371262,      0.013961,      0.001133,     46.799999,    259.250000
     q,     -0.308680,      0.014552,      0.001083,     46.810001,    259.250000
     q,     -0.127176,      0.015099,      0.001116,     46.810001,    259.260010
     q,     -0.040456,      0.019096,      0.000756,     46.820000,    259.279999
     q,     -0.055198,      0.019382,      0.000736,     46.820000,    259.279999
     q,     -0.088050,      0.020844,      0.000487,     46.830002,    259.290009
     q,     -0.050657,      0.022264,      0.000336,     46.830002,    259.290009
     q,     -0.193502,      0.022820,      0.000304,     46.830002,    259.299988
     q,     -0.142049,      0.023689,      0.000286,     46.830002,    259.299988
     q,     -0.097155,      0.023864,      0.000291,     46.830002,    259.309998
     q,     -0.188317,      0.024041,      0.000297,     46.830002,    259.309998
     q,     -0.199509,      0.024397,      0.000304,     46.840000,    259.309998
     q,     -0.112680,      0.024525,      0.000306,     46.840000,    259.309998
     q,     -0.196553,      0.024679,      0.000315,     46.840000,    259.320007
     q,     -0.107059,      0.025145,      0.000374,     46.840000,    259.329987
     q,     -0.059038,      0.025223,      0.000391,     46.840000,    259.329987
     q,     -0.129292,      0.025432,      0.000448,     46.840000,    259.329987
     q,     -0.069377,      0.025553,      0.000481,     46.840000,    259.329987
     q,     -0.187100,      0.025981,      0.000591,     46.840000,    259.350006
     q,     -0.407577,      0.026045,      0.000622,     46.840000,    259.350006
     q,     -0.497407,      0.026131,      0.000671,     46.840000,    259.350006
     q,     -0.403146,      0.026499,      0.000893,     46.840000,    259.359985
     q,     -0.469743,      0.026585,      0.000901,     46.840000,    259.359985
     q,     -0.506752,      0.026638,      0.000909,     46.840000,    259.359985
     q,     -0.489577,      0.026927,      0.000992,     46.840000,    259.369995
     q,     -0.527069,      0.027139,      0.001118,     46.840000,    259.380005
     q,     -0.483487,      0.029210,      0.001413,     46.849998,    259.420013
     q,     -0.490178,      0.029385,      0.001272,     46.849998,    259.429993
     q,     -0.379700,      0.030268,      0.001173,     46.860001,    259.450012
     q,     -0.448767,      0.030625,      0.001162,     46.860001,    259.459991
     q,     -0.446260,      0.031658,      0.001188,     46.869999,    259.489990
     q,     -0.487503,      0.031998,      0.001237,     46.869999,    259.500000
     q,     -0.477334,      0.032569,      0.001259,     46.869999,    259.519989
     q,     -0.003135,      0.009076,      0.000208,     44.070000,    256.790009
     q,     -0.021659,      0.009355,      0.000208,     44.070000,    256.790009
     q,     -0.084801,      0.009883,      0.000214,     44.070000,    256.790009
     q,     -0.071743,      0.010174,      0.000224,     44.070000,    256.790009
     q,     -0.122026,      0.010897,      0.000234,     44.070000,    256.790009
     q,     -0.106915,      0.012594,      0.000320,     44.080002,    256.779999
     q,      0.005657,      0.015544,      0.000652,     44.080002,    256.779999
     q,      0.131755,      0.017310,      0.000400,     44.070000,    256.779999
     q,      0.132927,      0.019035,      0.000192,     44.070000,    256.790009
     q,      0.135545,      0.019096,      0.000190,     44.070000,    256.790009
     q,      0.206240,      0.020607,      0.000173,     44.070000,    256.790009
     q,      0.046011,      0.021444,      0.000162,     44.060001,    256.790009
     q,      0.079705,      0.022392,      0.000150,     44.060001,    256.799988
     q,      0.021842,      0.022734,      0.000141,     44.060001,    256.799988
     q,      0.128761,      0.023952,      0.000132,     44.060001,    256.809998
     q,      0.073230,      0.024499,      0.000134,     44.060001,    256.820007
     q,      0.119462,      0.025067,      0.000141,     44.060001,    256.820007
     q,      0.121044,      0.025171,      0.000144,     44.060001,    256.820007
     q,      0.075567,      0.025223,      0.000148,     44.060001,    256.829987
     q,      0.068399,      0.025249,      0.000150,     44.060001,    256.829987
     q,      0.141043,      0.025301,      0.000153,     44.060001,    256.829987
     q,      0.011462,      0.025354,      0.000158,     44.060001,    256.829987
     q,     -0.003048,      0.025432,      0.000165,     44.060001,    256.829987
     q,      0.106726,      0.025510,      0.000174,     44.060001,    256.829987
     q,      0.084963,      0.025574,      0.000184,     44.060001,    256.829987
     q,      0.118671,      0.026325,      0.000402,     44.049999,    256.850006
     q,      0.125715,      0.026585,      0.000478,     44.049999,    256.859985
     q,      0.159914,      0.028688,      0.000762,     44.049999,    256.920013
     q,      0.030368,      0.029210,      0.000598,     44.049999,    256.940002
     q,      0.016539,      0.030209,      0.000214,     44.049999,    256.970001
     q,     -0.095698,      0.030595,      0.000112,     44.049999,    256.980011
     q,      0.057939,      0.031922,      0.000070,     44.040001,    257.019989
     q,      0.018053,      0.032569,      0.000033,     44.040001,    257.040009
     q,      0.173759,      0.028688,      0.000753,     44.049999,    256.890839
     t,     -0.470886,      1.976904,      0.005096,     32.840000,    262.700012
     t,     -2.925140,      1.997564,      0.006600,     32.840000,    262.700012
     t,     -2.908173,      2.015730,      0.006630,     32.840000,    262.700012
     t,     -2.776245,      2.065544,      0.006761,     32.849998,    262.700012
     t,     -2.308594,      1.868416,      0.006856,     32.860001,    262.700012
     t,     -2.278748,      1.760101,      0.007019,     32.860001,    262.700012
     t,     -1.003845,      1.649278,      0.008516,     32.869999,    262.709991
     t,      0.282501,      1.620712,      0.009494,     32.869999,    262.709991
     t,      0.821381,      1.528092,      0.013511,     32.869999,    262.709991
     t,      0.407959,      1.080976,      0.004087,     32.880001,    262.720001
     t,      0.256042,      1.063712,      0.002797,     32.880001,    262.730011
     t,      0.307709,      1.046588,      0.002392,     32.880001,    262.730011
     t,     -0.070068,      0.991300,      0.004744,     32.880001,    262.730011
     t,      0.302673,      0.945442,      0.007785,     32.880001,    262.739990
     t,      0.500397,      0.926524,      0.011733,     32.880001,    262.739990
     t,      0.669281,      0.914019,      0.012282,     32.880001,    262.739990
     t,      0.275604,      0.895750,      0.014925,     32.880001,    262.750000
     t,      0.133667,      0.889349,      0.018665,     32.880001,    262.750000
     t,     -0.057312,      0.879438,      0.027655,     32.880001,    262.750000
     t,     -0.205383,      0.875912,      0.027177,     32.880001,    262.760010
     t,     -0.490967,      0.863276,      0.032487,     32.880001,    262.760010
     t,     -0.343384,      0.860421,      0.036567,     32.880001,    262.760010
     t,      0.187408,      0.855689,      0.047839,     32.880001,    262.769989
     t,     -0.646149,      0.849258,      0.038336,     32.880001,    262.769989
     t,      0.652802,      0.841572,      0.022543,     32.889999,    262.779999
     t,      0.742645,      0.841146,      0.021865,     32.889999,    262.779999
     t,     -0.243439,      0.840428,      0.011719,     32.889999,    262.790009
     t,      0.720764,      0.839906,      0.007133,     32.889999,    262.799988
     t,      0.458679,      0.839710,      0.005884,     32.889999,    262.799988
     t,      0.780457,      0.839612,      0.005362,     32.889999,    262.799988
     t,      0.402222,      0.843656,      0.004475,     32.889999,    262.809998
     t,      0.268860,      0.846422,      0.004238,     32.889999,    262.809998
     t,     -0.205475,      0.854749,      0.003730,     32.889999,    262.809998
     t,     -0.163239,      0.856141,      0.003618,     32.889999,    262.820007
     t,     -0.063232,      0.862418,      0.003516,     32.889999,    262.820007
     t,     -0.244354,      0.874337,      0.003385,     32.889999,    262.829987
     t,      0.229340,      0.883602,      0.003511,     32.889999,    262.829987
     t,     -0.150024,      0.951749,      0.002231,     32.900002,    262.839996
     t,      0.720413,      0.972548,      0.001759,     32.900002,    262.850006
     t,      1.077988,      1.003114,      0.001854,     32.900002,    262.850006
     t,      0.637497,      1.101234,      0.012004,     32.900002,    262.859985
     t,      0.197342,      1.144686,      0.023520,     32.900002,    262.869995
     t,      0.109726,      1.173548,      0.031196,     32.900002,    262.869995
     t,      0.637543,      1.287512,      0.043276,     32.900002,    262.880005
     t,      0.073700,      1.396179,      0.030389,     32.900002,    262.880005
     t,      0.832214,      1.616855,      0.005772,     32.900002,    262.890015
     t,      0.384491,      1.654310,      0.005042,     32.900002,    262.890015
     t,     -1.262772,      1.793564,      0.020706,     32.900002,    262.890015
     t,     -0.902878,      1.833858,      0.023480,     32.900002,    262.890015
     t,     -0.780090,      1.836990,      0.024934,     32.900002,    262.890015
     t,     -2.489838,      1.855839,      0.018735,     32.900002,    262.899994
     t,     -0.759293,      1.866880,      0.032964,     32.889999,    262.899994
     t,     -2.220642,      1.877952,      0.042451,     32.889999,    262.899994
     t,     -0.932480,      1.884294,      0.030826,     32.889999,    262.899994
     t,     -2.304810,      1.892237,      0.029643,     32.889999,    262.910004
     t,     -2.464111,      1.901790,      0.079398,     32.889999,    262.910004
     t,     -0.042694,      1.908172,      0.103321,     32.889999,    262.910004
     t,      0.375870,      1.912966,      0.133406,     32.889999,    262.910004
     t,     -3.133743,      1.913103,      0.102131,     32.889999,    262.910004
     t,      1.004639,      1.913230,      0.242465,     32.900002,    262.910004
     t,     -0.653870,      1.896790,      0.226528,     32.900002,    262.910004
     t,     -3.305954,      1.863122,      0.078952,     32.900002,    262.899994
     t,     -2.791321,      2.065544,      0.006717,     32.845207,    262.700012
     t,      0.822845,      0.860992,      0.000570,     29.360001,    265.279999
     t,      0.522858,      0.860991,      0.000570,     29.360001,    265.279999
     t,      0.473633,      0.860995,      0.000080,     29.480000,    265.079987
     t,      0.273621,      0.860995,      0.000080,     29.480000,    265.079987
     t,      3.546417,      0.860998,      0.004010,     29.510000,    265.489990
     t,      2.946411,      0.860997,      0.004011,     29.510000,    265.489990
     t,      0.618469,      0.860998,      0.002804,     29.590000,    265.609985
     t,      0.418488,      0.860997,      0.002805,     29.590000,    265.609985
     t,      0.755890,      0.860995,      0.000112,     29.680000,    265.010010
     t,      0.455902,      0.860995,      0.000112,     29.680000,    265.010010
     t,      0.850891,      0.860993,      0.000375,     29.730000,    264.730011
     t,      0.450897,      0.860994,      0.000375,     29.730000,    264.730011
     t,      0.442322,      0.860991,      0.000213,     29.760000,    264.920013
     t,      0.042297,      0.860991,      0.000213,     29.760000,    264.920013
     t,      1.022858,      0.860994,      0.000570,     29.360001,    265.279999
     t,      0.422852,      0.860991,      0.000570,     29.360001,    265.279999
     t,      0.422852,      0.860991,      0.000570,     29.360001,    265.279999
     t,      0.773621,      0.860997,      0.000080,     29.480000,    265.079987
     t,      0.173615,      0.860995,      0.000080,     29.480000,    265.079987
     t,     -0.026367,      0.860995,      0.000080,     29.480000,    265.079987
     t,      4.146423,      0.860999,      0.004009,     29.510000,    265.489990
     t,      2.646423,      0.860997,      0.004009,     29.510000,    265.489990
     t,      2.546417,      0.860996,      0.004010,     29.510000,    265.489990
     t,      1.318451,      0.860999,      0.002805,     29.590000,    265.609985
     t,     -0.081512,      0.860997,      0.002805,     29.590000,    265.609985
     t,     -0.281525,      0.860996,      0.002805,     29.590000,    265.609985
     t,      1.555908,      0.860997,      0.000112,     29.680000,    265.010010
     t,      0.155914,      0.860995,      0.000112,     29.680000,    265.010010
     t,     -0.144135,      0.860994,      0.000112,     29.680000,    265.010010
     t,      1.850891,      0.860995,      0.000375,     29.730000,    264.730011
     t,     -0.149109,      0.860994,      0.000375,     29.730000,    264.730011
     t,     -0.649109,      0.860993,      0.000375,     29.730000,    264.730011
     t,      1.442322,      0.860992,      0.000213,     29.760000,    264.920013
     t,     -0.457703,      0.860991,      0.000213,     29.760000,    264.920013
     t,     -0.957703,      0.860990,      0.000213,     29.760000,    264.920013
     t,      0.822845,      0.860992,      0.000570,     29.360001,    265.279999
     t,      0.722839,      0.860992,      0.000570,     29.360001,    265.279999
     t,      0.673615,      0.860996,      0.000080,     29.480000,    265.079987
     t,      0.673615,      0.860995,      0.000080,     29.480000,    265.079987
     t,      3.846405,      0.860998,      0.004011,     29.510000,    265.489990
     t,      3.346405,      0.860998,      0.004011,     29.510000,    265.489990
     t,      1.018494,      0.860998,      0.002805,     29.590000,    265.609985
     t,      1.118469,      0.860998,      0.002804,     29.590000,    265.609985
     t,      1.455902,      0.860995,      0.000112,     29.680000,    265.010010
     t,      1.355896,      0.860995,      0.000112,     29.680000,    265.010010
     t,      1.350891,      0.860994,      0.000375,     29.730000,    264.730011
     t,      1.250885,      0.860994,      0.000375,     29.730000,    264.730011
     t,      0.942322,      0.860991,      0.000213,     29.760000,    264.920013
     t,      0.742310,      0.860991,      0.000213,     29.760000,    264.920013
     q,      0.111027,      0.005909,      0.000017,     32.840000,    262.700012
     q,      0.033231,      0.006145,      0.000017,     32.840000,    262.700012
     q,      0.044761,      0.006354,      0.000018,     32.840000,    262.700012
     q,      0.043857,      0.007895,      0.000026,     32.849998,    262.700012
     q,      0.018486,      0.010897,      0.000055,     32.860001,    262.700012
     q,      0.009707,      0.011780,      0.000068,     32.860001,    262.700012
     q,     -0.068881,      0.012750,      0.000065,     32.869999,    262.709991
     q,     -0.174992,      0.013011,      0.000082,     32.869999,    262.709991
     q,     -0.201348,      0.013855,      0.000172,     32.869999,    262.709991
     q,     -0.164978,      0.019096,      0.000158,     32.880001,    262.720001
     q,     -0.131798,      0.019497,      0.000152,     32.880001,    262.730011
     q,     -0.202896,      0.019903,      0.000156,     32.880001,    262.730011
     q,     -0.141221,      0.021263,      0.000197,     32.880001,    262.730011
     q,     -0.262812,      0.022563,      0.000311,     32.880001,    262.739990
     q,     -0.216558,      0.023209,      0.000455,     32.880001,    262.739990
     q,     -0.250081,      0.023645,      0.000579,     32.880001,    262.739990
     q,     -0.062970,      0.024294,      0.000916,     32.880001,    262.750000
     q,     -0.134851,      0.024525,      0.001221,     32.880001,    262.750000
     q,     -0.001351,      0.024886,      0.001893,     32.880001,    262.750000
     q,     -0.083269,      0.025015,      0.001743,     32.880001,    262.760010
     q,     -0.014465,      0.025484,      0.001348,     32.880001,    262.760010
     q,     -0.080729,      0.025617,      0.001262,     32.880001,    262.760010
     q,     -0.073596,      0.025852,      0.001221,     32.880001,    262.769989
     q,     -0.130109,      0.026174,      0.001253,     32.880001,    262.769989
     q,     -0.159996,      0.026564,      0.001546,     32.889999,    262.779999
     q,     -0.162035,      0.026585,      0.001573,     32.889999,    262.779999
     q,     -0.113248,      0.027165,      0.002321,     32.889999,    262.790009
     q,     -0.166968,      0.027591,      0.003069,     32.889999,    262.799988
     q,     -0.024332,      0.027751,      0.003446,     32.889999,    262.799988
     q,     -0.109495,      0.027832,      0.003669,     32.889999,    262.799988
     q,      0.007858,      0.028067,      0.003802,     32.889999,    262.809998
     q,      0.181201,      0.028170,      0.003750,     32.889999,    262.809998
     q,      0.141502,      0.028480,      0.003655,     32.889999,    262.809998
     q,      0.102770,      0.028532,      0.003596,     32.889999,    262.820007
     q,     -0.234433,      0.028766,      0.003594,     32.889999,    262.820007
     q,     -0.223234,      0.029210,      0.002867,     32.889999,    262.829987
     q,     -0.201630,      0.029356,      0.002598,     32.889999,    262.829987
     q,     -0.164164,      0.030416,      0.001676,     32.900002,    262.839996
     q,     -0.109855,      0.031057,      0.001440,     32.900002,    262.850006
     q,     -0.082104,      0.032569,      0.000732,     32.900002,    262.869995
     q,      0.045109,      0.007895,      0.000022,     32.845207,    262.700012
     t,      0.210434,      1.606232,      0.000958,     37.759998,    260.339996
     t,     -0.328812,      1.654310,      0.000843,     37.770000,    260.359985
     t,     -1.176071,      1.746521,      0.003734,     37.790001,    260.429993
     t,     -0.267380,      1.811824,      0.010421,     37.799999,    260.470001
     t,     -1.039047,      1.833858,      0.013259,     37.799999,    260.480011
     t,     -3.758957,      1.855839,      0.017094,     37.799999,    260.500000
     t,     -4.462646,      1.868459,      0.036874,     37.810001,    260.510010
     t,     -3.320831,      1.874785,      0.060518,     37.810001,    260.519989
     t,     -0.808014,      1.879537,      0.090979,     37.810001,    260.519989
     t,     -0.519333,      1.882708,      0.117529,     37.810001,    260.529999
     t,      1.007721,      1.889058,      0.152177,     37.810001,    260.529999
     t,     -0.795532,      1.904980,      0.104634,     37.820000,    260.540009
     t,      0.182053,      1.908172,      0.096505,     37.820000,    260.540009
     t,      0.046692,      1.912966,      0.091656,     37.820000,    260.549988
     t,      0.525818,      1.913041,      0.075470,     37.830002,    260.549988
     t,      2.414230,      1.913056,      0.059667,     37.830002,    260.549988
     t,     -0.370697,      1.913112,      0.081839,     37.830002,    260.559998
     t,     -1.524185,      1.904678,      0.075882,     37.840000,    260.570007
     t,      0.072998,      1.896790,      0.086959,     37.840000,    260.570007
     t,      0.425735,      1.890885,      0.119787,     37.840000,    260.570007
     t,     -2.341476,      1.871266,      0.290313,     37.849998,    260.570007
     t,     -1.112183,      1.853049,      0.139129,     37.849998,    260.570007
     t,      2.140274,      1.843325,      0.186614,     37.849998,    260.559998
     t,      0.774399,      1.834919,      0.234758,     37.849998,    260.559998
     t,      0.406433,      2.023540,      0.296623,     35.180000,    262.559998
     t,      0.393372,      2.044442,      0.305112,     35.180000,    262.559998
     t,      1.001434,      2.069478,      0.268019,     35.180000,    262.559998
     t,     -0.641663,      2.065544,      0.162171,     35.189999,    262.559998
     t,     -1.215240,      1.868416,      0.059036,     35.200001,    262.570007
     t,     -1.545258,      1.632108,      0.044100,     35.209999,    262.570007
     t,     -0.615601,      1.551719,      0.037179,     35.209999,    262.579987
     t,     -0.489502,      1.469817,      0.030193,     35.209999,    262.579987
     t,      0.089050,      1.269115,      0.011082,     35.220001,    262.589996
     t,      0.726349,      1.234565,      0.008760,     35.220001,    262.589996
     t,      0.020477,      1.187838,      0.005951,     35.230000,    262.589996
     t,      0.248474,      1.171070,      0.005286,     35.230000,    262.589996
     t,      0.061798,      1.150278,      0.004618,     35.230000,    262.589996
     t,     -0.141205,      1.080976,      0.002760,     35.230000,    262.600006
     t,     -0.250305,      1.078501,      0.002671,     35.230000,    262.600006
     t,     -1.309692,      1.024775,      0.001971,     35.230000,    262.600006
     t,      1.075958,      0.919011,      0.018768,     35.240002,    262.609985
     t,      2.117523,      0.905316,      0.022103,     35.240002,    262.609985
     t,     -0.011688,      0.885803,      0.025944,     35.250000,    262.619995
     t,      0.048584,      0.877321,      0.028015,     35.250000,    262.619995
     t,     -0.425995,      0.874503,      0.028842,     35.250000,    262.630005
     t,     -0.512817,      0.871690,      0.028834,     35.250000,    262.630005
     t,     -0.961823,      0.870284,      0.028590,     35.250000,    262.630005
     t,     -0.757782,      0.867478,      0.028175,     35.250000,    262.630005
     t,     -0.981781,      0.866777,      0.028087,     35.250000,    262.630005
     t,     -1.205292,      0.866076,      0.028004,     35.250000,    262.630005
     t,     -1.651947,      0.864675,      0.027856,     35.250000,    262.630005
     t,     -1.410889,      0.860852,      0.027533,     35.250000,    262.630005
     t,     -2.109070,      0.854830,      0.027429,     35.250000,    262.640015
     t,     -2.429199,      0.852256,      0.027893,     35.250000,    262.640015
     t,     -2.806763,      0.850542,      0.028405,     35.250000,    262.640015
     t,     -2.842438,      0.848402,      0.027876,     35.250000,    262.649994
     t,     -3.321899,      0.843277,      0.028101,     35.250000,    262.649994
     t,     -3.242310,      0.841146,      0.028723,     35.250000,    262.660004
     t,     -3.367065,      0.840983,      0.029827,     35.250000,    262.660004
     t,     -0.294708,      0.840787,      0.031653,     35.250000,    262.660004
     t,     -0.774170,      0.840330,      0.038723,     35.250000,    262.670013
     t,     -0.613770,      0.840232,      0.040582,     35.250000,    262.670013
     t,      1.168182,      0.840101,      0.043486,     35.250000,    262.670013
     t,      1.800659,      0.839938,      0.047482,     35.250000,    262.679993
     t,      1.476105,      0.840204,      0.065365,     35.259998,    262.690002
     t,      1.992065,      0.857534,      0.045862,     35.259998,    262.700012
     t,      0.706512,      0.874337,      0.031645,     35.259998,    262.720001
     t,      0.034149,      0.883602,      0.025248,     35.259998,    262.730011
     t,      0.255630,      0.932565,      0.034125,     35.259998,    262.750000
     t,      0.539215,      0.942133,      0.034388,     35.259998,    262.750000
     t,      0.545151,      0.957542,      0.042224,     35.259998,    262.760010
     t,      0.246780,      0.979300,      0.056793,     35.259998,    262.760010
     t,     -0.051102,      1.003114,      0.055561,     35.259998,    262.769989
     t,      0.505417,      1.023755,      0.057251,     35.259998,    262.769989
     t,      0.574997,      1.034154,      0.066390,     35.259998,    262.779999
     t,      1.313278,      1.072733,      0.142916,     35.259998,    262.790009
     t,      1.489105,      1.144686,      0.232377,     35.259998,    262.799988
     t,      2.189713,      1.318111,      0.064879,     35.259998,    262.829987
     t,      1.360199,      1.396179,      0.069811,     35.259998,    262.839996
     t,      1.170670,      1.421007,      0.097130,     35.259998,    262.850006
     t,      2.009232,      1.451090,      0.132811,     35.259998,    262.859985
     t,      0.813507,      1.654310,      0.016637,     35.250000,    262.899994
     t,     -0.077103,      1.725020,      0.019356,     35.250000,    262.929993
     t,      1.269196,      1.746521,      0.023734,     35.240002,    262.929993
     t,     -0.674637,      1.833858,      0.044934,     35.230000,    262.959991
     t,     -1.288193,      1.843263,      0.057136,     35.220001,    262.959991
     t,     -5.685913,      1.877952,      0.060409,     35.189999,    262.989990
     t,     -4.554321,      1.882708,      0.072353,     35.189999,    263.000000
     t,     -5.979660,      1.890647,      0.054873,     35.189999,    263.000000
     t,     -4.835190,      1.893827,      0.060048,     35.180000,    263.000000
     t,     -5.143066,      1.895419,      0.066976,     35.180000,    263.000000
     t,     -4.147690,      1.898603,      0.087435,     35.180000,    263.000000
     t,     -5.378677,      1.909769,      0.090143,     35.180000,    263.010010
     t,     -2.510956,      1.912966,      0.096340,     35.180000,    263.010010
     t,     -0.046112,      1.913011,      0.103418,     35.180000,    263.010010
     t,     -3.232391,      1.913090,      0.054626,     35.189999,    263.010010
     t,     -2.868210,      1.913135,      0.026891,     35.189999,    263.019989
     t,     -2.332321,      1.913139,      0.026130,     35.189999,    263.019989
     t,      1.987961,      1.913145,      0.026550,     35.189999,    263.019989
     t,      2.654510,      1.913154,      0.032294,     35.200001,    263.019989
     t,     -1.776215,      1.911924,      0.148072,     35.189999,    263.019989
     t,     -1.161911,      1.902376,      0.220521,     35.189999,    263.019989
     t,      1.062103,      1.900075,      0.221155,     35.189999,    263.019989
     t,      0.774704,      1.896790,      0.202105,     35.189999,    263.019989
     t,     -1.249466,      1.883679,      0.182129,     35.200001,    263.019989
     t,      1.069565,      1.869310,      0.087435,     35.200001,    263.010010
     t,      0.111328,      1.854022,      0.193195,     35.200001,    263.000000
     t,     -0.566986,      2.010531,      0.564376,     36.610001,    262.510010
     t,     -1.301849,      2.065544,      0.437688,     36.610001,    262.510010
     t,     -1.653381,      2.040755,      0.354071,     36.599998,    262.510010
     t,     -0.907562,      1.868416,      0.215348,     36.599998,    262.510010
     t,     -1.162659,      1.424013,      0.121454,     36.599998,    262.519989
     t,     -1.878540,      1.260433,      0.085776,     36.610001,    262.519989
     t,     -0.004486,      1.217469,      0.084730,     36.610001,    262.519989
     t,      0.129028,      1.125572,      0.086899,     36.610001,    262.529999
     t,      0.189850,      1.080976,      0.065435,     36.610001,    262.529999
     t,      0.741760,      1.061258,      0.052014,     36.610001,    262.529999
     t,     -0.579132,      0.880850,      0.022273,     36.610001,    262.579987
     t,     -0.335724,      0.869582,      0.023313,     36.610001,    262.589996
     t,     -1.327271,      0.844130,      0.037489,     36.610001,    262.609985
     t,     -0.963440,      0.842850,      0.038812,     36.610001,    262.609985
     t,     -0.786743,      0.841998,      0.039751,     36.610001,    262.609985
     t,     -1.010223,      0.841146,      0.040735,     36.610001,    262.609985
     t,     -0.708710,      0.840526,      0.051079,     36.610001,    262.619995
     t,      0.767395,      0.840297,      0.050413,     36.610001,    262.619995
     t,      0.662903,      0.840893,      0.051864,     36.610001,    262.640015
     t,     -0.615204,      0.862418,      0.055020,     36.610001,    262.649994
     t,      0.694916,      0.874337,      0.056019,     36.610001,    262.660004
     t,      0.977112,      0.883602,      0.055816,     36.610001,    262.670013
     t,     -0.032135,      0.951749,      0.038175,     36.619999,    262.690002
     t,      2.633835,      1.112018,      0.022221,     36.630001,    262.739990
     t,      2.296692,      1.144686,      0.018456,     36.630001,    262.750000
     t,      1.792679,      1.396179,      0.015255,     36.650002,    262.809998
     t,      1.758575,      1.416024,      0.014913,     36.650002,    262.809998
     t,     -0.118805,      1.654310,      0.008502,     36.680000,    262.880005
     t,     -0.699493,      1.707204,      0.020657,     36.689999,    262.899994
     t,     -0.489014,      1.779023,      0.077994,     36.700001,    262.940002
     t,      1.229874,      1.789923,      0.087344,     36.709999,    262.940002
     t,     -0.063446,      1.833858,      0.045714,     36.720001,    262.959991
     t,     -3.187744,      1.865300,      0.061301,     36.750000,    262.980011
     t,     -4.992844,      1.879537,      0.132574,     36.759998,    262.989990
     t,     -4.103134,      1.892237,      0.131057,     36.779999,    263.000000
     t,     -2.540039,      1.903385,      0.151640,     36.799999,    263.010010
     t,     -1.942062,      1.912966,      0.254522,     36.799999,    263.019989
     t,      2.947189,      1.913037,      0.310637,     36.799999,    263.019989
     t,     -1.693024,      1.913172,      0.179665,     36.810001,    263.040009
     t,      2.283585,      1.913203,      0.227652,     36.810001,    263.049988
     t,     -1.278397,      1.908299,      0.149444,     36.799999,    263.049988
     t,     -0.721313,      1.896790,      0.127367,     36.810001,    263.049988
     t,     -0.978699,      1.868416,      0.169873,     36.599998,    262.515228
     t,      0.398682,      1.061258,      0.022603,     36.610001,    262.555237
     t,      0.815720,      1.654310,      0.011037,     36.663952,    262.842560
     q,      0.046148,      0.006445,      0.000307,     35.180000,    262.559998
     q,     -0.016369,      0.006690,      0.000294,     35.180000,    262.559998
     q,      0.021189,      0.007213,      0.000319,     35.180000,    262.559998
     q,     -0.001796,      0.007895,      0.000217,     35.189999,    262.559998
     q,      0.046498,      0.010897,      0.000220,     35.200001,    262.570007
     q,     -0.010813,      0.012906,      0.000321,     35.209999,    262.570007
     q,     -0.013741,      0.013644,      0.000276,     35.209999,    262.579987
     q,     -0.147688,      0.014390,      0.000271,     35.209999,    262.579987
     q,     -0.129659,      0.016449,      0.000715,     35.220001,    262.589996
     q,     -0.170725,      0.016905,      0.000719,     35.220001,    262.589996
     q,     -0.171596,      0.017543,      0.000718,     35.230000,    262.589996
     q,     -0.041550,      0.017778,      0.000744,     35.230000,    262.589996
     q,     -0.008804,      0.018073,      0.000785,     35.230000,    262.589996
     q,     -0.053753,      0.019096,      0.000840,     35.230000,    262.600006
     q,     -0.054078,      0.019154,      0.000843,     35.230000,    262.600006
     q,      0.081940,      0.020430,      0.000972,     35.230000,    262.600006
     q,      0.264132,      0.023470,      0.001049,     35.240002,    262.609985
     q,      0.341542,      0.023952,      0.000989,     35.240002,    262.609985
     q,      0.239371,      0.024653,      0.000690,     35.250000,    262.619995
     q,      0.282189,      0.024963,      0.000577,     35.250000,    262.619995
     q,      0.166235,      0.025067,      0.000540,     35.250000,    262.630005
     q,      0.203274,      0.025171,      0.000520,     35.250000,    262.630005
     q,      0.060642,      0.025223,      0.000511,     35.250000,    262.630005
     q,      0.281988,      0.025327,      0.000494,     35.250000,    262.630005
     q,      0.269673,      0.025354,      0.000490,     35.250000,    262.630005
     q,      0.294834,      0.025380,      0.000486,     35.250000,    262.630005
     q,      0.210983,      0.025432,      0.000478,     35.250000,    262.630005
     q,      0.272875,      0.025596,      0.000455,     35.250000,    262.630005
     q,      0.135652,      0.025895,      0.000427,     35.250000,    262.640015
     q,      0.242789,      0.026024,      0.000428,     35.250000,    262.640015
     q,      0.174271,      0.026110,      0.000434,     35.250000,    262.640015
     q,      0.222283,      0.026217,      0.000478,     35.250000,    262.649994
     q,      0.134598,      0.026477,      0.000579,     35.250000,    262.649994
     q,      0.132092,      0.026585,      0.000653,     35.250000,    262.660004
     q,      0.133470,      0.026717,      0.000717,     35.250000,    262.660004
     q,      0.281992,      0.026874,      0.000806,     35.250000,    262.660004
     q,      0.330587,      0.027245,      0.001210,     35.250000,    262.670013
     q,      0.329198,      0.027324,      0.001327,     35.250000,    262.670013
     q,      0.448543,      0.027431,      0.001507,     35.250000,    262.670013
     q,      0.439423,      0.027564,      0.001860,     35.250000,    262.679993
     q,      0.336210,      0.027938,      0.003192,     35.259998,    262.690002
     q,      0.363316,      0.028584,      0.003443,     35.259998,    262.700012
     q,      0.160474,      0.029210,      0.003168,     35.259998,    262.720001
     q,      0.089392,      0.029356,      0.002990,     35.259998,    262.730011
     q,     -0.073737,      0.030120,      0.002012,     35.259998,    262.750000
     q,      0.043735,      0.030268,      0.001992,     35.259998,    262.750000
     q,      0.000487,      0.030506,      0.002077,     35.259998,    262.760010
     q,     -0.004482,      0.030796,      0.002153,     35.259998,    262.760010
     q,     -0.178179,      0.031057,      0.002256,     35.259998,    262.769989
     q,     -0.297042,      0.031282,      0.002338,     35.259998,    262.769989
     q,     -0.458302,      0.031394,      0.002622,     35.259998,    262.779999
     q,     -0.446528,      0.031809,      0.004181,     35.259998,    262.790009
     q,     -0.303431,      0.032569,      0.007536,     35.259998,    262.799988
     q,     -0.036034,      0.006294,      0.000410,     36.610001,    262.510010
     q,     -0.065612,      0.007895,      0.000313,     36.610001,    262.510010
     q,     -0.060149,      0.009037,      0.000253,     36.599998,    262.510010
     q,     -0.067209,      0.010897,      0.000260,     36.599998,    262.510010
     q,     -0.004612,      0.014824,      0.000341,     36.599998,    262.519989
     q,     -0.013971,      0.016563,      0.000889,     36.610001,    262.519989
     q,     -0.168718,      0.017136,      0.000808,     36.610001,    262.519989
     q,     -0.227079,      0.018431,      0.000899,     36.610001,    262.529999
     q,     -0.218638,      0.019096,      0.000747,     36.610001,    262.529999
     q,     -0.262779,      0.019555,      0.000658,     36.610001,    262.529999
     q,      0.180234,      0.024834,      0.000929,     36.610001,    262.579987
     q,      0.037844,      0.025249,      0.001143,     36.610001,    262.589996
     q,      0.224901,      0.026433,      0.001734,     36.610001,    262.609985
     q,     -0.108211,      0.026499,      0.001716,     36.610001,    262.609985
     q,     -0.069740,      0.026542,      0.001706,     36.610001,    262.609985
     q,     -0.040995,      0.026585,      0.001697,     36.610001,    262.609985
     q,     -0.003501,      0.027086,      0.001689,     36.610001,    262.619995
     q,     -0.216262,      0.027271,      0.001541,     36.610001,    262.619995
     q,      0.018766,      0.027964,      0.001136,     36.610001,    262.640015
     q,     -0.010387,      0.028766,      0.001353,     36.610001,    262.649994
     q,     -0.098388,      0.029210,      0.003075,     36.610001,    262.660004
     q,     -0.075123,      0.029356,      0.004214,     36.610001,    262.670013
     q,     -0.226947,      0.030416,      0.012779,     36.619999,    262.690002
     q,     -0.053913,      0.014824,      0.000558,     36.599998,    262.515228
     q,     -0.075397,      0.024834,      0.000736,     36.610001,    262.555237
     t,     -0.028351,      1.992389,      0.413235,     39.070000,    264.369995
     t,     -0.728638,      2.000154,      0.408547,     39.070000,    264.369995
     t,     -1.852325,      2.041824,      0.419191,     39.070000,    264.369995
     t,     -1.330933,      2.069478,      0.405175,     39.070000,    264.369995
     t,     -0.544434,      2.065544,      0.307557,     39.070000,    264.369995
     t,     -0.624390,      2.064716,      0.341509,     39.070000,    264.369995
     t,      0.109650,      2.062027,      0.294156,     39.070000,    264.369995
     t,     -0.986145,      1.940254,      0.188632,     39.070000,    264.369995
     t,     -1.131256,      1.868416,      0.183837,     39.070000,    264.369995
     t,     -1.354797,      1.701324,      0.126287,     39.070000,    264.369995
     t,     -1.806335,      1.672309,      0.124869,     39.070000,    264.369995
     t,     -2.673309,      1.637822,      0.120613,     39.070000,    264.369995
     t,     -3.142242,      1.603693,      0.118238,     39.070000,    264.369995
     t,     -1.039948,      1.418338,      0.129141,     39.070000,    264.369995
     t,     -1.303101,      1.080976,      0.114693,     39.080002,    264.380005
     t,     -1.478668,      1.076030,      0.111570,     39.080002,    264.380005
     t,     -1.081635,      1.041721,      0.093143,     39.080002,    264.390015
     t,     -0.987610,      1.027187,      0.086399,     39.080002,    264.390015
     t,     -0.553497,      1.015154,      0.081524,     39.080002,    264.390015
     t,     -0.077911,      0.949248,      0.039087,     39.080002,    264.390015
     t,      0.975983,      0.916513,      0.030990,     39.080002,    264.399994
     t,      0.285614,      0.888640,      0.026218,     39.080002,    264.399994
     t,      0.674133,      0.884387,      0.027444,     39.080002,    264.399994
     t,     -0.206635,      0.865376,      0.035372,     39.080002,    264.410004
     t,      0.301483,      0.859560,      0.040031,     39.080002,    264.410004
     t,      0.351868,      0.855689,      0.045796,     39.080002,    264.410004
     t,      0.441071,      0.852685,      0.051658,     39.080002,    264.410004
     t,      0.457245,      0.841146,      0.053530,     39.080002,    264.420013
     t,      0.347290,      0.841048,      0.054604,     39.080002,    264.420013
     t,     -0.067749,      0.840199,      0.052501,     39.080002,    264.429993
     t,     -0.070892,      0.839840,      0.048609,     39.080002,    264.440002
     t,      0.212555,      0.854749,      0.043058,     39.090000,    264.450012
     t,     -0.597015,      0.872228,      0.038070,     39.090000,    264.459991
     t,     -0.585022,      0.874337,      0.035638,     39.090000,    264.459991
     t,     -0.154343,      0.894784,      0.030770,     39.090000,    264.470001
     t,     -0.185516,      0.902278,      0.030456,     39.090000,    264.470001
     t,     -0.175323,      0.915467,      0.031943,     39.090000,    264.470001
     t,     -0.218292,      0.924947,      0.030660,     39.090000,    264.480011
     t,     -0.135345,      0.947897,      0.032804,     39.090000,    264.480011
     t,     -0.129547,      0.957542,      0.036136,     39.090000,    264.480011
     t,      0.347733,      0.979300,      0.045683,     39.090000,    264.489990
     t,      0.001419,      1.023755,      0.052761,     39.090000,    264.500000
     t,      0.770584,      1.051602,      0.059222,     39.099998,    264.500000
     t,      0.660110,      1.144686,      0.081545,     39.099998,    264.519989
     t,      0.280472,      1.192988,      0.094213,     39.110001,    264.529999
     t,     -0.491592,      1.267313,      0.095449,     39.110001,    264.549988
     t,      0.395584,      1.302766,      0.099196,     39.110001,    264.549988
     t,      0.768784,      1.396179,      0.060463,     39.119999,    264.579987
     t,      0.794220,      1.643565,      0.039849,     39.139999,    264.670013
     t,      0.994308,      1.654310,      0.042039,     39.139999,    264.679993
     t,      2.091675,      1.678890,      0.041009,     39.139999,    264.690002
     t,     -0.771225,      1.786286,      0.064666,     39.160000,    264.769989
     t,     -1.088715,      1.822824,      0.077039,     39.169998,    264.799988
     t,     -1.564423,      1.833858,      0.085304,     39.169998,    264.809998
     t,     -2.788452,      1.841693,      0.086040,     39.169998,    264.820007
     t,     -3.714752,      1.855839,      0.060511,     39.180000,    264.839996
     t,     -2.465057,      1.858991,      0.062109,     39.180000,    264.850006
     t,     -1.798859,      1.868459,      0.064860,     39.180000,    264.859985
     t,     -3.019211,      1.887469,      0.079142,     39.180000,    264.890015
     t,     -2.326294,      1.906575,      0.078145,     39.180000,    264.910004
     t,      0.069183,      1.912966,      0.118821,     39.180000,    264.910004
     t,     -0.838821,      1.913004,      0.157589,     39.180000,    264.920013
     t,      1.223740,      1.913032,      0.139926,     39.180000,    264.920013
     t,     -0.200958,      1.913118,      0.157763,     39.180000,    264.929993
     t,      1.162292,      1.913133,      0.138831,     39.180000,    264.929993
     t,     -1.516602,      1.913185,      0.137279,     39.180000,    264.940002
     t,     -2.722443,      1.901718,      0.152146,     39.180000,    264.940002
     t,      0.104721,      1.897118,      0.134835,     39.180000,    264.940002
     t,      0.092468,      1.896790,      0.134270,     39.180000,    264.940002
     t,      1.407394,      1.888918,      0.148327,     39.180000,    264.940002
     t,     -1.922241,      1.867355,      0.219216,     39.180000,    264.940002
     t,     -0.732712,      1.852075,      0.183345,     39.180000,    264.940002
     t,      0.805023,      1.848508,      0.170360,     39.180000,    264.940002
     t,      0.845200,      1.643565,      0.033501,     39.130547,    264.627441
     t,      0.923676,      2.010531,      0.643427,     41.320000,    263.630005
     t,      0.309265,      2.018332,      0.634341,     41.320000,    263.630005
     t,     -0.585693,      2.065544,      0.481217,     41.320000,    263.630005
     t,     -0.710114,      2.063061,      0.456893,     41.320000,    263.630005
     t,     -1.524597,      1.887189,      0.234256,     41.320000,    263.619995
     t,     -0.672791,      1.868416,      0.235658,     41.320000,    263.619995
     t,     -0.446930,      1.742363,      0.134660,     41.320000,    263.619995
     t,     -1.563690,      1.666537,      0.368314,     41.320000,    263.619995
     t,     -2.361176,      1.390135,      0.152690,     41.320000,    263.619995
     t,     -1.407867,      1.329086,      0.148158,     41.320000,    263.619995
     t,     -1.651642,      1.183635,      0.147782,     41.320000,    263.619995
     t,     -0.607513,      1.093049,      0.137842,     41.320000,    263.619995
     t,     -0.766815,      1.080976,      0.131969,     41.320000,    263.619995
     t,     -0.783386,      1.066170,      0.121615,     41.320000,    263.619995
     t,     -1.092041,      1.056357,      0.115740,     41.320000,    263.619995
     t,      0.349152,      1.029602,      0.103817,     41.320000,    263.619995
     t,     -0.073547,      0.998426,      0.097828,     41.320000,    263.619995
     t,     -0.202057,      0.986563,      0.095928,     41.320000,    263.619995
     t,     -0.140381,      0.974771,      0.081432,     41.320000,    263.619995
     t,     -0.413300,      0.960714,      0.066020,     41.320000,    263.619995
     t,     -1.553986,      0.926524,      0.027935,     41.330002,    263.630005
     t,     -1.552490,      0.922764,      0.027540,     41.330002,    263.630005
     t,     -0.777435,      0.907798,      0.029379,     41.320000,    263.630005
     t,     -0.495880,      0.895038,      0.030170,     41.320000,    263.630005
     t,     -0.841156,      0.874503,      0.055726,     41.320000,    263.630005
     t,     -0.864807,      0.863975,      0.045486,     41.320000,    263.630005
     t,     -0.694733,      0.845410,      0.040320,     41.320000,    263.630005
     t,     -0.288086,      0.841146,      0.039421,     41.320000,    263.640015
     t,      0.275269,      0.840983,      0.040045,     41.320000,    263.640015
     t,      0.531067,      0.840852,      0.041171,     41.320000,    263.640015
     t,      0.274109,      0.840526,      0.044072,     41.320000,    263.640015
     t,     -0.119873,      0.840167,      0.035225,     41.320000,    263.640015
     t,     -0.944763,      0.847115,      0.033622,     41.320000,    263.649994
     t,     -0.868103,      0.852663,      0.029767,     41.320000,    263.660004
     t,     -1.319611,      0.859625,      0.027059,     41.320000,    263.660004
     t,     -1.066193,      0.861021,      0.026810,     41.320000,    263.660004
     t,     -0.527649,      0.864515,      0.026649,     41.320000,    263.660004
     t,     -0.270111,      0.865915,      0.026776,     41.320000,    263.660004
     t,     -0.008499,      0.874337,      0.023549,     41.320000,    263.670013
     t,      0.078705,      0.878037,      0.022883,     41.320000,    263.670013
     t,      0.093674,      0.891049,      0.021015,     41.320000,    263.679993
     t,     -0.453705,      0.926848,      0.017913,     41.320000,    263.690002
     t,     -0.477722,      0.953678,      0.012675,     41.320000,    263.690002
     t,     -0.558136,      0.967236,      0.010577,     41.320000,    263.700012
     t,      0.522644,      1.048100,      0.004208,     41.320000,    263.709991
     t,      0.927155,      1.144686,      0.007040,     41.320000,    263.730011
     t,      0.925323,      1.149471,      0.007241,     41.330002,    263.730011
     t,      0.768707,      1.328390,      0.025791,     41.330002,    263.760010
     t,      0.529526,      1.396179,      0.020032,     41.340000,    263.769989
     t,     -0.229691,      1.466250,      0.019104,     41.340000,    263.779999
     t,     -1.929276,      1.564090,      0.032254,     41.349998,    263.799988
     t,     -1.121323,      1.574573,      0.029439,     41.349998,    263.809998
     t,     -1.222183,      1.638206,      0.018424,     41.360001,    263.820007
     t,     -0.689209,      1.654310,      0.018091,     41.360001,    263.829987
     t,      0.805405,      1.685946,      0.018478,     41.360001,    263.850006
     t,      1.428940,      1.721449,      0.025616,     41.360001,    263.869995
     t,     -0.047256,      1.775396,      0.026503,     41.369999,    263.899994
     t,      0.117004,      1.808164,      0.024334,     41.380001,    263.920013
     t,     -0.664398,      1.819154,      0.023647,     41.380001,    263.929993
     t,      0.106323,      1.833858,      0.023875,     41.380001,    263.940002
     t,     -1.805771,      1.862144,      0.042687,     41.389999,    263.989990
     t,     -1.340118,      1.865300,      0.044036,     41.389999,    263.989990
     t,     -1.638687,      1.877952,      0.053328,     41.389999,    264.010010
     t,     -1.096924,      1.879537,      0.055000,     41.389999,    264.010010
     t,     -2.598053,      1.898603,      0.090536,     41.389999,    264.040009
     t,     -1.647186,      1.903385,      0.099731,     41.389999,    264.040009
     t,     -2.201599,      1.912966,      0.078620,     41.389999,    264.059998
     t,      2.356262,      1.913070,      0.024083,     41.380001,    264.079987
     t,      2.085434,      1.913125,      0.043533,     41.380001,    264.079987
     t,     -1.384506,      1.913180,      0.067680,     41.380001,    264.089996
     t,     -0.826279,      1.913207,      0.082011,     41.380001,    264.089996
     t,     -3.323502,      1.909946,      0.075268,     41.380001,    264.089996
     t,     -2.147934,      1.896790,      0.071043,     41.380001,    264.100006
     t,     -2.409332,      1.895805,      0.069126,     41.380001,    264.100006
     t,     -0.278458,      1.891540,      0.063818,     41.380001,    264.100006
     t,     -1.848694,      1.868984,      0.049188,     41.380001,    264.100006
     t,     -0.217590,      2.065544,      0.612733,     41.320000,    263.630005
     q,      0.110925,      0.006085,      0.000382,     39.070000,    264.369995
     q,      0.020303,      0.006174,      0.000376,     39.070000,    264.369995
     q,     -0.005813,      0.006659,      0.000369,     39.070000,    264.369995
     q,     -0.004680,      0.007213,      0.000396,     39.070000,    264.369995
     q,     -0.013146,      0.007895,      0.000389,     39.070000,    264.369995
     q,     -0.019931,      0.008043,      0.000474,     39.070000,    264.369995
     q,     -0.004954,      0.008532,      0.000566,     39.070000,    264.369995
     q,     -0.016538,      0.010090,      0.001096,     39.070000,    264.369995
     q,     -0.020014,      0.010897,      0.001652,     39.070000,    264.369995
     q,     -0.042494,      0.012286,      0.001374,     39.070000,    264.369995
     q,     -0.075331,      0.012542,      0.001336,     39.070000,    264.369995
     q,     -0.205184,      0.012854,      0.001266,     39.070000,    264.369995
     q,     -0.208279,      0.013169,      0.001216,     39.070000,    264.369995
     q,     -0.067899,      0.014879,      0.001401,     39.070000,    264.369995
     q,     -0.070512,      0.019096,      0.001812,     39.080002,    264.380005
     q,     -0.070427,      0.019211,      0.001807,     39.080002,    264.380005
     q,      0.007571,      0.020019,      0.001798,     39.080002,    264.390015
     q,      0.009796,      0.020371,      0.001799,     39.080002,    264.390015
     q,     -0.053179,      0.020666,      0.001806,     39.080002,    264.390015
     q,      0.033280,      0.022435,      0.001739,     39.080002,    264.390015
     q,      0.018910,      0.023557,      0.001890,     39.080002,    264.399994
     q,      0.106026,      0.024551,      0.001601,     39.080002,    264.399994
     q,      0.028900,      0.024705,      0.001568,     39.080002,    264.399994
     q,      0.124197,      0.025406,      0.001372,     39.080002,    264.410004
     q,      0.195061,      0.025660,      0.001481,     39.080002,    264.410004
     q,     -0.011468,      0.025852,      0.001785,     39.080002,    264.410004
     q,     -0.056677,      0.026002,      0.002194,     39.080002,    264.410004
     q,     -0.082736,      0.026585,      0.003443,     39.080002,    264.420013
     q,     -0.076759,      0.026664,      0.003682,     39.080002,    264.420013
     q,      0.000183,      0.027351,      0.004648,     39.080002,    264.429993
     q,     -0.120849,      0.027644,      0.004420,     39.080002,    264.440002
     q,     -0.161612,      0.028480,      0.003036,     39.090000,    264.450012
     q,      0.084315,      0.029132,      0.002163,     39.090000,    264.459991
     q,      0.084114,      0.029210,      0.002123,     39.090000,    264.459991
     q,     -0.082551,      0.029531,      0.002203,     39.090000,    264.470001
     q,     -0.009724,      0.029649,      0.002352,     39.090000,    264.470001
     q,     -0.066308,      0.029854,      0.002894,     39.090000,    264.470001
     q,     -0.187807,      0.030002,      0.003077,     39.090000,    264.480011
     q,     -0.121331,      0.030357,      0.003700,     39.090000,    264.480011
     q,      0.003489,      0.030506,      0.004161,     39.090000,    264.480011
     q,     -0.077394,      0.030796,      0.005458,     39.090000,    264.489990
     q,     -0.116901,      0.031282,      0.007390,     39.090000,    264.500000
     q,      0.054946,      0.006294,      0.000277,     41.320000,    263.630005
     q,     -0.012284,      0.006384,      0.000274,     41.320000,    263.630005
     q,     -0.015488,      0.007895,      0.000682,     41.320000,    263.630005
     q,     -0.005135,      0.008343,      0.000977,     41.320000,    263.630005
     q,     -0.112514,      0.010682,      0.000469,     41.320000,    263.619995
     q,     -0.102689,      0.010897,      0.000540,     41.320000,    263.619995
     q,     -0.076796,      0.011931,      0.000903,     41.320000,    263.619995
     q,     -0.148268,      0.012594,      0.001381,     41.320000,    263.619995
     q,     -0.134242,      0.015154,      0.000651,     41.320000,    263.619995
     q,     -0.040173,      0.015769,      0.000461,     41.320000,    263.619995
     q,     -0.031707,      0.017601,      0.001057,     41.320000,    263.619995
     q,     -0.002632,      0.018914,      0.001684,     41.320000,    263.619995
     q,     -0.020128,      0.019096,      0.001717,     41.320000,    263.619995
     q,     -0.075174,      0.019440,      0.001813,     41.320000,    263.619995
     q,     -0.197823,      0.019671,      0.001898,     41.320000,    263.619995
     q,     -0.342636,      0.020312,      0.002236,     41.320000,    263.619995
     q,     -0.305426,      0.021083,      0.002870,     41.320000,    263.619995
     q,     -0.068530,      0.021384,      0.003126,     41.320000,    263.619995
     q,     -0.119969,      0.021686,      0.002954,     41.320000,    263.619995
     q,      0.045611,      0.022052,      0.002800,     41.320000,    263.619995
     q,      0.202662,      0.023209,      0.002990,     41.330002,    263.630005
     q,      0.092396,      0.023339,      0.003144,     41.330002,    263.630005
     q,     -0.096209,      0.023864,      0.003584,     41.320000,    263.630005
     q,     -0.164956,      0.024320,      0.003306,     41.320000,    263.630005
     q,     -0.002068,      0.025067,      0.004240,     41.320000,    263.630005
     q,     -0.079372,      0.025458,      0.002931,     41.320000,    263.630005
     q,     -0.102870,      0.026369,      0.000481,     41.320000,    263.630005
     q,     -0.142859,      0.026585,      0.000275,     41.320000,    263.640015
     q,     -0.007371,      0.026717,      0.000202,     41.320000,    263.640015
     q,      0.005795,      0.026822,      0.000168,     41.320000,    263.640015
     q,     -0.027018,      0.027086,      0.000185,     41.320000,    263.640015
     q,      0.103997,      0.027378,      0.000126,     41.320000,    263.640015
     q,      0.061835,      0.028195,      0.000685,     41.320000,    263.649994
     q,     -0.071369,      0.028402,      0.000739,     41.320000,    263.660004
     q,      0.014064,      0.028662,      0.000861,     41.320000,    263.660004
     q,      0.089011,      0.028714,      0.000892,     41.320000,    263.660004
     q,     -0.156892,      0.028844,      0.000983,     41.320000,    263.660004
     q,     -0.111887,      0.028896,      0.001025,     41.320000,    263.660004
     q,     -0.110535,      0.029210,      0.000832,     41.320000,    263.670013
     q,     -0.120150,      0.029269,      0.000782,     41.320000,    263.670013
     q,     -0.195322,      0.029473,      0.000608,     41.320000,    263.679993
     q,     -0.212582,      0.030031,      0.000357,     41.320000,    263.690002
     q,     -0.084385,      0.030446,      0.000200,     41.320000,    263.690002
     q,     -0.176357,      0.030655,      0.000127,     41.320000,    263.700012
     q,     -0.030902,      0.031545,      0.000108,     41.320000,    263.709991
     q,     -0.091747,      0.032569,      0.000253,     41.320000,    263.730011
     q,     -0.014210,      0.007895,      0.000410,     41.320000,    263.630005
     t,     -1.613297,      1.913074,      0.084747,     46.849998,    259.950012
     t,      1.241943,      1.913189,      0.054033,     46.849998,    259.970001
     t,     -2.912918,      1.896790,      0.106735,     46.849998,    259.980011
     t,     -1.285583,      1.889246,      0.159662,     46.849998,    259.980011
     t,     -1.453613,      1.882698,      0.228096,     46.849998,    259.989990
     t,      0.654068,      1.879428,      0.271143,     46.849998,    259.989990
     t,     -1.495499,      1.847860,      0.209618,     46.840000,    260.000000
     t,      1.243149,      1.832659,      0.097920,     46.840000,    260.000000
     t,      0.655090,      2.033978,      0.055913,     45.450001,    261.589996
     t,     -1.328949,      2.054934,      0.058003,     45.450001,    261.589996
     t,     -1.473419,      2.070514,      0.055434,     45.450001,    261.589996
     t,     -1.496216,      2.065544,      0.050830,     45.459999,    261.589996
     t,     -1.430176,      1.868416,      0.041833,     45.470001,    261.589996
     t,     -2.555389,      1.695501,      0.087394,     45.480000,    261.579987
     t,     -2.407074,      1.678092,      0.099760,     45.480000,    261.579987
     t,     -0.542511,      1.655021,      0.122238,     45.480000,    261.579987
     t,      0.022583,      1.632108,      0.151713,     45.480000,    261.579987
     t,      0.543488,      1.522213,      0.070613,     45.480000,    261.589996
     t,      0.694489,      1.452555,      0.058914,     45.480000,    261.589996
     t,      0.496918,      1.401382,      0.047594,     45.480000,    261.589996
     t,      0.419708,      1.340084,      0.037803,     45.490002,    261.589996
     t,      0.157684,      1.301790,      0.035429,     45.490002,    261.589996
     t,     -0.095154,      1.264770,      0.032707,     45.490002,    261.589996
     t,      0.064209,      1.109251,      0.024204,     45.490002,    261.589996
     t,     -0.089905,      1.080976,      0.024041,     45.490002,    261.589996
     t,     -0.478790,      0.934069,      0.018511,     45.480000,    261.600006
     t,      0.288300,      0.900361,      0.012607,     45.480000,    261.609985
     t,      0.045807,      0.881557,      0.009061,     45.480000,    261.619995
     t,      0.308716,      0.868179,      0.013567,     45.480000,    261.619995
     t,      0.551056,      0.862576,      0.015697,     45.480000,    261.619995
     t,      0.012024,      0.844130,      0.031289,     45.470001,    261.630005
     t,     -0.139709,      0.841146,      0.029853,     45.470001,    261.640015
     t,     -0.152557,      0.841080,      0.029447,     45.470001,    261.640015
     t,      0.391327,      0.840721,      0.027647,     45.470001,    261.640015
     t,     -0.144073,      0.839840,      0.018100,     45.470001,    261.649994
     t,      0.968262,      0.839644,      0.015956,     45.470001,    261.649994
     t,      1.007080,      0.843656,      0.013331,     45.470001,    261.660004
     t,      1.052979,      0.850580,      0.011883,     45.459999,    261.670013
     t,      1.114410,      0.864515,      0.010022,     45.459999,    261.679993
     t,      1.093689,      0.866615,      0.009848,     45.459999,    261.679993
     t,      0.959488,      0.874337,      0.008888,     45.459999,    261.679993
     t,      0.669922,      0.892915,      0.007763,     45.459999,    261.690002
     t,      0.505035,      0.919253,      0.006593,     45.459999,    261.700012
     t,      0.409409,      0.934475,      0.006182,     45.459999,    261.709991
     t,      0.157883,      1.003114,      0.006468,     45.459999,    261.730011
     t,     -0.402786,      1.062141,      0.007389,     45.459999,    261.739990
     t,     -0.742355,      1.108417,      0.008212,     45.459999,    261.750000
     t,      0.045319,      1.141033,      0.008182,     45.459999,    261.750000
     t,      0.025558,      1.144686,      0.008165,     45.459999,    261.760010
     t,      0.037567,      1.292587,      0.006547,     45.470001,    261.779999
     t,     -0.364899,      1.359467,      0.004692,     45.470001,    261.790009
     t,     -0.114410,      1.396179,      0.003196,     45.470001,    261.799988
     t,      0.506821,      1.471320,      0.002135,     45.470001,    261.820007
     t,     -1.291962,      1.632855,      0.035566,     45.480000,    261.850006
     t,     -1.283829,      1.654310,      0.044759,     45.480000,    261.859985
     t,     -2.416367,      1.678890,      0.052147,     45.480000,    261.869995
     t,     -1.202805,      1.696558,      0.052657,     45.480000,    261.880005
     t,     -2.310699,      1.721449,      0.057984,     45.480000,    261.899994
     t,     -0.872711,      1.753718,      0.053382,     45.480000,    261.920013
     t,      0.500534,      1.760929,      0.051461,     45.480000,    261.920013
     t,      1.630707,      1.782652,      0.048201,     45.480000,    261.940002
     t,      1.829376,      1.811824,      0.041936,     45.480000,    261.950012
     t,      0.688553,      1.833858,      0.037429,     45.480000,    261.959991
     t,     -0.273972,      1.838557,      0.036551,     45.480000,    261.970001
     t,      0.217514,      1.844832,      0.033641,     45.480000,    261.980011
     t,     -0.985275,      1.854265,      0.029889,     45.480000,    261.989990
     t,     -0.979614,      1.863722,      0.033674,     45.480000,    262.000000
     t,     -0.017380,      1.870040,      0.035758,     45.480000,    262.010010
     t,     -1.155121,      1.879537,      0.047596,     45.480000,    262.029999
     t,      0.184494,      1.884294,      0.057526,     45.480000,    262.029999
     t,     -1.185013,      1.890647,      0.066585,     45.480000,    262.049988
     t,     -1.141724,      1.897010,      0.081664,     45.480000,    262.059998
     t,     -2.006973,      1.912966,      0.124814,     45.480000,    262.079987
     t,     -0.415131,      1.913018,      0.143008,     45.470001,    262.089996
     t,     -2.790726,      1.913086,      0.136773,     45.480000,    262.100006
     t,     -1.367401,      1.913172,      0.110761,     45.470001,    262.109985
     t,      1.253311,      1.913206,      0.147619,     45.470001,    262.119995
     t,     -0.344269,      1.896790,      0.239661,     45.470001,    262.119995
     t,     -0.406693,      1.895149,      0.230070,     45.470001,    262.130005
     t,      0.595535,      1.884988,      0.183928,     45.470001,    262.130005
     t,     -2.458420,      1.847535,      0.171885,     45.470001,    262.140015
     t,     -1.950943,      1.837181,      0.174984,     45.470001,    262.140015
     q,      0.059493,      0.006567,      0.000920,     45.450001,    261.589996
     q,      0.009042,      0.006815,      0.000913,     45.450001,    261.589996
     q,     -0.004001,      0.007038,      0.000969,     45.450001,    261.589996
     q,     -0.023724,      0.007895,      0.001124,     45.459999,    261.589996
     q,     -0.014143,      0.010897,      0.001906,     45.470001,    261.589996
     q,      0.115845,      0.012337,      0.002790,     45.480000,    261.579987
     q,      0.130221,      0.012491,      0.002845,     45.480000,    261.579987
     q,      0.076372,      0.012698,      0.002977,     45.480000,    261.579987
     q,      0.031035,      0.012906,      0.003175,     45.480000,    261.579987
     q,     -0.175308,      0.013908,      0.001470,     45.480000,    261.589996
     q,     -0.000332,      0.014552,      0.000899,     45.480000,    261.589996
     q,      0.109237,      0.015044,      0.000554,     45.480000,    261.589996
     q,      0.005385,      0.015657,      0.000349,     45.490002,    261.589996
     q,      0.089376,      0.016053,      0.000393,     45.490002,    261.589996
     q,      0.019169,      0.016506,      0.000446,     45.490002,    261.589996
     q,     -0.031088,      0.018672,      0.000717,     45.490002,    261.589996
     q,     -0.030439,      0.019096,      0.000689,     45.490002,    261.589996
     q,     -0.003307,      0.022949,      0.000624,     45.480000,    261.600006
     q,     -0.052519,      0.024129,      0.000543,     45.480000,    261.609985
     q,     -0.044415,      0.024808,      0.000856,     45.480000,    261.619995
     q,      0.000854,      0.025301,      0.001223,     45.480000,    261.619995
     q,      0.100762,      0.025510,      0.001094,     45.480000,    261.619995
     q,      0.116801,      0.026433,      0.000539,     45.470001,    261.630005
     q,      0.187523,      0.026585,      0.000463,     45.470001,    261.640015
     q,      0.195064,      0.026638,      0.000439,     45.470001,    261.640015
     q,      0.172509,      0.026927,      0.000325,     45.470001,    261.640015
     q,      0.215942,      0.027644,      0.000152,     45.470001,    261.649994
     q,      0.125812,      0.027805,      0.000119,     45.470001,    261.649994
     q,      0.043509,      0.028067,      0.000076,     45.470001,    261.660004
     q,     -0.147756,      0.028324,      0.000053,     45.459999,    261.670013
     q,     -0.098551,      0.028844,      0.000021,     45.459999,    261.679993
     q,     -0.177444,      0.028922,      0.000020,     45.459999,    261.679993
     q,     -0.206132,      0.029210,      0.000028,     45.459999,    261.679993
     q,     -0.281472,      0.029502,      0.000040,     45.459999,    261.690002
     q,     -0.244004,      0.029913,      0.000090,     45.459999,    261.700012
     q,     -0.144154,      0.030150,      0.000128,     45.459999,    261.709991
     q,     -0.132712,      0.031057,      0.000359,     45.459999,    261.730011
     q,     -0.024451,      0.031695,      0.000452,     45.459999,    261.739990
     q,      0.001090,      0.032188,      0.000537,     45.459999,    261.750000
     q,     -0.124257,      0.032531,      0.000475,     45.459999,    261.750000
     q,     -0.125520,      0.032569,      0.000485,     45.459999,    261.760010
     t,      1.533447,      1.887052,      0.003722,     30.129999,    266.779999
     t,      0.093231,      1.941006,      0.003765,     30.129999,    266.779999
     t,      0.143311,      1.953789,      0.003770,     30.129999,    266.779999
     t,     -0.053314,      2.065544,      0.000589,     30.139999,    266.779999
     t,     -0.377899,      2.062234,      0.001234,     30.139999,    266.779999
     t,     -0.216675,      2.060580,      0.002108,     30.139999,    266.790009
     t,     -0.797821,      1.909841,      0.007255,     30.150000,    266.790009
     t,     -0.905334,      1.868416,      0.007984,     30.150000,    266.790009
     t,     -1.158417,      1.742363,      0.004059,     30.150000,    266.790009
     t,     -0.736359,      1.672309,      0.003717,     30.150000,    266.799988
     t,     -0.050964,      1.487180,      0.004136,     30.150000,    266.799988
     t,     -0.305023,      1.395753,      0.003606,     30.160000,    266.799988
     t,     -0.499359,      1.329086,      0.003240,     30.160000,    266.809998
     t,     -0.471558,      1.256103,      0.002784,     30.160000,    266.809998
     t,      0.050354,      1.183635,      0.002235,     30.160000,    266.809998
     t,      0.004425,      1.129671,      0.001880,     30.160000,    266.809998
     t,      0.001251,      1.080976,      0.001603,     30.160000,    266.809998
     t,      0.009125,      1.017555,      0.001129,     30.170000,    266.820007
     t,      0.189728,      0.998426,      0.001011,     30.170000,    266.820007
     t,     -0.433990,      0.947979,      0.000787,     30.170000,    266.829987
     t,     -0.455994,      0.905316,      0.001167,     30.170000,    266.829987
     t,     -0.519806,      0.899125,      0.001265,     30.170000,    266.829987
     t,     -0.403076,      0.893614,      0.001420,     30.170000,    266.829987
     t,     -0.382385,      0.890059,      0.001473,     30.170000,    266.829987
     t,      0.053375,      0.878027,      0.001422,     30.170000,    266.839996
     t,      0.274719,      0.871690,      0.001423,     30.180000,    266.839996
     t,      0.380737,      0.868179,      0.001448,     30.180000,    266.839996
     t,      0.686798,      0.861283,      0.001543,     30.180000,    266.839996
     t,      0.646759,      0.855689,      0.001568,     30.180000,    266.839996
     t,     -0.234741,      0.841146,      0.002684,     30.180000,    266.850006
     t,     -0.287201,      0.840134,      0.002943,     30.180000,    266.859985
     t,      0.221954,      0.840204,      0.002663,     30.180000,    266.869995
     t,     -0.143494,      0.856141,      0.002443,     30.180000,    266.869995
     t,     -0.175537,      0.865215,      0.001580,     30.180000,    266.869995
     t,     -0.060547,      0.874337,      0.001738,     30.180000,    266.869995
     t,      0.074463,      0.942133,      0.003107,     30.190001,    266.880005
     t,     -0.302719,      0.965294,      0.002914,     30.190001,    266.880005
     t,     -0.290085,      0.979300,      0.002617,     30.190001,    266.880005
     t,     -0.459351,      1.144686,      0.000490,     30.200001,    266.880005
     t,     -0.549805,      1.307871,      0.000362,     30.209999,    266.880005
     t,     -0.220520,      1.396179,      0.001243,     30.219999,    266.869995
     t,     -0.604218,      1.611539,      0.015651,     30.219999,    266.869995
     t,     -0.297150,      1.638206,      0.015752,     30.230000,    266.869995
     t,     -0.275757,      1.654310,      0.014494,     30.230000,    266.859985
     t,     -0.065140,      1.657811,      0.014089,     30.230000,    266.859985
     t,     -0.211929,      1.671849,      0.012702,     30.230000,    266.859985
     t,     -0.607269,      1.707204,      0.011356,     30.230000,    266.859985
     t,     -1.616470,      1.789923,      0.019558,     30.230000,    266.839996
     t,     -0.710129,      1.819154,      0.014061,     30.230000,    266.829987
     t,     -0.777664,      1.833858,      0.014447,     30.230000,    266.829987
     t,     -0.314117,      1.844832,      0.044075,     30.240000,    266.820007
     t,     -1.697189,      1.862144,      0.097241,     30.230000,    266.820007
     t,     -0.942337,      1.866880,      0.067421,     30.230000,    266.820007
     t,     -1.637817,      1.881122,      0.023967,     30.230000,    266.820007
     t,     -0.589417,      1.884294,      0.019496,     30.230000,    266.820007
     t,     -0.200348,      1.893827,      0.022400,     30.219999,    266.809998
     t,     -2.690887,      1.904980,      0.017307,     30.219999,    266.809998
     t,     -2.636200,      1.912966,      0.011464,     30.219999,    266.809998
     t,     -1.333725,      1.912997,      0.008689,     30.219999,    266.809998
     t,      2.777176,      1.913032,      0.015391,     30.230000,    266.809998
     t,      1.230637,      1.913073,      0.039529,     30.230000,    266.799988
     t,      1.923233,      1.913112,      0.044029,     30.230000,    266.799988
     t,     -0.734909,      1.913219,      0.070395,     30.230000,    266.790009
     t,      0.444931,      1.896790,      0.084604,     30.230000,    266.779999
     t,      1.388428,      1.872897,      0.107739,     30.240000,    266.769989
     t,     -1.351547,      1.854996,      0.158644,     30.240000,    266.760010
     t,      0.076569,      1.851102,      0.124493,     30.240000,    266.760010
     t,     -0.530228,      1.841061,      0.054736,     30.230000,    266.750000
     t,      1.427948,      1.835888,      0.053401,     30.230000,    266.750000
     t,      0.200500,      2.065544,      0.003785,     30.132315,    266.779999
     t,      0.240997,      2.065544,      0.003710,     30.134771,    266.779999
     t,     -0.474854,      1.933769,      0.037590,     32.450001,    266.160004
     t,     -1.173035,      1.941006,      0.037534,     32.450001,    266.160004
     t,     -1.594849,      1.964045,      0.040268,     32.450001,    266.160004
     t,     -1.690155,      2.065544,      0.038067,     32.459999,    266.160004
     t,     -1.506165,      1.959384,      0.036284,     32.470001,    266.160004
     t,     -1.419891,      1.868416,      0.024797,     32.470001,    266.170013
     t,     -1.286804,      1.569558,      0.003184,     32.480000,    266.170013
     t,     -1.088470,      1.528092,      0.002635,     32.480000,    266.179993
     t,      0.412598,      1.487180,      0.002106,     32.480000,    266.179993
     t,      0.727448,      1.418338,      0.001304,     32.490002,    266.179993
     t,      0.953705,      1.251781,      0.002751,     32.490002,    266.190002
     t,      0.403656,      1.080976,      0.027464,     32.500000,    266.190002
     t,      0.345062,      1.076030,      0.030280,     32.500000,    266.190002
     t,      0.341980,      1.027187,      0.057961,     32.500000,    266.200012
     t,      0.645782,      1.000807,      0.061132,     32.500000,    266.200012
     t,      0.129944,      0.902837,      0.015005,     32.500000,    266.220001
     t,     -0.495667,      0.891481,      0.003261,     32.500000,    266.220001
     t,     -0.393097,      0.888640,      0.002837,     32.500000,    266.220001
     t,      0.290192,      0.884387,      0.003379,     32.500000,    266.220001
     t,     -0.187164,      0.876616,      0.004165,     32.500000,    266.220001
     t,     -0.479340,      0.872393,      0.004982,     32.500000,    266.230011
     t,     -0.521667,      0.870284,      0.005407,     32.500000,    266.230011
     t,     -0.376068,      0.867478,      0.006056,     32.500000,    266.230011
     t,     -0.427948,      0.864675,      0.006801,     32.500000,    266.230011
     t,     -0.501251,      0.861283,      0.008102,     32.500000,    266.230011
     t,     -0.878571,      0.858269,      0.009850,     32.500000,    266.230011
     t,     -0.856750,      0.852685,      0.009081,     32.500000,    266.230011
     t,     -0.583923,      0.850114,      0.008821,     32.500000,    266.239990
     t,     -0.003113,      0.847547,      0.008610,     32.500000,    266.239990
     t,      0.379120,      0.841998,      0.008407,     32.500000,    266.239990
     t,      0.279419,      0.841146,      0.008407,     32.500000,    266.239990
     t,      0.544830,      0.840787,      0.007286,     32.500000,    266.239990
     t,      1.028687,      0.840101,      0.006887,     32.500000,    266.250000
     t,     -0.485901,      0.862418,      0.015157,     32.509998,    266.260010
     t,     -0.790741,      0.867316,      0.015413,     32.509998,    266.260010
     t,     -0.880859,      0.872228,      0.015766,     32.509998,    266.260010
     t,     -1.086182,      0.874337,      0.015948,     32.509998,    266.260010
     t,     -1.284531,      0.891049,      0.016619,     32.509998,    266.260010
     t,     -0.592499,      0.907919,      0.014376,     32.509998,    266.260010
     t,      0.406677,      0.975921,      0.003374,     32.520000,    266.269989
     t,      0.248795,      1.144686,      0.017895,     32.540001,    266.279999
     t,     -0.147339,      1.247274,      0.033146,     32.540001,    266.279999
     t,      0.542892,      1.396179,      0.042216,     32.540001,    266.279999
     t,      0.527679,      1.411049,      0.043013,     32.540001,    266.279999
     t,     -0.008865,      1.481488,      0.011325,     32.540001,    266.290009
     t,     -0.141800,      1.507061,      0.010731,     32.540001,    266.279999
     t,     -0.638184,      1.553643,      0.014707,     32.540001,    266.279999
     t,     -0.991653,      1.616855,      0.030025,     32.540001,    266.279999
     t,     -0.738571,      1.654310,      0.032760,     32.540001,    266.279999
     t,     -0.531479,      1.700103,      0.019481,     32.540001,    266.269989
     t,     -1.365936,      1.800857,      0.014201,     32.540001,    266.260010
     t,     -1.193375,      1.833858,      0.028172,     32.540001,    266.260010
     t,     -2.998978,      1.858991,      0.030788,     32.529999,    266.260010
     t,     -1.504532,      1.865300,      0.019479,     32.529999,    266.250000
     t,     -2.940964,      1.882708,      0.084973,     32.529999,    266.250000
     t,     -2.664658,      1.884294,      0.089648,     32.529999,    266.250000
     t,     -1.587814,      1.885882,      0.094754,     32.529999,    266.250000
     t,     -2.278778,      1.892237,      0.119812,     32.529999,    266.250000
     t,     -1.307175,      1.903385,      0.136273,     32.529999,    266.250000
     t,      0.581207,      1.908172,      0.137051,     32.529999,    266.250000
     t,     -0.530045,      1.912966,      0.149174,     32.529999,    266.250000
     t,     -2.235092,      1.913013,      0.103032,     32.529999,    266.250000
     t,      0.756683,      1.913105,      0.100508,     32.529999,    266.250000
     t,     -0.842270,      1.913190,      0.270895,     32.529999,    266.239990
     t,     -0.079239,      1.913218,      0.223997,     32.529999,    266.239990
     t,      2.387573,      1.913239,      0.204820,     32.520000,    266.239990
     t,      0.831146,      1.896790,      0.157292,     32.520000,    266.239990
     t,     -1.709244,      1.869310,      0.356105,     32.520000,    266.230011
     t,     -0.898331,      1.863448,      0.411034,     32.520000,    266.230011
     t,     -2.101868,      1.843002,      0.124489,     32.520000,    266.230011
     t,     -1.607605,      2.065544,      0.039583,     32.451675,    266.160004
     t,     -1.620270,      2.065544,      0.039031,     32.453735,    266.160004
     t,     -1.638397,      2.065544,      0.038330,     32.456337,    266.160004
     t,      2.156189,      1.926544,      0.000621,     32.320000,    269.920013
     t,      1.256195,      1.941006,      0.000621,     32.320000,    269.920013
     t,      0.469940,      1.964045,      0.000597,     32.320000,    269.920013
     t,      0.093719,      2.065544,      0.000494,     32.320000,    269.929993
     t,     -0.211090,      1.913629,      0.000552,     32.330002,    269.929993
     t,      0.263672,      1.872163,      0.000576,     32.330002,    269.929993
     t,      0.152924,      1.868416,      0.000578,     32.330002,    269.929993
     t,      0.172058,      1.689688,      0.000984,     32.330002,    269.940002
     t,      0.042419,      1.655021,      0.001153,     32.330002,    269.940002
     t,     -0.477081,      1.475593,      0.001823,     32.340000,    269.940002
     t,     -0.476166,      1.424013,      0.001659,     32.340000,    269.940002
     t,     -0.616180,      1.367777,      0.001407,     32.340000,    269.940002
     t,     -0.474243,      1.277827,      0.001461,     32.340000,    269.940002
     t,     -0.642517,      1.204726,      0.001534,     32.340000,    269.950012
     t,     -0.795166,      1.150278,      0.001424,     32.340000,    269.950012
     t,     -0.665283,      1.080976,      0.001608,     32.330002,    269.950012
     t,     -0.790710,      0.993672,      0.002105,     32.330002,    269.959991
     t,     -0.424561,      0.974771,      0.002313,     32.330002,    269.959991
     t,     -0.138794,      0.965388,      0.002473,     32.330002,    269.959991
     t,     -0.051392,      0.958160,      0.002671,     32.330002,    269.959991
     t,     -0.234741,      0.954336,      0.002846,     32.330002,    269.959991
     t,     -0.216980,      0.950519,      0.003043,     32.330002,    269.959991
     t,     -0.279266,      0.932809,      0.003672,     32.330002,    269.970001
     t,     -0.167572,      0.917762,      0.003755,     32.340000,    269.970001
     t,      0.255829,      0.897176,      0.004063,     32.340000,    269.970001
     t,      0.216003,      0.888640,      0.004358,     32.340000,    269.980011
     t,      0.158752,      0.883679,      0.004229,     32.340000,    269.980011
     t,     -0.317291,      0.868880,      0.003403,     32.340000,    269.980011
     t,     -0.483337,      0.863276,      0.003141,     32.340000,    269.989990
     t,     -0.596832,      0.858269,      0.003021,     32.340000,    269.989990
     t,     -0.504150,      0.856549,      0.002838,     32.340000,    269.989990
     t,     -0.239960,      0.854401,      0.002632,     32.340000,    269.989990
     t,     -0.024445,      0.851399,      0.002380,     32.340000,    269.989990
     t,      0.223358,      0.845410,      0.001988,     32.340000,    270.000000
     t,     -0.008118,      0.841146,      0.001863,     32.340000,    270.000000
     t,      0.272400,      0.839840,      0.002043,     32.349998,    270.010010
     t,      0.421906,      0.839677,      0.002135,     32.349998,    270.010010
     t,     -0.022644,      0.842965,      0.002183,     32.349998,    270.019989
     t,      0.258972,      0.849887,      0.002312,     32.349998,    270.019989
     t,     -0.312561,      0.871525,      0.001804,     32.349998,    270.029999
     t,     -0.175720,      0.874337,      0.001674,     32.349998,    270.029999
     t,     -0.228622,      0.917359,      0.000974,     32.360001,    270.040009
     t,     -0.577072,      0.938300,      0.000672,     32.360001,    270.040009
     t,      0.213898,      0.955609,      0.000471,     32.360001,    270.049988
     t,      0.161163,      1.144686,      0.000260,     32.360001,    270.070007
     t,     -0.702438,      1.323245,      0.001872,     32.360001,    270.070007
     t,     -0.418182,      1.396179,      0.002814,     32.369999,    270.070007
     t,     -0.595444,      1.466250,      0.003630,     32.380001,    270.070007
     t,      0.306671,      1.574573,      0.003738,     32.389999,    270.070007
     t,     -0.366272,      1.654310,      0.003028,     32.389999,    270.059998
     t,     -0.876419,      1.689480,      0.002575,     32.389999,    270.049988
     t,     -1.572144,      1.764540,      0.000881,     32.389999,    270.040009
     t,     -0.805435,      1.804509,      0.000579,     32.389999,    270.029999
     t,      0.585724,      1.819154,      0.000969,     32.389999,    270.029999
     t,      0.208389,      1.833858,      0.001691,     32.389999,    270.029999
     t,     -0.701157,      1.840125,      0.003052,     32.389999,    270.029999
     t,     -0.071396,      1.849545,      0.007691,     32.389999,    270.019989
     t,     -2.032349,      1.862144,      0.011223,     32.389999,    270.019989
     t,     -1.132996,      1.870040,      0.007885,     32.389999,    270.019989
     t,     -2.224548,      1.874785,      0.006930,     32.380001,    270.019989
     t,     -2.623108,      1.893827,      0.008486,     32.380001,    270.019989
     t,     -0.728195,      1.898603,      0.012548,     32.380001,    270.019989
     t,     -0.477615,      1.904980,      0.014580,     32.380001,    270.019989
     t,     -1.551819,      1.912966,      0.021635,     32.380001,    270.019989
     t,     -1.077606,      1.913050,      0.018578,     32.380001,    270.019989
     t,      1.357391,      1.913095,      0.019360,     32.380001,    270.019989
     t,     -2.297852,      1.913181,      0.015927,     32.380001,    270.019989
     t,      1.885010,      1.913241,      0.013279,     32.380001,    270.010010
     t,     -0.504501,      1.902047,      0.012183,     32.380001,    270.010010
     t,     -0.247986,      1.896790,      0.011044,     32.369999,    270.010010
     t,      0.264908,      1.881063,      0.009497,     32.369999,    270.000000
     t,     -1.251434,      1.872245,      0.007874,     32.369999,    270.000000
     t,      0.021317,      1.866052,      0.006972,     32.369999,    270.000000
     t,     -2.698914,      1.849480,      0.003051,     32.369999,    269.989990
     t,      0.814667,      1.839443,      0.000982,     32.369999,    269.989990
     t,      0.250000,      2.065544,      0.000552,     32.320000,    269.923462
     t,      0.191437,      2.065544,      0.000537,     32.320000,    269.926056
     t,      0.070618,      0.860998,      0.000647,     29.670000,    265.950012
     t,      0.817932,      0.861005,      0.000395,     29.260000,    270.040009
     t,      0.517944,      0.861005,      0.000395,     29.260000,    270.040009
     t,      0.795929,      0.861002,      0.000238,     29.370001,    268.619995
     t,      0.595917,      0.861002,      0.000238,     29.370001,    268.619995
     t,      0.727997,      0.861003,      0.000174,     29.450001,    268.660004
     t,      0.327972,      0.861003,      0.000174,     29.450001,    268.660004
     t,      0.404572,      0.861006,      0.000107,     29.670000,    268.760010
     t,     -0.195435,      0.861006,      0.000107,     29.670000,    268.760010
     t,      0.093628,      0.860999,      0.000228,     29.690001,    266.160004
     t,     -0.006348,      0.860998,      0.000228,     29.690001,    266.160004
     t,      0.219452,      0.861003,      0.000224,     29.730000,    266.130005
     t,      0.119507,      0.861003,      0.000223,     29.730000,    266.130005
     t,      0.315125,      0.860997,      0.018699,     29.770000,    266.660004
     t,      0.515015,      0.860996,      0.018697,     29.770000,    266.660004
     t,     -0.511627,      0.861004,      0.000027,     29.790001,    269.579987
     t,     -1.011627,      0.861003,      0.000027,     29.790001,    269.579987
     t,     -1.210419,      0.860999,      0.000277,     30.030001,    269.890015
     t,     -0.410400,      0.860999,      0.000277,     30.030001,    269.890015
     t,     -0.862122,      0.860998,      0.001160,     30.110001,    269.579987
     t,     -1.362122,      0.860998,      0.001160,     30.110001,    269.579987
     t,      1.573181,      0.861000,      0.005414,     30.219999,    266.779999
     t,      0.673187,      0.860999,      0.005414,     30.219999,    266.779999
     t,      0.570618,      0.861000,      0.000647,     29.670000,    265.950012
     t,      1.117920,      0.861006,      0.000395,     29.260000,    270.040009
     t,      0.217926,      0.861006,      0.000395,     29.260000,    270.040009
     t,     -0.282074,      0.861006,      0.000395,     29.260000,    270.040009
     t,      0.695923,      0.861005,      0.000238,     29.370001,    268.619995
     t,      0.495911,      0.861002,      0.000238,     29.370001,    268.619995
     t,      0.595917,      0.861002,      0.000238,     29.370001,    268.619995
     t,      1.127991,      0.861005,      0.000174,     29.450001,    268.660004
     t,     -0.572021,      0.861003,      0.000174,     29.450001,    268.660004
     t,     -0.672028,      0.861003,      0.000174,     29.450001,    268.660004
     t,      1.204590,      0.861008,      0.000107,     29.670000,    268.760010
     t,     -0.695435,      0.861005,      0.000107,     29.670000,    268.760010
     t,     -1.295410,      0.861006,      0.000107,     29.670000,    268.760010
     t,      0.293640,      0.861001,      0.000228,     29.690001,    266.160004
     t,     -0.206360,      0.860998,      0.000228,     29.690001,    266.160004
     t,     -0.306366,      0.860997,      0.000228,     29.690001,    266.160004
     t,      0.819489,      0.861004,      0.000224,     29.730000,    266.130005
     t,     -0.180542,      0.861002,      0.000224,     29.730000,    266.130005
     t,     -0.280548,      0.861001,      0.000224,     29.730000,    266.130005
     t,      0.415161,      0.860999,      0.018699,     29.770000,    266.660004
     t,      0.515015,      0.860995,      0.018697,     29.770000,    266.660004
     t,      0.214966,      0.860995,      0.018700,     29.770000,    266.660004
     t,      1.988373,      0.861004,      0.000027,     29.790001,    269.579987
     t,     -1.611633,      0.861004,      0.000027,     29.790001,    269.579987
     t,     -2.211639,      0.861005,      0.000027,     29.790001,    269.579987
     t,     -1.610413,      0.861001,      0.000277,     30.030001,    269.890015
     t,     -0.410400,      0.861000,      0.000277,     30.030001,    269.890015
     t,     -0.910400,      0.861000,      0.000277,     30.030001,    269.890015
     t,     -0.962128,      0.860999,      0.001160,     30.110001,    269.579987
     t,     -1.762115,      0.860998,      0.001160,     30.110001,    269.579987
     t,     -2.562103,      0.860998,      0.001160,     30.110001,    269.579987
     t,      2.173218,      0.861001,      0.005414,     30.219999,    266.779999
     t,      0.273163,      0.860999,      0.005413,     30.219999,    266.779999
     t,     -0.326874,      0.860998,      0.005413,     30.219999,    266.779999
     t,      0.170624,      0.861000,      0.000648,     29.670000,    265.950012
     t,      1.017944,      0.861007,      0.000395,     29.260000,    270.040009
     t,      0.917938,      0.861005,      0.000395,     29.260000,    270.040009
     t,      0.995911,      0.861004,      0.000238,     29.370001,    268.619995
     t,      0.695923,      0.861003,      0.000238,     29.370001,    268.619995
     t,      1.027985,      0.861004,      0.000174,     29.450001,    268.660004
     t,      0.927979,      0.861004,      0.000174,     29.450001,    268.660004
     t,      0.404572,      0.861007,      0.000107,     29.670000,    268.760010
     t,      0.604584,      0.861007,      0.000107,     29.670000,    268.760010
     t,      0.193634,      0.860999,      0.000228,     29.690001,    266.160004
     t,      0.293640,      0.860999,      0.000228,     29.690001,    266.160004
     t,      0.719482,      0.861004,      0.000224,     29.730000,    266.130005
     t,      0.619507,      0.861004,      0.000223,     29.730000,    266.130005
     t,      0.415131,      0.860998,      0.018699,     29.770000,    266.660004
     t,      0.515137,      0.860998,      0.018698,     29.770000,    266.660004
     t,      1.888367,      0.861005,      0.000027,     29.790001,    269.579987
     t,      0.788361,      0.861004,      0.000027,     29.790001,    269.579987
     t,     -1.710419,      0.861001,      0.000277,     30.030001,    269.890015
     t,     -1.710419,      0.861000,      0.000277,     30.030001,    269.890015
     t,     -0.462128,      0.860999,      0.001160,     30.110001,    269.579987
     t,     -0.562103,      0.860999,      0.001160,     30.110001,    269.579987
     t,      2.173218,      0.861001,      0.005414,     30.219999,    266.779999
     t,      1.673187,      0.861001,      0.005414,     30.219999,    266.779999
     q,     -0.015693,      0.005162,      0.000014,     30.129999,    266.779999
     q,     -0.046100,      0.005509,      0.000014,     30.129999,    266.779999
     q,     -0.058309,      0.005650,      0.000014,     30.129999,    266.779999
     q,      0.038174,      0.007895,      0.000062,     30.139999,    266.779999
     q,      0.157844,      0.008494,      0.000124,     30.139999,    266.779999
     q,      0.109307,      0.008802,      0.000199,     30.139999,    266.790009
     q,      0.171963,      0.010426,      0.000220,     30.150000,    266.790009
     q,      0.139115,      0.010897,      0.000124,     30.150000,    266.790009
     q,      0.110595,      0.011931,      0.000017,     30.150000,    266.790009
     q,     -0.048575,      0.012542,      0.000005,     30.150000,    266.799988
     q,     -0.015865,      0.014228,      0.000006,     30.150000,    266.799988
     q,     -0.051066,      0.015099,      0.000004,     30.160000,    266.799988
     q,      0.099338,      0.015769,      0.000004,     30.160000,    266.809998
     q,     -0.130189,      0.016619,      0.000004,     30.160000,    266.809998
     q,     -0.050792,      0.017601,      0.000002,     30.160000,    266.809998
     q,      0.043125,      0.018371,      0.000000,     30.160000,    266.809998
     q,     -0.004069,      0.019096,      0.000000,     30.160000,    266.809998
     q,     -0.043284,      0.020607,      0.000001,     30.170000,    266.820007
     q,      0.083918,      0.021083,      0.000001,     30.170000,    266.820007
     q,      0.098957,      0.022477,      0.000004,     30.170000,    266.829987
     q,      0.048538,      0.023952,      0.000006,     30.170000,    266.829987
     q,     -0.008489,      0.024173,      0.000007,     30.170000,    266.829987
     q,     -0.218334,      0.024371,      0.000008,     30.170000,    266.829987
     q,     -0.168955,      0.024499,      0.000008,     30.170000,    266.829987
     q,     -0.211486,      0.024937,      0.000006,     30.170000,    266.839996
     q,     -0.047599,      0.025171,      0.000005,     30.180000,    266.839996
     q,     -0.153589,      0.025301,      0.000005,     30.180000,    266.839996
     q,     -0.113254,      0.025574,      0.000004,     30.180000,    266.839996
     q,      0.021164,      0.025852,      0.000004,     30.180000,    266.839996
     q,      0.028334,      0.026585,      0.000007,     30.180000,    266.850006
     q,      0.083806,      0.027404,      0.000005,     30.180000,    266.859985
     q,     -0.056970,      0.027938,      0.000004,     30.180000,    266.869995
     q,      0.007192,      0.028532,      0.000005,     30.180000,    266.869995
     q,     -0.076217,      0.028870,      0.000003,     30.180000,    266.869995
     q,     -0.064119,      0.029210,      0.000002,     30.180000,    266.869995
     q,     -0.090961,      0.030268,      0.000001,     30.190001,    266.880005
     q,     -0.067309,      0.030625,      0.000001,     30.190001,    266.880005
     q,      0.008296,      0.030796,      0.000001,     30.190001,    266.880005
     q,     -0.117556,      0.032569,      0.000002,     30.200001,    266.880005
     q,     -0.062440,      0.007895,      0.000015,     30.132315,    266.779999
     q,     -0.069130,      0.007895,      0.000015,     30.134771,    266.779999
     q,      0.066357,      0.005462,      0.000063,     32.450001,    266.160004
     q,      0.049445,      0.005509,      0.000063,     32.450001,    266.160004
     q,      0.035731,      0.005765,      0.000075,     32.450001,    266.160004
     q,      0.030747,      0.007895,      0.000163,     32.459999,    266.160004
     q,      0.024378,      0.009883,      0.000235,     32.470001,    266.160004
     q,      0.000511,      0.010897,      0.000062,     32.470001,    266.170013
     q,     -0.002771,      0.013487,      0.000079,     32.480000,    266.170013
     q,     -0.007398,      0.013855,      0.000091,     32.480000,    266.179993
     q,     -0.161446,      0.014228,      0.000127,     32.480000,    266.179993
     q,     -0.222983,      0.014879,      0.000069,     32.490002,    266.179993
     q,     -0.268697,      0.016676,      0.000127,     32.490002,    266.190002
     q,     -0.041312,      0.019096,      0.001071,     32.500000,    266.190002
     q,     -0.035661,      0.019211,      0.001157,     32.500000,    266.190002
     q,     -0.026684,      0.020371,      0.001847,     32.500000,    266.200012
     q,     -0.096378,      0.021023,      0.001544,     32.500000,    266.200012
     q,     -0.112887,      0.024041,      0.000711,     32.500000,    266.220001
     q,      0.066127,      0.024448,      0.001060,     32.500000,    266.220001
     q,     -0.084717,      0.024550,      0.001279,     32.500000,    266.220001
     q,      0.073794,      0.024705,      0.001344,     32.500000,    266.220001
     q,      0.221077,      0.024989,      0.001191,     32.500000,    266.220001
     q,      0.246406,      0.025145,      0.001104,     32.500000,    266.230011
     q,      0.356598,      0.025223,      0.001079,     32.500000,    266.230011
     q,      0.189065,      0.025327,      0.001052,     32.500000,    266.230011
     q,      0.253798,      0.025432,      0.001034,     32.500000,    266.230011
     q,      0.161644,      0.025574,      0.001026,     32.500000,    266.230011
     q,      0.126890,      0.025724,      0.001043,     32.500000,    266.230011
     q,     -0.027321,      0.026002,      0.000639,     32.500000,    266.230011
     q,     -0.107169,      0.026131,      0.000473,     32.500000,    266.239990
     q,     -0.087787,      0.026261,      0.000329,     32.500000,    266.239990
     q,     -0.017685,      0.026542,      0.000127,     32.500000,    266.239990
     q,     -0.046226,      0.026585,      0.000115,     32.500000,    266.239990
     q,     -0.103760,      0.026874,      0.000135,     32.500000,    266.239990
     q,     -0.068651,      0.027431,      0.000305,     32.500000,    266.250000
     q,     -0.023488,      0.028766,      0.000462,     32.509998,    266.260010
     q,      0.079106,      0.028948,      0.000377,     32.509998,    266.260010
     q,     -0.007020,      0.029132,      0.000293,     32.509998,    266.260010
     q,      0.045491,      0.029210,      0.000259,     32.509998,    266.260010
     q,      0.070806,      0.029473,      0.000164,     32.509998,    266.260010
     q,     -0.061746,      0.029737,      0.000096,     32.509998,    266.260010
     q,     -0.054554,      0.030759,      0.000055,     32.520000,    266.269989
     q,     -0.062142,      0.032569,      0.000091,     32.540001,    266.279999
     q,      0.039348,      0.007895,      0.000087,     32.451675,    266.160004
     q,      0.039906,      0.007895,      0.000109,     32.453735,    266.160004
     q,      0.037136,      0.007895,      0.000128,     32.456337,    266.160004
     q,     -0.039848,      0.005415,      0.000003,     32.320000,    269.920013
     q,     -0.062176,      0.005509,      0.000003,     32.320000,    269.920013
     q,     -0.043305,      0.005765,      0.000001,     32.320000,    269.920013
     q,     -0.046650,      0.007895,      0.000002,     32.320000,    269.929993
     q,     -0.060468,      0.010384,      0.000022,     32.330002,    269.929993
     q,     -0.137195,      0.010854,      0.000036,     32.330002,    269.929993
     q,     -0.144031,      0.010897,      0.000038,     32.330002,    269.929993
     q,     -0.167401,      0.012388,      0.000033,     32.330002,    269.940002
     q,     -0.275270,      0.012698,      0.000033,     32.330002,    269.940002
     q,     -0.057203,      0.014336,      0.000062,     32.340000,    269.940002
     q,     -0.117521,      0.014824,      0.000070,     32.340000,    269.940002
     q,     -0.064763,      0.015377,      0.000073,     32.340000,    269.940002
     q,     -0.096935,      0.016336,      0.000087,     32.340000,    269.940002
     q,      0.046445,      0.017310,      0.000081,     32.340000,    269.950012
     q,      0.057095,      0.018073,      0.000061,     32.340000,    269.950012
     q,      0.055139,      0.019096,      0.000056,     32.330002,    269.950012
     q,     -0.043418,      0.021203,      0.000077,     32.330002,    269.959991
     q,     -0.231173,      0.021686,      0.000079,     32.330002,    269.959991
     q,     -0.231846,      0.021930,      0.000081,     32.330002,    269.959991
     q,     -0.112083,      0.022137,      0.000083,     32.330002,    269.959991
     q,     -0.108289,      0.022264,      0.000085,     32.330002,    269.959991
     q,      0.060592,      0.022392,      0.000088,     32.330002,    269.959991
     q,      0.059098,      0.022993,      0.000083,     32.330002,    269.970001
     q,      0.069216,      0.023514,      0.000062,     32.340000,    269.970001
     q,     -0.096493,      0.024243,      0.000075,     32.340000,    269.970001
     q,     -0.067497,      0.024551,      0.000121,     32.340000,    269.980011
     q,      0.078748,      0.024731,      0.000141,     32.340000,    269.980011
     q,     -0.072308,      0.025275,      0.000187,     32.340000,    269.980011
     q,      0.034245,      0.025484,      0.000209,     32.340000,    269.989990
     q,     -0.002506,      0.025724,      0.000272,     32.340000,    269.989990
     q,      0.028949,      0.025809,      0.000250,     32.340000,    269.989990
     q,     -0.050368,      0.025916,      0.000215,     32.340000,    269.989990
     q,      0.042019,      0.026067,      0.000169,     32.340000,    269.989990
     q,     -0.079902,      0.026369,      0.000084,     32.340000,    270.000000
     q,     -0.034792,      0.026585,      0.000046,     32.340000,    270.000000
     q,     -0.013945,      0.027644,      0.000010,     32.349998,    270.010010
     q,     -0.087193,      0.027778,      0.000009,     32.349998,    270.010010
     q,      0.028601,      0.028041,      0.000007,     32.349998,    270.019989
     q,     -0.112890,      0.028299,      0.000006,     32.349998,    270.019989
     q,      0.003094,      0.029105,      0.000002,     32.349998,    270.029999
     q,     -0.059604,      0.029210,      0.000001,     32.349998,    270.029999
     q,     -0.157979,      0.029884,      0.000003,     32.360001,    270.040009
     q,     -0.091998,      0.030209,      0.000006,     32.360001,    270.040009
     q,     -0.055635,      0.030476,      0.000008,     32.360001,    270.049988
     q,     -0.093684,      0.032569,      0.000018,     32.360001,    270.070007
     q,     -0.030174,      0.007895,      0.000001,     32.320000,    269.923462
     q,     -0.036281,      0.007895,      0.000001,     32.320000,    269.926056
     q,      0.011901,      0.001162,      0.000001,     29.670000,    265.950012
     q,     -0.006112,      0.001162,      0.000001,     29.670000,    265.950012
     q,     -0.019059,      0.001162,      0.000001,     29.670000,    265.950012
     t,      0.599976,      1.964045,      0.022076,     34.840000,    267.739990
     t,     -0.772705,      1.982059,      0.029326,     34.840000,    267.739990
     t,     -0.819672,      2.065544,      0.035615,     34.849998,    267.739990
     t,     -1.423218,      1.868416,      0.051394,     34.860001,    267.750000
     t,     -1.778046,      1.789864,      0.049452,     34.860001,    267.750000
     t,     -1.729370,      1.777929,      0.047831,     34.860001,    267.750000
     t,     -1.131256,      1.754178,      0.044923,     34.860001,    267.750000
     t,     -1.556854,      1.724715,      0.041913,     34.860001,    267.750000
     t,     -1.455719,      1.701324,      0.040011,     34.860001,    267.750000
     t,     -0.901642,      1.666537,      0.038016,     34.860001,    267.750000
     t,     -0.283539,      1.586764,      0.035028,     34.860001,    267.760010
     t,     -0.068390,      1.533981,      0.034871,     34.869999,    267.760010
     t,      0.450500,      1.277827,      0.029428,     34.869999,    267.769989
     t,      0.593933,      1.221732,      0.030567,     34.869999,    267.769989
     t,      0.035583,      1.080976,      0.022180,     34.869999,    267.779999
     t,     -0.234711,      1.073560,      0.021920,     34.869999,    267.779999
     t,      0.115448,      0.930293,      0.016656,     34.869999,    267.799988
     t,     -0.953461,      0.894326,      0.014909,     34.860001,    267.799988
     t,     -0.735962,      0.887221,      0.016257,     34.860001,    267.809998
     t,     -0.455322,      0.882264,      0.016919,     34.860001,    267.809998
     t,     -0.303925,      0.880144,      0.017184,     34.860001,    267.809998
     t,     -0.482269,      0.876616,      0.017814,     34.860001,    267.809998
     t,     -0.227234,      0.874503,      0.018305,     34.860001,    267.809998
     t,     -0.854645,      0.862576,      0.022682,     34.860001,    267.820007
     t,     -0.114166,      0.860421,      0.024547,     34.860001,    267.820007
     t,      0.252350,      0.859130,      0.025798,     34.860001,    267.820007
     t,     -0.100769,      0.851827,      0.029972,     34.860001,    267.829987
     t,      0.049744,      0.848830,      0.031648,     34.860001,    267.829987
     t,      0.036987,      0.847974,      0.032164,     34.860001,    267.829987
     t,      0.113861,      0.846265,      0.032901,     34.860001,    267.839996
     t,     -0.037811,      0.841572,      0.036241,     34.860001,    267.839996
     t,      0.058289,      0.841146,      0.036575,     34.860001,    267.839996
     t,     -0.258148,      0.841015,      0.036994,     34.860001,    267.839996
     t,     -0.737885,      0.840689,      0.027600,     34.860001,    267.850006
     t,     -0.558136,      0.840591,      0.025237,     34.860001,    267.850006
     t,     -0.087250,      0.840395,      0.021460,     34.869999,    267.850006
     t,      0.566345,      0.840036,      0.015217,     34.869999,    267.859985
     t,      0.658539,      0.839938,      0.013962,     34.869999,    267.859985
     t,      0.180420,      0.839514,      0.009228,     34.869999,    267.869995
     t,      0.209900,      0.842965,      0.007533,     34.869999,    267.869995
     t,      0.689301,      0.849887,      0.004920,     34.869999,    267.869995
     t,      0.428192,      0.852663,      0.004186,     34.869999,    267.880005
     t,      0.090973,      0.866615,      0.002810,     34.869999,    267.890015
     t,     -0.107056,      0.874337,      0.003450,     34.880001,    267.899994
     t,     -0.168457,      0.906036,      0.005951,     34.880001,    267.910004
     t,      0.816376,      0.921149,      0.006641,     34.880001,    267.910004
     t,      0.571472,      0.947897,      0.010764,     34.880001,    267.920013
     t,      0.500778,      0.953678,      0.012169,     34.880001,    267.920013
     t,      0.589066,      0.957542,      0.013208,     34.880001,    267.920013
     t,      0.466019,      0.996281,      0.016390,     34.889999,    267.929993
     t,      0.347824,      1.027215,      0.019746,     34.889999,    267.940002
     t,      0.047592,      1.072733,      0.019475,     34.889999,    267.940002
     t,     -0.375351,      1.101234,      0.012201,     34.889999,    267.950012
     t,     -0.777939,      1.133744,      0.007144,     34.900002,    267.950012
     t,     -0.633759,      1.144686,      0.006282,     34.900002,    267.959991
     t,     -0.450989,      1.149471,      0.006093,     34.900002,    267.959991
     t,     -0.383423,      1.159072,      0.005882,     34.900002,    267.959991
     t,     -0.617142,      1.168712,      0.005523,     34.900002,    267.959991
     t,     -0.093262,      1.242289,      0.013359,     34.900002,    267.970001
     t,     -0.537582,      1.297672,      0.029762,     34.900002,    267.980011
     t,     -0.549225,      1.312986,      0.029138,     34.900002,    267.980011
     t,      0.460770,      1.364682,      0.028089,     34.900002,    267.989990
     t,      0.306976,      1.396179,      0.029021,     34.910000,    267.989990
     t,     -0.058960,      1.411049,      0.029616,     34.910000,    267.989990
     t,      0.194031,      1.476400,      0.019482,     34.910000,    268.000000
     t,      0.199615,      1.574573,      0.013707,     34.919998,    268.010010
     t,      0.247940,      1.606232,      0.015020,     34.919998,    268.010010
     t,     -0.104492,      1.654310,      0.018716,     34.930000,    268.010010
     t,      0.154343,      1.657811,      0.018550,     34.930000,    268.019989
     t,     -0.410172,      1.693017,      0.018473,     34.930000,    268.019989
     t,     -0.837891,      1.746521,      0.020592,     34.930000,    268.029999
     t,     -1.320587,      1.797208,      0.022208,     34.930000,    268.040009
     t,     -1.570969,      1.833858,      0.022452,     34.930000,    268.049988
     t,     -2.091690,      1.841693,      0.014635,     34.919998,    268.059998
     t,     -2.346771,      1.852691,      0.051086,     34.919998,    268.059998
     t,     -1.549500,      1.862144,      0.080057,     34.919998,    268.059998
     t,     -2.996872,      1.871621,      0.078150,     34.919998,    268.059998
     t,     -3.206940,      1.877952,      0.094150,     34.919998,    268.070007
     t,     -2.326492,      1.881122,      0.087967,     34.919998,    268.070007
     t,     -3.650970,      1.889058,      0.075681,     34.919998,    268.070007
     t,     -3.182312,      1.895419,      0.098520,     34.919998,    268.070007
     t,     -0.153000,      1.898603,      0.112542,     34.919998,    268.079987
     t,      0.060638,      1.903385,      0.085691,     34.910000,    268.079987
     t,     -1.495667,      1.912966,      0.128299,     34.910000,    268.079987
     t,     -0.107101,      1.913200,      0.221115,     34.910000,    268.100006
     t,     -1.394897,      1.913227,      0.151499,     34.910000,    268.100006
     t,     -0.456375,      1.901718,      0.111531,     34.910000,    268.089996
     t,      1.421219,      1.896790,      0.083099,     34.910000,    268.089996
     t,      2.228317,      1.893836,      0.077176,     34.910000,    268.089996
     t,     -0.580750,      1.881390,      0.146231,     34.910000,    268.089996
     t,     -2.052643,      1.860845,      0.474303,     34.910000,    268.089996
     t,      0.273941,      1.854996,      0.400309,     34.910000,    268.089996
     t,      1.171585,      1.841707,      0.158532,     34.910000,    268.089996
     t,     -0.880157,      2.065544,      0.035658,     34.843342,    267.739990
     t,     -0.860840,      2.065544,      0.035954,     34.846237,    267.739990
     t,     -0.222519,      1.913200,      0.234882,     34.910000,    268.090576
     t,     -2.873016,      2.028756,      0.204253,     37.240002,    266.600006
     t,     -3.341736,      2.033978,      0.209086,     37.240002,    266.600006
     t,     -3.023834,      2.069063,      0.246189,     37.240002,    266.600006
     t,     -1.531647,      2.065544,      0.250000,     37.240002,    266.600006
     t,     -1.090820,      2.064302,      0.245232,     37.240002,    266.600006
     t,     -1.694336,      1.868416,      0.175245,     37.250000,    266.609985
     t,     -1.759796,      1.807841,      0.172288,     37.250000,    266.609985
     t,     -1.190643,      1.469817,      0.048622,     37.259998,    266.619995
     t,     -0.108765,      1.318134,      0.041263,     37.259998,    266.630005
     t,     -0.051361,      1.129671,      0.064897,     37.270000,    266.649994
     t,     -0.072327,      1.080976,      0.061712,     37.270000,    266.649994
     t,      0.325378,      0.979479,      0.077978,     37.270000,    266.670013
     t,     -0.152893,      0.935329,      0.040885,     37.279999,    266.690002
     t,      0.461548,      0.911528,      0.029088,     37.279999,    266.690002
     t,      0.113556,      0.899125,      0.029114,     37.279999,    266.700012
     t,     -0.097412,      0.890059,      0.034357,     37.279999,    266.709991
     t,      0.137390,      0.876616,      0.050274,     37.270000,    266.709991
     t,      0.442413,      0.873799,      0.055893,     37.270000,    266.720001
     t,      0.596527,      0.852256,      0.059711,     37.270000,    266.730011
     t,      0.187744,      0.843277,      0.052006,     37.270000,    266.739990
     t,      0.105560,      0.841146,      0.050208,     37.270000,    266.739990
     t,     -0.010437,      0.841113,      0.049904,     37.270000,    266.739990
     t,      0.012299,      0.840950,      0.048679,     37.270000,    266.739990
     t,     -0.196136,      0.840199,      0.037289,     37.270000,    266.750000
     t,     -0.096893,      0.840101,      0.035518,     37.270000,    266.750000
     t,      0.199677,      0.839938,      0.034974,     37.270000,    266.760010
     t,      0.402374,      0.839873,      0.035308,     37.270000,    266.760010
     t,     -0.319611,      0.844347,      0.059560,     37.279999,    266.769989
     t,     -0.417877,      0.851275,      0.059163,     37.279999,    266.769989
     t,     -0.383362,      0.855445,      0.059908,     37.279999,    266.769989
     t,     -0.401947,      0.861021,      0.063636,     37.279999,    266.779999
     t,     -0.478363,      0.874337,      0.059163,     37.279999,    266.790009
     t,     -0.381622,      0.878037,      0.058271,     37.279999,    266.790009
     t,     -0.809998,      0.902278,      0.093977,     37.290001,    266.790009
     t,     -1.040970,      0.919253,      0.156382,     37.290001,    266.799988
     t,     -1.044052,      0.923047,      0.175277,     37.290001,    266.799988
     t,     -0.575470,      0.932565,      0.151245,     37.290001,    266.799988
     t,     -0.166550,      0.972548,      0.123620,     37.290001,    266.820007
     t,      0.222290,      1.101234,      0.080162,     37.299999,    266.869995
     t,      1.587585,      1.144686,      0.043218,     37.310001,    266.880005
     t,      1.983398,      1.202769,      0.076966,     37.310001,    266.899994
     t,      1.509888,      1.282447,      0.086303,     37.310001,    266.920013
     t,      1.542801,      1.323245,      0.095854,     37.320000,    266.929993
     t,      1.262741,      1.343884,      0.101363,     37.320000,    266.929993
     t,      1.507874,      1.359467,      0.103826,     37.320000,    266.929993
     t,      1.028946,      1.396179,      0.112229,     37.320000,    266.940002
     t,      1.218643,      1.425999,      0.123775,     37.320000,    266.950012
     t,      0.723007,      1.486585,      0.130467,     37.320000,    266.970001
     t,      1.046844,      1.522509,      0.133074,     37.330002,    266.980011
     t,      0.384491,      1.654310,      0.117499,     37.330002,    267.029999
     t,      0.006210,      1.678890,      0.091600,     37.330002,    267.049988
     t,     -0.242981,      1.693017,      0.076042,     37.330002,    267.059998
     t,     -0.000336,      1.728594,      0.082389,     37.330002,    267.079987
     t,     -0.697693,      1.833858,      0.127502,     37.330002,    267.140015
     t,     -1.701889,      1.849545,      0.171815,     37.330002,    267.160004
     t,     -5.740219,      1.876369,      0.203167,     37.330002,    267.190002
     t,     -2.650497,      1.882708,      0.191625,     37.330002,    267.200012
     t,     -2.346420,      1.890647,      0.080925,     37.330002,    267.200012
     t,     -3.169922,      1.897010,      0.035991,     37.330002,    267.209991
     t,     -2.310577,      1.903385,      0.041646,     37.330002,    267.209991
     t,     -3.338409,      1.908172,      0.078565,     37.330002,    267.220001
     t,     -2.494278,      1.912966,      0.158288,     37.330002,    267.220001
     t,     -0.034683,      1.912993,      0.259099,     37.330002,    267.220001
     t,     -1.332535,      1.913089,      0.410426,     37.330002,    267.230011
     t,      0.652664,      1.913135,      0.310200,     37.330002,    267.230011
     t,     -1.356201,      1.913235,      0.142335,     37.320000,    267.239990
     t,      0.388199,      1.907641,      0.121389,     37.320000,    267.239990
     t,     -0.091293,      1.896790,      0.114840,     37.320000,    267.239990
     t,     -0.481735,      1.894164,      0.109890,     37.320000,    267.230011
     t,      2.195587,      1.871593,      0.207044,     37.320000,    267.230011
     t,      1.149597,      1.865075,      0.211127,     37.320000,    267.230011
     t,      1.831284,      1.854347,      0.152404,     37.320000,    267.230011
     t,     -1.414856,      1.836858,      0.197754,     37.320000,    267.220001
     q,      0.037981,      0.005765,      0.000120,     34.840000,    267.739990
     q,     -0.016094,      0.005968,      0.000152,     34.840000,    267.739990
     q,      0.006815,      0.007895,      0.000300,     34.849998,    267.739990
     q,      0.093168,      0.010897,      0.000155,     34.860001,    267.750000
     q,      0.115898,      0.011532,      0.000247,     34.860001,    267.750000
     q,      0.100616,      0.011631,      0.000276,     34.860001,    267.750000
     q,     -0.022775,      0.011830,      0.000343,     34.860001,    267.750000
     q,      0.011354,      0.012082,      0.000445,     34.860001,    267.750000
     q,     -0.008098,      0.012286,      0.000543,     34.860001,    267.750000
     q,     -0.171116,      0.012594,      0.000719,     34.860001,    267.750000
     q,     -0.261206,      0.013329,      0.000922,     34.860001,    267.760010
     q,     -0.075633,      0.013802,      0.000945,     34.869999,    267.760010
     q,     -0.253649,      0.016336,      0.002234,     34.869999,    267.769989
     q,     -0.059626,      0.017078,      0.003379,     34.869999,    267.769989
     q,      0.096260,      0.019096,      0.003363,     34.869999,    267.779999
     q,      0.086011,      0.019268,      0.003415,     34.869999,    267.779999
     q,      0.034923,      0.023079,      0.003127,     34.869999,    267.799988
     q,      0.043920,      0.024345,      0.003078,     34.860001,    267.799988
     q,      0.028643,      0.024602,      0.003276,     34.860001,    267.809998
     q,     -0.154651,      0.024782,      0.003309,     34.860001,    267.809998
     q,     -0.069947,      0.024860,      0.003303,     34.860001,    267.809998
     q,     -0.121114,      0.024989,      0.003309,     34.860001,    267.809998
     q,      0.054417,      0.025067,      0.003324,     34.860001,    267.809998
     q,      0.128637,      0.025510,      0.003649,     34.860001,    267.820007
     q,      0.120977,      0.025617,      0.003812,     34.860001,    267.820007
     q,      0.007833,      0.025681,      0.003932,     34.860001,    267.820007
     q,     -0.010993,      0.026045,      0.003829,     34.860001,    267.829987
     q,     -0.225406,      0.026196,      0.003769,     34.860001,    267.829987
     q,     -0.189411,      0.026239,      0.003766,     34.860001,    267.829987
     q,      0.093839,      0.026325,      0.003787,     34.860001,    267.839996
     q,      0.204011,      0.026564,      0.004004,     34.860001,    267.839996
     q,      0.202940,      0.026585,      0.004040,     34.860001,    267.839996
     q,      0.149212,      0.026690,      0.004176,     34.860001,    267.839996
     q,      0.226967,      0.026954,      0.003904,     34.860001,    267.850006
     q,     -0.076643,      0.027033,      0.003843,     34.860001,    267.850006
     q,     -0.198727,      0.027192,      0.003880,     34.869999,    267.850006
     q,     -0.103937,      0.027484,      0.003795,     34.869999,    267.859985
     q,     -0.170670,      0.027564,      0.003816,     34.869999,    267.859985
     q,     -0.077924,      0.027912,      0.003441,     34.869999,    267.869995
     q,     -0.156904,      0.028041,      0.003166,     34.869999,    267.869995
     q,     -0.100801,      0.028299,      0.002683,     34.869999,    267.869995
     q,      0.028013,      0.028402,      0.002533,     34.869999,    267.880005
     q,     -0.088731,      0.028922,      0.002517,     34.869999,    267.890015
     q,     -0.060975,      0.029210,      0.003201,     34.880001,    267.899994
     q,     -0.035939,      0.029707,      0.004538,     34.880001,    267.910004
     q,     -0.120821,      0.029943,      0.004248,     34.880001,    267.910004
     q,     -0.092748,      0.030357,      0.004062,     34.880001,    267.920013
     q,      0.190847,      0.030446,      0.004102,     34.880001,    267.920013
     q,      0.231336,      0.030506,      0.004151,     34.880001,    267.920013
     q,      0.147690,      0.030982,      0.003786,     34.889999,    267.929993
     q,     -0.015257,      0.031319,      0.003514,     34.889999,    267.940002
     q,     -0.053876,      0.031809,      0.003291,     34.889999,    267.940002
     q,     -0.051798,      0.032112,      0.002953,     34.889999,    267.950012
     q,      0.056302,      0.032455,      0.002505,     34.900002,    267.950012
     q,      0.013919,      0.032569,      0.002388,     34.900002,    267.959991
     q,      0.002513,      0.007895,      0.000212,     34.843342,    267.739990
     q,      0.006179,      0.007895,      0.000247,     34.846237,    267.739990
     q,     -0.070517,      0.006506,      0.000360,     37.240002,    266.600006
     q,     -0.088915,      0.006567,      0.000363,     37.240002,    266.600006
     q,     -0.074549,      0.007283,      0.000264,     37.240002,    266.600006
     q,      0.007912,      0.007895,      0.000306,     37.240002,    266.600006
     q,      0.026704,      0.008117,      0.000394,     37.240002,    266.600006
     q,     -0.053304,      0.010897,      0.000728,     37.250000,    266.609985
     q,     -0.051400,      0.011384,      0.001038,     37.250000,    266.609985
     q,     -0.041298,      0.014390,      0.000944,     37.259998,    266.619995
     q,     -0.061686,      0.015883,      0.000526,     37.259998,    266.630005
     q,      0.015594,      0.018371,      0.000470,     37.270000,    266.649994
     q,     -0.003620,      0.019096,      0.000501,     37.270000,    266.649994
     q,     -0.032335,      0.021565,      0.000772,     37.270000,    266.670013
     q,      0.043434,      0.022906,      0.001253,     37.279999,    266.690002
     q,      0.003529,      0.023733,      0.001830,     37.279999,    266.690002
     q,      0.109646,      0.024173,      0.001793,     37.279999,    266.700012
     q,      0.143904,      0.024499,      0.001805,     37.279999,    266.709991
     q,      0.169646,      0.024989,      0.002028,     37.270000,    266.709991
     q,      0.076555,      0.025093,      0.002136,     37.270000,    266.720001
     q,      0.076934,      0.026024,      0.002485,     37.270000,    266.730011
     q,     -0.059575,      0.026477,      0.002382,     37.270000,    266.739990
     q,      0.059014,      0.026585,      0.002337,     37.270000,    266.739990
     q,      0.099217,      0.026612,      0.002330,     37.270000,    266.739990
     q,      0.036359,      0.026743,      0.002310,     37.270000,    266.739990
     q,      0.098808,      0.027351,      0.002447,     37.270000,    266.750000
     q,      0.146718,      0.027431,      0.002471,     37.270000,    266.750000
     q,     -0.111473,      0.027564,      0.002574,     37.270000,    266.760010
     q,     -0.103150,      0.027618,      0.002621,     37.270000,    266.760010
     q,     -0.053411,      0.028092,      0.003620,     37.279999,    266.769989
     q,      0.085982,      0.028350,      0.003694,     37.279999,    266.769989
     q,     -0.062444,      0.028506,      0.003858,     37.279999,    266.769989
     q,     -0.111971,      0.028714,      0.004366,     37.279999,    266.779999
     q,     -0.124641,      0.029210,      0.005133,     37.279999,    266.790009
     q,     -0.120459,      0.029269,      0.004948,     37.279999,    266.790009
     q,     -0.233609,      0.029649,      0.004200,     37.290001,    266.790009
     q,     -0.196424,      0.029913,      0.004733,     37.290001,    266.799988
     q,     -0.085615,      0.029972,      0.004976,     37.290001,    266.799988
     q,      0.025911,      0.030120,      0.004790,     37.290001,    266.799988
     q,      0.012187,      0.030722,      0.007102,     37.290001,    266.820007
     q,      0.040764,      0.032112,      0.014610,     37.299999,    266.869995
     q,      0.179096,      0.032569,      0.012503,     37.310001,    266.880005
     t,      0.815887,      1.971755,      0.048824,     41.610001,    269.420013
     t,      0.373322,      1.979480,      0.052236,     41.610001,    269.420013
     t,     -0.761139,      2.007934,      0.063386,     41.610001,    269.420013
     t,     -0.890656,      2.065544,      0.055126,     41.610001,    269.410004
     t,     -0.793823,      2.005679,      0.055238,     41.610001,    269.399994
     t,      0.418915,      1.883427,      0.045058,     41.610001,    269.399994
     t,      0.981903,      1.868416,      0.046047,     41.610001,    269.399994
     t,      1.893555,      1.807841,      0.053193,     41.610001,    269.399994
     t,      1.560211,      1.678092,      0.134347,     41.610001,    269.390015
     t,     -1.418640,      1.251781,      0.025026,     41.610001,    269.390015
     t,     -2.098480,      1.183635,      0.034457,     41.610001,    269.390015
     t,     -0.297241,      1.133778,      0.032669,     41.610001,    269.390015
     t,     -0.441406,      1.080976,      0.034253,     41.610001,    269.390015
     t,     -1.006256,      1.017555,      0.048932,     41.610001,    269.390015
     t,     -0.638153,      0.991300,      0.043428,     41.610001,    269.390015
     t,      0.191193,      0.958160,      0.044688,     41.610001,    269.390015
     t,      0.237427,      0.935329,      0.061242,     41.610001,    269.399994
     t,      0.735809,      0.916513,      0.063146,     41.610001,    269.399994
     t,      0.138702,      0.861283,      0.052702,     41.599998,    269.399994
     t,     -0.318695,      0.847119,      0.026517,     41.599998,    269.410004
     t,     -0.137482,      0.842424,      0.017380,     41.599998,    269.410004
     t,     -0.010925,      0.841146,      0.015328,     41.599998,    269.410004
     t,      0.003387,      0.840787,      0.009535,     41.599998,    269.420013
     t,      0.151276,      0.840656,      0.007947,     41.599998,    269.420013
     t,     -0.083710,      0.840264,      0.005993,     41.599998,    269.420013
     t,      0.150696,      0.839808,      0.009438,     41.599998,    269.420013
     t,     -0.270844,      0.850580,      0.021309,     41.599998,    269.429993
     t,      1.159973,      0.863117,      0.037557,     41.599998,    269.440002
     t,      0.352814,      0.874337,      0.034712,     41.599998,    269.450012
     t,      0.280457,      0.876186,      0.035024,     41.599998,    269.450012
     t,     -0.098923,      0.891049,      0.039790,     41.590000,    269.450012
     t,      0.393402,      0.902278,      0.045576,     41.590000,    269.450012
     t,     -0.144882,      0.923047,      0.041792,     41.590000,    269.459991
     t,      0.141953,      0.938300,      0.037599,     41.590000,    269.470001
     t,      0.360458,      0.963353,      0.035224,     41.590000,    269.480011
     t,     -0.019913,      1.108417,      0.028681,     41.580002,    269.510010
     t,     -0.804138,      2.065544,      0.059148,     41.610001,    269.414520
     t,     -1.429138,      1.961479,      0.011898,     40.150002,    270.660004
     t,     -2.127869,      1.976904,      0.009715,     40.150002,    270.660004
     t,     -1.611389,      2.054934,      0.007991,     40.150002,    270.660004
     t,     -0.830292,      2.065544,      0.001574,     40.150002,    270.649994
     t,     -0.684479,      2.064923,      0.001659,     40.150002,    270.649994
     t,      0.522095,      2.056442,      0.033059,     40.150002,    270.649994
     t,     -0.003326,      2.036843,      0.050571,     40.150002,    270.649994
     t,     -1.515533,      1.868416,      0.028207,     40.150002,    270.649994
     t,     -1.479553,      1.862313,      0.028313,     40.150002,    270.649994
     t,     -0.597748,      1.441104,      0.127551,     40.150002,    270.660004
     t,     -1.400818,      1.129671,      0.090724,     40.150002,    270.679993
     t,     -1.749115,      1.080976,      0.080349,     40.150002,    270.679993
     t,     -2.266357,      1.039291,      0.072611,     40.150002,    270.679993
     t,     -0.577576,      0.863975,      0.049448,     40.150002,    270.690002
     t,     -1.226318,      0.857839,      0.047766,     40.150002,    270.690002
     t,     -1.676819,      0.855689,      0.047548,     40.150002,    270.690002
     t,     -0.293030,      0.841146,      0.023471,     40.150002,    270.700012
     t,      0.381714,      0.840689,      0.019407,     40.150002,    270.700012
     t,      0.294464,      0.840264,      0.015841,     40.150002,    270.709991
     t,      0.242249,      0.839971,      0.014813,     40.139999,    270.709991
     t,      0.419067,      0.839742,      0.014194,     40.139999,    270.709991
     t,      0.707550,      0.841583,      0.013629,     40.139999,    270.709991
     t,      1.072693,      0.848500,      0.013157,     40.139999,    270.720001
     t,      0.227844,      0.874337,      0.010282,     40.139999,    270.730011
     t,     -0.309418,      0.944052,      0.016232,     40.130001,    270.750000
     t,      0.456833,      0.992873,      0.018255,     40.130001,    270.769989
     t,      0.414749,      1.044605,      0.015733,     40.130001,    270.779999
     t,     -0.112839,      1.090502,      0.016449,     40.130001,    270.790009
     t,     -0.290161,      1.119237,      0.017494,     40.130001,    270.799988
     t,      0.385391,      1.144686,      0.020604,     40.130001,    270.799988
     t,      1.317200,      1.192988,      0.025485,     40.130001,    270.809998
     t,      0.195129,      1.396179,      0.023363,     40.150002,    270.859985
     t,      0.305038,      1.436009,      0.018636,     40.150002,    270.869995
     t,      0.436203,      1.527676,      0.028335,     40.150002,    270.910004
     t,      0.928802,      1.632855,      0.037573,     40.160000,    270.959991
     t,      0.536530,      1.654310,      0.044054,     40.160000,    270.970001
     t,     -0.536942,      1.721449,      0.065419,     40.169998,    271.010010
     t,     -0.209625,      1.757321,      0.029602,     40.180000,    271.029999
     t,     -1.011719,      1.811824,      0.016385,     40.180000,    271.079987
     t,     -0.951172,      1.833858,      0.026051,     40.180000,    271.100006
     t,     -1.184052,      1.862313,      0.059839,     40.150002,    270.655396
     t,     -2.128448,      1.039291,      0.026074,     40.150002,    270.683746
     q,      0.020943,      0.005851,      0.000167,     41.610001,    269.420013
     q,     -0.032864,      0.005939,      0.000175,     41.610001,    269.420013
     q,     -0.066700,      0.006264,      0.000180,     41.610001,    269.420013
     q,     -0.068226,      0.007895,      0.000100,     41.610001,    269.410004
     q,     -0.120086,      0.009395,      0.000101,     41.610001,    269.399994
     q,     -0.050577,      0.010725,      0.000222,     41.610001,    269.399994
     q,     -0.022134,      0.010897,      0.000217,     41.610001,    269.399994
     q,      0.002025,      0.011384,      0.000218,     41.610001,    269.399994
     q,     -0.005736,      0.012491,      0.000405,     41.610001,    269.390015
     q,      0.048088,      0.016676,      0.001575,     41.610001,    269.390015
     q,     -0.058414,      0.017601,      0.002390,     41.610001,    269.390015
     q,     -0.064717,      0.018311,      0.002739,     41.610001,    269.390015
     q,     -0.019646,      0.019096,      0.003390,     41.610001,    269.390015
     q,      0.074520,      0.020607,      0.005792,     41.610001,    269.390015
     q,      0.047686,      0.021263,      0.004510,     41.610001,    269.390015
     q,     -0.183687,      0.022137,      0.003211,     41.610001,    269.390015
     q,     -0.155962,      0.022906,      0.002531,     41.610001,    269.399994
     q,     -0.010847,      0.023557,      0.002178,     41.610001,    269.399994
     q,     -0.038151,      0.025574,      0.001678,     41.599998,    269.399994
     q,      0.073690,      0.026282,      0.000844,     41.599998,    269.410004
     q,      0.014928,      0.026520,      0.000479,     41.599998,    269.410004
     q,      0.018704,      0.026585,      0.000394,     41.599998,    269.410004
     q,      0.114969,      0.026874,      0.000198,     41.599998,    269.420013
     q,      0.022269,      0.026980,      0.000180,     41.599998,    269.420013
     q,     -0.086792,      0.027298,      0.000167,     41.599998,    269.420013
     q,     -0.120242,      0.027671,      0.000279,     41.599998,    269.420013
     q,      0.057497,      0.028324,      0.000313,     41.599998,    269.429993
     q,     -0.082136,      0.028792,      0.000637,     41.599998,    269.440002
     q,      0.034594,      0.029210,      0.000511,     41.599998,    269.450012
     q,      0.034437,      0.029239,      0.000514,     41.599998,    269.450012
     q,     -0.000556,      0.029473,      0.000602,     41.590000,    269.450012
     q,     -0.075545,      0.029649,      0.000777,     41.590000,    269.450012
     q,      0.003955,      0.029972,      0.000677,     41.590000,    269.459991
     q,     -0.115572,      0.030209,      0.000496,     41.590000,    269.470001
     q,     -0.074937,      0.032188,      0.000713,     41.580002,    269.510010
     q,     -0.066848,      0.007895,      0.000088,     41.610001,    269.414520
     q,     -0.009505,      0.005736,      0.000009,     40.150002,    270.660004
     q,     -0.039548,      0.005909,      0.000009,     40.150002,    270.660004
     q,     -0.075241,      0.006815,      0.000003,     40.150002,    270.660004
     q,     -0.085607,      0.007895,      0.000007,     40.150002,    270.649994
     q,     -0.080253,      0.008006,      0.000007,     40.150002,    270.649994
     q,     -0.000047,      0.008880,      0.000014,     40.150002,    270.649994
     q,     -0.082032,      0.009076,      0.000023,     40.150002,    270.649994
     q,     -0.065830,      0.010897,      0.000085,     40.150002,    270.649994
     q,     -0.062775,      0.010945,      0.000090,     40.150002,    270.649994
     q,      0.046200,      0.014660,      0.000543,     40.150002,    270.660004
     q,     -0.007580,      0.018371,      0.001405,     40.150002,    270.679993
     q,     -0.058179,      0.019096,      0.001477,     40.150002,    270.679993
     q,     -0.096099,      0.020078,      0.001648,     40.150002,    270.679993
     q,     -0.034201,      0.025458,      0.001448,     40.150002,    270.690002
     q,     -0.121020,      0.025745,      0.001359,     40.150002,    270.690002
     q,     -0.285724,      0.025852,      0.001331,     40.150002,    270.690002
     q,     -0.067192,      0.026585,      0.001123,     40.150002,    270.700012
     q,     -0.029476,      0.026954,      0.001067,     40.150002,    270.700012
     q,      0.025915,      0.027298,      0.000962,     40.150002,    270.709991
     q,     -0.127453,      0.027538,      0.000947,     40.139999,    270.709991
     q,      0.037811,      0.027725,      0.000972,     40.139999,    270.709991
     q,     -0.130356,      0.027989,      0.000881,     40.139999,    270.709991
     q,     -0.178413,      0.028247,      0.000743,     40.139999,    270.720001
     q,     -0.129324,      0.029210,      0.000829,     40.139999,    270.730011
     q,     -0.058567,      0.030298,      0.003730,     40.130001,    270.750000
     q,     -0.115590,      0.030945,      0.005912,     40.130001,    270.769989
     q,     -0.178714,      0.031507,      0.004971,     40.130001,    270.779999
     q,     -0.093230,      0.031998,      0.004698,     40.130001,    270.790009
     q,     -0.178974,      0.032302,      0.004306,     40.130001,    270.799988
     q,     -0.088187,      0.032569,      0.004419,     40.130001,    270.799988
     q,      0.016781,      0.014660,      0.000302,     40.150002,    270.655396
     q,     -0.082919,      0.025458,      0.001469,     40.150002,    270.683746
     t,      1.516815,      1.989804,      0.015936,     44.849998,    266.440002
     t,      0.399933,      2.020935,      0.015022,     44.849998,    266.440002
     t,      0.061584,      2.069685,      0.012972,     44.849998,    266.440002
     t,      0.274811,      2.065544,      0.011809,     44.849998,    266.440002
     t,     -0.070679,      1.883427,      0.037803,     44.860001,    266.440002
     t,     -0.298706,      1.868416,      0.038359,     44.860001,    266.440002
     t,     -1.649384,      1.620712,      0.054776,     44.860001,    266.429993
     t,     -1.360168,      1.504646,      0.061407,     44.860001,    266.429993
     t,     -1.079956,      1.475593,      0.057192,     44.860001,    266.429993
     t,     -0.680237,      1.412675,      0.053317,     44.860001,    266.440002
     t,     -0.402008,      1.384529,      0.054368,     44.860001,    266.440002
     t,      0.210602,      1.334579,      0.050523,     44.869999,    266.440002
     t,      0.636230,      1.273467,      0.051995,     44.869999,    266.440002
     t,      1.351166,      1.213214,      0.069893,     44.869999,    266.440002
     t,      0.415131,      1.105190,      0.050551,     44.869999,    266.440002
     t,      0.521515,      1.080976,      0.039559,     44.869999,    266.440002
     t,      0.096375,      1.053910,      0.027964,     44.869999,    266.440002
     t,     -0.578857,      0.991300,      0.043474,     44.869999,    266.440002
     t,     -0.225067,      0.947979,      0.070063,     44.869999,    266.450012
     t,      0.219788,      0.934069,      0.092552,     44.869999,    266.450012
     t,     -0.300964,      0.902837,      0.099048,     44.869999,    266.450012
     t,     -0.563904,      0.885095,      0.074469,     44.869999,    266.450012
     t,      0.460297,      0.861283,      0.022734,     44.869999,    266.459991
     t,      0.458160,      0.858269,      0.016528,     44.869999,    266.459991
     t,      0.914429,      0.853543,      0.013088,     44.869999,    266.459991
     t,      0.944580,      0.847547,      0.011346,     44.869999,    266.459991
     t,      0.426422,      0.842424,      0.011496,     44.869999,    266.470001
     t,      0.500671,      0.841146,      0.011806,     44.869999,    266.470001
     t,      0.477509,      0.841080,      0.012189,     44.860001,    266.470001
     t,     -0.176056,      0.840395,      0.010235,     44.860001,    266.480011
     t,     -0.557434,      0.841583,      0.003755,     44.860001,    266.500000
     t,     -0.054321,      0.857534,      0.003265,     44.860001,    266.510010
     t,     -0.073044,      0.861719,      0.003528,     44.860001,    266.519989
     t,      0.291626,      0.870823,      0.004739,     44.860001,    266.519989
     t,      0.510681,      0.872931,      0.005178,     44.860001,    266.529999
     t,      0.592102,      0.874337,      0.005467,     44.860001,    266.529999
     t,      0.674988,      0.878037,      0.005775,     44.860001,    266.529999
     t,      0.362305,      0.936386,      0.009601,     44.849998,    266.549988
     t,      0.207870,      0.961414,      0.010025,     44.849998,    266.549988
     t,     -0.216064,      1.016851,      0.007890,     44.849998,    266.559998
     t,      0.392044,      1.069196,      0.005780,     44.849998,    266.570007
     t,      0.123688,      1.144686,      0.002699,     44.840000,    266.589996
     t,      0.097351,      1.197873,      0.001896,     44.840000,    266.589996
     t,      0.359634,      1.257273,      0.001540,     44.840000,    266.600006
     t,      0.174881,      1.396179,      0.002396,     44.840000,    266.619995
     t,     -1.807495,      1.600934,      0.019360,     44.840000,    266.649994
     t,     -1.487366,      1.654310,      0.037911,     44.840000,    266.660004
     t,     -1.425720,      1.657811,      0.037064,     44.840000,    266.670013
     t,     -3.157410,      1.696558,      0.038405,     44.840000,    266.679993
     t,     -0.491287,      1.732172,      0.049896,     44.830002,    266.700012
     t,     -1.944016,      1.771774,      0.040739,     44.830002,    266.730011
     t,     -0.303207,      1.782652,      0.038954,     44.830002,    266.730011
     t,     -0.438843,      1.800857,      0.032611,     44.830002,    266.739990
     t,      2.061676,      1.826498,      0.026739,     44.830002,    266.760010
     t,      1.692825,      1.833858,      0.025943,     44.830002,    266.769989
     t,      1.633072,      1.841693,      0.024050,     44.830002,    266.779999
     t,      0.242172,      1.849545,      0.024762,     44.830002,    266.799988
     t,     -0.165985,      1.868459,      0.041502,     44.820000,    266.839996
     t,      0.603516,      1.873203,      0.049322,     44.820000,    266.839996
     t,     -0.359497,      1.879537,      0.064528,     44.820000,    266.859985
     t,     -0.174103,      1.884294,      0.074196,     44.820000,    266.869995
     t,     -1.849258,      1.904980,      0.108936,     44.820000,    266.910004
     t,     -0.339874,      1.912966,      0.109660,     44.810001,    266.929993
     t,     -1.725784,      1.913211,      0.174982,     44.790001,    266.970001
     t,      0.296188,      1.913239,      0.169151,     44.790001,    266.970001
     t,      0.544769,      1.896790,      0.186109,     44.790001,    266.980011
     t,      1.418152,      1.886626,      0.183814,     44.779999,    266.980011
     t,     -2.015244,      1.842678,      0.207132,     44.779999,    266.989990
     t,     -1.259293,      1.913211,      0.172273,     44.799953,    266.950104
     t,      3.339508,      0.860948,      0.000543,     47.299999,    270.200012
     t,      5.040802,      0.860951,      0.038167,     47.080002,    269.269989
     t,      2.439545,      0.860948,      0.000542,     47.299999,    270.200012
     t,      6.793762,      0.860950,      0.026951,     47.080002,    269.269989
     t,      0.739502,      0.860949,      0.000543,     47.299999,    270.200012
     t,      6.093750,      0.860951,      0.026950,     47.080002,    269.269989
     q,     -0.081526,      0.006056,      0.000273,     44.849998,    266.440002
     q,     -0.108439,      0.006415,      0.000305,     44.849998,    266.440002
     q,     -0.135914,      0.007178,      0.000382,     44.849998,    266.440002
     q,     -0.125897,      0.007895,      0.000433,     44.849998,    266.440002
     q,      0.036103,      0.010725,      0.001501,     44.860001,    266.440002
     q,      0.010377,      0.010897,      0.001456,     44.860001,    266.440002
     q,      0.108093,      0.013011,      0.002756,     44.860001,    266.429993
     q,      0.010523,      0.014068,      0.003232,     44.860001,    266.429993
     q,      0.070837,      0.014336,      0.003018,     44.860001,    266.429993
     q,     -0.184350,      0.014934,      0.002913,     44.860001,    266.440002
     q,     -0.203068,      0.015210,      0.003049,     44.860001,    266.440002
     q,     -0.172141,      0.015713,      0.002800,     44.869999,    266.440002
     q,      0.070455,      0.016392,      0.002036,     44.869999,    266.440002
     q,     -0.002757,      0.017194,      0.001366,     44.869999,    266.440002
     q,     -0.086184,      0.018732,      0.000721,     44.869999,    266.440002
     q,      0.016042,      0.019096,      0.000624,     44.869999,    266.440002
     q,      0.046354,      0.019729,      0.000502,     44.869999,    266.440002
     q,      0.009205,      0.021263,      0.000554,     44.869999,    266.440002
     q,      0.061270,      0.022477,      0.000603,     44.869999,    266.450012
     q,     -0.087931,      0.022949,      0.000663,     44.869999,    266.450012
     q,      0.032687,      0.024041,      0.000657,     44.869999,    266.450012
     q,     -0.008807,      0.024679,      0.000630,     44.869999,    266.450012
     q,     -0.118161,      0.025574,      0.001051,     44.869999,    266.459991
     q,     -0.057206,      0.025724,      0.001251,     44.869999,    266.459991
     q,     -0.208286,      0.025959,      0.001703,     44.869999,    266.459991
     q,     -0.107294,      0.026261,      0.001459,     44.869999,    266.459991
     q,     -0.078309,      0.026520,      0.001255,     44.869999,    266.470001
     q,     -0.110197,      0.026585,      0.001205,     44.869999,    266.470001
     q,     -0.166080,      0.026638,      0.001180,     44.860001,    266.470001
     q,     -0.205863,      0.027192,      0.001072,     44.860001,    266.480011
     q,     -0.097851,      0.027989,      0.002176,     44.860001,    266.500000
     q,     -0.178630,      0.028584,      0.002060,     44.860001,    266.510010
     q,     -0.063443,      0.028740,      0.002057,     44.860001,    266.519989
     q,     -0.081681,      0.029079,      0.001866,     44.860001,    266.519989
     q,     -0.147887,      0.029158,      0.001765,     44.860001,    266.529999
     q,     -0.104909,      0.029210,      0.001713,     44.860001,    266.529999
     q,     -0.080236,      0.029269,      0.001660,     44.860001,    266.529999
     q,     -0.232002,      0.030179,      0.000927,     44.849998,    266.549988
     q,     -0.083611,      0.030565,      0.000743,     44.849998,    266.549988
     q,     -0.065077,      0.031207,      0.000719,     44.849998,    266.559998
     q,     -0.129199,      0.031771,      0.000895,     44.849998,    266.570007
     q,     -0.148840,      0.032569,      0.000885,     44.840000,    266.589996
     q,      0.171090,      0.001162,      0.000012,     47.080002,    269.269989
     q,      0.110452,      0.001162,      0.000012,     47.080002,    269.269989
     q,      0.193561,      0.001162,      0.000012,     47.080002,    269.269989
