Note (2018.08.15) This script is outputed from innovstats.f90
obtype,         obfit, oberrvar_orig,        obsprd,      obloclat,      obloclon
    sm,     -0.005302,      0.001600,      0.001239,     37.132999,    262.916992
    sm,     -0.063296,      0.001600,      0.000049,     42.016998,    266.266998
    sm,      0.075826,      0.001600,      0.000006,     30.070000,    265.709991
    sm,     -0.137407,      0.001600,      0.000006,     35.167000,    257.899994
    sm,     -0.094680,      0.001600,      0.000382,     39.700001,    263.833008
    sm,      0.045667,      0.001600,      0.000305,     39.228001,    267.881012
    sm,     -0.014432,      0.001600,      0.000100,     40.820000,    255.289993
    sm,     -0.136982,      0.001600,      0.000023,     45.417000,    266.049988
    sm,      0.061905,      0.001600,      0.000000,     43.733002,    263.382996
    sm,     -0.032819,      0.001600,      0.000054,     35.549999,    261.983002
    sm,     -0.154346,      0.001600,      0.000004,     47.716999,    263.733002
    sm,     -0.134521,      0.001600,      0.000017,     34.250000,    270.132996
    sm,     -0.159528,      0.001600,      0.000003,     34.233002,    270.100006
    sm,      0.052932,      0.001600,      0.000666,     33.450001,    260.130005
    sm,     -0.049844,      0.001600,      0.000054,     39.049999,    264.816986
    sm,     -0.209103,      0.001600,      0.000412,     40.317001,    270.100006
    sm,      0.078025,      0.001600,      0.000002,     33.000000,    268.933014
    sm,      0.023870,      0.001600,      0.000249,     40.867001,    255.266998
    sm,      0.025960,      0.001600,      0.000000,     32.750000,    269.066986
    sm,      0.073589,      0.001600,      0.000000,     33.966999,    269.100006
    sm,      0.034763,      0.001600,      0.000066,     39.783001,    260.666992
    sm,     -0.069238,      0.001600,      0.000097,     30.083000,    264.016998
    sm,     -0.006712,      0.001600,      0.000001,     31.480000,    263.119995
    sm,      0.070010,      0.001600,      0.000125,     40.849998,    263.532990
    sm,      0.099574,      0.001600,      0.000001,     31.549999,    259.489990
    sm,     -0.174604,      0.001600,      0.000000,     33.667000,    269.433014
    sm,     -0.011109,      0.001600,      0.000225,     37.990002,    265.959991
    sm,      0.108460,      0.001600,      0.000000,     33.617001,    268.899994
    sm,      0.185799,      0.001600,      0.000340,     42.432999,    264.233002
    sm,     -0.037001,      0.001600,      0.000001,     33.083000,    269.483002
    sm,     -0.042838,      0.001600,      0.001051,     40.250000,    266.282990
    sm,     -0.002063,      0.001600,      0.000007,     33.632999,    271.233002
    sm,     -0.083813,      0.001600,      0.000001,     32.250000,    261.799988
    sm,     -0.023537,      0.001600,      0.000035,     34.682999,    269.583008
    sm,     -0.062082,      0.001600,      0.000042,     34.250000,    267.967010
    sm,     -0.004011,      0.001600,      0.000028,     34.849998,    268.117004
    sm,     -0.061738,      0.001600,      0.000001,     34.783001,    269.183014
    sm,      0.001877,      0.001600,      0.000022,     29.360001,    259.750000
    sm,      0.116148,      0.001600,      0.000003,     34.067001,    269.649994
    sm,     -0.036106,      0.001600,      0.000022,     34.020000,    260.750000
    sm,      0.009438,      0.001600,      0.000002,     45.466999,    271.416992
    sm,     -0.049250,      0.001600,      0.000001,     45.712002,    260.869995
    sm,      0.006904,      0.001600,      0.000003,     30.622000,    261.915009
    sm,     -0.153553,      0.001600,      0.000201,     35.820000,    268.218994
    sm,     -0.106756,      0.001600,      0.000024,     40.035000,    254.459000
    sm,     -0.143891,      0.001600,      0.000038,     32.041000,    259.751007
    sm,      0.003346,      0.001600,      0.000010,     45.515999,    256.697998
    sm,      0.091065,      0.001600,      0.000070,     40.053001,    271.627014
    sm,     -0.007892,      0.001600,      0.000386,     41.556000,    266.714996
    sm,      0.071003,      0.001600,      0.000010,     48.306000,    264.126007
    sm,     -0.049584,      0.001600,      0.000169,     36.598999,    258.404999
    sm,     -0.034584,      0.001600,      0.000169,     36.568001,    258.390015
    sm,     -0.047503,      0.001600,      0.000064,     42.424999,    256.264008
    sm,     -0.086685,      0.001600,      0.000005,     46.770000,    260.522003
    sm,      0.129197,      0.001600,      0.000497,     37.428001,    265.416992
    sm,     -0.004617,      0.001600,      0.000103,     37.863998,    256.178009
    sm,     -0.048131,      0.001600,      0.000004,     30.091999,    268.127014
    sm,      0.050408,      0.001600,      0.000912,     40.695000,    263.145996
    sm,      0.103010,      0.001600,      0.000125,     40.848000,    263.434998
    sm,      0.112323,      0.001600,      0.000090,     39.103001,    263.390015
    sm,     -0.070704,      0.001600,      0.000028,     46.895000,    256.622986
    sm,     -0.202169,      0.001600,      0.000001,     32.882999,    267.882996
    sm,     -0.028385,      0.001600,      0.000013,     33.956001,    257.226013
    sm,     -0.078936,      0.001600,      0.000080,     44.060001,    269.825989
    sm,     -0.139432,      0.001600,      0.000100,     40.806999,    255.244995
    sm,      0.119489,      0.001600,      0.000030,     38.869999,    259.036987
    sm,     -0.207613,      0.001600,      0.000046,     31.780001,    264.277008
    sm,     -0.130933,      0.001600,      0.000150,     29.348000,    256.790985
    sm,      0.049415,      0.001600,      0.000029,     44.019001,    259.647003
    sm,     -0.200286,      0.001600,      0.000292,     37.633999,    268.277008
    sm,     -0.002971,      0.001600,      0.000001,     46.113998,    267.006012
    sm,     -0.088110,      0.001600,      0.000000,     41.842999,    271.148987
    sm,      0.121905,      0.001600,      0.000000,     43.735001,    263.377991
    sm,      0.178042,      0.001600,      0.000228,     36.118000,    262.908997
    sm,      0.092042,      0.001600,      0.000228,     36.134998,    262.891998
    sm,     -0.133935,      0.001600,      0.000036,     44.516998,    255.563995
     t,      1.740936,      2.013129,      0.000011,     29.370001,    259.079987
     t,      0.057465,      2.054934,      0.000013,     29.370001,    259.079987
     t,      0.024200,      2.065544,      0.000010,     29.370001,    259.079987
     t,      0.093414,      1.868416,      0.000005,     29.379999,    259.079987
     t,     -0.089508,      1.783891,      0.000014,     29.379999,    259.079987
     t,      0.088318,      1.498813,      0.000009,     29.379999,    259.070007
     t,      0.679352,      1.412675,      0.000008,     29.379999,    259.070007
     t,     -0.064758,      1.080976,      0.000021,     29.379999,    259.079987
     t,     -0.351532,      1.041721,      0.000038,     29.379999,    259.079987
     t,     -0.613129,      0.935329,      0.000098,     29.379999,    259.079987
     t,     -0.853973,      0.897889,      0.000117,     29.379999,    259.089996
     t,     -0.906189,      0.881557,      0.000130,     29.379999,    259.089996
     t,     -1.230865,      0.871690,      0.000144,     29.379999,    259.089996
     t,     -1.216431,      0.866777,      0.000137,     29.379999,    259.089996
     t,     -1.044891,      0.859991,      0.000128,     29.379999,    259.089996
     t,     -0.882477,      0.858269,      0.000126,     29.379999,    259.089996
     t,     -0.849457,      0.854830,      0.000123,     29.379999,    259.089996
     t,     -0.199005,      0.851827,      0.000122,     29.379999,    259.089996
     t,     -0.820496,      0.841146,      0.000110,     29.379999,    259.089996
     t,     -0.825317,      0.841080,      0.000110,     29.379999,    259.089996
     t,     -0.539856,      0.840721,      0.000110,     29.379999,    259.100006
     t,     -0.329285,      0.840493,      0.000113,     29.379999,    259.100006
     t,      0.125183,      0.840199,      0.000107,     29.379999,    259.100006
     t,     -0.221069,      0.839644,      0.000101,     29.379999,    259.100006
     t,     -0.459045,      0.845038,      0.000102,     29.379999,    259.100006
     t,     -0.303894,      0.849887,      0.000102,     29.379999,    259.100006
     t,     -0.233185,      0.851969,      0.000103,     29.379999,    259.100006
     t,     -0.458099,      0.856837,      0.000107,     29.379999,    259.100006
     t,     -0.178650,      0.858928,      0.000109,     29.379999,    259.100006
     t,      0.003540,      0.861021,      0.000111,     29.379999,    259.100006
     t,      0.645538,      0.874337,      0.000141,     29.379999,    259.100006
     t,      0.591736,      0.883602,      0.000149,     29.370001,    259.100006
     t,      0.952728,      0.887322,      0.000155,     29.370001,    259.100006
     t,      0.678680,      0.894784,      0.000169,     29.370001,    259.100006
     t,      0.543777,      0.904156,      0.000188,     29.370001,    259.100006
     t,     -0.027390,      0.926848,      0.000238,     29.370001,    259.100006
     t,     -0.198227,      0.938300,      0.000253,     29.370001,    259.100006
     t,     -0.196823,      0.947897,      0.000269,     29.370001,    259.100006
     t,      0.135620,      0.967236,      0.000307,     29.370001,    259.100006
     t,     -0.127655,      0.996281,      0.000340,     29.370001,    259.100006
     t,     -0.103928,      1.009971,      0.000338,     29.370001,    259.100006
     t,     -0.351242,      1.030681,      0.000323,     29.360001,    259.100006
     t,     -0.070084,      1.041115,      0.000324,     29.360001,    259.100006
     t,     -0.184525,      1.051602,      0.000325,     29.360001,    259.100006
     t,     -0.194473,      1.062141,      0.000327,     29.360001,    259.100006
     t,      0.066055,      1.076275,      0.000330,     29.360001,    259.100006
     t,      0.464676,      1.112018,      0.000334,     29.360001,    259.100006
     t,      0.014252,      1.133744,      0.000336,     29.360001,    259.100006
     t,      0.046860,      1.144686,      0.000338,     29.360001,    259.100006
     t,     -0.380386,      1.207674,      0.000334,     29.350000,    259.100006
     t,     -0.618469,      1.222449,      0.000328,     29.350000,    259.100006
     t,     -0.415161,      1.292587,      0.000311,     29.350000,    259.100006
     t,     -0.780045,      1.364682,      0.000295,     29.340000,    259.100006
     t,     -0.523743,      1.396179,      0.000297,     29.340000,    259.100006
     t,     -0.393906,      1.481488,      0.000280,     29.330000,    259.100006
     t,     -0.590378,      1.569327,      0.000295,     29.330000,    259.089996
     t,     -0.699875,      1.600934,      0.000278,     29.320000,    259.089996
     t,     -0.427475,      1.627513,      0.000280,     29.320000,    259.089996
     t,     -0.323654,      1.654310,      0.000288,     29.320000,    259.089996
     t,     -2.341354,      1.865075,      0.009805,     29.320000,    259.049988
     t,     -4.500549,      1.837181,      0.001876,     29.320000,    259.029999
     t,      1.378937,      2.062855,      0.000448,     31.940001,    257.809998
     t,      0.238464,      2.061820,      0.000654,     31.940001,    257.809998
     t,      0.531891,      1.868416,      0.000617,     31.940001,    257.809998
     t,      0.048645,      1.329086,      0.000564,     31.930000,    257.829987
     t,     -0.095459,      1.080976,      0.000501,     31.930000,    257.839996
     t,     -0.184998,      0.927780,      0.000781,     31.930000,    257.850006
     t,     -1.840302,      0.882971,      0.008393,     31.930000,    257.850006
     t,     -2.287354,      0.880144,      0.009236,     31.930000,    257.850006
     t,     -0.756500,      0.877321,      0.009871,     31.930000,    257.850006
     t,     -0.148132,      0.873799,      0.010407,     31.920000,    257.850006
     t,     -0.010895,      0.870987,      0.011153,     31.920000,    257.850006
     t,      1.533478,      0.863276,      0.013212,     31.920000,    257.859985
     t,      1.303345,      0.847119,      0.006619,     31.910000,    257.859985
     t,      0.663574,      0.841146,      0.004057,     31.910000,    257.859985
     t,      0.380798,      0.840330,      0.004057,     31.910000,    257.869995
     t,     -0.047729,      0.839971,      0.004169,     31.910000,    257.869995
     t,     -0.336700,      0.843656,      0.003726,     31.900000,    257.869995
     t,      0.773956,      0.865215,      0.002125,     31.900000,    257.880005
     t,      0.077667,      0.874337,      0.001993,     31.900000,    257.880005
     t,     -0.739426,      0.955609,      0.005524,     31.889999,    257.890015
     t,      0.972122,      0.996281,      0.003378,     31.889999,    257.899994
     t,     -0.513107,      1.083377,      0.000981,     31.889999,    257.910004
     t,     -0.286575,      1.144686,      0.000953,     31.889999,    257.920013
     t,      0.827576,      1.323245,      0.003309,     31.889999,    257.940002
     t,      0.588043,      1.396179,      0.004335,     31.889999,    257.950012
     t,     -0.770889,      1.606232,      0.004836,     31.879999,    257.970001
     t,     -0.034439,      1.643565,      0.004540,     31.889999,    257.980011
     t,     -0.126923,      1.654310,      0.004510,     31.889999,    257.980011
     t,     -0.577057,      1.696558,      0.005116,     31.889999,    257.989990
     t,     -1.472565,      1.833858,      0.004887,     31.910000,    258.010010
     t,     -1.994324,      1.841693,      0.007338,     31.910000,    258.019989
     t,     -3.509903,      1.866880,      0.016364,     31.910000,    258.029999
     t,     -1.971649,      1.876369,      0.026052,     31.910000,    258.029999
     t,     -1.652756,      1.900196,      0.022000,     31.910000,    258.040009
     t,     -1.164597,      1.901790,      0.020304,     31.910000,    258.040009
     t,      1.124390,      1.903385,      0.019068,     31.910000,    258.040009
     t,      0.467453,      1.912966,      0.019283,     31.910000,    258.040009
     t,     -1.716934,      1.913112,      0.084566,     31.920000,    258.040009
     t,      2.260330,      1.913189,      0.103458,     31.930000,    258.040009
     t,      1.086533,      1.896790,      0.040149,     31.930000,    258.029999
     t,     -1.032425,      1.870614,      0.045560,     31.930000,    258.019989
     t,      0.116669,      1.847860,      0.111392,     31.930000,    258.019989
     t,     -1.929367,      1.838150,      0.084122,     31.930000,    258.010010
     t,      0.375549,      1.868416,      0.000591,     31.935780,    257.818451
     q,     -0.008297,      0.006324,      0.000000,     29.370001,    259.079987
     q,      0.021307,      0.006815,      0.000000,     29.370001,    259.079987
     q,     -0.003144,      0.007895,      0.000000,     29.370001,    259.079987
     q,     -0.013345,      0.010897,      0.000000,     29.379999,    259.079987
     q,     -0.005102,      0.011581,      0.000000,     29.379999,    259.079987
     q,     -0.056846,      0.014121,      0.000000,     29.379999,    259.070007
     q,     -0.149600,      0.014934,      0.000000,     29.379999,    259.070007
     q,     -0.092080,      0.019096,      0.000001,     29.379999,    259.079987
     q,     -0.086566,      0.020019,      0.000003,     29.379999,    259.079987
     q,      0.073119,      0.022906,      0.000005,     29.379999,    259.079987
     q,      0.106527,      0.024218,      0.000004,     29.379999,    259.089996
     q,      0.033007,      0.024808,      0.000002,     29.379999,    259.089996
     q,      0.162900,      0.025171,      0.000002,     29.379999,    259.089996
     q,      0.158653,      0.025354,      0.000002,     29.379999,    259.089996
     q,      0.078552,      0.025638,      0.000002,     29.379999,    259.089996
     q,     -0.078821,      0.025724,      0.000002,     29.379999,    259.089996
     q,     -0.287801,      0.025895,      0.000002,     29.379999,    259.089996
     q,     -0.317415,      0.026045,      0.000002,     29.379999,    259.089996
     q,     -0.314747,      0.026585,      0.000002,     29.379999,    259.089996
     q,     -0.314707,      0.026638,      0.000002,     29.379999,    259.089996
     q,     -0.297617,      0.026927,      0.000002,     29.379999,    259.100006
     q,     -0.189587,      0.027112,      0.000002,     29.379999,    259.100006
     q,     -0.283332,      0.027351,      0.000002,     29.379999,    259.100006
     q,      0.081820,      0.027805,      0.000002,     29.379999,    259.100006
     q,      0.122168,      0.028118,      0.000002,     29.379999,    259.100006
     q,     -0.021921,      0.028299,      0.000003,     29.379999,    259.100006
     q,      0.121931,      0.028376,      0.000003,     29.379999,    259.100006
     q,     -0.035210,      0.028558,      0.000003,     29.379999,    259.100006
     q,     -0.211149,      0.028636,      0.000003,     29.379999,    259.100006
     q,     -0.253241,      0.028714,      0.000004,     29.379999,    259.100006
     q,     -0.243380,      0.029210,      0.000005,     29.379999,    259.100006
     q,     -0.268342,      0.029356,      0.000005,     29.370001,    259.100006
     q,     -0.165295,      0.029414,      0.000005,     29.370001,    259.100006
     q,      0.013479,      0.029531,      0.000005,     29.370001,    259.100006
     q,     -0.044433,      0.029678,      0.000005,     29.370001,    259.100006
     q,      0.087907,      0.030031,      0.000006,     29.370001,    259.100006
     q,     -0.013117,      0.030209,      0.000005,     29.370001,    259.100006
     q,     -0.138988,      0.030357,      0.000004,     29.370001,    259.100006
     q,     -0.063126,      0.030655,      0.000003,     29.370001,    259.100006
     q,      0.113941,      0.030982,      0.000002,     29.370001,    259.100006
     q,      0.038350,      0.031132,      0.000002,     29.370001,    259.100006
     q,      0.085669,      0.031357,      0.000001,     29.360001,    259.100006
     q,      0.022279,      0.031469,      0.000001,     29.360001,    259.100006
     q,      0.119122,      0.031582,      0.000001,     29.360001,    259.100006
     q,     -0.070681,      0.031695,      0.000001,     29.360001,    259.100006
     q,     -0.133669,      0.031847,      0.000001,     29.360001,    259.100006
     q,      0.040875,      0.032226,      0.000001,     29.360001,    259.100006
     q,     -0.008966,      0.032455,      0.000001,     29.360001,    259.100006
     q,      0.054842,      0.032569,      0.000001,     29.360001,    259.100006
     q,      0.002940,      0.008380,      0.000006,     31.940001,    257.809998
     q,      0.022718,      0.008571,      0.000006,     31.940001,    257.809998
     q,      0.006477,      0.010897,      0.000011,     31.940001,    257.809998
     q,     -0.043221,      0.015769,      0.000028,     31.930000,    257.829987
     q,     -0.069629,      0.019096,      0.000048,     31.930000,    257.839996
     q,     -0.098633,      0.023166,      0.000384,     31.930000,    257.850006
     q,      0.296643,      0.024757,      0.003457,     31.930000,    257.850006
     q,      0.227065,      0.024860,      0.003658,     31.930000,    257.850006
     q,      0.021207,      0.024963,      0.003495,     31.930000,    257.850006
     q,     -0.106248,      0.025093,      0.003239,     31.920000,    257.850006
     q,     -0.067178,      0.025197,      0.003078,     31.920000,    257.850006
     q,     -0.182117,      0.025484,      0.002599,     31.920000,    257.859985
     q,     -0.092594,      0.026282,      0.000720,     31.910000,    257.859985
     q,     -0.056700,      0.026585,      0.000150,     31.910000,    257.859985
     q,     -0.050795,      0.027245,      0.000007,     31.910000,    257.869995
     q,      0.093481,      0.027538,      0.000002,     31.910000,    257.869995
     q,      0.028357,      0.028067,      0.000000,     31.900000,    257.869995
     q,     -0.010597,      0.031922,      0.000000,     31.889999,    257.910004
     q,     -0.009252,      0.015769,      0.000016,     31.935780,    257.818451
     t,     -3.080353,      2.065130,      0.314524,     37.759998,    260.029999
     t,     -4.068939,      2.062234,      0.337070,     37.759998,    260.029999
     t,     -4.669861,      2.044671,      0.333671,     37.759998,    260.029999
     t,     -4.587830,      1.963221,      0.328839,     37.759998,    260.029999
     t,     -4.289124,      1.868416,      0.322681,     37.759998,    260.029999
     t,     -4.070190,      1.783891,      0.319767,     37.759998,    260.029999
     t,     -3.645386,      1.707157,      0.311442,     37.759998,    260.029999
     t,     -2.797638,      1.441104,      0.277566,     37.750000,    260.029999
     t,     -2.374298,      1.412675,      0.226402,     37.750000,    260.029999
     t,     -1.115692,      1.378933,      0.182827,     37.750000,    260.029999
     t,     -0.154236,      1.345600,      0.167913,     37.750000,    260.029999
     t,      0.474670,      1.307226,      0.190153,     37.750000,    260.040009
     t,      0.307587,      1.080976,      0.068784,     37.740002,    260.040009
     t,      0.483734,      1.068631,      0.066856,     37.740002,    260.040009
     t,      0.591217,      1.017555,      0.070809,     37.740002,    260.049988
     t,      0.661499,      0.991300,      0.065091,     37.740002,    260.049988
     t,      0.369598,      0.944175,      0.064785,     37.740002,    260.059998
     t,      0.673706,      0.914019,      0.054210,     37.740002,    260.059998
     t,      0.770203,      0.899125,      0.049273,     37.730000,    260.059998
     t,      0.887177,      0.890059,      0.046618,     37.730000,    260.059998
     t,      0.096375,      0.859560,      0.039266,     37.730000,    260.070007
     t,     -0.853729,      0.841146,      0.031389,     37.730000,    260.079987
     t,     -0.942749,      0.841113,      0.031460,     37.730000,    260.079987
     t,     -0.895020,      0.840983,      0.030942,     37.730000,    260.079987
     t,     -0.644897,      0.840623,      0.032672,     37.730000,    260.079987
     t,     -0.451843,      0.840232,      0.040122,     37.730000,    260.089996
     t,     -0.659760,      0.840069,      0.045079,     37.730000,    260.089996
     t,      0.038696,      0.839906,      0.051160,     37.730000,    260.089996
     t,      0.290161,      0.847115,      0.052744,     37.730000,    260.100006
     t,      0.543488,      0.853358,      0.053923,     37.730000,    260.109985
     t,     -0.164825,      0.865215,      0.048105,     37.730000,    260.109985
     t,     -0.315491,      0.868718,      0.046239,     37.730000,    260.119995
     t,     -0.183640,      0.869419,      0.045855,     37.730000,    260.119995
     t,      0.480530,      0.872931,      0.044145,     37.730000,    260.119995
     t,      0.548508,      0.874337,      0.043554,     37.730000,    260.119995
     t,      0.888519,      0.881745,      0.042542,     37.730000,    260.119995
     t,      1.014542,      0.902278,      0.034566,     37.730000,    260.130005
     t,      1.321640,      0.955609,      0.014860,     37.730000,    260.149994
     t,     -0.549515,      1.065666,      0.013761,     37.740002,    260.179993
     t,      0.346024,      1.144686,      0.010935,     37.740002,    260.190002
     t,      0.308578,      1.163887,      0.011367,     37.740002,    260.190002
     t,      1.250732,      1.202769,      0.012609,     37.740002,    260.200012
     t,     -0.059250,      1.396179,      0.006081,     37.740002,    260.260010
     t,     -0.186035,      1.411049,      0.004659,     37.740002,    260.269989
     t,      0.290100,      1.486585,      0.001131,     37.750000,    260.299988
     t,     -0.849457,      2.021231,      0.169535,     35.230000,    258.290009
     t,     -0.875061,      2.005679,      0.168029,     35.230000,    258.290009
     t,     -1.652588,      1.921218,      0.161913,     35.230000,    258.290009
     t,     -1.711395,      1.868416,      0.160164,     35.230000,    258.290009
     t,     -1.727875,      1.736470,      0.157642,     35.230000,    258.290009
     t,     -1.293884,      1.345600,      0.139923,     35.220001,    258.279999
     t,     -1.120667,      1.260433,      0.109895,     35.220001,    258.279999
     t,     -1.874664,      1.125572,      0.045513,     35.220001,    258.279999
     t,     -2.190155,      1.080976,      0.037609,     35.220001,    258.279999
     t,     -2.145660,      0.986563,      0.029686,     35.220001,    258.279999
     t,     -0.992035,      0.958160,      0.026673,     35.220001,    258.279999
     t,     -0.414276,      0.946710,      0.025473,     35.220001,    258.290009
     t,      0.601227,      0.897176,      0.024286,     35.220001,    258.290009
     t,      0.255676,      0.873799,      0.035123,     35.209999,    258.299988
     t,      0.324341,      0.869582,      0.031872,     35.209999,    258.299988
     t,      0.144073,      0.853972,      0.027573,     35.209999,    258.309998
     t,     -0.000275,      0.848402,      0.027246,     35.200001,    258.320007
     t,     -0.333496,      0.844983,      0.024985,     35.200001,    258.320007
     t,     -0.270752,      0.841146,      0.023340,     35.200001,    258.320007
     t,     -0.190552,      0.841113,      0.023859,     35.200001,    258.329987
     t,      0.848694,      0.840721,      0.023179,     35.200001,    258.329987
     t,      0.798279,      0.839742,      0.009278,     35.189999,    258.350006
     t,      0.353851,      0.874337,      0.009057,     35.180000,    258.390015
     t,     -0.621506,      0.992873,      0.004284,     35.180000,    258.450012
     t,      2.090088,      1.144686,      0.007899,     35.180000,    258.500000
     t,      2.240967,      1.168712,      0.008268,     35.180000,    258.500000
     t,      0.358307,      1.396179,      0.005333,     35.180000,    258.559998
     t,     -0.998245,      1.632855,      0.005912,     35.209999,    258.609985
     t,     -0.982697,      1.654310,      0.006319,     35.209999,    258.619995
     t,     -1.403824,      1.800857,      0.030674,     35.230000,    258.670013
     t,     -1.358887,      1.833858,      0.045876,     35.240002,    258.690002
     t,     -2.209488,      1.841693,      0.047848,     35.240002,    258.690002
     t,     -3.985428,      1.873203,      0.017043,     35.250000,    258.720001
     t,     -2.994141,      1.877952,      0.019725,     35.250000,    258.720001
     t,     -1.332260,      1.881122,      0.022804,     35.259998,    258.720001
     t,     -0.582336,      1.887469,      0.029727,     35.259998,    258.730011
     t,     -1.172409,      1.893827,      0.036391,     35.259998,    258.730011
     t,     -0.169586,      1.906575,      0.054186,     35.259998,    258.739990
     t,      0.989075,      1.908172,      0.056513,     35.259998,    258.739990
     t,      0.673401,      1.912966,      0.051213,     35.259998,    258.739990
     t,     -1.098602,      1.913013,      0.072964,     35.259998,    258.739990
     t,      0.329254,      1.913081,      0.125543,     35.270000,    258.750000
     t,     -1.450134,      1.913177,      0.108124,     35.279999,    258.760010
     t,     -0.186172,      1.913213,      0.059779,     35.279999,    258.760010
     t,     -2.540619,      1.896790,      0.070934,     35.279999,    258.760010
     t,     -2.869064,      1.892196,      0.056900,     35.279999,    258.750000
     t,      0.899155,      1.871266,      0.204681,     35.279999,    258.750000
     t,      0.455841,      1.843325,      0.223955,     35.279999,    258.739990
     t,      2.070847,      1.834919,      0.178709,     35.279999,    258.739990
     q,      0.123392,      0.007969,      0.000220,     37.759998,    260.029999
     q,      0.045564,      0.008494,      0.000244,     37.759998,    260.029999
     q,      0.030737,      0.008997,      0.000273,     37.759998,    260.029999
     q,      0.034713,      0.009842,      0.000328,     37.759998,    260.029999
     q,      0.010781,      0.010897,      0.000410,     37.759998,    260.029999
     q,     -0.005863,      0.011581,      0.000468,     37.759998,    260.029999
     q,     -0.076793,      0.012235,      0.000514,     37.759998,    260.029999
     q,      0.000099,      0.014660,      0.022051,     37.750000,    260.029999
     q,      0.028762,      0.014934,      0.020911,     37.750000,    260.029999
     q,     -0.132029,      0.015265,      0.019296,     37.750000,    260.029999
     q,     -0.224667,      0.015601,      0.019611,     37.750000,    260.029999
     q,     -0.160256,      0.015996,      0.022552,     37.750000,    260.040009
     q,     -0.069410,      0.019096,      0.006036,     37.740002,    260.040009
     q,     -0.077277,      0.019382,      0.005411,     37.740002,    260.040009
     q,     -0.003641,      0.020607,      0.003242,     37.740002,    260.049988
     q,      0.110301,      0.021263,      0.002599,     37.740002,    260.049988
     q,      0.033776,      0.022605,      0.001547,     37.740002,    260.059998
     q,      0.120521,      0.023645,      0.001184,     37.740002,    260.059998
     q,     -0.050300,      0.024173,      0.001075,     37.730000,    260.059998
     q,     -0.059323,      0.024499,      0.000953,     37.730000,    260.059998
     q,     -0.104408,      0.025660,      0.000570,     37.730000,    260.070007
     q,     -0.022277,      0.026585,      0.000327,     37.730000,    260.079987
     q,     -0.020210,      0.026612,      0.000322,     37.730000,    260.079987
     q,     -0.059269,      0.026717,      0.000250,     37.730000,    260.079987
     q,      0.060032,      0.027006,      0.000144,     37.730000,    260.079987
     q,      0.065092,      0.027324,      0.000258,     37.730000,    260.089996
     q,      0.018415,      0.027458,      0.000412,     37.730000,    260.089996
     q,     -0.080539,      0.027591,      0.000656,     37.730000,    260.089996
     q,      0.037381,      0.028195,      0.001186,     37.730000,    260.100006
     q,     -0.037306,      0.028428,      0.001812,     37.730000,    260.109985
     q,      0.004275,      0.028870,      0.001791,     37.730000,    260.109985
     q,     -0.026909,      0.029001,      0.002035,     37.730000,    260.119995
     q,     -0.060449,      0.029027,      0.002125,     37.730000,    260.119995
     q,     -0.374818,      0.029158,      0.002834,     37.730000,    260.119995
     q,     -0.422648,      0.029210,      0.003258,     37.730000,    260.119995
     q,     -0.432199,      0.029327,      0.004402,     37.730000,    260.119995
     q,     -0.254603,      0.030476,      0.012757,     37.730000,    260.149994
     q,     -0.039727,      0.031733,      0.001185,     37.740002,    260.179993
     q,     -0.007633,      0.009235,      0.001133,     35.230000,    258.290009
     q,      0.004682,      0.009395,      0.001187,     35.230000,    258.290009
     q,     -0.008624,      0.010300,      0.001478,     35.230000,    258.290009
     q,     -0.012625,      0.010897,      0.001694,     35.230000,    258.290009
     q,     -0.037531,      0.011981,      0.002112,     35.230000,    258.290009
     q,     -0.087050,      0.015601,      0.005079,     35.220001,    258.279999
     q,      0.032872,      0.016563,      0.006773,     35.220001,    258.279999
     q,      0.081515,      0.018431,      0.008813,     35.220001,    258.279999
     q,      0.104235,      0.019096,      0.008651,     35.220001,    258.279999
     q,      0.147560,      0.021384,      0.003196,     35.220001,    258.279999
     q,     -0.002660,      0.022137,      0.002446,     35.220001,    258.279999
     q,     -0.004470,      0.022520,      0.002117,     35.220001,    258.290009
     q,     -0.062612,      0.024243,      0.001202,     35.220001,    258.290009
     q,      0.009966,      0.025093,      0.001459,     35.209999,    258.299988
     q,     -0.092603,      0.025249,      0.001266,     35.209999,    258.299988
     q,     -0.009795,      0.025938,      0.000553,     35.209999,    258.309998
     q,     -0.129032,      0.026217,      0.000377,     35.200001,    258.320007
     q,     -0.101100,      0.026390,      0.000284,     35.200001,    258.320007
     q,      0.091530,      0.026585,      0.000220,     35.200001,    258.320007
     q,      0.099796,      0.026612,      0.000222,     35.200001,    258.329987
     q,     -0.125675,      0.026927,      0.000236,     35.200001,    258.329987
     q,     -0.070221,      0.027725,      0.000090,     35.189999,    258.350006
     q,     -0.062940,      0.029210,      0.001130,     35.180000,    258.390015
     q,     -0.057889,      0.030945,      0.000336,     35.180000,    258.450012
     t,     -5.211151,      1.807841,      0.000198,     39.770000,    255.130005
     t,     -3.411163,      1.801839,      0.000198,     39.770000,    255.130005
     t,     -3.711151,      1.783891,      0.000198,     39.770000,    255.130005
     t,     -2.811157,      1.771976,      0.000198,     39.770000,    255.130005
     t,     -3.406036,      1.718852,      0.000176,     39.770000,    255.130005
     t,     -4.335236,      1.695501,      0.000135,     39.770000,    255.130005
     t,     -5.510406,      1.666537,      0.000114,     39.770000,    255.130005
     t,     -4.410461,      1.637822,      0.000101,     39.770000,    255.130005
     t,     -4.307800,      1.458298,      0.000079,     39.759998,    255.130005
     t,     -3.729279,      1.418338,      0.000075,     39.759998,    255.130005
     t,     -2.893463,      1.401382,      0.000074,     39.759998,    255.130005
     t,     -2.492645,      1.351127,      0.000070,     39.759998,    255.139999
     t,     -2.180939,      1.345600,      0.000069,     39.759998,    255.139999
     t,     -1.435394,      1.247466,      0.000053,     39.759998,    255.139999
     t,     -1.333954,      1.142013,      0.000026,     39.759998,    255.139999
     t,     -0.849274,      1.080976,      0.000013,     39.750000,    255.139999
     t,      0.013916,      1.027187,      0.000024,     39.750000,    255.149994
     t,     -0.535431,      0.970074,      0.000027,     39.750000,    255.149994
     t,     -0.215240,      0.885803,      0.000096,     39.740002,    255.169998
     t,     -0.195709,      0.863276,      0.000221,     39.740002,    255.179993
     t,     -0.272339,      0.859991,      0.000254,     39.740002,    255.179993
     t,     -0.408813,      0.851827,      0.000387,     39.740002,    255.190002
     t,     -0.471588,      0.850114,      0.000405,     39.730000,    255.190002
     t,     -0.895782,      0.842424,      0.000519,     39.730000,    255.190002
     t,     -0.559601,      0.841146,      0.000543,     39.730000,    255.190002
     t,      0.647614,      0.840885,      0.000645,     39.730000,    255.199997
     t,      0.582611,      0.840591,      0.000664,     39.730000,    255.199997
     t,      0.644043,      0.840362,      0.000636,     39.730000,    255.199997
     t,      0.476410,      0.839514,      0.000623,     39.720001,    255.210007
     t,      0.678329,      0.874337,      0.000362,     39.720001,    255.210007
     t,      0.794052,      0.902278,      0.000331,     39.709999,    255.220001
     t,      0.363647,      0.975921,      0.000227,     39.709999,    255.229996
     t,      0.841629,      1.062141,      0.000168,     39.700001,    255.240005
     t,      0.480194,      1.115624,      0.000162,     39.700001,    255.250000
     t,      0.196152,      1.144686,      0.000154,     39.700001,    255.250000
     t,      0.179810,      1.154267,      0.000153,     39.700001,    255.250000
     t,     -0.061829,      1.192988,      0.000157,     39.700001,    255.259995
     t,     -0.424942,      1.302766,      0.000237,     39.700001,    255.279999
     t,     -0.366180,      1.354263,      0.000376,     39.700001,    255.279999
     t,     -0.136978,      1.390904,      0.000523,     39.709999,    255.289993
     t,     -0.175293,      1.396179,      0.000542,     39.709999,    255.289993
     t,     -1.525162,      1.512201,      0.001134,     39.709999,    255.320007
     t,     -1.320419,      1.543230,      0.001177,     39.709999,    255.320007
     t,     -0.542603,      1.585091,      0.001278,     39.709999,    255.330002
     t,      0.896973,      1.654310,      0.001601,     39.709999,    255.339996
     t,      1.343857,      1.661315,      0.001663,     39.709999,    255.339996
     t,     -1.066956,      1.707204,      0.001710,     39.709999,    255.350006
     t,     -0.327606,      1.714319,      0.001705,     39.709999,    255.360001
     t,     -1.009735,      1.739339,      0.001632,     39.709999,    255.360001
     t,      0.527191,      1.757321,      0.001443,     39.709999,    255.369995
     t,      0.946396,      1.779023,      0.001269,     39.709999,    255.380005
     t,      0.719818,      1.804509,      0.001144,     39.720001,    255.389999
     t,     -0.007309,      1.833858,      0.001022,     39.720001,    255.399994
     t,     -1.371811,      1.854265,      0.001239,     39.720001,    255.429993
     t,     -0.682816,      1.858991,      0.001348,     39.720001,    255.429993
     t,     -2.750870,      1.874785,      0.001949,     39.730000,    255.449997
     t,     -2.598846,      1.879537,      0.002196,     39.730000,    255.449997
     t,     -1.411987,      1.881122,      0.002333,     39.730000,    255.460007
     t,     -0.624725,      1.887469,      0.002806,     39.730000,    255.470001
     t,     -1.048904,      1.901790,      0.004923,     39.730000,    255.479996
     t,     -0.662277,      1.912966,      0.010423,     39.730000,    255.490005
     t,     -2.267303,      1.913048,      0.023847,     39.740002,    255.500000
     t,      0.376541,      1.913084,      0.029289,     39.740002,    255.500000
     t,      0.110641,      1.913161,      0.023165,     39.740002,    255.509995
     t,      2.067062,      1.913178,      0.015971,     39.740002,    255.509995
     t,     -0.759155,      1.896790,      0.055970,     39.740002,    255.520004
     t,     -1.587875,      1.881390,      0.115426,     39.740002,    255.520004
     t,     -1.054459,      1.863773,      0.142675,     39.740002,    255.520004
     t,      1.184708,      1.857920,      0.128232,     39.740002,    255.509995
     t,     -2.554321,      2.063682,      0.423020,     41.130001,    259.299988
     t,     -5.378174,      2.060993,      0.445118,     41.130001,    259.299988
     t,     -4.984741,      1.868416,      0.438790,     41.139999,    259.299988
     t,     -4.538116,      1.672309,      0.413768,     41.139999,    259.299988
     t,     -4.321991,      1.655021,      0.332723,     41.139999,    259.299988
     t,     -1.987305,      1.620712,      0.214150,     41.139999,    259.299988
     t,     -0.949402,      1.586764,      0.153795,     41.139999,    259.299988
     t,     -0.286346,      1.533981,      0.175308,     41.139999,    259.299988
     t,     -0.513855,      1.469817,      0.126153,     41.139999,    259.299988
     t,     -0.682892,      1.296364,      0.105472,     41.130001,    259.299988
     t,     -0.646393,      1.243158,      0.097023,     41.130001,    259.299988
     t,     -0.369171,      1.179439,      0.076703,     41.130001,    259.299988
     t,     -0.207275,      1.080976,      0.044585,     41.130001,    259.299988
     t,     -0.075867,      0.988930,      0.018302,     41.119999,    259.309998
     t,     -0.477386,      0.904076,      0.012929,     41.110001,    259.309998
     t,     -0.280243,      0.897176,      0.012323,     41.110001,    259.309998
     t,     -0.258148,      0.885803,      0.011060,     41.110001,    259.309998
     t,      0.055878,      0.877321,      0.009915,     41.110001,    259.309998
     t,     -0.133209,      0.846265,      0.007615,     41.099998,    259.320007
     t,      0.324890,      0.841146,      0.008205,     41.090000,    259.320007
     t,      0.775970,      0.840917,      0.008754,     41.090000,    259.320007
     t,      0.037781,      0.840134,      0.008080,     41.090000,    259.329987
     t,      0.068024,      0.846422,      0.008485,     41.090000,    259.339996
     t,     -0.088715,      0.859625,      0.009278,     41.080002,    259.339996
     t,     -0.037521,      0.868718,      0.008086,     41.080002,    259.350006
     t,      0.287735,      0.871525,      0.007782,     41.080002,    259.350006
     t,      0.118225,      0.874337,      0.007616,     41.080002,    259.350006
     t,     -0.323624,      0.898527,      0.007985,     41.080002,    259.359985
     t,     -0.556107,      0.909803,      0.007310,     41.080002,    259.359985
     t,      0.242783,      0.924947,      0.006170,     41.080002,    259.359985
     t,      0.859604,      1.041115,      0.004766,     41.080002,    259.380005
     t,      1.229538,      1.144686,      0.008015,     41.080002,    259.410004
     t,      1.368652,      1.212589,      0.007686,     41.080002,    259.420013
     t,      1.137207,      1.307871,      0.007465,     41.080002,    259.429993
     t,      1.035538,      1.375141,      0.008834,     41.090000,    259.440002
     t,      1.093445,      1.396179,      0.009610,     41.090000,    259.440002
     t,     -2.593918,      1.585091,      0.011723,     41.099998,    259.470001
     t,     -2.019135,      1.643565,      0.013564,     41.110001,    259.480011
     t,     -1.281601,      1.654310,      0.013478,     41.110001,    259.480011
     t,      0.266525,      1.671849,      0.013403,     41.110001,    259.489990
     t,      0.639099,      1.710759,      0.011279,     41.110001,    259.510010
     t,      1.976746,      1.717882,      0.010179,     41.110001,    259.510010
     t,      2.276138,      1.742928,      0.006832,     41.119999,    259.519989
     t,      1.012268,      1.786286,      0.004012,     41.119999,    259.549988
     t,      0.643417,      1.833858,      0.003731,     41.130001,    259.579987
     t,      1.025375,      1.849545,      0.005251,     41.130001,    259.600006
     t,     -1.008514,      1.873203,      0.009828,     41.139999,    259.630005
     t,     -0.099670,      1.876369,      0.009913,     41.139999,    259.630005
     t,     -1.361755,      1.892237,      0.012771,     41.139999,    259.649994
     t,     -0.076416,      1.898603,      0.014566,     41.139999,    259.660004
     t,     -1.571808,      1.904980,      0.018974,     41.139999,    259.660004
     t,     -1.227768,      1.912966,      0.024849,     41.139999,    259.670013
     t,     -2.724960,      1.913096,      0.043867,     41.139999,    259.700012
     t,      0.222000,      1.913136,      0.061304,     41.139999,    259.700012
     t,      0.317978,      1.913176,      0.047441,     41.139999,    259.700012
     t,     -1.745270,      1.913209,      0.053593,     41.139999,    259.709991
     t,     -1.839676,      1.908958,      0.078704,     41.139999,    259.709991
     t,     -1.481873,      1.897447,      0.188044,     41.139999,    259.709991
     t,     -1.309738,      1.896790,      0.195563,     41.150002,    259.709991
     t,      0.690323,      1.889246,      0.159675,     41.150002,    259.709991
     t,      1.289200,      1.870288,      0.210488,     41.150002,    259.709991
     t,     -0.658127,      1.843649,      0.081427,     41.150002,    259.709991
     t,      1.642349,      1.834596,      0.073912,     41.150002,    259.700012
     t,      0.822464,      1.746852,      0.004101,     39.250000,    259.779999
     t,      2.809082,      1.746852,      0.012732,     40.200001,    259.420013
     q,      0.115537,      0.011384,      0.000000,     39.770000,    255.130005
     q,      0.462023,      0.011433,      0.000000,     39.770000,    255.130005
     q,      0.447973,      0.011581,      0.000000,     39.770000,    255.130005
     q,      0.421580,      0.011681,      0.000000,     39.770000,    255.130005
     q,      0.302497,      0.012133,      0.000000,     39.770000,    255.130005
     q,      0.128937,      0.012337,      0.000000,     39.770000,    255.130005
     q,      0.062331,      0.012594,      0.000000,     39.770000,    255.130005
     q,      0.074784,      0.012854,      0.000000,     39.770000,    255.130005
     q,      0.052063,      0.014498,      0.000000,     39.759998,    255.130005
     q,      0.052801,      0.014879,      0.000000,     39.759998,    255.130005
     q,      0.023578,      0.015044,      0.000000,     39.759998,    255.130005
     q,      0.038472,      0.015544,      0.000000,     39.759998,    255.139999
     q,      0.020723,      0.015601,      0.000000,     39.759998,    255.139999
     q,     -0.000055,      0.016733,      0.000000,     39.759998,    255.139999
     q,     -0.024373,      0.018192,      0.000000,     39.759998,    255.139999
     q,     -0.018363,      0.019096,      0.000000,     39.750000,    255.139999
     q,     -0.022951,      0.020371,      0.000000,     39.750000,    255.149994
     q,     -0.012978,      0.021808,      0.000001,     39.750000,    255.149994
     q,     -0.032143,      0.024653,      0.000001,     39.740002,    255.169998
     q,     -0.002580,      0.025484,      0.000004,     39.740002,    255.179993
     q,     -0.049457,      0.025638,      0.000006,     39.740002,    255.179993
     q,     -0.054146,      0.026045,      0.000013,     39.740002,    255.190002
     q,     -0.239314,      0.026131,      0.000013,     39.730000,    255.190002
     q,     -0.041520,      0.026520,      0.000015,     39.730000,    255.190002
     q,     -0.003062,      0.026585,      0.000015,     39.730000,    255.190002
     q,      0.105355,      0.026795,      0.000017,     39.730000,    255.199997
     q,      0.125807,      0.027033,      0.000016,     39.730000,    255.199997
     q,      0.258514,      0.027218,      0.000014,     39.730000,    255.199997
     q,      0.165211,      0.027912,      0.000007,     39.720001,    255.210007
     q,      0.131212,      0.029210,      0.000003,     39.720001,    255.210007
     q,      0.133922,      0.029649,      0.000003,     39.709999,    255.220001
     q,      0.042763,      0.030759,      0.000006,     39.709999,    255.229996
     q,     -0.035661,      0.031695,      0.000010,     39.700001,    255.240005
     q,     -0.140145,      0.032264,      0.000010,     39.700001,    255.250000
     q,     -0.317951,      0.032569,      0.000009,     39.700001,    255.250000
     q,      0.087214,      0.008230,      0.000180,     41.130001,    259.299988
     q,      0.007514,      0.008724,      0.000183,     41.130001,    259.299988
     q,     -0.071338,      0.010897,      0.000331,     41.139999,    259.299988
     q,     -0.116128,      0.012542,      0.000345,     41.139999,    259.299988
     q,     -0.076433,      0.012698,      0.000477,     41.139999,    259.299988
     q,     -0.088852,      0.013011,      0.003199,     41.139999,    259.299988
     q,     -0.112697,      0.013329,      0.009421,     41.139999,    259.299988
     q,     -0.086778,      0.013802,      0.026005,     41.139999,    259.299988
     q,      0.024141,      0.014390,      0.020226,     41.139999,    259.299988
     q,      0.136890,      0.016110,      0.003105,     41.130001,    259.299988
     q,     -0.021840,      0.016791,      0.001110,     41.130001,    259.299988
     q,     -0.080192,      0.017660,      0.000466,     41.130001,    259.299988
     q,      0.006250,      0.019096,      0.000296,     41.130001,    259.299988
     q,      0.072345,      0.021323,      0.000620,     41.119999,    259.309998
     q,     -0.000956,      0.023996,      0.000774,     41.110001,    259.309998
     q,     -0.123513,      0.024243,      0.000692,     41.110001,    259.309998
     q,     -0.162625,      0.024653,      0.000474,     41.110001,    259.309998
     q,      0.050715,      0.024963,      0.000319,     41.110001,    259.309998
     q,      0.051303,      0.026325,      0.000058,     41.099998,    259.320007
     q,      0.087222,      0.026585,      0.000093,     41.090000,    259.320007
     q,      0.056929,      0.026769,      0.000126,     41.090000,    259.320007
     q,      0.129397,      0.027404,      0.000051,     41.090000,    259.329987
     q,      0.081080,      0.028170,      0.000092,     41.090000,    259.339996
     q,      0.135388,      0.028662,      0.000358,     41.080002,    259.339996
     q,      0.029761,      0.029001,      0.000747,     41.080002,    259.350006
     q,     -0.069564,      0.029105,      0.000926,     41.080002,    259.350006
     q,     -0.126841,      0.029210,      0.001150,     41.080002,    259.350006
     q,     -0.214442,      0.029590,      0.002327,     41.080002,    259.359985
     q,     -0.057820,      0.029766,      0.002337,     41.080002,    259.359985
     q,      0.133064,      0.030002,      0.001890,     41.080002,    259.359985
     q,     -0.001391,      0.031469,      0.000282,     41.080002,    259.380005
     q,     -0.093366,      0.032569,      0.001497,     41.080002,    259.410004
     t,     -1.193817,      2.070307,      0.235336,     46.770000,    259.239990
     t,     -2.293823,      2.069063,      0.235339,     46.770000,    259.239990
     t,     -2.618378,      2.065544,      0.205785,     46.770000,    259.239990
     t,     -2.507507,      2.063268,      0.112376,     46.779999,    259.239990
     t,     -2.011658,      1.868416,      0.054869,     46.790001,    259.239990
     t,     -1.795105,      1.689688,      0.045966,     46.799999,    259.239990
     t,      1.070740,      1.516346,      0.046933,     46.799999,    259.250000
     t,      1.653259,      1.452555,      0.041109,     46.810001,    259.250000
     t,      1.776764,      1.395753,      0.039371,     46.810001,    259.260010
     t,      1.399567,      1.080976,      0.031809,     46.820000,    259.279999
     t,      1.274231,      1.068631,      0.034972,     46.820000,    259.279999
     t,      1.371033,      1.007968,      0.023100,     46.830002,    259.290009
     t,      0.833740,      0.954336,      0.041914,     46.830002,    259.290009
     t,      0.694794,      0.937852,      0.042440,     46.830002,    259.299988
     t,      0.107880,      0.912773,      0.036365,     46.830002,    259.299988
     t,      0.178864,      0.907798,      0.036876,     46.830002,    259.309998
     t,      0.151184,      0.902837,      0.036350,     46.830002,    259.309998
     t,     -0.106171,      0.892903,      0.032733,     46.840000,    259.309998
     t,     -0.130554,      0.889349,      0.029996,     46.840000,    259.309998
     t,     -0.052551,      0.885095,      0.027958,     46.840000,    259.320007
     t,     -0.285645,      0.872393,      0.021516,     46.840000,    259.329987
     t,     -0.386047,      0.870284,      0.020610,     46.840000,    259.329987
     t,     -0.079163,      0.864675,      0.018687,     46.840000,    259.329987
     t,      0.116760,      0.861714,      0.017423,     46.840000,    259.329987
     t,     -0.327271,      0.853114,      0.013301,     46.840000,    259.350006
     t,      0.071869,      0.851827,      0.012909,     46.840000,    259.350006
     t,      0.373444,      0.850114,      0.012541,     46.840000,    259.350006
     t,     -0.095917,      0.842850,      0.012385,     46.840000,    259.359985
     t,      0.109955,      0.841146,      0.012074,     46.840000,    259.359985
     t,      0.014099,      0.841080,      0.012019,     46.840000,    259.359985
     t,      0.153961,      0.840721,      0.013417,     46.840000,    259.369995
     t,      0.799835,      0.840460,      0.016047,     46.840000,    259.380005
     t,      0.392578,      0.874337,      0.017657,     46.849998,    259.420013
     t,      0.372879,      0.885461,      0.014870,     46.849998,    259.429993
     t,     -0.185455,      0.924947,      0.005520,     46.860001,    259.440002
     t,     -0.513596,      0.942133,      0.004497,     46.860001,    259.450012
     t,     -0.725510,      0.965294,      0.003686,     46.860001,    259.459991
     t,      0.031662,      1.058622,      0.003392,     46.869999,    259.489990
     t,      1.027527,      1.090502,      0.003852,     46.869999,    259.500000
     t,      1.259644,      1.144686,      0.005669,     46.869999,    259.519989
     t,      1.237793,      1.282447,      0.010197,     46.880001,    259.559998
     t,      2.892273,      1.380385,      0.036417,     46.880001,    259.589996
     t,      2.653519,      1.396179,      0.039656,     46.880001,    259.600006
     t,      2.585510,      1.436009,      0.054091,     46.880001,    259.609985
     t,      1.645004,      1.507061,      0.045804,     46.880001,    259.640015
     t,      0.456787,      1.574573,      0.011903,     46.869999,    259.670013
     t,     -0.498459,      1.611539,      0.009029,     46.869999,    259.679993
     t,     -1.409058,      1.654310,      0.010967,     46.869999,    259.700012
     t,     -5.468369,      1.732172,      0.062611,     46.849998,    259.750000
     t,     -4.154190,      1.742928,      0.077027,     46.849998,    259.760010
     t,     -4.525757,      1.757321,      0.086338,     46.849998,    259.769989
     t,      0.501724,      1.771774,      0.096788,     46.849998,    259.779999
     t,      1.307571,      1.775396,      0.099261,     46.849998,    259.779999
     t,     -0.604568,      1.819154,      0.101825,     46.840000,    259.809998
     t,     -0.188171,      1.833858,      0.082165,     46.840000,    259.820007
     t,      0.401825,      1.835423,      0.075840,     46.849998,    259.829987
     t,     -0.550262,      1.851118,      0.031517,     46.849998,    259.839996
     t,     -2.115723,      1.860567,      0.014013,     46.849998,    259.850006
     t,      0.121368,      1.868459,      0.013383,     46.849998,    259.869995
     t,      1.935196,      1.870040,      0.014332,     46.849998,    259.869995
     t,      2.422897,      1.879537,      0.028527,     46.860001,    259.880005
     t,      0.514633,      1.898603,      0.081677,     46.860001,    259.910004
     t,     -1.159698,      1.904980,      0.100345,     46.860001,    259.920013
     t,     -1.586945,      1.912966,      0.106904,     46.849998,    259.929993
     t,     -7.587830,      2.036843,      0.030719,     44.070000,    256.790009
     t,     -5.387817,      2.009562,      0.030716,     44.070000,    256.790009
     t,     -5.059662,      1.959384,      0.031757,     44.070000,    256.790009
     t,     -4.917603,      1.932628,      0.029839,     44.070000,    256.790009
     t,     -2.810211,      1.868416,      0.033972,     44.070000,    256.790009
     t,     -0.595428,      1.666537,      0.032712,     44.080002,    256.779999
     t,     -1.130188,      1.351127,      0.026657,     44.080002,    256.779999
     t,     -0.154236,      1.204726,      0.035816,     44.070000,    256.779999
     t,     -0.481384,      1.084993,      0.032745,     44.070000,    256.790009
     t,     -0.382904,      1.080976,      0.032752,     44.070000,    256.790009
     t,     -0.784088,      1.017555,      0.032702,     44.070000,    256.790009
     t,     -0.859985,      0.984199,      0.034733,     44.060001,    256.790009
     t,     -1.232269,      0.950519,      0.032274,     44.060001,    256.799988
     t,     -1.336121,      0.940379,      0.028842,     44.060001,    256.799988
     t,     -0.664459,      0.905316,      0.020037,     44.060001,    256.809998
     t,     -0.143250,      0.890059,      0.017244,     44.060001,    256.820007
     t,     -1.059692,      0.874503,      0.015705,     44.060001,    256.820007
     t,     -0.634979,      0.871690,      0.015683,     44.060001,    256.820007
     t,      0.085785,      0.870284,      0.016175,     44.060001,    256.829987
     t,     -0.010651,      0.869582,      0.016129,     44.060001,    256.829987
     t,     -0.710358,      0.868179,      0.016456,     44.060001,    256.829987
     t,     -0.109314,      0.866777,      0.016807,     44.060001,    256.829987
     t,     -0.206451,      0.864675,      0.017376,     44.060001,    256.829987
     t,     -0.601898,      0.862576,      0.018002,     44.060001,    256.829987
     t,     -0.095703,      0.861283,      0.018679,     44.060001,    256.829987
     t,     -0.322662,      0.846265,      0.029623,     44.049999,    256.850006
     t,     -0.351593,      0.841146,      0.032929,     44.049999,    256.859985
     t,      1.409058,      0.860323,      0.029556,     44.049999,    256.920013
     t,      0.587021,      0.874337,      0.018126,     44.049999,    256.940002
     t,      0.832611,      0.938300,      0.005912,     44.049999,    256.970001
     t,      0.278366,      0.963353,      0.004722,     44.049999,    256.980011
     t,      0.517120,      1.083377,      0.003742,     44.040001,    257.019989
     t,      0.409363,      1.144686,      0.001550,     44.040001,    257.040009
     t,      0.358032,      1.168712,      0.001251,     44.040001,    257.049988
     t,      1.769638,      1.242289,      0.001778,     44.040001,    257.070007
     t,      1.300644,      1.396179,      0.009493,     44.049999,    257.100006
     t,      0.497879,      1.491691,      0.010801,     44.060001,    257.119995
     t,      1.295074,      1.517351,      0.012748,     44.060001,    257.130005
     t,      0.076431,      1.600934,      0.020240,     44.070000,    257.140015
     t,      0.508621,      1.638206,      0.024155,     44.080002,    257.149994
     t,      1.925064,      1.654310,      0.024574,     44.080002,    257.149994
     t,      1.477295,      1.689480,      0.025085,     44.090000,    257.170013
     t,     -0.224503,      1.710759,      0.021034,     44.099998,    257.170013
     t,      0.241669,      1.717882,      0.019336,     44.099998,    257.179993
     t,     -0.782700,      1.735754,      0.017419,     44.099998,    257.190002
     t,     -0.272675,      1.746521,      0.017580,     44.099998,    257.190002
     t,     -1.629974,      1.768155,      0.017960,     44.099998,    257.209991
     t,      0.598328,      1.786286,      0.019156,     44.099998,    257.220001
     t,     -0.812485,      1.800857,      0.021026,     44.099998,    257.230011
     t,      0.084061,      1.808164,      0.022392,     44.099998,    257.230011
     t,      0.577408,      1.833858,      0.026080,     44.099998,    257.250000
     t,      0.816696,      1.835423,      0.026772,     44.099998,    257.250000
     t,     -0.179871,      1.843263,      0.031314,     44.099998,    257.260010
     t,      0.187607,      1.849545,      0.036422,     44.099998,    257.269989
     t,     -0.383850,      1.851118,      0.036551,     44.099998,    257.269989
     t,      0.076630,      1.854265,      0.037745,     44.099998,    257.279999
     t,      2.334900,      1.857415,      0.039849,     44.099998,    257.279999
     t,      2.966629,      1.858991,      0.041793,     44.099998,    257.290009
     t,      1.179214,      1.870040,      0.062268,     44.099998,    257.299988
     t,      3.062225,      1.873203,      0.062504,     44.099998,    257.299988
     t,      1.547882,      1.876369,      0.065341,     44.099998,    257.309998
     t,      1.277496,      1.881122,      0.070197,     44.099998,    257.309998
     t,     -2.747009,      1.897010,      0.099025,     44.099998,    257.329987
     t,     -2.851379,      1.903385,      0.120411,     44.099998,    257.339996
     t,     -4.257797,      1.908172,      0.133419,     44.099998,    257.339996
     t,     -4.327179,      1.912966,      0.140117,     44.099998,    257.350006
     t,     -3.286819,      1.912976,      0.142624,     44.099998,    257.350006
     t,      0.144821,      1.912983,      0.145044,     44.099998,    257.350006
     t,      0.794144,      1.912998,      0.146125,     44.110001,    257.350006
     t,      0.671082,      1.913045,      0.139475,     44.110001,    257.359985
     t,     -2.353699,      1.913104,      0.087802,     44.110001,    257.359985
     t,      1.288284,      1.913141,      0.071435,     44.110001,    257.369995
     t,     -1.024994,      1.905995,      0.215447,     44.110001,    257.380005
     t,      0.687256,      1.896790,      0.291418,     44.110001,    257.380005
     t,      1.326340,      1.892196,      0.292741,     44.110001,    257.380005
     t,     -0.605484,      1.883025,      0.366496,     44.110001,    257.390015
     t,      0.987030,      1.866704,      0.614304,     44.110001,    257.390015
     t,     -2.506790,      1.838150,      0.440388,     44.099998,    257.399994
     t,      0.521698,      0.860323,      0.039603,     44.049999,    256.890839
     q,     -0.011868,      0.007073,      0.001232,     46.770000,    259.239990
     q,     -0.063733,      0.007283,      0.001232,     46.770000,    259.239990
     q,     -0.062018,      0.007895,      0.001114,     46.770000,    259.239990
     q,     -0.033247,      0.008305,      0.000587,     46.779999,    259.239990
     q,     -0.027049,      0.010897,      0.000193,     46.790001,    259.239990
     q,     -0.087127,      0.012388,      0.000458,     46.799999,    259.239990
     q,     -0.450056,      0.013961,      0.001588,     46.799999,    259.250000
     q,     -0.388917,      0.014552,      0.001517,     46.810001,    259.250000
     q,     -0.209098,      0.015099,      0.001549,     46.810001,    259.260010
     q,     -0.081770,      0.019096,      0.000915,     46.820000,    259.279999
     q,     -0.092964,      0.019382,      0.000880,     46.820000,    259.279999
     q,     -0.110816,      0.020844,      0.000562,     46.830002,    259.290009
     q,     -0.062505,      0.022264,      0.000376,     46.830002,    259.290009
     q,     -0.202370,      0.022820,      0.000338,     46.830002,    259.299988
     q,     -0.148448,      0.023689,      0.000317,     46.830002,    259.299988
     q,     -0.103310,      0.023864,      0.000323,     46.830002,    259.309998
     q,     -0.194289,      0.024041,      0.000329,     46.830002,    259.309998
     q,     -0.205348,      0.024397,      0.000337,     46.840000,    259.309998
     q,     -0.119078,      0.024525,      0.000339,     46.840000,    259.309998
     q,     -0.203957,      0.024679,      0.000349,     46.840000,    259.320007
     q,     -0.119348,      0.025145,      0.000414,     46.840000,    259.329987
     q,     -0.072471,      0.025223,      0.000433,     46.840000,    259.329987
     q,     -0.146334,      0.025432,      0.000498,     46.840000,    259.329987
     q,     -0.088949,      0.025553,      0.000535,     46.840000,    259.329987
     q,     -0.218226,      0.025981,      0.000666,     46.840000,    259.350006
     q,     -0.440771,      0.026045,      0.000701,     46.840000,    259.350006
     q,     -0.533492,      0.026131,      0.000757,     46.840000,    259.350006
     q,     -0.450513,      0.026499,      0.001010,     46.840000,    259.359985
     q,     -0.518149,      0.026585,      0.001018,     46.840000,    259.359985
     q,     -0.555663,      0.026638,      0.001026,     46.840000,    259.359985
     q,     -0.540906,      0.026927,      0.001108,     46.840000,    259.369995
     q,     -0.580078,      0.027139,      0.001236,     46.840000,    259.380005
     q,     -0.540235,      0.029210,      0.001552,     46.849998,    259.420013
     q,     -0.547644,      0.029385,      0.001408,     46.849998,    259.429993
     q,     -0.445043,      0.030268,      0.001326,     46.860001,    259.450012
     q,     -0.519217,      0.030625,      0.001330,     46.860001,    259.459991
     q,     -0.518446,      0.031658,      0.001366,     46.869999,    259.489990
     q,     -0.557328,      0.031998,      0.001412,     46.869999,    259.500000
     q,     -0.538115,      0.032569,      0.001410,     46.869999,    259.519989
     q,     -0.001177,      0.009076,      0.000222,     44.070000,    256.790009
     q,     -0.019672,      0.009355,      0.000222,     44.070000,    256.790009
     q,     -0.082799,      0.009883,      0.000229,     44.070000,    256.790009
     q,     -0.069689,      0.010174,      0.000241,     44.070000,    256.790009
     q,     -0.120558,      0.010897,      0.000253,     44.070000,    256.790009
     q,     -0.106885,      0.012594,      0.000344,     44.080002,    256.779999
     q,      0.015471,      0.015544,      0.000735,     44.080002,    256.779999
     q,      0.140077,      0.017310,      0.000434,     44.070000,    256.779999
     q,      0.137263,      0.019035,      0.000200,     44.070000,    256.790009
     q,      0.139858,      0.019096,      0.000199,     44.070000,    256.790009
     q,      0.210874,      0.020607,      0.000180,     44.070000,    256.790009
     q,      0.051419,      0.021444,      0.000172,     44.060001,    256.790009
     q,      0.085588,      0.022392,      0.000161,     44.060001,    256.799988
     q,      0.027667,      0.022734,      0.000152,     44.060001,    256.799988
     q,      0.134205,      0.023952,      0.000144,     44.060001,    256.809998
     q,      0.078192,      0.024499,      0.000145,     44.060001,    256.820007
     q,      0.123968,      0.025067,      0.000153,     44.060001,    256.820007
     q,      0.125513,      0.025171,      0.000156,     44.060001,    256.820007
     q,      0.080036,      0.025223,      0.000161,     44.060001,    256.829987
     q,      0.072876,      0.025249,      0.000163,     44.060001,    256.829987
     q,      0.145591,      0.025301,      0.000168,     44.060001,    256.829987
     q,      0.016085,      0.025354,      0.000173,     44.060001,    256.829987
     q,      0.001695,      0.025432,      0.000182,     44.060001,    256.829987
     q,      0.111598,      0.025510,      0.000192,     44.060001,    256.829987
     q,      0.089974,      0.025574,      0.000204,     44.060001,    256.829987
     q,      0.125530,      0.026325,      0.000463,     44.049999,    256.850006
     q,      0.132687,      0.026585,      0.000558,     44.049999,    256.859985
     q,      0.159143,      0.028688,      0.000884,     44.049999,    256.920013
     q,      0.028696,      0.029210,      0.000670,     44.049999,    256.940002
     q,      0.016003,      0.030209,      0.000222,     44.049999,    256.970001
     q,     -0.095727,      0.030595,      0.000113,     44.049999,    256.980011
     q,      0.058032,      0.031922,      0.000070,     44.040001,    257.019989
     q,      0.018085,      0.032569,      0.000033,     44.040001,    257.040009
     q,      0.177714,      0.028688,      0.000897,     44.049999,    256.890839
     t,     -0.471222,      1.976904,      0.005358,     32.840000,    262.700012
     t,     -2.926575,      1.997564,      0.006923,     32.840000,    262.700012
     t,     -2.910980,      2.015730,      0.006977,     32.840000,    262.700012
     t,     -2.778687,      2.065544,      0.007117,     32.849998,    262.700012
     t,     -2.309326,      1.868416,      0.007098,     32.860001,    262.700012
     t,     -2.279175,      1.760101,      0.007227,     32.860001,    262.700012
     t,     -0.996979,      1.649278,      0.008854,     32.869999,    262.709991
     t,      0.292511,      1.620712,      0.009905,     32.869999,    262.709991
     t,      0.840790,      1.528092,      0.014182,     32.869999,    262.709991
     t,      0.425018,      1.080976,      0.004346,     32.880001,    262.720001
     t,      0.269867,      1.063712,      0.002951,     32.880001,    262.730011
     t,      0.317932,      1.046588,      0.002475,     32.880001,    262.730011
     t,     -0.071533,      0.991300,      0.004860,     32.880001,    262.730011
     t,      0.295044,      0.945442,      0.008257,     32.880001,    262.739990
     t,      0.484314,      0.926524,      0.012745,     32.880001,    262.739990
     t,      0.648895,      0.914019,      0.013731,     32.880001,    262.739990
     t,      0.245789,      0.895750,      0.017569,     32.880001,    262.750000
     t,      0.095367,      0.889349,      0.022431,     32.880001,    262.750000
     t,     -0.115570,      0.879438,      0.034002,     32.880001,    262.750000
     t,     -0.286560,      0.875912,      0.034756,     32.880001,    262.760010
     t,     -0.649078,      0.863276,      0.046297,     32.880001,    262.760010
     t,     -0.527588,      0.860421,      0.053310,     32.880001,    262.760010
     t,     -0.042511,      0.855689,      0.071173,     32.880001,    262.769989
     t,     -0.857666,      0.849258,      0.057747,     32.880001,    262.769989
     t,      0.511017,      0.841572,      0.032345,     32.889999,    262.779999
     t,      0.605255,      0.841146,      0.031192,     32.889999,    262.779999
     t,     -0.314026,      0.840428,      0.014785,     32.889999,    262.790009
     t,      0.676605,      0.839906,      0.008296,     32.889999,    262.799988
     t,      0.425140,      0.839710,      0.006571,     32.889999,    262.799988
     t,      0.752625,      0.839612,      0.005866,     32.889999,    262.799988
     t,      0.377411,      0.843656,      0.004816,     32.889999,    262.809998
     t,      0.243744,      0.846422,      0.004554,     32.889999,    262.809998
     t,     -0.231384,      0.854749,      0.003987,     32.889999,    262.809998
     t,     -0.190094,      0.856141,      0.003876,     32.889999,    262.820007
     t,     -0.089996,      0.862418,      0.003747,     32.889999,    262.820007
     t,     -0.285828,      0.874337,      0.003957,     32.889999,    262.829987
     t,      0.183167,      0.883602,      0.004240,     32.889999,    262.829987
     t,     -0.168915,      0.951749,      0.002431,     32.900002,    262.839996
     t,      0.718018,      0.972548,      0.001810,     32.900002,    262.850006
     t,      1.094772,      1.003114,      0.001940,     32.900002,    262.850006
     t,      0.690186,      1.101234,      0.014024,     32.900002,    262.859985
     t,      0.258972,      1.144686,      0.027407,     32.900002,    262.869995
     t,      0.175705,      1.173548,      0.036192,     32.900002,    262.869995
     t,      0.705429,      1.287512,      0.048854,     32.900002,    262.880005
     t,      0.118134,      1.396179,      0.033006,     32.900002,    262.880005
     t,      0.834290,      1.616855,      0.005792,     32.900002,    262.890015
     t,      0.384674,      1.654310,      0.005048,     32.900002,    262.890015
     t,     -1.270691,      1.793564,      0.021050,     32.900002,    262.890015
     t,     -0.899704,      1.833858,      0.023838,     32.900002,    262.890015
     t,     -0.774124,      1.836990,      0.025300,     32.900002,    262.890015
     t,     -2.519272,      1.855839,      0.019549,     32.900002,    262.899994
     t,     -0.815475,      1.866880,      0.035018,     32.889999,    262.899994
     t,     -2.301392,      1.877952,      0.045140,     32.889999,    262.899994
     t,     -1.015244,      1.884294,      0.032262,     32.889999,    262.899994
     t,     -2.390503,      1.892237,      0.031941,     32.889999,    262.910004
     t,     -2.565918,      1.901790,      0.091734,     32.889999,    262.910004
     t,     -0.144714,      1.908172,      0.121283,     32.889999,    262.910004
     t,      0.271729,      1.912966,      0.155882,     32.889999,    262.910004
     t,     -3.254120,      1.913103,      0.108030,     32.889999,    262.910004
     t,      1.050415,      1.913230,      0.288603,     32.900002,    262.910004
     t,     -0.659805,      1.896790,      0.268240,     32.900002,    262.910004
     t,     -3.409637,      1.863122,      0.082512,     32.900002,    262.899994
     t,     -2.794281,      2.065544,      0.007079,     32.845207,    262.700012
     t,      0.825562,      0.860992,      0.000606,     29.360001,    265.279999
     t,      0.525574,      0.860991,      0.000606,     29.360001,    265.279999
     t,      0.476685,      0.860995,      0.000083,     29.480000,    265.079987
     t,      0.276672,      0.860995,      0.000084,     29.480000,    265.079987
     t,      3.557037,      0.860998,      0.004300,     29.510000,    265.489990
     t,      2.957031,      0.860997,      0.004301,     29.510000,    265.489990
     t,      0.627899,      0.860998,      0.003025,     29.590000,    265.609985
     t,      0.427887,      0.860997,      0.003026,     29.590000,    265.609985
     t,      0.759918,      0.860995,      0.000118,     29.680000,    265.010010
     t,      0.459930,      0.860995,      0.000118,     29.680000,    265.010010
     t,      0.860260,      0.860993,      0.000398,     29.730000,    264.730011
     t,      0.460266,      0.860994,      0.000398,     29.730000,    264.730011
     t,      0.448456,      0.860991,      0.000225,     29.760000,    264.920013
     t,      0.048431,      0.860991,      0.000225,     29.760000,    264.920013
     t,      1.025574,      0.860994,      0.000606,     29.360001,    265.279999
     t,      0.425568,      0.860991,      0.000606,     29.360001,    265.279999
     t,      0.425568,      0.860991,      0.000606,     29.360001,    265.279999
     t,      0.776672,      0.860997,      0.000084,     29.480000,    265.079987
     t,      0.176666,      0.860995,      0.000083,     29.480000,    265.079987
     t,     -0.023315,      0.860995,      0.000083,     29.480000,    265.079987
     t,      4.157043,      0.860999,      0.004299,     29.510000,    265.489990
     t,      2.657043,      0.860997,      0.004299,     29.510000,    265.489990
     t,      2.557037,      0.860996,      0.004300,     29.510000,    265.489990
     t,      1.327881,      0.860999,      0.003026,     29.590000,    265.609985
     t,     -0.072113,      0.860997,      0.003026,     29.590000,    265.609985
     t,     -0.272125,      0.860996,      0.003026,     29.590000,    265.609985
     t,      1.559937,      0.860997,      0.000118,     29.680000,    265.010010
     t,      0.159943,      0.860995,      0.000118,     29.680000,    265.010010
     t,     -0.140076,      0.860994,      0.000118,     29.680000,    265.010010
     t,      1.860260,      0.860995,      0.000398,     29.730000,    264.730011
     t,     -0.139740,      0.860994,      0.000398,     29.730000,    264.730011
     t,     -0.639740,      0.860993,      0.000398,     29.730000,    264.730011
     t,      1.448456,      0.860992,      0.000225,     29.760000,    264.920013
     t,     -0.451569,      0.860991,      0.000225,     29.760000,    264.920013
     t,     -0.951569,      0.860990,      0.000225,     29.760000,    264.920013
     t,      0.825562,      0.860992,      0.000606,     29.360001,    265.279999
     t,      0.725555,      0.860992,      0.000606,     29.360001,    265.279999
     t,      0.676666,      0.860996,      0.000083,     29.480000,    265.079987
     t,      0.676666,      0.860995,      0.000083,     29.480000,    265.079987
     t,      3.857025,      0.860998,      0.004301,     29.510000,    265.489990
     t,      3.357025,      0.860998,      0.004301,     29.510000,    265.489990
     t,      1.027893,      0.860998,      0.003026,     29.590000,    265.609985
     t,      1.127899,      0.860998,      0.003025,     29.590000,    265.609985
     t,      1.459930,      0.860995,      0.000118,     29.680000,    265.010010
     t,      1.359924,      0.860995,      0.000118,     29.680000,    265.010010
     t,      1.360260,      0.860994,      0.000398,     29.730000,    264.730011
     t,      1.260254,      0.860994,      0.000398,     29.730000,    264.730011
     t,      0.948456,      0.860991,      0.000225,     29.760000,    264.920013
     t,      0.748444,      0.860991,      0.000225,     29.760000,    264.920013
     q,      0.110863,      0.005909,      0.000018,     32.840000,    262.700012
     q,      0.033087,      0.006145,      0.000018,     32.840000,    262.700012
     q,      0.044639,      0.006354,      0.000019,     32.840000,    262.700012
     q,      0.043882,      0.007895,      0.000029,     32.849998,    262.700012
     q,      0.018944,      0.010897,      0.000058,     32.860001,    262.700012
     q,      0.010368,      0.011780,      0.000072,     32.860001,    262.700012
     q,     -0.069752,      0.012750,      0.000067,     32.869999,    262.709991
     q,     -0.176609,      0.013011,      0.000084,     32.869999,    262.709991
     q,     -0.204400,      0.013855,      0.000175,     32.869999,    262.709991
     q,     -0.167682,      0.019096,      0.000163,     32.880001,    262.720001
     q,     -0.134808,      0.019497,      0.000158,     32.880001,    262.730011
     q,     -0.206465,      0.019903,      0.000163,     32.880001,    262.730011
     q,     -0.147599,      0.021263,      0.000213,     32.880001,    262.730011
     q,     -0.274470,      0.022563,      0.000350,     32.880001,    262.739990
     q,     -0.232447,      0.023209,      0.000520,     32.880001,    262.739990
     q,     -0.270920,      0.023645,      0.000687,     32.880001,    262.739990
     q,     -0.094953,      0.024294,      0.001175,     32.880001,    262.750000
     q,     -0.175081,      0.024525,      0.001629,     32.880001,    262.750000
     q,     -0.057656,      0.024886,      0.002675,     32.880001,    262.750000
     q,     -0.139178,      0.025015,      0.002503,     32.880001,    262.760010
     q,     -0.069385,      0.025484,      0.002041,     32.880001,    262.760010
     q,     -0.135261,      0.025617,      0.001932,     32.880001,    262.760010
     q,     -0.128045,      0.025852,      0.001864,     32.880001,    262.769989
     q,     -0.195170,      0.026174,      0.002132,     32.880001,    262.769989
     q,     -0.245546,      0.026564,      0.003116,     32.889999,    262.779999
     q,     -0.248809,      0.026585,      0.003195,     32.889999,    262.779999
     q,     -0.224561,      0.027165,      0.005329,     32.889999,    262.790009
     q,     -0.293130,      0.027591,      0.007401,     32.889999,    262.799988
     q,     -0.155629,      0.027751,      0.008369,     32.889999,    262.799988
     q,     -0.243437,      0.027832,      0.008920,     32.889999,    262.799988
     q,     -0.123256,      0.028067,      0.009201,     32.889999,    262.809998
     q,      0.053636,      0.028170,      0.009015,     32.889999,    262.809998
     q,      0.024641,      0.028480,      0.008448,     32.889999,    262.809998
     q,     -0.011113,      0.028532,      0.008224,     32.889999,    262.820007
     q,     -0.340316,      0.028766,      0.007776,     32.889999,    262.820007
     q,     -0.307456,      0.029210,      0.005545,     32.889999,    262.829987
     q,     -0.278810,      0.029356,      0.004844,     32.889999,    262.829987
     q,     -0.204220,      0.030416,      0.002399,     32.900002,    262.839996
     q,     -0.135287,      0.031057,      0.001861,     32.900002,    262.850006
     q,     -0.093082,      0.032569,      0.000854,     32.900002,    262.869995
     q,      0.045056,      0.007895,      0.000024,     32.845207,    262.700012
     t,      0.210205,      1.606232,      0.000959,     37.759998,    260.339996
     t,     -0.329010,      1.654310,      0.000844,     37.770000,    260.359985
     t,     -1.176239,      1.746521,      0.003773,     37.790001,    260.429993
     t,     -0.263321,      1.811824,      0.010540,     37.799999,    260.470001
     t,     -1.034912,      1.833858,      0.013385,     37.799999,    260.480011
     t,     -3.805878,      1.855839,      0.017433,     37.799999,    260.500000
     t,     -4.596054,      1.868459,      0.040664,     37.810001,    260.510010
     t,     -3.512161,      1.874785,      0.070228,     37.810001,    260.519989
     t,     -1.035446,      1.879537,      0.107657,     37.810001,    260.519989
     t,     -0.765656,      1.882708,      0.140040,     37.810001,    260.529999
     t,      0.763199,      1.889058,      0.182395,     37.810001,    260.529999
     t,     -0.899887,      1.904980,      0.123192,     37.820000,    260.540009
     t,      0.105713,      1.908172,      0.112564,     37.820000,    260.540009
     t,      0.006256,      1.912966,      0.105059,     37.820000,    260.549988
     t,      0.540924,      1.913041,      0.083478,     37.830002,    260.549988
     t,      2.432846,      1.913056,      0.065879,     37.830002,    260.549988
     t,     -0.362717,      1.913112,      0.087604,     37.830002,    260.559998
     t,     -1.541321,      1.904678,      0.079764,     37.840000,    260.570007
     t,      0.021362,      1.896790,      0.093745,     37.840000,    260.570007
     t,      0.315384,      1.890885,      0.134239,     37.840000,    260.570007
     t,     -2.658066,      1.871266,      0.335265,     37.849998,    260.570007
     t,     -1.063721,      1.853049,      0.159259,     37.849998,    260.570007
     t,      2.327850,      1.843325,      0.222313,     37.849998,    260.559998
     t,      0.979050,      1.834919,      0.274586,     37.849998,    260.559998
     t,     -0.929443,      2.023540,      0.678864,     35.180000,    262.559998
     t,     -1.033112,      2.044442,      0.716448,     35.180000,    262.559998
     t,     -0.441803,      2.069478,      0.650777,     35.180000,    262.559998
     t,     -1.598236,      2.065544,      0.300233,     35.189999,    262.559998
     t,     -1.822937,      1.868416,      0.106446,     35.200001,    262.570007
     t,     -2.080048,      1.632108,      0.076473,     35.209999,    262.570007
     t,     -1.090546,      1.551719,      0.065947,     35.209999,    262.579987
     t,     -0.887054,      1.469817,      0.053643,     35.209999,    262.579987
     t,     -0.006195,      1.269115,      0.013646,     35.220001,    262.589996
     t,      0.652649,      1.234565,      0.010703,     35.220001,    262.589996
     t,     -0.028687,      1.187838,      0.007226,     35.230000,    262.589996
     t,      0.208252,      1.171070,      0.006359,     35.230000,    262.589996
     t,      0.032043,      1.150278,      0.005473,     35.230000,    262.589996
     t,     -0.156006,      1.080976,      0.003039,     35.230000,    262.600006
     t,     -0.264893,      1.078501,      0.002926,     35.230000,    262.600006
     t,     -1.326324,      1.024775,      0.002080,     35.230000,    262.600006
     t,      0.959564,      0.919011,      0.023691,     35.240002,    262.609985
     t,      1.976807,      0.905316,      0.028130,     35.240002,    262.609985
     t,     -0.216827,      0.885803,      0.033181,     35.250000,    262.619995
     t,     -0.198212,      0.877321,      0.035880,     35.250000,    262.619995
     t,     -0.687622,      0.874503,      0.036996,     35.250000,    262.630005
     t,     -0.787201,      0.871690,      0.037110,     35.250000,    262.630005
     t,     -1.242889,      0.870284,      0.036912,     35.250000,    262.630005
     t,     -1.052704,      0.867478,      0.036607,     35.250000,    262.630005
     t,     -1.279846,      0.866777,      0.036550,     35.250000,    262.630005
     t,     -1.506836,      0.866076,      0.036499,     35.250000,    262.630005
     t,     -1.960419,      0.864675,      0.036423,     35.250000,    262.630005
     t,     -1.743835,      0.860852,      0.036400,     35.250000,    262.630005
     t,     -2.489838,      0.854830,      0.037189,     35.250000,    262.640015
     t,     -2.829681,      0.852256,      0.038155,     35.250000,    262.640015
     t,     -3.220001,      0.850542,      0.039075,     35.250000,    262.640015
     t,     -3.280334,      0.848402,      0.039782,     35.250000,    262.649994
     t,     -3.806183,      0.843277,      0.043229,     35.250000,    262.649994
     t,     -3.745605,      0.841146,      0.045620,     35.250000,    262.660004
     t,     -3.884949,      0.840983,      0.048489,     35.250000,    262.660004
     t,     -0.825989,      0.840787,      0.052616,     35.250000,    262.660004
     t,     -1.363190,      0.840330,      0.068969,     35.250000,    262.670013
     t,     -1.215729,      0.840232,      0.073550,     35.250000,    262.670013
     t,      0.550995,      0.840101,      0.080416,     35.250000,    262.670013
     t,      1.156342,      0.839938,      0.090786,     35.250000,    262.679993
     t,      0.788116,      0.840204,      0.131211,     35.259998,    262.690002
     t,      1.731140,      0.857534,      0.077094,     35.259998,    262.700012
     t,      0.744781,      0.874337,      0.037269,     35.259998,    262.720001
     t,      0.089417,      0.883602,      0.028598,     35.259998,    262.730011
     t,      0.218323,      0.932565,      0.054749,     35.259998,    262.750000
     t,      0.451767,      0.942133,      0.059156,     35.259998,    262.750000
     t,      0.364838,      0.957542,      0.077467,     35.259998,    262.760010
     t,     -0.053238,      0.979300,      0.106044,     35.259998,    262.760010
     t,     -0.432312,      1.003114,      0.114584,     35.259998,    262.769989
     t,      0.084366,      1.023755,      0.128705,     35.259998,    262.769989
     t,      0.125046,      1.034154,      0.151359,     35.259998,    262.779999
     t,      0.821808,      1.072733,      0.301386,     35.259998,    262.790009
     t,      1.350677,      1.144686,      0.397217,     35.259998,    262.799988
     t,      2.454453,      1.318111,      0.074060,     35.259998,    262.829987
     t,      1.656509,      1.396179,      0.088501,     35.259998,    262.839996
     t,      1.483078,      1.421007,      0.120422,     35.259998,    262.850006
     t,      2.330414,      1.451090,      0.159159,     35.259998,    262.859985
     t,      0.841339,      1.654310,      0.017127,     35.250000,    262.899994
     t,     -0.063492,      1.725020,      0.019641,     35.250000,    262.929993
     t,      1.281937,      1.746521,      0.024225,     35.240002,    262.929993
     t,     -0.730331,      1.833858,      0.047895,     35.230000,    262.959991
     t,     -1.379059,      1.843263,      0.061070,     35.220001,    262.959991
     t,     -6.142441,      1.877952,      0.065825,     35.189999,    262.989990
     t,     -5.101318,      1.882708,      0.079026,     35.189999,    263.000000
     t,     -6.488022,      1.890647,      0.060720,     35.189999,    263.000000
     t,     -5.328415,      1.893827,      0.067520,     35.180000,    263.000000
     t,     -5.642075,      1.895419,      0.076118,     35.180000,    263.000000
     t,     -4.667038,      1.898603,      0.101442,     35.180000,    263.000000
     t,     -5.743118,      1.909769,      0.106358,     35.180000,    263.010010
     t,     -2.824402,      1.912966,      0.112345,     35.180000,    263.010010
     t,     -0.274948,      1.913011,      0.116804,     35.180000,    263.010010
     t,     -3.317230,      1.913090,      0.058917,     35.189999,    263.010010
     t,     -2.892288,      1.913135,      0.028408,     35.189999,    263.019989
     t,     -2.352386,      1.913139,      0.027596,     35.189999,    263.019989
     t,      1.972107,      1.913145,      0.028101,     35.189999,    263.019989
     t,      2.641144,      1.913154,      0.034418,     35.200001,    263.019989
     t,     -1.885193,      1.911924,      0.179664,     35.189999,    263.019989
     t,     -1.311813,      1.902376,      0.272489,     35.189999,    263.019989
     t,      0.911118,      1.900075,      0.274082,     35.189999,    263.019989
     t,      0.632019,      1.896790,      0.251439,     35.189999,    263.019989
     t,     -1.337036,      1.883679,      0.217816,     35.200001,    263.019989
     t,      1.081314,      1.869310,      0.094348,     35.200001,    263.010010
     t,      0.154663,      1.854022,      0.212505,     35.200001,    263.000000
     t,     -3.631927,      2.010531,      1.887076,     36.610001,    262.510010
     t,     -4.787811,      2.065544,      1.768395,     36.610001,    262.510010
     t,     -4.954498,      2.040755,      1.467072,     36.599998,    262.510010
     t,     -3.290802,      1.868416,      0.799471,     36.599998,    262.510010
     t,     -2.235107,      1.424013,      0.272200,     36.599998,    262.519989
     t,     -2.480835,      1.260433,      0.167797,     36.610001,    262.519989
     t,     -0.525787,      1.217469,      0.165324,     36.610001,    262.519989
     t,     -0.206055,      1.125572,      0.157009,     36.610001,    262.529999
     t,     -0.043060,      1.080976,      0.111068,     36.610001,    262.529999
     t,      0.566833,      1.061258,      0.083470,     36.610001,    262.529999
     t,     -0.712708,      0.880850,      0.028941,     36.610001,    262.579987
     t,     -0.500549,      0.869582,      0.029848,     36.610001,    262.589996
     t,     -1.655640,      0.844130,      0.054518,     36.610001,    262.609985
     t,     -1.298126,      0.842850,      0.057018,     36.610001,    262.609985
     t,     -1.125580,      0.841998,      0.058771,     36.610001,    262.609985
     t,     -1.352356,      0.841146,      0.060591,     36.610001,    262.609985
     t,     -1.061829,      0.840526,      0.079189,     36.610001,    262.619995
     t,      0.433502,      0.840297,      0.078830,     36.610001,    262.619995
     t,      0.397583,      0.840893,      0.082472,     36.610001,    262.640015
     t,     -0.849609,      0.862418,      0.089143,     36.610001,    262.649994
     t,      0.446716,      0.874337,      0.094715,     36.610001,    262.660004
     t,      0.720123,      0.883602,      0.096481,     36.610001,    262.670013
     t,     -0.213348,      0.951749,      0.058792,     36.619999,    262.690002
     t,      2.615128,      1.112018,      0.026945,     36.630001,    262.739990
     t,      2.279343,      1.144686,      0.021781,     36.630001,    262.750000
     t,      1.801666,      1.396179,      0.015665,     36.650002,    262.809998
     t,      1.767731,      1.416024,      0.015234,     36.650002,    262.809998
     t,     -0.127136,      1.654310,      0.008704,     36.680000,    262.880005
     t,     -0.705734,      1.707204,      0.021879,     36.689999,    262.899994
     t,     -0.483826,      1.779023,      0.085689,     36.700001,    262.940002
     t,      1.235214,      1.789923,      0.096103,     36.709999,    262.940002
     t,     -0.096786,      1.833858,      0.049186,     36.720001,    262.959991
     t,     -3.635651,      1.865300,      0.069027,     36.750000,    262.980011
     t,     -5.906250,      1.879537,      0.158066,     36.759998,    262.989990
     t,     -5.084686,      1.892237,      0.162712,     36.779999,    263.000000
     t,     -3.381409,      1.903385,      0.195656,     36.799999,    263.010010
     t,     -2.478516,      1.912966,      0.351099,     36.799999,    263.019989
     t,      2.829803,      1.913037,      0.408700,     36.799999,    263.019989
     t,     -1.699127,      1.913172,      0.215577,     36.810001,    263.040009
     t,      2.228653,      1.913203,      0.280196,     36.810001,    263.049988
     t,     -1.355865,      1.908299,      0.181369,     36.799999,    263.049988
     t,     -0.790878,      1.896790,      0.146698,     36.810001,    263.049988
     t,     -2.594055,      1.868416,      0.465637,     36.599998,    262.515228
     t,      0.343109,      1.061258,      0.027350,     36.610001,    262.555237
     t,      0.813995,      1.654310,      0.011099,     36.663952,    262.842560
     q,      0.076127,      0.006445,      0.000516,     35.180000,    262.559998
     q,      0.014208,      0.006690,      0.000502,     35.180000,    262.559998
     q,      0.056392,      0.007213,      0.000559,     35.180000,    262.559998
     q,      0.025617,      0.007895,      0.000354,     35.189999,    262.559998
     q,      0.063214,      0.010897,      0.000296,     35.200001,    262.570007
     q,      0.018424,      0.012906,      0.000472,     35.209999,    262.570007
     q,      0.009057,      0.013644,      0.000401,     35.209999,    262.579987
     q,     -0.134612,      0.014390,      0.000357,     35.209999,    262.579987
     q,     -0.168846,      0.016449,      0.001043,     35.220001,    262.589996
     q,     -0.207819,      0.016905,      0.001069,     35.220001,    262.589996
     q,     -0.204528,      0.017543,      0.001087,     35.230000,    262.589996
     q,     -0.072947,      0.017778,      0.001126,     35.230000,    262.589996
     q,     -0.038111,      0.018073,      0.001185,     35.230000,    262.589996
     q,     -0.072867,      0.019096,      0.001246,     35.230000,    262.600006
     q,     -0.072559,      0.019154,      0.001249,     35.230000,    262.600006
     q,      0.078109,      0.020430,      0.001389,     35.230000,    262.600006
     q,      0.292254,      0.023470,      0.001403,     35.240002,    262.609985
     q,      0.372863,      0.023952,      0.001320,     35.240002,    262.609985
     q,      0.274376,      0.024653,      0.000918,     35.250000,    262.619995
     q,      0.320096,      0.024963,      0.000767,     35.250000,    262.619995
     q,      0.205355,      0.025067,      0.000718,     35.250000,    262.630005
     q,      0.244043,      0.025171,      0.000693,     35.250000,    262.630005
     q,      0.102124,      0.025223,      0.000682,     35.250000,    262.630005
     q,      0.324953,      0.025327,      0.000663,     35.250000,    262.630005
     q,      0.313022,      0.025354,      0.000658,     35.250000,    262.630005
     q,      0.338572,      0.025380,      0.000654,     35.250000,    262.630005
     q,      0.255512,      0.025432,      0.000646,     35.250000,    262.630005
     q,      0.320328,      0.025596,      0.000623,     35.250000,    262.630005
     q,      0.190112,      0.025895,      0.000614,     35.250000,    262.640015
     q,      0.300435,      0.026024,      0.000631,     35.250000,    262.640015
     q,      0.234245,      0.026110,      0.000654,     35.250000,    262.640015
     q,      0.288268,      0.026217,      0.000742,     35.250000,    262.649994
     q,      0.213067,      0.026477,      0.000966,     35.250000,    262.649994
     q,      0.217734,      0.026585,      0.001122,     35.250000,    262.660004
     q,      0.224795,      0.026717,      0.001267,     35.250000,    262.660004
     q,      0.380120,      0.026874,      0.001470,     35.250000,    262.660004
     q,      0.454096,      0.027245,      0.002380,     35.250000,    262.670013
     q,      0.458578,      0.027324,      0.002650,     35.250000,    262.670013
     q,      0.585676,      0.027431,      0.003061,     35.250000,    262.670013
     q,      0.589867,      0.027564,      0.003821,     35.250000,    262.679993
     q,      0.514251,      0.027938,      0.006652,     35.259998,    262.690002
     q,      0.501769,      0.028584,      0.007140,     35.259998,    262.700012
     q,      0.227766,      0.029210,      0.006314,     35.259998,    262.720001
     q,      0.140634,      0.029356,      0.005930,     35.259998,    262.730011
     q,     -0.097908,      0.030120,      0.003838,     35.259998,    262.750000
     q,      0.008597,      0.030268,      0.003867,     35.259998,    262.750000
     q,     -0.052000,      0.030506,      0.004109,     35.259998,    262.760010
     q,     -0.074697,      0.030796,      0.004280,     35.259998,    262.760010
     q,     -0.263480,      0.031057,      0.004662,     35.259998,    262.769989
     q,     -0.395520,      0.031282,      0.005087,     35.259998,    262.769989
     q,     -0.567752,      0.031394,      0.005777,     35.259998,    262.779999
     q,     -0.594977,      0.031809,      0.009067,     35.259998,    262.790009
     q,     -0.479872,      0.032569,      0.016109,     35.259998,    262.799988
     q,      0.002012,      0.006294,      0.000869,     36.610001,    262.510010
     q,     -0.018926,      0.007895,      0.000820,     36.610001,    262.510010
     q,     -0.028287,      0.009037,      0.000581,     36.599998,    262.510010
     q,     -0.070212,      0.010897,      0.000343,     36.599998,    262.510010
     q,     -0.026586,      0.014824,      0.000421,     36.599998,    262.519989
     q,     -0.042073,      0.016563,      0.001102,     36.610001,    262.519989
     q,     -0.188396,      0.017136,      0.001042,     36.610001,    262.519989
     q,     -0.236833,      0.018431,      0.001324,     36.610001,    262.529999
     q,     -0.232014,      0.019096,      0.001068,     36.610001,    262.529999
     q,     -0.277980,      0.019555,      0.000914,     36.610001,    262.529999
     q,      0.163945,      0.024834,      0.001195,     36.610001,    262.579987
     q,      0.024482,      0.025249,      0.001496,     36.610001,    262.589996
     q,      0.238525,      0.026433,      0.002422,     36.610001,    262.609985
     q,     -0.092865,      0.026499,      0.002415,     36.610001,    262.609985
     q,     -0.053271,      0.026542,      0.002413,     36.610001,    262.609985
     q,     -0.023428,      0.026585,      0.002413,     36.610001,    262.609985
     q,      0.021439,      0.027086,      0.002530,     36.610001,    262.619995
     q,     -0.192951,      0.027271,      0.002349,     36.610001,    262.619995
     q,      0.028213,      0.027964,      0.001804,     36.610001,    262.640015
     q,     -0.042685,      0.028766,      0.002623,     36.610001,    262.649994
     q,     -0.179390,      0.029210,      0.006888,     36.610001,    262.660004
     q,     -0.179322,      0.029356,      0.009782,     36.610001,    262.670013
     q,     -0.426935,      0.030416,      0.030278,     36.619999,    262.690002
     q,     -0.065481,      0.014824,      0.000682,     36.599998,    262.515228
     q,     -0.092297,      0.024834,      0.000881,     36.610001,    262.555237
     t,     -0.882996,      1.992389,      1.794011,     39.070000,    264.369995
     t,     -1.583008,      2.000154,      1.794040,     39.070000,    264.369995
     t,     -2.758636,      2.041824,      1.918822,     39.070000,    264.369995
     t,     -2.201263,      2.069478,      1.930646,     39.070000,    264.369995
     t,     -1.594543,      2.065544,      1.525653,     39.070000,    264.369995
     t,     -1.714325,      2.064716,      1.502595,     39.070000,    264.369995
     t,     -0.993927,      2.062027,      0.944619,     39.070000,    264.369995
     t,     -1.900391,      1.940254,      0.303329,     39.070000,    264.369995
     t,     -2.381744,      1.868416,      0.389908,     39.070000,    264.369995
     t,     -2.671936,      1.701324,      0.340145,     39.070000,    264.369995
     t,     -3.133545,      1.672309,      0.340076,     39.070000,    264.369995
     t,     -4.000336,      1.637822,      0.324685,     39.070000,    264.369995
     t,     -4.464600,      1.603693,      0.312058,     39.070000,    264.369995
     t,     -2.332092,      1.418338,      0.297652,     39.070000,    264.369995
     t,     -2.209076,      1.080976,      0.230942,     39.080002,    264.380005
     t,     -2.356323,      1.076030,      0.223858,     39.080002,    264.380005
     t,     -1.772766,      1.041721,      0.180396,     39.080002,    264.390015
     t,     -1.602264,      1.027187,      0.163734,     39.080002,    264.390015
     t,     -1.106995,      1.015154,      0.151130,     39.080002,    264.390015
     t,     -0.251038,      0.949248,      0.060728,     39.080002,    264.390015
     t,      1.010284,      0.916513,      0.037196,     39.080002,    264.399994
     t,      0.394714,      0.888640,      0.035094,     39.080002,    264.399994
     t,      0.798218,      0.884387,      0.039163,     39.080002,    264.399994
     t,     -0.010406,      0.865376,      0.070200,     39.080002,    264.410004
     t,      0.538879,      0.859560,      0.089921,     39.080002,    264.410004
     t,      0.629974,      0.855689,      0.110757,     39.080002,    264.410004
     t,      0.754517,      0.852685,      0.130040,     39.080002,    264.410004
     t,      0.818268,      0.841146,      0.140130,     39.080002,    264.420013
     t,      0.712006,      0.841048,      0.141590,     39.080002,    264.420013
     t,      0.231659,      0.840199,      0.111581,     39.080002,    264.429993
     t,      0.165253,      0.839840,      0.090122,     39.080002,    264.440002
     t,      0.313324,      0.854749,      0.070055,     39.090000,    264.450012
     t,     -0.515137,      0.872228,      0.076396,     39.090000,    264.459991
     t,     -0.505249,      0.874337,      0.072478,     39.090000,    264.459991
     t,     -0.079544,      0.894784,      0.062685,     39.090000,    264.470001
     t,     -0.112595,      0.902278,      0.060629,     39.090000,    264.470001
     t,     -0.106094,      0.915467,      0.059353,     39.090000,    264.470001
     t,     -0.162979,      0.924947,      0.052323,     39.090000,    264.480011
     t,     -0.126297,      0.947897,      0.045597,     39.090000,    264.480011
     t,     -0.142929,      0.957542,      0.048458,     39.090000,    264.480011
     t,      0.292374,      0.979300,      0.062564,     39.090000,    264.489990
     t,     -0.060974,      1.023755,      0.077158,     39.090000,    264.500000
     t,      0.713394,      1.051602,      0.089387,     39.099998,    264.500000
     t,      0.665298,      1.144686,      0.122567,     39.099998,    264.519989
     t,      0.310043,      1.192988,      0.137366,     39.110001,    264.529999
     t,     -0.445938,      1.267313,      0.131611,     39.110001,    264.549988
     t,      0.442581,      1.302766,      0.132319,     39.110001,    264.549988
     t,      0.812653,      1.396179,      0.072218,     39.119999,    264.579987
     t,      0.875809,      1.643565,      0.042438,     39.139999,    264.670013
     t,      1.077057,      1.654310,      0.044752,     39.139999,    264.679993
     t,      2.163574,      1.678890,      0.043559,     39.139999,    264.690002
     t,     -0.906647,      1.786286,      0.071536,     39.160000,    264.769989
     t,     -1.359329,      1.822824,      0.087951,     39.169998,    264.799988
     t,     -1.877029,      1.833858,      0.097687,     39.169998,    264.809998
     t,     -3.135056,      1.841693,      0.098397,     39.169998,    264.820007
     t,     -4.005402,      1.855839,      0.067897,     39.180000,    264.839996
     t,     -2.742813,      1.858991,      0.069327,     39.180000,    264.850006
     t,     -2.010483,      1.868459,      0.071909,     39.180000,    264.859985
     t,     -3.139160,      1.887469,      0.086169,     39.180000,    264.890015
     t,     -2.388123,      1.906575,      0.090494,     39.180000,    264.910004
     t,      0.025604,      1.912966,      0.141048,     39.180000,    264.910004
     t,     -0.859970,      1.913004,      0.186976,     39.180000,    264.920013
     t,      1.220322,      1.913032,      0.165787,     39.180000,    264.920013
     t,     -0.195786,      1.913118,      0.181206,     39.180000,    264.929993
     t,      1.154022,      1.913133,      0.159417,     39.180000,    264.929993
     t,     -1.585266,      1.913185,      0.152235,     39.180000,    264.940002
     t,     -2.798828,      1.901718,      0.170039,     39.180000,    264.940002
     t,      0.038864,      1.897118,      0.154003,     39.180000,    264.940002
     t,      0.027145,      1.896790,      0.153572,     39.180000,    264.940002
     t,      1.340805,      1.888918,      0.173176,     39.180000,    264.940002
     t,     -2.068207,      1.867355,      0.259735,     39.180000,    264.940002
     t,     -0.832626,      1.852075,      0.213845,     39.180000,    264.940002
     t,      0.730743,      1.848508,      0.195001,     39.180000,    264.940002
     t,      0.902573,      1.643565,      0.035250,     39.130547,    264.627441
     t,      0.347168,      2.010531,      4.639855,     41.320000,    263.630005
     t,     -0.252838,      2.018332,      4.639853,     41.320000,    263.630005
     t,     -0.974731,      2.065544,      4.270403,     41.320000,    263.630005
     t,     -1.081665,      2.063061,      3.687149,     41.320000,    263.630005
     t,     -1.802094,      1.887189,      0.412982,     41.320000,    263.619995
     t,     -1.012115,      1.868416,      0.390995,     41.320000,    263.619995
     t,     -1.009064,      1.742363,      0.342870,     41.320000,    263.619995
     t,     -2.343170,      1.666537,      1.008735,     41.320000,    263.619995
     t,     -3.604767,      1.390135,      0.382414,     41.320000,    263.619995
     t,     -2.708954,      1.329086,      0.325369,     41.320000,    263.619995
     t,     -2.959320,      1.183635,      0.364859,     41.320000,    263.619995
     t,     -1.694672,      1.093049,      0.346523,     41.320000,    263.619995
     t,     -1.802826,      1.080976,      0.332351,     41.320000,    263.619995
     t,     -1.716614,      1.066170,      0.306074,     41.320000,    263.619995
     t,     -1.957306,      1.056357,      0.290112,     41.320000,    263.619995
     t,     -0.336334,      1.029602,      0.252821,     41.320000,    263.619995
     t,     -0.569092,      0.998426,      0.221791,     41.320000,    263.619995
     t,     -0.631592,      0.986563,      0.210175,     41.320000,    263.619995
     t,     -0.495514,      0.974771,      0.174764,     41.320000,    263.619995
     t,     -0.688812,      0.960714,      0.137649,     41.320000,    263.619995
     t,     -1.604584,      0.926524,      0.047713,     41.330002,    263.630005
     t,     -1.590637,      0.922764,      0.046064,     41.330002,    263.630005
     t,     -0.798157,      0.907798,      0.048297,     41.320000,    263.630005
     t,     -0.530853,      0.895038,      0.051454,     41.320000,    263.630005
     t,     -0.910431,      0.874503,      0.092203,     41.320000,    263.630005
     t,     -0.947418,      0.863975,      0.069682,     41.320000,    263.630005
     t,     -0.773651,      0.845410,      0.051788,     41.320000,    263.630005
     t,     -0.361786,      0.841146,      0.050652,     41.320000,    263.640015
     t,      0.203583,      0.840983,      0.051378,     41.320000,    263.640015
     t,      0.460022,      0.840852,      0.052701,     41.320000,    263.640015
     t,      0.205261,      0.840526,      0.055811,     41.320000,    263.640015
     t,     -0.176422,      0.840167,      0.043640,     41.320000,    263.640015
     t,     -0.970947,      0.847115,      0.041468,     41.320000,    263.649994
     t,     -0.884155,      0.852663,      0.037367,     41.320000,    263.660004
     t,     -1.321533,      0.859625,      0.034604,     41.320000,    263.660004
     t,     -1.065430,      0.861021,      0.034365,     41.320000,    263.660004
     t,     -0.519745,      0.864515,      0.034247,     41.320000,    263.660004
     t,     -0.259308,      0.865915,      0.034394,     41.320000,    263.660004
     t,      0.011566,      0.874337,      0.029656,     41.320000,    263.670013
     t,      0.099686,      0.878037,      0.028651,     41.320000,    263.670013
     t,      0.116791,      0.891049,      0.025665,     41.320000,    263.679993
     t,     -0.432068,      0.926848,      0.020145,     41.320000,    263.690002
     t,     -0.460419,      0.953678,      0.013807,     41.320000,    263.690002
     t,     -0.543961,      0.967236,      0.011322,     41.320000,    263.700012
     t,      0.525116,      1.048100,      0.004299,     41.320000,    263.709991
     t,      0.930191,      1.144686,      0.007317,     41.320000,    263.730011
     t,      0.928726,      1.149471,      0.007523,     41.330002,    263.730011
     t,      0.790131,      1.328390,      0.027036,     41.330002,    263.760010
     t,      0.541916,      1.396179,      0.021189,     41.340000,    263.769989
     t,     -0.237396,      1.466250,      0.020203,     41.340000,    263.779999
     t,     -1.965378,      1.564090,      0.033556,     41.349998,    263.799988
     t,     -1.155121,      1.574573,      0.030580,     41.349998,    263.809998
     t,     -1.230957,      1.638206,      0.018966,     41.360001,    263.820007
     t,     -0.690002,      1.654310,      0.018608,     41.360001,    263.829987
     t,      0.825592,      1.685946,      0.019082,     41.360001,    263.850006
     t,      1.463684,      1.721449,      0.026562,     41.360001,    263.869995
     t,     -0.027496,      1.775396,      0.027321,     41.369999,    263.899994
     t,      0.114639,      1.808164,      0.024923,     41.380001,    263.920013
     t,     -0.676498,      1.819154,      0.024207,     41.380001,    263.929993
     t,      0.079437,      1.833858,      0.024499,     41.380001,    263.940002
     t,     -1.923111,      1.862144,      0.045537,     41.389999,    263.989990
     t,     -1.466125,      1.865300,      0.047169,     41.389999,    263.989990
     t,     -1.796082,      1.877952,      0.057604,     41.389999,    264.010010
     t,     -1.257919,      1.879537,      0.059426,     41.389999,    264.010010
     t,     -2.863129,      1.898603,      0.102806,     41.389999,    264.040009
     t,     -1.927780,      1.903385,      0.113767,     41.389999,    264.040009
     t,     -2.424805,      1.912966,      0.088593,     41.389999,    264.059998
     t,      2.358032,      1.913070,      0.024406,     41.380001,    264.079987
     t,      2.094955,      1.913125,      0.045808,     41.380001,    264.079987
     t,     -1.473312,      1.913180,      0.073624,     41.380001,    264.089996
     t,     -0.959732,      1.913207,      0.089709,     41.380001,    264.089996
     t,     -3.483383,      1.909946,      0.082641,     41.380001,    264.089996
     t,     -2.288116,      1.896790,      0.077054,     41.380001,    264.100006
     t,     -2.545654,      1.895805,      0.074939,     41.380001,    264.100006
     t,     -0.397873,      1.891540,      0.068807,     41.380001,    264.100006
     t,     -1.894501,      1.868984,      0.050506,     41.380001,    264.100006
     t,     -0.597717,      2.065544,      4.823675,     41.320000,    263.630005
     q,      0.072351,      0.006085,      0.001642,     39.070000,    264.369995
     q,     -0.018392,      0.006174,      0.001642,     39.070000,    264.369995
     q,     -0.045637,      0.006659,      0.001685,     39.070000,    264.369995
     q,     -0.045991,      0.007213,      0.001891,     39.070000,    264.369995
     q,     -0.058010,      0.007895,      0.001642,     39.070000,    264.369995
     q,     -0.065218,      0.008043,      0.001654,     39.070000,    264.369995
     q,     -0.050093,      0.008532,      0.001216,     39.070000,    264.369995
     q,     -0.087689,      0.010090,      0.002550,     39.070000,    264.369995
     q,     -0.107498,      0.010897,      0.003976,     39.070000,    264.369995
     q,     -0.121515,      0.012286,      0.003520,     39.070000,    264.369995
     q,     -0.151918,      0.012542,      0.003429,     39.070000,    264.369995
     q,     -0.276979,      0.012854,      0.003217,     39.070000,    264.369995
     q,     -0.274931,      0.013169,      0.003034,     39.070000,    264.369995
     q,     -0.106483,      0.014879,      0.002989,     39.070000,    264.369995
     q,     -0.012921,      0.019096,      0.003783,     39.080002,    264.380005
     q,     -0.013693,      0.019211,      0.003765,     39.080002,    264.380005
     q,      0.058123,      0.020019,      0.003678,     39.080002,    264.390015
     q,      0.057644,      0.020371,      0.003645,     39.080002,    264.390015
     q,     -0.007550,      0.020666,      0.003625,     39.080002,    264.390015
     q,      0.064116,      0.022435,      0.003201,     39.080002,    264.390015
     q,      0.043697,      0.023557,      0.003072,     39.080002,    264.399994
     q,      0.121079,      0.024551,      0.002391,     39.080002,    264.399994
     q,      0.041304,      0.024705,      0.002321,     39.080002,    264.399994
     q,      0.110460,      0.025406,      0.002426,     39.080002,    264.410004
     q,      0.162844,      0.025660,      0.003167,     39.080002,    264.410004
     q,     -0.061686,      0.025852,      0.004353,     39.080002,    264.410004
     q,     -0.122797,      0.026002,      0.005744,     39.080002,    264.410004
     q,     -0.191400,      0.026585,      0.009953,     39.080002,    264.420013
     q,     -0.190439,      0.026664,      0.010636,     39.080002,    264.420013
     q,     -0.126301,      0.027351,      0.012619,     39.080002,    264.429993
     q,     -0.237542,      0.027644,      0.011342,     39.080002,    264.440002
     q,     -0.232782,      0.028480,      0.006163,     39.090000,    264.450012
     q,      0.035962,      0.029132,      0.004547,     39.090000,    264.459991
     q,      0.034900,      0.029210,      0.004653,     39.090000,    264.459991
     q,     -0.138894,      0.029531,      0.005716,     39.090000,    264.470001
     q,     -0.070332,      0.029649,      0.006420,     39.090000,    264.470001
     q,     -0.136793,      0.029854,      0.008302,     39.090000,    264.470001
     q,     -0.264843,      0.030002,      0.009138,     39.090000,    264.480011
     q,     -0.214491,      0.030357,      0.011438,     39.090000,    264.480011
     q,     -0.096269,      0.030506,      0.012769,     39.090000,    264.480011
     q,     -0.188308,      0.030796,      0.015998,     39.090000,    264.489990
     q,     -0.230082,      0.031282,      0.019823,     39.090000,    264.500000
     q,      0.036599,      0.006294,      0.001238,     41.320000,    263.630005
     q,     -0.030455,      0.006384,      0.001238,     41.320000,    263.630005
     q,     -0.021249,      0.007895,      0.001059,     41.320000,    263.630005
     q,     -0.011834,      0.008343,      0.001491,     41.320000,    263.630005
     q,     -0.125143,      0.010682,      0.000966,     41.320000,    263.619995
     q,     -0.120074,      0.010897,      0.001059,     41.320000,    263.619995
     q,     -0.118521,      0.011931,      0.001625,     41.320000,    263.619995
     q,     -0.209071,      0.012594,      0.002362,     41.320000,    263.619995
     q,     -0.138276,      0.015154,      0.001042,     41.320000,    263.619995
     q,     -0.027452,      0.015769,      0.000818,     41.320000,    263.619995
     q,      0.009622,      0.017601,      0.002245,     41.320000,    263.619995
     q,      0.036910,      0.018914,      0.003642,     41.320000,    263.619995
     q,      0.016913,      0.019096,      0.003733,     41.320000,    263.619995
     q,     -0.043407,      0.019440,      0.003963,     41.320000,    263.619995
     q,     -0.169716,      0.019671,      0.004153,     41.320000,    263.619995
     q,     -0.324791,      0.020312,      0.004849,     41.320000,    263.619995
     q,     -0.298999,      0.021083,      0.006056,     41.320000,    263.619995
     q,     -0.066356,      0.021384,      0.006516,     41.320000,    263.619995
     q,     -0.124199,      0.021686,      0.006116,     41.320000,    263.619995
     q,      0.035098,      0.022052,      0.005758,     41.320000,    263.619995
     q,      0.181869,      0.023209,      0.006203,     41.330002,    263.630005
     q,      0.071919,      0.023339,      0.006542,     41.330002,    263.630005
     q,     -0.112126,      0.023864,      0.007528,     41.320000,    263.630005
     q,     -0.174074,      0.024320,      0.006964,     41.320000,    263.630005
     q,     -0.005069,      0.025067,      0.007782,     41.320000,    263.630005
     q,     -0.080172,      0.025458,      0.004994,     41.320000,    263.630005
     q,     -0.101469,      0.026369,      0.000588,     41.320000,    263.630005
     q,     -0.140505,      0.026585,      0.000335,     41.320000,    263.640015
     q,     -0.004545,      0.026717,      0.000248,     41.320000,    263.640015
     q,      0.008989,      0.026822,      0.000209,     41.320000,    263.640015
     q,     -0.023298,      0.027086,      0.000228,     41.320000,    263.640015
     q,      0.106013,      0.027378,      0.000144,     41.320000,    263.640015
     q,      0.058524,      0.028195,      0.000851,     41.320000,    263.649994
     q,     -0.074917,      0.028402,      0.000924,     41.320000,    263.660004
     q,      0.009823,      0.028662,      0.001078,     41.320000,    263.660004
     q,      0.084577,      0.028714,      0.001116,     41.320000,    263.660004
     q,     -0.161894,      0.028844,      0.001227,     41.320000,    263.660004
     q,     -0.117150,      0.028896,      0.001278,     41.320000,    263.660004
     q,     -0.116469,      0.029210,      0.001044,     41.320000,    263.670013
     q,     -0.126124,      0.029269,      0.000982,     41.320000,    263.670013
     q,     -0.201298,      0.029473,      0.000768,     41.320000,    263.679993
     q,     -0.217794,      0.030031,      0.000434,     41.320000,    263.690002
     q,     -0.088573,      0.030446,      0.000240,     41.320000,    263.690002
     q,     -0.179588,      0.030655,      0.000150,     41.320000,    263.700012
     q,     -0.032518,      0.031545,      0.000116,     41.320000,    263.709991
     q,     -0.091728,      0.032569,      0.000257,     41.320000,    263.730011
     q,     -0.019908,      0.007895,      0.000716,     41.320000,    263.630005
     t,     -1.670227,      1.913074,      0.095713,     46.849998,    259.950012
     t,      1.239685,      1.913189,      0.057876,     46.849998,    259.970001
     t,     -3.084656,      1.896790,      0.125846,     46.849998,    259.980011
     t,     -1.506805,      1.889246,      0.193697,     46.849998,    259.980011
     t,     -1.704971,      1.882698,      0.279554,     46.849998,    259.989990
     t,      0.393051,      1.879428,      0.332576,     46.849998,    259.989990
     t,     -1.574371,      1.847860,      0.242658,     46.840000,    260.000000
     t,      1.232346,      1.832659,      0.107659,     46.840000,    260.000000
     t,      0.485626,      2.033978,      0.101494,     45.450001,    261.589996
     t,     -1.506866,      2.054934,      0.108637,     45.450001,    261.589996
     t,     -1.648773,      2.070514,      0.104544,     45.450001,    261.589996
     t,     -1.668396,      2.065544,      0.102491,     45.459999,    261.589996
     t,     -1.613892,      1.868416,      0.081768,     45.470001,    261.589996
     t,     -2.674805,      1.695501,      0.115468,     45.480000,    261.579987
     t,     -2.503143,      1.678092,      0.130690,     45.480000,    261.579987
     t,     -0.607147,      1.655021,      0.158940,     45.480000,    261.579987
     t,     -0.010712,      1.632108,      0.196416,     45.480000,    261.579987
     t,      0.544800,      1.522213,      0.097448,     45.480000,    261.589996
     t,      0.713196,      1.452555,      0.095393,     45.480000,    261.589996
     t,      0.521515,      1.401382,      0.075146,     45.480000,    261.589996
     t,      0.445770,      1.340084,      0.055333,     45.490002,    261.589996
     t,      0.182709,      1.301790,      0.049166,     45.490002,    261.589996
     t,     -0.069824,      1.264770,      0.043862,     45.490002,    261.589996
     t,      0.088409,      1.109251,      0.029620,     45.490002,    261.589996
     t,     -0.068451,      1.080976,      0.029299,     45.490002,    261.589996
     t,     -0.485413,      0.934069,      0.021450,     45.480000,    261.600006
     t,      0.278931,      0.900361,      0.014043,     45.480000,    261.609985
     t,      0.045837,      0.881557,      0.009434,     45.480000,    261.619995
     t,      0.320892,      0.868179,      0.014526,     45.480000,    261.619995
     t,      0.569305,      0.862576,      0.017155,     45.480000,    261.619995
     t,      0.058655,      0.844130,      0.035814,     45.470001,    261.630005
     t,     -0.094421,      0.841146,      0.034071,     45.470001,    261.640015
     t,     -0.107635,      0.841080,      0.033568,     45.470001,    261.640015
     t,      0.433289,      0.840721,      0.031234,     45.470001,    261.640015
     t,     -0.122253,      0.839840,      0.019751,     45.470001,    261.649994
     t,      0.984589,      0.839644,      0.017249,     45.470001,    261.649994
     t,      1.014771,      0.843656,      0.014171,     45.470001,    261.660004
     t,      1.055145,      0.850580,      0.012498,     45.459999,    261.670013
     t,      1.107285,      0.864515,      0.010364,     45.459999,    261.679993
     t,      1.085251,      0.866615,      0.010160,     45.459999,    261.679993
     t,      0.948166,      0.874337,      0.009109,     45.459999,    261.679993
     t,      0.658630,      0.892915,      0.007914,     45.459999,    261.690002
     t,      0.495987,      0.919253,      0.006676,     45.459999,    261.700012
     t,      0.403580,      0.934475,      0.006240,     45.459999,    261.709991
     t,      0.170135,      1.003114,      0.006544,     45.459999,    261.730011
     t,     -0.383499,      1.062141,      0.007535,     45.459999,    261.739990
     t,     -0.719986,      1.108417,      0.008408,     45.459999,    261.750000
     t,      0.067551,      1.141033,      0.008386,     45.459999,    261.750000
     t,      0.047577,      1.144686,      0.008367,     45.459999,    261.760010
     t,      0.050613,      1.292587,      0.006646,     45.470001,    261.779999
     t,     -0.358368,      1.359467,      0.004736,     45.470001,    261.790009
     t,     -0.111465,      1.396179,      0.003219,     45.470001,    261.799988
     t,      0.504364,      1.471320,      0.002158,     45.470001,    261.820007
     t,     -1.391907,      1.632855,      0.039005,     45.480000,    261.850006
     t,     -1.404877,      1.654310,      0.049628,     45.480000,    261.859985
     t,     -2.553207,      1.678890,      0.058987,     45.480000,    261.869995
     t,     -1.332214,      1.696558,      0.060284,     45.480000,    261.880005
     t,     -2.412964,      1.721449,      0.066827,     45.480000,    261.899994
     t,     -0.904938,      1.753718,      0.061344,     45.480000,    261.920013
     t,      0.484726,      1.760929,      0.058971,     45.480000,    261.920013
     t,      1.656937,      1.782652,      0.054493,     45.480000,    261.940002
     t,      1.882568,      1.811824,      0.046524,     45.480000,    261.950012
     t,      0.737289,      1.833858,      0.040921,     45.480000,    261.959991
     t,     -0.233612,      1.838557,      0.039657,     45.480000,    261.970001
     t,      0.240845,      1.844832,      0.036219,     45.480000,    261.980011
     t,     -0.993622,      1.854265,      0.032042,     45.480000,    261.989990
     t,     -1.020432,      1.863722,      0.036325,     45.480000,    262.000000
     t,     -0.081085,      1.870040,      0.039119,     45.480000,    262.010010
     t,     -1.261261,      1.879537,      0.053536,     45.480000,    262.029999
     t,      0.051956,      1.884294,      0.065651,     45.480000,    262.029999
     t,     -1.353287,      1.890647,      0.077846,     45.480000,    262.049988
     t,     -1.353577,      1.897010,      0.097601,     45.480000,    262.059998
     t,     -2.319580,      1.912966,      0.154027,     45.480000,    262.079987
     t,     -0.743713,      1.913018,      0.175243,     45.470001,    262.089996
     t,     -3.063110,      1.913086,      0.162928,     45.480000,    262.100006
     t,     -1.457718,      1.913172,      0.128181,     45.470001,    262.109985
     t,      1.226547,      1.913206,      0.172958,     45.470001,    262.119995
     t,     -0.296646,      1.896790,      0.291750,     45.470001,    262.119995
     t,     -0.358307,      1.895149,      0.280107,     45.470001,    262.130005
     t,      0.641510,      1.884988,      0.218964,     45.470001,    262.130005
     t,     -2.720459,      1.847535,      0.194914,     45.470001,    262.140015
     t,     -2.210693,      1.837181,      0.197397,     45.470001,    262.140015
     q,      0.038472,      0.006567,      0.002167,     45.450001,    261.589996
     q,     -0.012642,      0.006815,      0.002230,     45.450001,    261.589996
     q,     -0.026859,      0.007038,      0.002440,     45.450001,    261.589996
     q,     -0.049348,      0.007895,      0.003096,     45.459999,    261.589996
     q,     -0.028610,      0.010897,      0.006793,     45.470001,    261.589996
     q,      0.105900,      0.012337,      0.009948,     45.480000,    261.579987
     q,      0.118945,      0.012491,      0.010123,     45.480000,    261.579987
     q,      0.063306,      0.012698,      0.010416,     45.480000,    261.579987
     q,      0.016174,      0.012906,      0.010775,     45.480000,    261.579987
     q,     -0.182530,      0.013908,      0.004326,     45.480000,    261.589996
     q,     -0.004903,      0.014552,      0.001789,     45.480000,    261.589996
     q,      0.107217,      0.015044,      0.000923,     45.480000,    261.589996
     q,      0.005120,      0.015657,      0.000436,     45.490002,    261.589996
     q,      0.089695,      0.016053,      0.000481,     45.490002,    261.589996
     q,      0.019896,      0.016506,      0.000567,     45.490002,    261.589996
     q,     -0.029366,      0.018672,      0.000870,     45.490002,    261.589996
     q,     -0.029180,      0.019096,      0.000830,     45.490002,    261.589996
     q,     -0.006120,      0.022949,      0.000718,     45.480000,    261.600006
     q,     -0.055946,      0.024129,      0.000634,     45.480000,    261.609985
     q,     -0.050266,      0.024808,      0.001033,     45.480000,    261.619995
     q,     -0.007448,      0.025301,      0.001477,     45.480000,    261.619995
     q,      0.092299,      0.025510,      0.001317,     45.480000,    261.619995
     q,      0.109981,      0.026433,      0.000609,     45.470001,    261.630005
     q,      0.181597,      0.026585,      0.000515,     45.470001,    261.640015
     q,      0.189424,      0.026638,      0.000486,     45.470001,    261.640015
     q,      0.168669,      0.026927,      0.000348,     45.470001,    261.640015
     q,      0.214268,      0.027644,      0.000157,     45.470001,    261.649994
     q,      0.124315,      0.027805,      0.000123,     45.470001,    261.649994
     q,      0.042282,      0.028067,      0.000079,     45.470001,    261.660004
     q,     -0.148621,      0.028324,      0.000055,     45.459999,    261.670013
     q,     -0.098603,      0.028844,      0.000021,     45.459999,    261.679993
     q,     -0.177383,      0.028922,      0.000021,     45.459999,    261.679993
     q,     -0.205744,      0.029210,      0.000028,     45.459999,    261.679993
     q,     -0.280987,      0.029502,      0.000040,     45.459999,    261.690002
     q,     -0.243641,      0.029913,      0.000091,     45.459999,    261.700012
     q,     -0.144061,      0.030150,      0.000131,     45.459999,    261.709991
     q,     -0.134018,      0.031057,      0.000372,     45.459999,    261.730011
     q,     -0.025970,      0.031695,      0.000469,     45.459999,    261.739990
     q,     -0.000463,      0.032188,      0.000556,     45.459999,    261.750000
     q,     -0.125600,      0.032531,      0.000491,     45.459999,    261.750000
     q,     -0.127052,      0.032569,      0.000500,     45.459999,    261.760010
     t,      1.555328,      1.887052,      0.004069,     30.129999,    266.779999
     t,      0.116211,      1.941006,      0.004123,     30.129999,    266.779999
     t,      0.166626,      1.953789,      0.004129,     30.129999,    266.779999
     t,     -0.046906,      2.065544,      0.000613,     30.139999,    266.779999
     t,     -0.382843,      2.062234,      0.001267,     30.139999,    266.779999
     t,     -0.227234,      2.060580,      0.002186,     30.139999,    266.790009
     t,     -0.825348,      1.909841,      0.007568,     30.150000,    266.790009
     t,     -0.933746,      1.868416,      0.008299,     30.150000,    266.790009
     t,     -1.174591,      1.742363,      0.004146,     30.150000,    266.790009
     t,     -0.748077,      1.672309,      0.003775,     30.150000,    266.799988
     t,     -0.060944,      1.487180,      0.004181,     30.150000,    266.799988
     t,     -0.312958,      1.395753,      0.003638,     30.160000,    266.799988
     t,     -0.505920,      1.329086,      0.003265,     30.160000,    266.809998
     t,     -0.476471,      1.256103,      0.002801,     30.160000,    266.809998
     t,      0.047089,      1.183635,      0.002246,     30.160000,    266.809998
     t,      0.002228,      1.129671,      0.001886,     30.160000,    266.809998
     t,     -0.000458,      1.080976,      0.001607,     30.160000,    266.809998
     t,      0.008362,      1.017555,      0.001131,     30.170000,    266.820007
     t,      0.189148,      0.998426,      0.001012,     30.170000,    266.820007
     t,     -0.434204,      0.947979,      0.000788,     30.170000,    266.829987
     t,     -0.456085,      0.905316,      0.001169,     30.170000,    266.829987
     t,     -0.519958,      0.899125,      0.001268,     30.170000,    266.829987
     t,     -0.403229,      0.893614,      0.001423,     30.170000,    266.829987
     t,     -0.382538,      0.890059,      0.001476,     30.170000,    266.829987
     t,      0.053375,      0.878027,      0.001424,     30.170000,    266.839996
     t,      0.274841,      0.871690,      0.001426,     30.180000,    266.839996
     t,      0.380829,      0.868179,      0.001451,     30.180000,    266.839996
     t,      0.686981,      0.861283,      0.001546,     30.180000,    266.839996
     t,      0.647278,      0.855689,      0.001574,     30.180000,    266.839996
     t,     -0.233917,      0.841146,      0.002698,     30.180000,    266.850006
     t,     -0.286438,      0.840134,      0.002954,     30.180000,    266.859985
     t,      0.222687,      0.840204,      0.002671,     30.180000,    266.869995
     t,     -0.142883,      0.856141,      0.002447,     30.180000,    266.869995
     t,     -0.175262,      0.865215,      0.001581,     30.180000,    266.869995
     t,     -0.060730,      0.874337,      0.001739,     30.180000,    266.869995
     t,      0.073593,      0.942133,      0.003115,     30.190001,    266.880005
     t,     -0.303452,      0.965294,      0.002921,     30.190001,    266.880005
     t,     -0.290726,      0.979300,      0.002623,     30.190001,    266.880005
     t,     -0.459427,      1.144686,      0.000491,     30.200001,    266.880005
     t,     -0.549881,      1.307871,      0.000363,     30.209999,    266.880005
     t,     -0.220947,      1.396179,      0.001248,     30.219999,    266.869995
     t,     -0.608734,      1.611539,      0.015737,     30.219999,    266.869995
     t,     -0.302399,      1.638206,      0.015842,     30.230000,    266.869995
     t,     -0.281174,      1.654310,      0.014577,     30.230000,    266.859985
     t,     -0.070633,      1.657811,      0.014170,     30.230000,    266.859985
     t,     -0.217758,      1.671849,      0.012775,     30.230000,    266.859985
     t,     -0.614349,      1.707204,      0.011427,     30.230000,    266.859985
     t,     -1.627457,      1.789923,      0.019949,     30.230000,    266.839996
     t,     -0.719406,      1.819154,      0.014190,     30.230000,    266.829987
     t,     -0.791306,      1.833858,      0.014588,     30.230000,    266.829987
     t,     -0.364075,      1.844832,      0.047293,     30.240000,    266.820007
     t,     -1.784332,      1.862144,      0.106922,     30.230000,    266.820007
     t,     -1.007767,      1.866880,      0.073985,     30.230000,    266.820007
     t,     -1.647934,      1.881122,      0.024816,     30.230000,    266.820007
     t,     -0.594437,      1.884294,      0.019924,     30.230000,    266.820007
     t,     -0.206451,      1.893827,      0.022815,     30.219999,    266.809998
     t,     -2.702591,      1.904980,      0.017656,     30.219999,    266.809998
     t,     -2.642395,      1.912966,      0.011580,     30.219999,    266.809998
     t,     -1.330032,      1.912997,      0.008757,     30.219999,    266.809998
     t,      2.798096,      1.913032,      0.015800,     30.230000,    266.809998
     t,      1.271530,      1.913073,      0.041020,     30.230000,    266.799988
     t,      1.962906,      1.913112,      0.045816,     30.230000,    266.799988
     t,     -0.733139,      1.913219,      0.073721,     30.230000,    266.790009
     t,      0.458939,      1.896790,      0.088870,     30.230000,    266.779999
     t,      1.419998,      1.872897,      0.117483,     30.240000,    266.769989
     t,     -1.373199,      1.854996,      0.177573,     30.240000,    266.760010
     t,      0.050430,      1.851102,      0.138948,     30.240000,    266.760010
     t,     -0.553818,      1.841061,      0.059703,     30.230000,    266.750000
     t,      1.406372,      1.835888,      0.057391,     30.230000,    266.750000
     t,      0.224670,      2.065544,      0.004142,     30.132315,    266.779999
     t,      0.265350,      2.065544,      0.004047,     30.134771,    266.779999
     t,     -0.616577,      1.933769,      0.045580,     32.450001,    266.160004
     t,     -1.316559,      1.941006,      0.045582,     32.450001,    266.160004
     t,     -1.755157,      1.964045,      0.049391,     32.450001,    266.160004
     t,     -1.890900,      2.065544,      0.047849,     32.459999,    266.160004
     t,     -1.700256,      1.959384,      0.045150,     32.470001,    266.160004
     t,     -1.567841,      1.868416,      0.030386,     32.470001,    266.170013
     t,     -1.281494,      1.569558,      0.003242,     32.480000,    266.170013
     t,     -1.085358,      1.528092,      0.002676,     32.480000,    266.179993
     t,      0.411865,      1.487180,      0.002131,     32.480000,    266.179993
     t,      0.726288,      1.418338,      0.001324,     32.490002,    266.179993
     t,      0.952393,      1.251781,      0.002795,     32.490002,    266.190002
     t,      0.525848,      1.080976,      0.037750,     32.500000,    266.190002
     t,      0.473938,      1.076030,      0.041752,     32.500000,    266.190002
     t,      0.523010,      1.027187,      0.081079,     32.500000,    266.200012
     t,      0.829742,      1.000807,      0.085135,     32.500000,    266.200012
     t,      0.188232,      0.902837,      0.017894,     32.500000,    266.220001
     t,     -0.488831,      0.891481,      0.003431,     32.500000,    266.220001
     t,     -0.400757,      0.888640,      0.002986,     32.500000,    266.220001
     t,      0.274933,      0.884387,      0.003666,     32.500000,    266.220001
     t,     -0.204773,      0.876616,      0.004538,     32.500000,    266.220001
     t,     -0.498840,      0.872393,      0.005436,     32.500000,    266.230011
     t,     -0.541901,      0.870284,      0.005893,     32.500000,    266.230011
     t,     -0.397186,      0.867478,      0.006587,     32.500000,    266.230011
     t,     -0.449982,      0.864675,      0.007380,     32.500000,    266.230011
     t,     -0.524445,      0.861283,      0.008759,     32.500000,    266.230011
     t,     -0.903076,      0.858269,      0.010600,     32.500000,    266.230011
     t,     -0.879303,      0.852685,      0.009755,     32.500000,    266.230011
     t,     -0.605774,      0.850114,      0.009463,     32.500000,    266.239990
     t,     -0.023834,      0.847547,      0.009210,     32.500000,    266.239990
     t,      0.360626,      0.841998,      0.008913,     32.500000,    266.239990
     t,      0.261200,      0.841146,      0.008899,     32.500000,    266.239990
     t,      0.528381,      0.840787,      0.007716,     32.500000,    266.239990
     t,      1.013458,      0.840101,      0.007356,     32.500000,    266.250000
     t,     -0.514557,      0.862418,      0.016371,     32.509998,    266.260010
     t,     -0.821564,      0.867316,      0.016637,     32.509998,    266.260010
     t,     -0.913239,      0.872228,      0.016990,     32.509998,    266.260010
     t,     -1.119110,      0.874337,      0.017169,     32.509998,    266.260010
     t,     -1.318710,      0.891049,      0.017821,     32.509998,    266.260010
     t,     -0.623306,      0.907919,      0.015336,     32.509998,    266.260010
     t,      0.400833,      0.975921,      0.003433,     32.520000,    266.269989
     t,      0.257950,      1.144686,      0.019499,     32.540001,    266.279999
     t,     -0.133286,      1.247274,      0.036133,     32.540001,    266.279999
     t,      0.570358,      1.396179,      0.045255,     32.540001,    266.279999
     t,      0.556458,      1.411049,      0.045955,     32.540001,    266.279999
     t,     -0.000031,      1.481488,      0.011558,     32.540001,    266.290009
     t,     -0.142715,      1.507061,      0.010782,     32.540001,    266.279999
     t,     -0.655685,      1.553643,      0.015095,     32.540001,    266.279999
     t,     -1.028854,      1.616855,      0.031474,     32.540001,    266.279999
     t,     -0.777191,      1.654310,      0.034313,     32.540001,    266.279999
     t,     -0.554550,      1.700103,      0.020171,     32.540001,    266.269989
     t,     -1.378860,      1.800857,      0.014446,     32.540001,    266.260010
     t,     -1.224213,      1.833858,      0.028950,     32.540001,    266.260010
     t,     -3.030273,      1.858991,      0.031656,     32.529999,    266.260010
     t,     -1.547424,      1.865300,      0.019932,     32.529999,    266.250000
     t,     -3.180359,      1.882708,      0.100969,     32.529999,    266.250000
     t,     -2.923035,      1.884294,      0.107584,     32.529999,    266.250000
     t,     -1.865219,      1.885882,      0.114778,     32.529999,    266.250000
     t,     -2.628891,      1.892237,      0.149644,     32.529999,    266.250000
     t,     -1.679901,      1.903385,      0.175175,     32.529999,    266.250000
     t,      0.239944,      1.908172,      0.174969,     32.529999,    266.250000
     t,     -0.836655,      1.912966,      0.186001,     32.529999,    266.250000
     t,     -2.414993,      1.913013,      0.120800,     32.529999,    266.250000
     t,      0.785843,      1.913105,      0.114335,     32.529999,    266.250000
     t,     -0.679138,      1.913190,      0.342416,     32.529999,    266.239990
     t,      0.094147,      1.913218,      0.285521,     32.529999,    266.239990
     t,      2.565582,      1.913239,      0.258543,     32.520000,    266.239990
     t,      0.903992,      1.896790,      0.180118,     32.520000,    266.239990
     t,     -2.172623,      1.869310,      0.477044,     32.520000,    266.230011
     t,     -1.431137,      1.863448,      0.553496,     32.520000,    266.230011
     t,     -2.319351,      1.843002,      0.150344,     32.520000,    266.230011
     t,     -1.778137,      2.065544,      0.048970,     32.451675,    266.160004
     t,     -1.801422,      2.065544,      0.048659,     32.453735,    266.160004
     t,     -1.829590,      2.065544,      0.048066,     32.456337,    266.160004
     t,      2.158600,      1.926544,      0.000629,     32.320000,    269.920013
     t,      1.258606,      1.941006,      0.000629,     32.320000,    269.920013
     t,      0.472321,      1.964045,      0.000604,     32.320000,    269.920013
     t,      0.094940,      2.065544,      0.000498,     32.320000,    269.929993
     t,     -0.210541,      1.913629,      0.000555,     32.330002,    269.929993
     t,      0.264282,      1.872163,      0.000578,     32.330002,    269.929993
     t,      0.153534,      1.868416,      0.000581,     32.330002,    269.929993
     t,      0.172424,      1.689688,      0.000991,     32.330002,    269.940002
     t,      0.042755,      1.655021,      0.001162,     32.330002,    269.940002
     t,     -0.476440,      1.475593,      0.001830,     32.340000,    269.940002
     t,     -0.475555,      1.424013,      0.001664,     32.340000,    269.940002
     t,     -0.615875,      1.367777,      0.001409,     32.340000,    269.940002
     t,     -0.474365,      1.277827,      0.001463,     32.340000,    269.940002
     t,     -0.642670,      1.204726,      0.001538,     32.340000,    269.950012
     t,     -0.794891,      1.150278,      0.001433,     32.340000,    269.950012
     t,     -0.664703,      1.080976,      0.001628,     32.330002,    269.950012
     t,     -0.789581,      0.993672,      0.002141,     32.330002,    269.959991
     t,     -0.423309,      0.974771,      0.002351,     32.330002,    269.959991
     t,     -0.137573,      0.965388,      0.002513,     32.330002,    269.959991
     t,     -0.050079,      0.958160,      0.002714,     32.330002,    269.959991
     t,     -0.233307,      0.954336,      0.002891,     32.330002,    269.959991
     t,     -0.215515,      0.950519,      0.003089,     32.330002,    269.959991
     t,     -0.277893,      0.932809,      0.003724,     32.330002,    269.970001
     t,     -0.166351,      0.917762,      0.003805,     32.340000,    269.970001
     t,      0.256958,      0.897176,      0.004112,     32.340000,    269.970001
     t,      0.217041,      0.888640,      0.004404,     32.340000,    269.980011
     t,      0.159668,      0.883679,      0.004273,     32.340000,    269.980011
     t,     -0.316620,      0.868880,      0.003440,     32.340000,    269.980011
     t,     -0.482849,      0.863276,      0.003175,     32.340000,    269.989990
     t,     -0.596405,      0.858269,      0.003053,     32.340000,    269.989990
     t,     -0.503693,      0.856549,      0.002870,     32.340000,    269.989990
     t,     -0.239655,      0.854401,      0.002664,     32.340000,    269.989990
     t,     -0.024170,      0.851399,      0.002414,     32.340000,    269.989990
     t,      0.223480,      0.845410,      0.002022,     32.340000,    270.000000
     t,     -0.008087,      0.841146,      0.001898,     32.340000,    270.000000
     t,      0.271973,      0.839840,      0.002067,     32.349998,    270.010010
     t,      0.421509,      0.839677,      0.002158,     32.349998,    270.010010
     t,     -0.023102,      0.842965,      0.002204,     32.349998,    270.019989
     t,      0.258484,      0.849887,      0.002333,     32.349998,    270.019989
     t,     -0.312775,      0.871525,      0.001824,     32.349998,    270.029999
     t,     -0.175964,      0.874337,      0.001693,     32.349998,    270.029999
     t,     -0.228683,      0.917359,      0.000985,     32.360001,    270.040009
     t,     -0.577057,      0.938300,      0.000678,     32.360001,    270.040009
     t,      0.213882,      0.955609,      0.000474,     32.360001,    270.049988
     t,      0.161179,      1.144686,      0.000261,     32.360001,    270.070007
     t,     -0.702454,      1.323245,      0.001886,     32.360001,    270.070007
     t,     -0.418289,      1.396179,      0.002826,     32.369999,    270.070007
     t,     -0.595627,      1.466250,      0.003640,     32.380001,    270.070007
     t,      0.306366,      1.574573,      0.003744,     32.389999,    270.070007
     t,     -0.366623,      1.654310,      0.003032,     32.389999,    270.059998
     t,     -0.876740,      1.689480,      0.002578,     32.389999,    270.049988
     t,     -1.572205,      1.764540,      0.000881,     32.389999,    270.040009
     t,     -0.805435,      1.804509,      0.000579,     32.389999,    270.029999
     t,      0.585663,      1.819154,      0.000969,     32.389999,    270.029999
     t,      0.208115,      1.833858,      0.001692,     32.389999,    270.029999
     t,     -0.701736,      1.840125,      0.003054,     32.389999,    270.029999
     t,     -0.072647,      1.849545,      0.007700,     32.389999,    270.019989
     t,     -2.033234,      1.862144,      0.011239,     32.389999,    270.019989
     t,     -1.132568,      1.870040,      0.007892,     32.389999,    270.019989
     t,     -2.223602,      1.874785,      0.006937,     32.380001,    270.019989
     t,     -2.628250,      1.893827,      0.008573,     32.380001,    270.019989
     t,     -0.737503,      1.898603,      0.012703,     32.380001,    270.019989
     t,     -0.491516,      1.904980,      0.014790,     32.380001,    270.019989
     t,     -1.570480,      1.912966,      0.021943,     32.380001,    270.019989
     t,     -1.088425,      1.913050,      0.018728,     32.380001,    270.019989
     t,      1.352325,      1.913095,      0.019460,     32.380001,    270.019989
     t,     -2.296356,      1.913181,      0.016053,     32.380001,    270.019989
     t,      1.886597,      1.913241,      0.013379,     32.380001,    270.010010
     t,     -0.503540,      1.902047,      0.012251,     32.380001,    270.010010
     t,     -0.247421,      1.896790,      0.011096,     32.369999,    270.010010
     t,      0.263885,      1.881063,      0.009556,     32.369999,    270.000000
     t,     -1.253036,      1.872245,      0.007947,     32.369999,    270.000000
     t,      0.019440,      1.866052,      0.007055,     32.369999,    270.000000
     t,     -2.700089,      1.849480,      0.003092,     32.369999,    269.989990
     t,      0.814224,      1.839443,      0.000993,     32.369999,    269.989990
     t,      0.252106,      2.065544,      0.000558,     32.320000,    269.923462
     t,      0.193237,      2.065544,      0.000542,     32.320000,    269.926056
     t,      0.075806,      0.860998,      0.000706,     29.670000,    265.950012
     t,      0.818237,      0.861005,      0.000396,     29.260000,    270.040009
     t,      0.518250,      0.861005,      0.000396,     29.260000,    270.040009
     t,      0.797821,      0.861002,      0.000246,     29.370001,    268.619995
     t,      0.597809,      0.861002,      0.000246,     29.370001,    268.619995
     t,      0.729614,      0.861003,      0.000180,     29.450001,    268.660004
     t,      0.329590,      0.861003,      0.000180,     29.450001,    268.660004
     t,      0.405731,      0.861006,      0.000109,     29.670000,    268.760010
     t,     -0.194275,      0.861006,      0.000109,     29.670000,    268.760010
     t,      0.096252,      0.860999,      0.000246,     29.690001,    266.160004
     t,     -0.003723,      0.860998,      0.000246,     29.690001,    266.160004
     t,      0.222595,      0.861003,      0.000243,     29.730000,    266.130005
     t,      0.122620,      0.861003,      0.000243,     29.730000,    266.130005
     t,      0.363678,      0.860997,      0.020691,     29.770000,    266.660004
     t,      0.563690,      0.860996,      0.020690,     29.770000,    266.660004
     t,     -0.511475,      0.861004,      0.000027,     29.790001,    269.579987
     t,     -1.011475,      0.861003,      0.000027,     29.790001,    269.579987
     t,     -1.210327,      0.860999,      0.000278,     30.030001,    269.890015
     t,     -0.410309,      0.860999,      0.000277,     30.030001,    269.890015
     t,     -0.862152,      0.860998,      0.001161,     30.110001,    269.579987
     t,     -1.362152,      0.860998,      0.001161,     30.110001,    269.579987
     t,      1.597992,      0.861000,      0.005876,     30.219999,    266.779999
     t,      0.697998,      0.860999,      0.005876,     30.219999,    266.779999
     t,      0.575806,      0.861000,      0.000706,     29.670000,    265.950012
     t,      1.118225,      0.861006,      0.000396,     29.260000,    270.040009
     t,      0.218231,      0.861006,      0.000396,     29.260000,    270.040009
     t,     -0.281769,      0.861006,      0.000396,     29.260000,    270.040009
     t,      0.697815,      0.861005,      0.000246,     29.370001,    268.619995
     t,      0.497803,      0.861002,      0.000246,     29.370001,    268.619995
     t,      0.597809,      0.861002,      0.000246,     29.370001,    268.619995
     t,      1.129608,      0.861005,      0.000180,     29.450001,    268.660004
     t,     -0.570404,      0.861003,      0.000180,     29.450001,    268.660004
     t,     -0.670410,      0.861003,      0.000180,     29.450001,    268.660004
     t,      1.205750,      0.861008,      0.000109,     29.670000,    268.760010
     t,     -0.694275,      0.861005,      0.000109,     29.670000,    268.760010
     t,     -1.294250,      0.861006,      0.000109,     29.670000,    268.760010
     t,      0.296265,      0.861001,      0.000246,     29.690001,    266.160004
     t,     -0.203735,      0.860998,      0.000246,     29.690001,    266.160004
     t,     -0.303741,      0.860997,      0.000246,     29.690001,    266.160004
     t,      0.822601,      0.861004,      0.000243,     29.730000,    266.130005
     t,     -0.177399,      0.861002,      0.000243,     29.730000,    266.130005
     t,     -0.277405,      0.861001,      0.000243,     29.730000,    266.130005
     t,      0.463684,      0.860999,      0.020691,     29.770000,    266.660004
     t,      0.563690,      0.860995,      0.020690,     29.770000,    266.660004
     t,      0.263672,      0.860995,      0.020693,     29.770000,    266.660004
     t,      1.988525,      0.861004,      0.000027,     29.790001,    269.579987
     t,     -1.611481,      0.861004,      0.000027,     29.790001,    269.579987
     t,     -2.211487,      0.861005,      0.000027,     29.790001,    269.579987
     t,     -1.610321,      0.861001,      0.000277,     30.030001,    269.890015
     t,     -0.410309,      0.861000,      0.000277,     30.030001,    269.890015
     t,     -0.910309,      0.861000,      0.000277,     30.030001,    269.890015
     t,     -0.962158,      0.860999,      0.001161,     30.110001,    269.579987
     t,     -1.762146,      0.860998,      0.001161,     30.110001,    269.579987
     t,     -2.562134,      0.860998,      0.001161,     30.110001,    269.579987
     t,      2.197998,      0.861001,      0.005876,     30.219999,    266.779999
     t,      0.298004,      0.860999,      0.005875,     30.219999,    266.779999
     t,     -0.302002,      0.860998,      0.005876,     30.219999,    266.779999
     t,      0.175812,      0.861000,      0.000706,     29.670000,    265.950012
     t,      1.018250,      0.861007,      0.000396,     29.260000,    270.040009
     t,      0.918243,      0.861005,      0.000396,     29.260000,    270.040009
     t,      0.997803,      0.861004,      0.000246,     29.370001,    268.619995
     t,      0.697815,      0.861003,      0.000246,     29.370001,    268.619995
     t,      1.029602,      0.861004,      0.000180,     29.450001,    268.660004
     t,      0.929596,      0.861004,      0.000180,     29.450001,    268.660004
     t,      0.405731,      0.861007,      0.000109,     29.670000,    268.760010
     t,      0.605743,      0.861007,      0.000109,     29.670000,    268.760010
     t,      0.196259,      0.860999,      0.000246,     29.690001,    266.160004
     t,      0.296265,      0.860999,      0.000246,     29.690001,    266.160004
     t,      0.722595,      0.861004,      0.000243,     29.730000,    266.130005
     t,      0.622620,      0.861004,      0.000243,     29.730000,    266.130005
     t,      0.463684,      0.860998,      0.020691,     29.770000,    266.660004
     t,      0.563690,      0.860998,      0.020690,     29.770000,    266.660004
     t,      1.888519,      0.861005,      0.000027,     29.790001,    269.579987
     t,      0.788513,      0.861004,      0.000027,     29.790001,    269.579987
     t,     -1.710327,      0.861001,      0.000278,     30.030001,    269.890015
     t,     -1.710327,      0.861000,      0.000278,     30.030001,    269.890015
     t,     -0.462158,      0.860999,      0.001161,     30.110001,    269.579987
     t,     -0.562134,      0.860999,      0.001161,     30.110001,    269.579987
     t,      2.197998,      0.861001,      0.005876,     30.219999,    266.779999
     t,      1.697998,      0.861001,      0.005876,     30.219999,    266.779999
     q,     -0.016802,      0.005162,      0.000015,     30.129999,    266.779999
     q,     -0.047241,      0.005509,      0.000015,     30.129999,    266.779999
     q,     -0.059471,      0.005650,      0.000015,     30.129999,    266.779999
     q,      0.041034,      0.007895,      0.000066,     30.139999,    266.779999
     q,      0.160529,      0.008494,      0.000129,     30.139999,    266.779999
     q,      0.113736,      0.008802,      0.000210,     30.139999,    266.790009
     q,      0.176886,      0.010426,      0.000231,     30.150000,    266.790009
     q,      0.142701,      0.010897,      0.000129,     30.150000,    266.790009
     q,      0.111678,      0.011931,      0.000017,     30.150000,    266.790009
     q,     -0.048406,      0.012542,      0.000005,     30.150000,    266.799988
     q,     -0.015773,      0.014228,      0.000006,     30.150000,    266.799988
     q,     -0.050929,      0.015099,      0.000004,     30.160000,    266.799988
     q,      0.099494,      0.015769,      0.000004,     30.160000,    266.809998
     q,     -0.130043,      0.016619,      0.000004,     30.160000,    266.809998
     q,     -0.050723,      0.017601,      0.000002,     30.160000,    266.809998
     q,      0.043154,      0.018371,      0.000000,     30.160000,    266.809998
     q,     -0.004062,      0.019096,      0.000000,     30.160000,    266.809998
     q,     -0.043284,      0.020607,      0.000001,     30.170000,    266.820007
     q,      0.083918,      0.021083,      0.000001,     30.170000,    266.820007
     q,      0.098953,      0.022477,      0.000004,     30.170000,    266.829987
     q,      0.048533,      0.023952,      0.000006,     30.170000,    266.829987
     q,     -0.008493,      0.024173,      0.000007,     30.170000,    266.829987
     q,     -0.218337,      0.024371,      0.000008,     30.170000,    266.829987
     q,     -0.168957,      0.024499,      0.000008,     30.170000,    266.829987
     q,     -0.211493,      0.024937,      0.000006,     30.170000,    266.839996
     q,     -0.047617,      0.025171,      0.000005,     30.180000,    266.839996
     q,     -0.153610,      0.025301,      0.000005,     30.180000,    266.839996
     q,     -0.113282,      0.025574,      0.000004,     30.180000,    266.839996
     q,      0.021128,      0.025852,      0.000004,     30.180000,    266.839996
     q,      0.028280,      0.026585,      0.000007,     30.180000,    266.850006
     q,      0.083775,      0.027404,      0.000005,     30.180000,    266.859985
     q,     -0.057000,      0.027938,      0.000004,     30.180000,    266.869995
     q,      0.007162,      0.028532,      0.000005,     30.180000,    266.869995
     q,     -0.076243,      0.028870,      0.000003,     30.180000,    266.869995
     q,     -0.064134,      0.029210,      0.000002,     30.180000,    266.869995
     q,     -0.090982,      0.030268,      0.000001,     30.190001,    266.880005
     q,     -0.067329,      0.030625,      0.000001,     30.190001,    266.880005
     q,      0.008278,      0.030796,      0.000001,     30.190001,    266.880005
     q,     -0.117556,      0.032569,      0.000002,     30.200001,    266.880005
     q,     -0.063663,      0.007895,      0.000016,     30.132315,    266.779999
     q,     -0.070247,      0.007895,      0.000016,     30.134771,    266.779999
     q,      0.072401,      0.005462,      0.000076,     32.450001,    266.160004
     q,      0.055559,      0.005509,      0.000076,     32.450001,    266.160004
     q,      0.042729,      0.005765,      0.000091,     32.450001,    266.160004
     q,      0.043515,      0.007895,      0.000202,     32.459999,    266.160004
     q,      0.039283,      0.009883,      0.000288,     32.470001,    266.160004
     q,      0.006117,      0.010897,      0.000070,     32.470001,    266.170013
     q,      0.000218,      0.013487,      0.000085,     32.480000,    266.170013
     q,     -0.002574,      0.013855,      0.000102,     32.480000,    266.179993
     q,     -0.154718,      0.014228,      0.000147,     32.480000,    266.179993
     q,     -0.218244,      0.014879,      0.000080,     32.490002,    266.179993
     q,     -0.275578,      0.016676,      0.000155,     32.490002,    266.190002
     q,     -0.065927,      0.019096,      0.001496,     32.500000,    266.190002
     q,     -0.061279,      0.019211,      0.001618,     32.500000,    266.190002
     q,     -0.058954,      0.020371,      0.002598,     32.500000,    266.200012
     q,     -0.125083,      0.021023,      0.002143,     32.500000,    266.200012
     q,     -0.109994,      0.024041,      0.000783,     32.500000,    266.220001
     q,      0.077858,      0.024448,      0.001246,     32.500000,    266.220001
     q,     -0.070338,      0.024550,      0.001525,     32.500000,    266.220001
     q,      0.089184,      0.024705,      0.001611,     32.500000,    266.220001
     q,      0.235667,      0.024989,      0.001422,     32.500000,    266.220001
     q,      0.260423,      0.025145,      0.001311,     32.500000,    266.230011
     q,      0.370344,      0.025223,      0.001276,     32.500000,    266.230011
     q,      0.202430,      0.025327,      0.001237,     32.500000,    266.230011
     q,      0.266757,      0.025432,      0.001206,     32.500000,    266.230011
     q,      0.173953,      0.025574,      0.001180,     32.500000,    266.230011
     q,      0.138344,      0.025724,      0.001177,     32.500000,    266.230011
     q,     -0.019306,      0.026002,      0.000711,     32.500000,    266.230011
     q,     -0.100808,      0.026131,      0.000521,     32.500000,    266.239990
     q,     -0.083019,      0.026261,      0.000359,     32.500000,    266.239990
     q,     -0.016270,      0.026542,      0.000136,     32.500000,    266.239990
     q,     -0.045308,      0.026585,      0.000123,     32.500000,    266.239990
     q,     -0.103225,      0.026874,      0.000144,     32.500000,    266.239990
     q,     -0.067652,      0.027431,      0.000325,     32.500000,    266.250000
     q,     -0.018882,      0.028766,      0.000504,     32.509998,    266.260010
     q,      0.083479,      0.028948,      0.000410,     32.509998,    266.260010
     q,     -0.003025,      0.029132,      0.000318,     32.509998,    266.260010
     q,      0.049274,      0.029210,      0.000280,     32.509998,    266.260010
     q,      0.073757,      0.029473,      0.000176,     32.509998,    266.260010
     q,     -0.059713,      0.029737,      0.000101,     32.509998,    266.260010
     q,     -0.055634,      0.030759,      0.000060,     32.520000,    266.269989
     q,     -0.062727,      0.032569,      0.000098,     32.540001,    266.279999
     q,      0.047302,      0.007895,      0.000106,     32.451675,    266.160004
     q,      0.049291,      0.007895,      0.000134,     32.453735,    266.160004
     q,      0.047894,      0.007895,      0.000157,     32.456337,    266.160004
     q,     -0.040021,      0.005415,      0.000003,     32.320000,    269.920013
     q,     -0.062348,      0.005509,      0.000003,     32.320000,    269.920013
     q,     -0.043368,      0.005765,      0.000001,     32.320000,    269.920013
     q,     -0.046664,      0.007895,      0.000002,     32.320000,    269.929993
     q,     -0.060475,      0.010384,      0.000022,     32.330002,    269.929993
     q,     -0.137235,      0.010854,      0.000037,     32.330002,    269.929993
     q,     -0.144075,      0.010897,      0.000039,     32.330002,    269.929993
     q,     -0.167533,      0.012388,      0.000034,     32.330002,    269.940002
     q,     -0.275411,      0.012698,      0.000034,     32.330002,    269.940002
     q,     -0.057192,      0.014336,      0.000062,     32.340000,    269.940002
     q,     -0.117464,      0.014824,      0.000070,     32.340000,    269.940002
     q,     -0.064664,      0.015377,      0.000073,     32.340000,    269.940002
     q,     -0.096766,      0.016336,      0.000088,     32.340000,    269.940002
     q,      0.046585,      0.017310,      0.000082,     32.340000,    269.950012
     q,      0.057145,      0.018073,      0.000062,     32.340000,    269.950012
     q,      0.055075,      0.019096,      0.000058,     32.330002,    269.950012
     q,     -0.043598,      0.021203,      0.000079,     32.330002,    269.959991
     q,     -0.231364,      0.021686,      0.000080,     32.330002,    269.959991
     q,     -0.232044,      0.021930,      0.000082,     32.330002,    269.959991
     q,     -0.112288,      0.022137,      0.000084,     32.330002,    269.959991
     q,     -0.108498,      0.022264,      0.000086,     32.330002,    269.959991
     q,      0.060377,      0.022392,      0.000089,     32.330002,    269.959991
     q,      0.058887,      0.022993,      0.000084,     32.330002,    269.970001
     q,      0.069037,      0.023514,      0.000063,     32.340000,    269.970001
     q,     -0.096633,      0.024243,      0.000077,     32.340000,    269.970001
     q,     -0.067605,      0.024551,      0.000124,     32.340000,    269.980011
     q,      0.078656,      0.024731,      0.000144,     32.340000,    269.980011
     q,     -0.072336,      0.025275,      0.000191,     32.340000,    269.980011
     q,      0.034245,      0.025484,      0.000212,     32.340000,    269.989990
     q,     -0.002464,      0.025724,      0.000275,     32.340000,    269.989990
     q,      0.028996,      0.025809,      0.000252,     32.340000,    269.989990
     q,     -0.050317,      0.025916,      0.000217,     32.340000,    269.989990
     q,      0.042074,      0.026067,      0.000170,     32.340000,    269.989990
     q,     -0.079846,      0.026369,      0.000085,     32.340000,    270.000000
     q,     -0.034737,      0.026585,      0.000046,     32.340000,    270.000000
     q,     -0.013902,      0.027644,      0.000010,     32.349998,    270.010010
     q,     -0.087148,      0.027778,      0.000009,     32.349998,    270.010010
     q,      0.028647,      0.028041,      0.000007,     32.349998,    270.019989
     q,     -0.112843,      0.028299,      0.000006,     32.349998,    270.019989
     q,      0.003120,      0.029105,      0.000002,     32.349998,    270.029999
     q,     -0.059584,      0.029210,      0.000001,     32.349998,    270.029999
     q,     -0.157983,      0.029884,      0.000004,     32.360001,    270.040009
     q,     -0.092012,      0.030209,      0.000006,     32.360001,    270.040009
     q,     -0.055655,      0.030476,      0.000009,     32.360001,    270.049988
     q,     -0.093675,      0.032569,      0.000019,     32.360001,    270.070007
     q,     -0.030222,      0.007895,      0.000001,     32.320000,    269.923462
     q,     -0.036316,      0.007895,      0.000001,     32.320000,    269.926056
     q,      0.011699,      0.001162,      0.000001,     29.670000,    265.950012
     q,     -0.006314,      0.001162,      0.000001,     29.670000,    265.950012
     q,     -0.019261,      0.001162,      0.000001,     29.670000,    265.950012
     t,      0.643402,      1.964045,      0.030219,     34.840000,    267.739990
     t,     -0.731293,      1.982059,      0.040910,     34.840000,    267.739990
     t,     -0.870392,      2.065544,      0.052246,     34.849998,    267.739990
     t,     -1.559082,      1.868416,      0.069677,     34.860001,    267.750000
     t,     -1.879486,      1.789864,      0.064708,     34.860001,    267.750000
     t,     -1.830902,      1.777929,      0.063308,     34.860001,    267.750000
     t,     -1.232666,      1.754178,      0.060901,     34.860001,    267.750000
     t,     -1.657837,      1.724715,      0.058632,     34.860001,    267.750000
     t,     -1.556366,      1.701324,      0.057418,     34.860001,    267.750000
     t,     -1.001343,      1.666537,      0.056625,     34.860001,    267.750000
     t,     -0.351532,      1.586764,      0.053965,     34.860001,    267.760010
     t,     -0.093597,      1.533981,      0.052316,     34.869999,    267.760010
     t,      0.566284,      1.277827,      0.036890,     34.869999,    267.769989
     t,      0.730743,      1.221732,      0.037685,     34.869999,    267.769989
     t,      0.134827,      1.080976,      0.028318,     34.869999,    267.779999
     t,     -0.138824,      1.073560,      0.027999,     34.869999,    267.779999
     t,      0.101410,      0.930293,      0.017838,     34.869999,    267.799988
     t,     -0.972748,      0.894326,      0.016415,     34.860001,    267.799988
     t,     -0.757965,      0.887221,      0.018098,     34.860001,    267.809998
     t,     -0.480530,      0.882264,      0.019094,     34.860001,    267.809998
     t,     -0.330750,      0.880144,      0.019534,     34.860001,    267.809998
     t,     -0.511566,      0.876616,      0.020491,     34.860001,    267.809998
     t,     -0.258270,      0.874503,      0.021200,     34.860001,    267.809998
     t,     -0.895050,      0.862576,      0.027085,     34.860001,    267.820007
     t,     -0.156921,      0.860421,      0.029495,     34.860001,    267.820007
     t,      0.207886,      0.859130,      0.031094,     34.860001,    267.820007
     t,     -0.152130,      0.851827,      0.037084,     34.860001,    267.829987
     t,     -0.003082,      0.848830,      0.039603,     34.860001,    267.829987
     t,     -0.016022,      0.847974,      0.040371,     34.860001,    267.829987
     t,      0.061157,      0.846265,      0.041597,     34.860001,    267.839996
     t,     -0.089020,      0.841572,      0.046399,     34.860001,    267.839996
     t,      0.007568,      0.841146,      0.046867,     34.860001,    267.839996
     t,     -0.306305,      0.841015,      0.047547,     34.860001,    267.839996
     t,     -0.767212,      0.840689,      0.035634,     34.860001,    267.850006
     t,     -0.581787,      0.840591,      0.032622,     34.860001,    267.850006
     t,     -0.099945,      0.840395,      0.027729,     34.869999,    267.850006
     t,      0.575287,      0.840036,      0.019965,     34.869999,    267.859985
     t,      0.672821,      0.839938,      0.018405,     34.869999,    267.859985
     t,      0.205353,      0.839514,      0.011860,     34.869999,    267.869995
     t,      0.233795,      0.842965,      0.009384,     34.869999,    267.869995
     t,      0.708771,      0.849887,      0.005671,     34.869999,    267.869995
     t,      0.445892,      0.852663,      0.004677,     34.869999,    267.880005
     t,      0.093842,      0.866615,      0.002895,     34.869999,    267.890015
     t,     -0.110687,      0.874337,      0.003684,     34.880001,    267.899994
     t,     -0.175751,      0.906036,      0.006452,     34.880001,    267.910004
     t,      0.806335,      0.921149,      0.007320,     34.880001,    267.910004
     t,      0.554443,      0.947897,      0.013906,     34.880001,    267.920013
     t,      0.482101,      0.953678,      0.016260,     34.880001,    267.920013
     t,      0.569199,      0.957542,      0.018017,     34.880001,    267.920013
     t,      0.441284,      0.996281,      0.024468,     34.889999,    267.929993
     t,      0.322006,      1.027215,      0.030223,     34.889999,    267.940002
     t,      0.029846,      1.072733,      0.028843,     34.889999,    267.940002
     t,     -0.381607,      1.101234,      0.016376,     34.889999,    267.950012
     t,     -0.775803,      1.133744,      0.008195,     34.900002,    267.950012
     t,     -0.629547,      1.144686,      0.006837,     34.900002,    267.959991
     t,     -0.446121,      1.149471,      0.006551,     34.900002,    267.959991
     t,     -0.377411,      1.159072,      0.006233,     34.900002,    267.959991
     t,     -0.610001,      1.168712,      0.005880,     34.900002,    267.959991
     t,     -0.077606,      1.242289,      0.017256,     34.900002,    267.970001
     t,     -0.513184,      1.297672,      0.037250,     34.900002,    267.980011
     t,     -0.524078,      1.312986,      0.035922,     34.900002,    267.980011
     t,      0.488403,      1.364682,      0.033027,     34.900002,    267.989990
     t,      0.336533,      1.396179,      0.033265,     34.910000,    267.989990
     t,     -0.029251,      1.411049,      0.033523,     34.910000,    267.989990
     t,      0.214981,      1.476400,      0.021082,     34.910000,    268.000000
     t,      0.204422,      1.574573,      0.014024,     34.919998,    268.010010
     t,      0.247696,      1.606232,      0.015257,     34.919998,    268.010010
     t,     -0.111313,      1.654310,      0.019018,     34.930000,    268.010010
     t,      0.146957,      1.657811,      0.018862,     34.930000,    268.019989
     t,     -0.423325,      1.693017,      0.018909,     34.930000,    268.019989
     t,     -0.859802,      1.746521,      0.021322,     34.930000,    268.029999
     t,     -1.334961,      1.797208,      0.023063,     34.930000,    268.040009
     t,     -1.590179,      1.833858,      0.022920,     34.930000,    268.049988
     t,     -2.150589,      1.841693,      0.015123,     34.919998,    268.059998
     t,     -2.510849,      1.852691,      0.057080,     34.919998,    268.059998
     t,     -1.806885,      1.862144,      0.091716,     34.919998,    268.059998
     t,     -3.346085,      1.871621,      0.091108,     34.919998,    268.059998
     t,     -3.627304,      1.877952,      0.109564,     34.919998,    268.070007
     t,     -2.745895,      1.881122,      0.102288,     34.919998,    268.070007
     t,     -4.028870,      1.889058,      0.087906,     34.919998,    268.070007
     t,     -3.532120,      1.895419,      0.113590,     34.919998,    268.070007
     t,     -0.486374,      1.898603,      0.129251,     34.919998,    268.079987
     t,     -0.228058,      1.903385,      0.099268,     34.910000,    268.079987
     t,     -1.718140,      1.912966,      0.146072,     34.910000,    268.079987
     t,     -0.181915,      1.913200,      0.256118,     34.910000,    268.100006
     t,     -1.455841,      1.913227,      0.177281,     34.910000,    268.100006
     t,     -0.476028,      1.901718,      0.124981,     34.910000,    268.089996
     t,      1.395309,      1.896790,      0.094839,     34.910000,    268.089996
     t,      2.194717,      1.893836,      0.089637,     34.910000,    268.089996
     t,     -0.682068,      1.881390,      0.184284,     34.910000,    268.089996
     t,     -2.343109,      1.860845,      0.698795,     34.910000,    268.089996
     t,      0.043777,      1.854996,      0.587575,     34.910000,    268.089996
     t,      1.129349,      1.841707,      0.207613,     34.910000,    268.089996
     t,     -0.863281,      2.065544,      0.051019,     34.843342,    267.739990
     t,     -0.871948,      2.065544,      0.052148,     34.846237,    267.739990
     t,     -0.295151,      1.913200,      0.268293,     34.910000,    268.090576
     t,     -3.785187,      2.028756,      0.354848,     37.240002,    266.600006
     t,     -4.285187,      2.033978,      0.365551,     37.240002,    266.600006
     t,     -4.257507,      2.069063,      0.457682,     37.240002,    266.600006
     t,     -3.190826,      2.065544,      0.488026,     37.240002,    266.600006
     t,     -2.766479,      2.064302,      0.475305,     37.240002,    266.600006
     t,     -2.872742,      1.868416,      0.314601,     37.250000,    266.609985
     t,     -2.842529,      1.807841,      0.299396,     37.250000,    266.609985
     t,     -1.594391,      1.469817,      0.074081,     37.259998,    266.619995
     t,     -0.363617,      1.318134,      0.055101,     37.259998,    266.630005
     t,     -0.196838,      1.129671,      0.087125,     37.270000,    266.649994
     t,     -0.174316,      1.080976,      0.085830,     37.270000,    266.649994
     t,      0.267029,      0.979479,      0.130356,     37.270000,    266.670013
     t,     -0.219513,      0.935329,      0.072790,     37.279999,    266.690002
     t,      0.412292,      0.911528,      0.048254,     37.279999,    266.690002
     t,      0.066376,      0.899125,      0.049779,     37.279999,    266.700012
     t,     -0.143158,      0.890059,      0.059449,     37.279999,    266.709991
     t,      0.101715,      0.876616,      0.084426,     37.270000,    266.709991
     t,      0.410431,      0.873799,      0.092677,     37.270000,    266.720001
     t,      0.590027,      0.852256,      0.094352,     37.270000,    266.730011
     t,      0.190308,      0.843277,      0.079051,     37.270000,    266.739990
     t,      0.110535,      0.841146,      0.075750,     37.270000,    266.739990
     t,     -0.004913,      0.841113,      0.075190,     37.270000,    266.739990
     t,      0.020386,      0.840950,      0.072931,     37.270000,    266.739990
     t,     -0.167908,      0.840199,      0.063819,     37.270000,    266.750000
     t,     -0.064514,      0.840101,      0.064295,     37.270000,    266.750000
     t,      0.238678,      0.839938,      0.069329,     37.270000,    266.760010
     t,      0.444092,      0.839873,      0.072435,     37.270000,    266.760010
     t,     -0.258759,      0.844347,      0.140340,     37.279999,    266.769989
     t,     -0.307648,      0.851275,      0.153870,     37.279999,    266.769989
     t,     -0.237396,      0.855445,      0.162626,     37.279999,    266.769989
     t,     -0.200836,      0.861021,      0.179621,     37.279999,    266.779999
     t,     -0.473877,      0.874337,      0.131712,     37.279999,    266.790009
     t,     -0.463013,      0.878037,      0.119794,     37.279999,    266.790009
     t,     -1.463318,      0.902278,      0.189668,     37.290001,    266.790009
     t,     -2.070435,      0.919253,      0.398753,     37.290001,    266.799988
     t,     -2.147186,      0.923047,      0.465293,     37.290001,    266.799988
     t,     -1.605026,      0.932565,      0.445730,     37.290001,    266.799988
     t,     -0.695923,      0.972548,      0.488765,     37.290001,    266.820007
     t,      0.569687,      1.101234,      0.148364,     37.299999,    266.869995
     t,      1.922226,      1.144686,      0.056695,     37.310001,    266.880005
     t,      2.364929,      1.202769,      0.123001,     37.310001,    266.899994
     t,      2.027756,      1.282447,      0.142835,     37.310001,    266.920013
     t,      2.122620,      1.323245,      0.154026,     37.320000,    266.929993
     t,      1.875763,      1.343884,      0.160913,     37.320000,    266.929993
     t,      2.142136,      1.359467,      0.163827,     37.320000,    266.929993
     t,      1.687881,      1.396179,      0.174459,     37.320000,    266.940002
     t,      1.871948,      1.425999,      0.188726,     37.320000,    266.950012
     t,      1.250946,      1.486585,      0.188428,     37.320000,    266.970001
     t,      1.468903,      1.522509,      0.182547,     37.330002,    266.980011
     t,      0.484482,      1.654310,      0.140233,     37.330002,    267.029999
     t,      0.055695,      1.678890,      0.107729,     37.330002,    267.049988
     t,     -0.213440,      1.693017,      0.088385,     37.330002,    267.059998
     t,      0.002045,      1.728594,      0.090107,     37.330002,    267.079987
     t,     -0.994888,      1.833858,      0.151400,     37.330002,    267.140015
     t,     -2.319977,      1.849545,      0.217992,     37.330002,    267.160004
     t,     -6.765976,      1.876369,      0.269900,     37.330002,    267.190002
     t,     -3.590240,      1.882708,      0.253305,     37.330002,    267.200012
     t,     -2.867630,      1.890647,      0.103207,     37.330002,    267.200012
     t,     -3.417007,      1.897010,      0.040186,     37.330002,    267.209991
     t,     -2.439163,      1.903385,      0.045999,     37.330002,    267.209991
     t,     -3.497070,      1.908172,      0.100360,     37.330002,    267.220001
     t,     -2.751877,      1.912966,      0.216475,     37.330002,    267.220001
     t,     -0.398834,      1.912993,      0.365270,     37.330002,    267.220001
     t,     -1.728394,      1.913089,      0.601130,     37.330002,    267.230011
     t,      0.420197,      1.913135,      0.432464,     37.330002,    267.230011
     t,     -1.415146,      1.913235,      0.160114,     37.320000,    267.239990
     t,      0.346878,      1.907641,      0.136258,     37.320000,    267.239990
     t,     -0.082275,      1.896790,      0.128293,     37.320000,    267.239990
     t,     -0.445633,      1.894164,      0.123062,     37.320000,    267.230011
     t,      2.539825,      1.871593,      0.249206,     37.320000,    267.230011
     t,      1.521408,      1.865075,      0.255804,     37.320000,    267.230011
     t,      2.099136,      1.854347,      0.179162,     37.320000,    267.230011
     t,     -1.499680,      1.836858,      0.211295,     37.320000,    267.220001
     q,      0.035611,      0.005765,      0.000169,     34.840000,    267.739990
     q,     -0.018146,      0.005968,      0.000213,     34.840000,    267.739990
     q,      0.012331,      0.007895,      0.000433,     34.849998,    267.739990
     q,      0.088687,      0.010897,      0.000194,     34.860001,    267.750000
     q,      0.101552,      0.011532,      0.000319,     34.860001,    267.750000
     q,      0.085722,      0.011631,      0.000357,     34.860001,    267.750000
     q,     -0.038768,      0.011830,      0.000447,     34.860001,    267.750000
     q,     -0.006016,      0.012082,      0.000586,     34.860001,    267.750000
     q,     -0.026571,      0.012286,      0.000720,     34.860001,    267.750000
     q,     -0.191245,      0.012594,      0.000965,     34.860001,    267.750000
     q,     -0.289714,      0.013329,      0.001224,     34.860001,    267.760010
     q,     -0.112572,      0.013802,      0.001231,     34.869999,    267.760010
     q,     -0.309501,      0.016336,      0.004140,     34.869999,    267.769989
     q,     -0.113573,      0.017078,      0.006671,     34.869999,    267.769989
     q,      0.079788,      0.019096,      0.007207,     34.869999,    267.779999
     q,      0.073008,      0.019268,      0.007353,     34.869999,    267.779999
     q,      0.074330,      0.023079,      0.008872,     34.869999,    267.799988
     q,      0.087816,      0.024345,      0.011047,     34.860001,    267.799988
     q,      0.073234,      0.024602,      0.012404,     34.860001,    267.809998
     q,     -0.110612,      0.024782,      0.013009,     34.860001,    267.809998
     q,     -0.026307,      0.024860,      0.013206,     34.860001,    267.809998
     q,     -0.078210,      0.024989,      0.013572,     34.860001,    267.809998
     q,      0.096832,      0.025067,      0.013814,     34.860001,    267.809998
     q,      0.167551,      0.025510,      0.015773,     34.860001,    267.820007
     q,      0.158416,      0.025617,      0.016457,     34.860001,    267.820007
     q,      0.044278,      0.025681,      0.016910,     34.860001,    267.820007
     q,      0.011482,      0.026045,      0.016580,     34.860001,    267.829987
     q,     -0.210595,      0.026196,      0.016128,     34.860001,    267.829987
     q,     -0.176924,      0.026239,      0.016018,     34.860001,    267.829987
     q,      0.101487,      0.026325,      0.015859,     34.860001,    267.839996
     q,      0.196971,      0.026564,      0.015547,     34.860001,    267.839996
     q,      0.194460,      0.026585,      0.015543,     34.860001,    267.839996
     q,      0.134917,      0.026690,      0.015455,     34.860001,    267.839996
     q,      0.199766,      0.026954,      0.013488,     34.860001,    267.850006
     q,     -0.107609,      0.027033,      0.012939,     34.860001,    267.850006
     q,     -0.237696,      0.027192,      0.012326,     34.869999,    267.850006
     q,     -0.154652,      0.027484,      0.010536,     34.869999,    267.859985
     q,     -0.224028,      0.027564,      0.010134,     34.869999,    267.859985
     q,     -0.136425,      0.027912,      0.008152,     34.869999,    267.869995
     q,     -0.215243,      0.028041,      0.007361,     34.869999,    267.869995
     q,     -0.156286,      0.028299,      0.005989,     34.869999,    267.869995
     q,     -0.025374,      0.028402,      0.005555,     34.869999,    267.880005
     q,     -0.129705,      0.028922,      0.005495,     34.869999,    267.890015
     q,     -0.095173,      0.029210,      0.007287,     34.880001,    267.899994
     q,     -0.053355,      0.029707,      0.010790,     34.880001,    267.910004
     q,     -0.128864,      0.029943,      0.010454,     34.880001,    267.910004
     q,     -0.084342,      0.030357,      0.010187,     34.880001,    267.920013
     q,      0.202540,      0.030446,      0.010236,     34.880001,    267.920013
     q,      0.245124,      0.030506,      0.010299,     34.880001,    267.920013
     q,      0.168593,      0.030982,      0.008756,     34.889999,    267.929993
     q,      0.005929,      0.031319,      0.007521,     34.889999,    267.940002
     q,     -0.036334,      0.031809,      0.006131,     34.889999,    267.940002
     q,     -0.037693,      0.032112,      0.005154,     34.889999,    267.950012
     q,      0.067111,      0.032455,      0.003984,     34.900002,    267.950012
     q,      0.023809,      0.032569,      0.003658,     34.900002,    267.959991
     q,      0.002217,      0.007895,      0.000303,     34.843342,    267.739990
     q,      0.008139,      0.007895,      0.000356,     34.846237,    267.739990
     q,     -0.094214,      0.006506,      0.000470,     37.240002,    266.600006
     q,     -0.113278,      0.006567,      0.000475,     37.240002,    266.600006
     q,     -0.083426,      0.007283,      0.000328,     37.240002,    266.600006
     q,     -0.018333,      0.007895,      0.000418,     37.240002,    266.600006
     q,     -0.009048,      0.008117,      0.000561,     37.240002,    266.600006
     q,     -0.065736,      0.010897,      0.001034,     37.250000,    266.609985
     q,     -0.061655,      0.011384,      0.001474,     37.250000,    266.609985
     q,     -0.068076,      0.014390,      0.001360,     37.259998,    266.619995
     q,     -0.085739,      0.015883,      0.000785,     37.259998,    266.630005
     q,      0.002188,      0.018371,      0.000713,     37.270000,    266.649994
     q,     -0.015212,      0.019096,      0.000769,     37.270000,    266.649994
     q,     -0.035736,      0.021565,      0.001191,     37.270000,    266.670013
     q,      0.050567,      0.022906,      0.002132,     37.279999,    266.690002
     q,      0.018162,      0.023733,      0.003271,     37.279999,    266.690002
     q,      0.127598,      0.024173,      0.003333,     37.279999,    266.700012
     q,      0.165017,      0.024499,      0.003475,     37.279999,    266.709991
     q,      0.193924,      0.024989,      0.003992,     37.270000,    266.709991
     q,      0.101254,      0.025093,      0.004218,     37.270000,    266.720001
     q,      0.089780,      0.026024,      0.005569,     37.270000,    266.730011
     q,     -0.061697,      0.026477,      0.006177,     37.270000,    266.739990
     q,      0.052816,      0.026585,      0.006287,     37.270000,    266.739990
     q,      0.092190,      0.026612,      0.006313,     37.270000,    266.739990
     q,      0.025147,      0.026743,      0.006469,     37.270000,    266.739990
     q,      0.064879,      0.027351,      0.008133,     37.270000,    266.750000
     q,      0.108955,      0.027431,      0.008515,     37.270000,    266.750000
     q,     -0.155932,      0.027564,      0.009261,     37.270000,    266.760010
     q,     -0.150360,      0.027618,      0.009597,     37.270000,    266.760010
     q,     -0.128462,      0.028092,      0.014159,     37.279999,    266.769989
     q,     -0.020675,      0.028350,      0.016322,     37.279999,    266.769989
     q,     -0.192580,      0.028506,      0.018085,     37.279999,    266.769989
     q,     -0.280154,      0.028714,      0.021595,     37.279999,    266.779999
     q,     -0.369472,      0.029210,      0.028508,     37.279999,    266.790009
     q,     -0.366395,      0.029269,      0.027992,     37.279999,    266.790009
     q,     -0.478644,      0.029649,      0.025044,     37.290001,    266.790009
     q,     -0.435940,      0.029913,      0.025275,     37.290001,    266.799988
     q,     -0.322480,      0.029972,      0.025390,     37.290001,    266.799988
     q,     -0.187183,      0.030120,      0.025520,     37.290001,    266.799988
     q,     -0.065459,      0.030722,      0.033389,     37.290001,    266.820007
     q,      0.228917,      0.032112,      0.087280,     37.299999,    266.869995
     q,      0.384196,      0.032569,      0.058932,     37.310001,    266.880005
     t,      0.718994,      1.971755,      0.055286,     41.610001,    269.420013
     t,      0.254578,      1.979480,      0.059648,     41.610001,    269.420013
     t,     -0.879700,      2.007934,      0.072543,     41.610001,    269.420013
     t,     -1.062378,      2.065544,      0.068767,     41.610001,    269.410004
     t,     -0.895050,      2.005679,      0.068834,     41.610001,    269.399994
     t,      0.306946,      1.883427,      0.069236,     41.610001,    269.399994
     t,      0.872589,      1.868416,      0.073582,     41.610001,    269.399994
     t,      1.790100,      1.807841,      0.091120,     41.610001,    269.399994
     t,      1.470673,      1.678092,      0.233834,     41.610001,    269.390015
     t,     -1.488770,      1.251781,      0.029831,     41.610001,    269.390015
     t,     -2.161865,      1.183635,      0.043748,     41.610001,    269.390015
     t,     -0.335754,      1.133778,      0.047523,     41.610001,    269.390015
     t,     -0.445496,      1.080976,      0.058221,     41.610001,    269.390015
     t,     -0.923981,      1.017555,      0.100173,     41.610001,    269.390015
     t,     -0.560852,      0.991300,      0.079674,     41.610001,    269.390015
     t,      0.261353,      0.958160,      0.069485,     41.610001,    269.390015
     t,      0.300385,      0.935329,      0.086089,     41.610001,    269.399994
     t,      0.779694,      0.916513,      0.088232,     41.610001,    269.399994
     t,      0.115326,      0.861283,      0.069510,     41.599998,    269.399994
     t,     -0.332306,      0.847119,      0.031416,     41.599998,    269.410004
     t,     -0.147156,      0.842424,      0.019858,     41.599998,    269.410004
     t,     -0.019440,      0.841146,      0.017330,     41.599998,    269.410004
     t,     -0.001495,      0.840787,      0.010435,     41.599998,    269.420013
     t,      0.147705,      0.840656,      0.008694,     41.599998,    269.420013
     t,     -0.082123,      0.840264,      0.006508,     41.599998,    269.420013
     t,      0.161072,      0.839808,      0.010087,     41.599998,    269.420013
     t,     -0.241394,      0.850580,      0.023953,     41.599998,    269.429993
     t,      1.206879,      0.863117,      0.043552,     41.599998,    269.440002
     t,      0.387253,      0.874337,      0.042083,     41.599998,    269.450012
     t,      0.313599,      0.876186,      0.042577,     41.599998,    269.450012
     t,     -0.077209,      0.891049,      0.049294,     41.590000,    269.450012
     t,      0.402924,      0.902278,      0.057244,     41.590000,    269.450012
     t,     -0.159683,      0.923047,      0.053831,     41.590000,    269.459991
     t,      0.106995,      0.938300,      0.049429,     41.590000,    269.470001
     t,      0.290115,      0.963353,      0.047723,     41.590000,    269.480011
     t,     -0.092636,      1.108417,      0.035577,     41.580002,    269.510010
     t,     -0.985748,      2.065544,      0.070879,     41.610001,    269.414520
     t,     -1.325104,      1.961479,      0.012720,     40.150002,    270.660004
     t,     -2.067413,      1.976904,      0.010224,     40.150002,    270.660004
     t,     -1.633820,      2.054934,      0.008484,     40.150002,    270.660004
     t,     -0.851532,      2.065544,      0.001708,     40.150002,    270.649994
     t,     -0.716949,      2.064923,      0.001853,     40.150002,    270.649994
     t,      0.306152,      2.056442,      0.039546,     40.150002,    270.649994
     t,     -0.261841,      2.036843,      0.060430,     40.150002,    270.649994
     t,     -1.620117,      1.868416,      0.033987,     40.150002,    270.649994
     t,     -1.586792,      1.862313,      0.034289,     40.150002,    270.649994
     t,     -1.105896,      1.441104,      0.206075,     40.150002,    270.660004
     t,     -2.022430,      1.129671,      0.159900,     40.150002,    270.679993
     t,     -2.330597,      1.080976,      0.136519,     40.150002,    270.679993
     t,     -2.774597,      1.039291,      0.113159,     40.150002,    270.679993
     t,     -0.621155,      0.863975,      0.064610,     40.150002,    270.690002
     t,     -1.276581,      0.857839,      0.060776,     40.150002,    270.690002
     t,     -1.729248,      0.855689,      0.059761,     40.150002,    270.690002
     t,     -0.338013,      0.841146,      0.026654,     40.150002,    270.700012
     t,      0.348480,      0.840689,      0.021547,     40.150002,    270.700012
     t,      0.276978,      0.840264,      0.017426,     40.150002,    270.709991
     t,      0.235352,      0.839971,      0.016208,     40.139999,    270.709991
     t,      0.420319,      0.839742,      0.015487,     40.139999,    270.709991
     t,      0.719757,      0.841583,      0.014844,     40.139999,    270.709991
     t,      1.095978,      0.848500,      0.014350,     40.139999,    270.720001
     t,      0.269562,      0.874337,      0.011365,     40.139999,    270.730011
     t,     -0.315186,      0.944052,      0.017368,     40.130001,    270.750000
     t,      0.365692,      0.992873,      0.022353,     40.130001,    270.769989
     t,      0.234421,      1.044605,      0.027023,     40.130001,    270.779999
     t,     -0.317978,      1.090502,      0.032472,     40.130001,    270.790009
     t,     -0.481018,      1.119237,      0.033756,     40.130001,    270.799988
     t,      0.211197,      1.144686,      0.037054,     40.130001,    270.799988
     t,      1.188416,      1.192988,      0.039088,     40.130001,    270.809998
     t,      0.201965,      1.396179,      0.024098,     40.150002,    270.859985
     t,      0.312851,      1.436009,      0.019198,     40.150002,    270.869995
     t,      0.451340,      1.527676,      0.029144,     40.150002,    270.910004
     t,      0.947433,      1.632855,      0.039870,     40.160000,    270.959991
     t,      0.553467,      1.654310,      0.046944,     40.160000,    270.970001
     t,     -0.544220,      1.721449,      0.070190,     40.169998,    271.010010
     t,     -0.220490,      1.757321,      0.031318,     40.180000,    271.029999
     t,     -1.021881,      1.811824,      0.016609,     40.180000,    271.079987
     t,     -0.962830,      1.833858,      0.026388,     40.180000,    271.100006
     t,     -1.445068,      1.862313,      0.085887,     40.150002,    270.655396
     t,     -2.256409,      1.039291,      0.032211,     40.150002,    270.683746
     q,      0.015001,      0.005851,      0.000197,     41.610001,    269.420013
     q,     -0.039914,      0.005939,      0.000210,     41.610001,    269.420013
     q,     -0.074220,      0.006264,      0.000216,     41.610001,    269.420013
     q,     -0.076337,      0.007895,      0.000117,     41.610001,    269.410004
     q,     -0.129363,      0.009395,      0.000134,     41.610001,    269.399994
     q,     -0.057368,      0.010725,      0.000364,     41.610001,    269.399994
     q,     -0.028722,      0.010897,      0.000365,     41.610001,    269.399994
     q,     -0.004174,      0.011384,      0.000381,     41.610001,    269.399994
     q,     -0.015062,      0.012491,      0.000623,     41.610001,    269.390015
     q,      0.021318,      0.016676,      0.004030,     41.610001,    269.390015
     q,     -0.092933,      0.017601,      0.007207,     41.610001,    269.390015
     q,     -0.104656,      0.018311,      0.009111,     41.610001,    269.390015
     q,     -0.066221,      0.019096,      0.011912,     41.610001,    269.390015
     q,      0.013701,      0.020607,      0.019999,     41.610001,    269.390015
     q,     -0.006976,      0.021263,      0.015096,     41.610001,    269.390015
     q,     -0.229058,      0.022137,      0.009624,     41.610001,    269.390015
     q,     -0.190331,      0.022906,      0.005544,     41.610001,    269.399994
     q,     -0.036012,      0.023557,      0.003754,     41.610001,    269.399994
     q,     -0.037186,      0.025574,      0.002160,     41.599998,    269.399994
     q,      0.075076,      0.026282,      0.000990,     41.599998,    269.410004
     q,      0.016010,      0.026520,      0.000546,     41.599998,    269.410004
     q,      0.019706,      0.026585,      0.000444,     41.599998,    269.410004
     q,      0.115682,      0.026874,      0.000213,     41.599998,    269.420013
     q,      0.022883,      0.026980,      0.000191,     41.599998,    269.420013
     q,     -0.086403,      0.027298,      0.000171,     41.599998,    269.420013
     q,     -0.119841,      0.027671,      0.000291,     41.599998,    269.420013
     q,      0.056892,      0.028324,      0.000338,     41.599998,    269.429993
     q,     -0.084994,      0.028792,      0.000679,     41.599998,    269.440002
     q,      0.032958,      0.029210,      0.000542,     41.599998,    269.450012
     q,      0.032910,      0.029239,      0.000545,     41.599998,    269.450012
     q,     -0.001004,      0.029473,      0.000650,     41.590000,    269.450012
     q,     -0.074798,      0.029649,      0.000856,     41.590000,    269.450012
     q,      0.005952,      0.029972,      0.000758,     41.590000,    269.459991
     q,     -0.113114,      0.030209,      0.000559,     41.590000,    269.470001
     q,     -0.089702,      0.032188,      0.000908,     41.580002,    269.510010
     q,     -0.071496,      0.007895,      0.000101,     41.610001,    269.414520
     q,     -0.015962,      0.005736,      0.000011,     40.150002,    270.660004
     q,     -0.045888,      0.005909,      0.000011,     40.150002,    270.660004
     q,     -0.078158,      0.006815,      0.000004,     40.150002,    270.660004
     q,     -0.090004,      0.007895,      0.000009,     40.150002,    270.649994
     q,     -0.083914,      0.008006,      0.000008,     40.150002,    270.649994
     q,      0.001562,      0.008880,      0.000015,     40.150002,    270.649994
     q,     -0.079350,      0.009076,      0.000026,     40.150002,    270.649994
     q,     -0.064496,      0.010897,      0.000093,     40.150002,    270.649994
     q,     -0.061423,      0.010945,      0.000098,     40.150002,    270.649994
     q,      0.033316,      0.014660,      0.000668,     40.150002,    270.660004
     q,     -0.036805,      0.018371,      0.001939,     40.150002,    270.679993
     q,     -0.088148,      0.019096,      0.002040,     40.150002,    270.679993
     q,     -0.126505,      0.020078,      0.002263,     40.150002,    270.679993
     q,     -0.041144,      0.025458,      0.001961,     40.150002,    270.690002
     q,     -0.128853,      0.025745,      0.001810,     40.150002,    270.690002
     q,     -0.294034,      0.025852,      0.001761,     40.150002,    270.690002
     q,     -0.078953,      0.026585,      0.001402,     40.150002,    270.700012
     q,     -0.041849,      0.026954,      0.001305,     40.150002,    270.700012
     q,      0.013935,      0.027298,      0.001163,     40.150002,    270.709991
     q,     -0.139235,      0.027538,      0.001131,     40.139999,    270.709991
     q,      0.026340,      0.027725,      0.001148,     40.139999,    270.709991
     q,     -0.140430,      0.027989,      0.001027,     40.139999,    270.709991
     q,     -0.187013,      0.028247,      0.000852,     40.139999,    270.720001
     q,     -0.143688,      0.029210,      0.000958,     40.139999,    270.730011
     q,     -0.154711,      0.030298,      0.007047,     40.130001,    270.750000
     q,     -0.271660,      0.030945,      0.013302,     40.130001,    270.769989
     q,     -0.329742,      0.031507,      0.011886,     40.130001,    270.779999
     q,     -0.221325,      0.031998,      0.010431,     40.130001,    270.790009
     q,     -0.281711,      0.032302,      0.008699,     40.130001,    270.799988
     q,     -0.168355,      0.032569,      0.007796,     40.130001,    270.799988
     q,      0.012853,      0.014660,      0.000328,     40.150002,    270.655396
     q,     -0.103341,      0.025458,      0.002077,     40.150002,    270.683746
     t,      1.437347,      1.989804,      0.020707,     44.849998,    266.440002
     t,      0.320679,      2.020935,      0.020497,     44.849998,    266.440002
     t,     -0.017761,      2.069685,      0.019467,     44.849998,    266.440002
     t,      0.193451,      2.065544,      0.019427,     44.849998,    266.440002
     t,     -0.284027,      1.883427,      0.089732,     44.860001,    266.440002
     t,     -0.512329,      1.868416,      0.085530,     44.860001,    266.440002
     t,     -1.745178,      1.620712,      0.070172,     44.860001,    266.429993
     t,     -1.277649,      1.504646,      0.159916,     44.860001,    266.429993
     t,     -0.946960,      1.475593,      0.177067,     44.860001,    266.429993
     t,     -0.429962,      1.412675,      0.227627,     44.860001,    266.440002
     t,     -0.094635,      1.384529,      0.258246,     44.860001,    266.440002
     t,      0.564911,      1.334579,      0.249358,     44.869999,    266.440002
     t,      1.011047,      1.273467,      0.211596,     44.869999,    266.440002
     t,      1.740662,      1.213214,      0.191241,     44.869999,    266.440002
     t,      0.675354,      1.105190,      0.083859,     44.869999,    266.440002
     t,      0.723083,      1.080976,      0.057598,     44.869999,    266.440002
     t,      0.182770,      1.053910,      0.032046,     44.869999,    266.440002
     t,     -0.740997,      0.991300,      0.075089,     44.869999,    266.440002
     t,     -0.474335,      0.947979,      0.134813,     44.869999,    266.450012
     t,     -0.058044,      0.934069,      0.177305,     44.869999,    266.450012
     t,     -0.531616,      0.902837,      0.177032,     44.869999,    266.450012
     t,     -0.709839,      0.885095,      0.121560,     44.869999,    266.450012
     t,      0.451996,      0.861283,      0.030009,     44.869999,    266.459991
     t,      0.476074,      0.858269,      0.020296,     44.869999,    266.459991
     t,      0.973297,      0.853543,      0.014600,     44.869999,    266.459991
     t,      1.012024,      0.847547,      0.012539,     44.869999,    266.459991
     t,      0.500580,      0.842424,      0.012895,     44.869999,    266.470001
     t,      0.576691,      0.841146,      0.013318,     44.869999,    266.470001
     t,      0.555420,      0.841080,      0.013808,     44.860001,    266.470001
     t,     -0.108978,      0.840395,      0.011687,     44.860001,    266.480011
     t,     -0.541962,      0.841583,      0.003934,     44.860001,    266.500000
     t,     -0.051239,      0.857534,      0.003348,     44.860001,    266.510010
     t,     -0.071960,      0.861719,      0.003605,     44.860001,    266.519989
     t,      0.299698,      0.870823,      0.004864,     44.860001,    266.519989
     t,      0.522034,      0.872931,      0.005331,     44.860001,    266.529999
     t,      0.605591,      0.874337,      0.005641,     44.860001,    266.529999
     t,      0.690582,      0.878037,      0.005972,     44.860001,    266.529999
     t,      0.397034,      0.936386,      0.010095,     44.849998,    266.549988
     t,      0.243515,      0.961414,      0.010557,     44.849998,    266.549988
     t,     -0.187698,      1.016851,      0.008267,     44.849998,    266.559998
     t,      0.412338,      1.069196,      0.006005,     44.849998,    266.570007
     t,      0.130798,      1.144686,      0.002734,     44.840000,    266.589996
     t,      0.099258,      1.197873,      0.001900,     44.840000,    266.589996
     t,      0.359390,      1.257273,      0.001542,     44.840000,    266.600006
     t,      0.176682,      1.396179,      0.002402,     44.840000,    266.619995
     t,     -1.877640,      1.600934,      0.020153,     44.840000,    266.649994
     t,     -1.619980,      1.654310,      0.040226,     44.840000,    266.660004
     t,     -1.560242,      1.657811,      0.039422,     44.840000,    266.670013
     t,     -3.309311,      1.696558,      0.041719,     44.840000,    266.679993
     t,     -0.641647,      1.732172,      0.054296,     44.830002,    266.700012
     t,     -2.049255,      1.771774,      0.044075,     44.830002,    266.730011
     t,     -0.394730,      1.782652,      0.041942,     44.830002,    266.730011
     t,     -0.503754,      1.800857,      0.034745,     44.830002,    266.739990
     t,      2.027435,      1.826498,      0.027951,     44.830002,    266.760010
     t,      1.665436,      1.833858,      0.026978,     44.830002,    266.769989
     t,      1.619934,      1.841693,      0.024798,     44.830002,    266.779999
     t,      0.237839,      1.849545,      0.025619,     44.830002,    266.799988
     t,     -0.177002,      1.868459,      0.044832,     44.820000,    266.839996
     t,      0.582932,      1.873203,      0.053892,     44.820000,    266.839996
     t,     -0.399155,      1.879537,      0.071307,     44.820000,    266.859985
     t,     -0.232651,      1.884294,      0.082653,     44.820000,    266.869995
     t,     -1.988724,      1.904980,      0.123951,     44.820000,    266.910004
     t,     -0.474396,      1.912966,      0.123496,     44.810001,    266.929993
     t,     -1.788361,      1.913211,      0.205402,     44.790001,    266.970001
     t,      0.281982,      1.913239,      0.203112,     44.790001,    266.970001
     t,      0.638489,      1.896790,      0.224639,     44.790001,    266.980011
     t,      1.541656,      1.886626,      0.214762,     44.779999,    266.980011
     t,     -2.189468,      1.842678,      0.224867,     44.779999,    266.989990
     t,     -1.378387,      1.913211,      0.187204,     44.799953,    266.950104
     t,      3.384979,      0.860948,      0.000573,     47.299999,    270.200012
     t,      5.503418,      0.860951,      0.041192,     47.080002,    269.269989
     t,      2.484985,      0.860948,      0.000572,     47.299999,    270.200012
     t,      7.183624,      0.860950,      0.029077,     47.080002,    269.269989
     t,      0.784973,      0.860949,      0.000573,     47.299999,    270.200012
     t,      6.483612,      0.860951,      0.029076,     47.080002,    269.269989
     q,     -0.102567,      0.006056,      0.000353,     44.849998,    266.440002
     q,     -0.131540,      0.006415,      0.000398,     44.849998,    266.440002
     q,     -0.162364,      0.007178,      0.000504,     44.849998,    266.440002
     q,     -0.152840,      0.007895,      0.000560,     44.849998,    266.440002
     q,      0.022750,      0.010725,      0.002963,     44.860001,    266.440002
     q,     -0.006570,      0.010897,      0.003397,     44.860001,    266.440002
     q,      0.042944,      0.013011,      0.015651,     44.860001,    266.429993
     q,     -0.077119,      0.014068,      0.020582,     44.860001,    266.429993
     q,     -0.021904,      0.014336,      0.019913,     44.860001,    266.429993
     q,     -0.289521,      0.014934,      0.018852,     44.860001,    266.440002
     q,     -0.314196,      0.015210,      0.018571,     44.860001,    266.440002
     q,     -0.282447,      0.015713,      0.015916,     44.869999,    266.440002
     q,     -0.024535,      0.016392,      0.010279,     44.869999,    266.440002
     q,     -0.073604,      0.017194,      0.005218,     44.869999,    266.440002
     q,     -0.119275,      0.018732,      0.001496,     44.869999,    266.440002
     q,     -0.010095,      0.019096,      0.001155,     44.869999,    266.440002
     q,      0.033675,      0.019729,      0.000738,     44.869999,    266.440002
     q,      0.022726,      0.021263,      0.000823,     44.869999,    266.440002
     q,      0.078539,      0.022477,      0.001001,     44.869999,    266.450012
     q,     -0.069606,      0.022949,      0.001136,     44.869999,    266.450012
     q,      0.045498,      0.024041,      0.001089,     44.869999,    266.450012
     q,     -0.006711,      0.024679,      0.000924,     44.869999,    266.450012
     q,     -0.139374,      0.025574,      0.001301,     44.869999,    266.459991
     q,     -0.084215,      0.025724,      0.001540,     44.869999,    266.459991
     q,     -0.245295,      0.025959,      0.002100,     44.869999,    266.459991
     q,     -0.144417,      0.026261,      0.001807,     44.869999,    266.459991
     q,     -0.114122,      0.026520,      0.001556,     44.869999,    266.470001
     q,     -0.145522,      0.026585,      0.001494,     44.869999,    266.470001
     q,     -0.201294,      0.026638,      0.001463,     44.860001,    266.470001
     q,     -0.240630,      0.027192,      0.001353,     44.860001,    266.480011
     q,     -0.141949,      0.027989,      0.002823,     44.860001,    266.500000
     q,     -0.218512,      0.028584,      0.002670,     44.860001,    266.510010
     q,     -0.102039,      0.028740,      0.002651,     44.860001,    266.519989
     q,     -0.115461,      0.029079,      0.002355,     44.860001,    266.519989
     q,     -0.179993,      0.029158,      0.002214,     44.860001,    266.529999
     q,     -0.136020,      0.029210,      0.002138,     44.860001,    266.529999
     q,     -0.110353,      0.029269,      0.002062,     44.860001,    266.529999
     q,     -0.248349,      0.030179,      0.001040,     44.849998,    266.549988
     q,     -0.096185,      0.030565,      0.000808,     44.849998,    266.549988
     q,     -0.075517,      0.031207,      0.000778,     44.849998,    266.559998
     q,     -0.139176,      0.031771,      0.000967,     44.849998,    266.570007
     q,     -0.157250,      0.032569,      0.000941,     44.840000,    266.589996
     q,      0.178061,      0.001162,      0.000012,     47.080002,    269.269989
     q,      0.117424,      0.001162,      0.000012,     47.080002,    269.269989
     q,      0.200533,      0.001162,      0.000012,     47.080002,    269.269989
