Note (2018.08.22) This script is outputed from mpi_readobs.f90
obtype, ensmean_obbc,      h_xnobc,           ob
    sm,      0.25830,      0.25736,      0.25300
    sm,      0.22730,      0.22412,      0.16400
    sm,      0.30517,      0.30400,      0.38100
    sm,      0.21141,      0.21297,      0.07400
    sm,      0.33468,      0.36078,      0.24000
    sm,      0.30933,      0.28799,      0.35500
    sm,      0.21043,      0.21006,      0.19600
    sm,      0.19698,      0.19634,      0.06000
    sm,      0.18609,      0.18578,      0.24800
    sm,      0.19082,      0.18826,      0.15800
    sm,      0.24735,      0.24837,      0.09300
    sm,      0.26952,      0.26923,      0.13500
    sm,      0.25253,      0.25239,      0.09300
    sm,      0.17207,      0.15993,      0.22500
    sm,      0.27384,      0.27262,      0.22400
    sm,      0.32210,      0.33882,      0.11300
    sm,      0.23798,      0.23827,      0.31600
    sm,      0.21313,      0.21640,      0.23700
    sm,      0.24004,      0.24006,      0.26600
    sm,      0.22141,      0.22164,      0.29500
    sm,      0.21824,      0.23093,      0.25300
    sm,      0.14624,      0.14559,      0.07700
    sm,      0.21771,      0.21719,      0.21100
    sm,      0.30799,      0.29443,      0.37800
    sm,      0.24443,      0.24426,      0.34400
    sm,      0.24660,      0.24664,      0.07200
    sm,      0.33611,      0.32620,      0.32500
    sm,      0.23054,      0.23085,      0.33900
    sm,      0.18120,      0.17509,      0.36700
    sm,      0.27400,      0.27508,      0.23700
    sm,      0.31884,      0.31699,      0.27600
    sm,      0.27306,      0.27269,      0.27100
    sm,      0.18981,      0.18893,      0.10600
    sm,      0.24954,      0.25336,      0.22600
    sm,      0.27108,      0.27443,      0.20900
    sm,      0.27301,      0.27504,      0.26900
    sm,      0.26274,      0.26237,      0.20100
    sm,      0.17412,      0.17416,      0.17600
    sm,      0.25785,      0.25882,      0.37400
    sm,      0.16911,      0.17009,      0.13300
    sm,      0.21256,      0.21201,      0.22200
    sm,      0.16625,      0.16599,      0.11700
    sm,      0.20310,      0.20318,      0.21000
    sm,      0.27455,      0.26609,      0.12100
    sm,      0.27776,      0.27935,      0.17100
    sm,      0.22489,      0.22223,      0.08100
    sm,      0.17665,      0.17423,      0.18000
    sm,      0.27594,      0.27430,      0.36700
    sm,      0.24089,      0.22014,      0.23300
    sm,      0.22900,      0.23356,      0.30000
    sm,      0.19858,      0.21035,      0.14900
    sm,      0.19858,      0.21035,      0.16400
    sm,      0.19150,      0.18829,      0.14400
    sm,      0.15368,      0.15423,      0.06700
    sm,      0.32180,      0.31848,      0.45100
    sm,      0.20662,      0.20951,      0.20200
    sm,      0.27713,      0.27733,      0.22900
    sm,      0.29459,      0.26370,      0.34500
    sm,      0.30799,      0.29443,      0.41100
    sm,      0.26868,      0.27959,      0.38100
    sm,      0.15770,      0.15920,      0.08700
    sm,      0.28217,      0.28250,      0.08000
    sm,      0.15939,      0.16502,      0.13100
    sm,      0.14694,      0.14638,      0.06800
    sm,      0.21043,      0.21006,      0.07100
    sm,      0.23351,      0.24199,      0.35300
    sm,      0.27261,      0.27258,      0.06500
    sm,      0.23993,      0.23472,      0.10900
    sm,      0.19158,      0.18861,      0.24100
    sm,      0.36529,      0.35579,      0.16500
    sm,      0.18997,      0.18912,      0.18700
    sm,      0.27211,      0.27173,      0.18400
    sm,      0.18609,      0.18578,      0.30800
    sm,      0.18896,      0.17742,      0.36700
    sm,      0.18896,      0.17742,      0.28100
    sm,      0.19493,      0.19143,      0.06100
     t,    313.60907,    313.61020,    315.35001
     t,    312.69254,    312.69107,    312.75000
     t,    309.62579,    309.62537,    309.64999
     t,    302.25659,    302.25732,    302.35001
     t,    300.93951,    300.94101,    300.85001
     t,    296.36169,    296.36249,    296.45001
     t,    294.87064,    294.87177,    295.54999
     t,    287.71475,    287.71564,    287.64999
     t,    286.10153,    286.10190,    285.75000
     t,    280.86313,    280.85983,    280.25000
     t,    278.10397,    278.09839,    277.25000
     t,    276.05618,    276.04965,    275.14999
     t,    274.78085,    274.77362,    273.54999
     t,    274.16644,    274.15826,    272.95001
     t,    273.09488,    273.08505,    272.04999
     t,    272.73248,    272.72208,    271.85001
     t,    271.99945,    271.98792,    271.14999
     t,    271.34900,    271.33646,    271.14999
     t,    268.97049,    268.95428,    268.14999
     t,    268.77533,    268.75882,    267.95001
     t,    267.68985,    267.67169,    267.14999
     t,    266.97928,    266.96021,    266.64999
     t,    266.02481,    266.00565,    266.14999
     t,    264.17108,    264.15173,    263.95001
     t,    262.80905,    262.78961,    262.35001
     t,    261.95389,    261.93475,    261.64999
     t,    261.58319,    261.56418,    261.35001
     t,    260.70810,    260.68939,    260.25000
     t,    260.32864,    260.31006,    260.14999
     t,    259.94647,    259.92804,    259.95001
     t,    257.50446,    257.48785,    258.14999
     t,    256.85828,    256.84290,    257.45001
     t,    256.59726,    256.58221,    257.54999
     t,    256.07132,    256.05695,    256.75000
     t,    255.40622,    255.39267,    255.95000
     t,    253.77739,    253.76631,    253.75000
     t,    252.94823,    252.93903,    252.75000
     t,    252.24683,    252.23921,    252.05000
     t,    250.81438,    250.81000,    250.95000
     t,    249.47766,    249.47609,    249.35001
     t,    248.85393,    248.85347,    248.75000
     t,    247.90125,    247.90254,    247.55000
     t,    247.42009,    247.42224,    247.35001
     t,    246.93452,    246.93752,    246.75000
     t,    246.44447,    246.44833,    246.25000
     t,    245.78395,    245.78897,    245.85001
     t,    244.08533,    244.09279,    244.55000
     t,    243.03575,    243.04453,    243.05000
     t,    242.50314,    242.51259,    242.55000
     t,    240.13039,    240.14253,    239.75000
     t,    239.56847,    239.58107,    238.95000
     t,    236.86516,    236.88000,    236.45000
     t,    234.03004,    234.04660,    233.25000
     t,    232.77374,    232.79097,    232.25000
     t,    229.04390,    229.06192,    228.64999
     t,    225.04037,    225.05803,    224.45000
     t,    223.54988,    223.56647,    222.85001
     t,    222.27748,    222.29346,    221.85001
     t,    220.97365,    220.98898,    220.64999
     t,    207.19136,    207.11159,    204.85001
     t,    208.95055,    208.91081,    204.45000
     t,    311.97107,    311.94485,    313.35001
     t,    311.81152,    311.78555,    312.04999
     t,    305.81812,    305.79669,    306.35001
     t,    295.80136,    295.78088,    295.85001
     t,    289.24545,    289.22430,    289.14999
     t,    280.03500,    280.00623,    279.85001
     t,    275.89029,    275.91550,    274.04999
     t,    275.53735,    275.56622,    273.25000
     t,    275.20651,    275.23782,    274.45001
     t,    274.79813,    274.83301,    274.64999
     t,    274.46091,    274.49838,    274.45001
     t,    273.51651,    273.55899,    275.04999
     t,    270.14667,    270.16864,    271.45001
     t,    268.78644,    268.78424,    269.45001
     t,    266.06921,    266.05908,    266.45001
     t,    264.79773,    264.78967,    264.75000
     t,    262.48669,    262.48874,    262.14999
     t,    258.87604,    258.89511,    259.64999
     t,    257.37234,    257.39221,    257.45001
     t,    251.98943,    251.99338,    251.25000
     t,    249.87788,    249.86995,    250.85001
     t,    245.96310,    245.93558,    245.45000
     t,    242.93657,    242.89784,    242.64999
     t,    235.82242,    235.77113,    236.64999
     t,    232.86195,    232.80765,    233.45000
     t,    223.42088,    223.38919,    222.64999
     t,    221.68443,    221.66209,    221.64999
     t,    221.17693,    221.15723,    221.05000
     t,    218.02705,    218.02394,    217.45000
     t,    207.52257,    207.42499,    206.05000
     t,    206.44432,    206.30872,    204.45000
     t,    204.35991,    204.26839,    200.85001
     t,    203.82166,    203.76332,    201.85001
     t,    202.50276,    202.52161,    200.85001
     t,    202.41460,    202.43930,    201.25000
     t,    202.32561,    202.35622,    203.45000
     t,    202.18254,    202.28966,    202.64999
     t,    203.16693,    203.39204,    201.45000
     t,    204.18967,    204.46725,    206.45000
     t,    205.76347,    205.94270,    206.85001
     t,    207.88243,    207.46977,    206.85001
     t,    209.93333,    209.32903,    210.05000
     t,    210.57936,    210.18805,    208.64999
     t,    301.54361,    301.52261,    301.91916
     q,      0.28975,      0.28973,      0.28146
     q,      0.30066,      0.30064,      0.32196
     q,      0.34322,      0.34322,      0.34007
     q,      0.46160,      0.46141,      0.44825
     q,      0.47575,      0.47547,      0.47065
     q,      0.52662,      0.52635,      0.46978
     q,      0.55048,      0.55012,      0.40088
     q,      0.63725,      0.63682,      0.54517
     q,      0.65548,      0.65512,      0.56892
     q,      0.59229,      0.59329,      0.66541
     q,      0.49274,      0.49456,      0.59927
     q,      0.44272,      0.44404,      0.47572
     q,      0.41180,      0.41282,      0.57470
     q,      0.41345,      0.41430,      0.57210
     q,      0.41657,      0.41711,      0.49512
     q,      0.41770,      0.41813,      0.33888
     q,      0.42013,      0.42032,      0.13232
     q,      0.42244,      0.42240,      0.10503
     q,      0.41764,      0.41778,      0.10290
     q,      0.41702,      0.41719,      0.10231
     q,      0.41098,      0.41132,      0.11336
     q,      0.40739,      0.40786,      0.21781
     q,      0.39960,      0.40021,      0.11626
     q,      0.38194,      0.38290,      0.46376
     q,      0.36904,      0.37033,      0.49120
     q,      0.37089,      0.37247,      0.34897
     q,      0.37176,      0.37346,      0.49369
     q,      0.37395,      0.37597,      0.33874
     q,      0.37497,      0.37715,      0.16382
     q,      0.37605,      0.37839,      0.12281
     q,      0.36798,      0.37116,      0.12460
     q,      0.35813,      0.36132,      0.08979
     q,      0.35456,      0.35780,      0.18926
     q,      0.34700,      0.35035,      0.36048
     q,      0.33668,      0.34018,      0.29225
     q,      0.31148,      0.31516,      0.39938
     q,      0.30330,      0.30666,      0.29019
     q,      0.29570,      0.29875,      0.15671
     q,      0.27779,      0.28012,      0.21467
     q,      0.26455,      0.26617,      0.37849
     q,      0.26845,      0.26980,      0.30680
     q,      0.27550,      0.27636,      0.36117
     q,      0.27905,      0.27967,      0.30133
     q,      0.28289,      0.28325,      0.40201
     q,      0.28706,      0.28713,      0.21638
     q,      0.29319,      0.29284,      0.15952
     q,      0.29926,      0.29831,      0.34014
     q,      0.29875,      0.29764,      0.28978
     q,      0.29845,      0.29726,      0.35329
     q,      0.15778,      0.15797,      0.16072
     q,      0.15879,      0.15897,      0.18150
     q,      0.20618,      0.20629,      0.21265
     q,      0.32986,      0.33005,      0.28664
     q,      0.45462,      0.45463,      0.38499
     q,      0.65932,      0.65162,      0.56069
     q,      0.39574,      0.34293,      0.69238
     q,      0.37295,      0.31874,      0.60002
     q,      0.35609,      0.30369,      0.37729
     q,      0.33058,      0.28094,      0.22433
     q,      0.31259,      0.26490,      0.24541
     q,      0.26192,      0.22039,      0.07980
     q,      0.12761,      0.10830,      0.03501
     q,      0.09547,      0.08644,      0.03877
     q,      0.08147,      0.07962,      0.03067
     q,      0.08373,      0.08310,      0.17721
     q,      0.08349,      0.08378,      0.11185
     q,      0.05625,      0.05616,      0.04565
     q,      0.25075,      0.25089,      0.24149
     t,    304.63034,    304.85788,    301.54999
     t,    303.41895,    303.65625,    299.35001
     t,    302.11987,    302.35489,    297.45001
     t,    300.03784,    300.26947,    295.45001
     t,    297.53912,    297.76663,    293.25000
     t,    296.12018,    296.34607,    292.04999
     t,    294.79538,    295.01468,    291.14999
     t,    290.34763,    290.31540,    287.54999
     t,    290.02429,    290.01990,    287.64999
     t,    289.66568,    289.71738,    288.54999
     t,    289.30423,    289.41251,    289.14999
     t,    288.87534,    289.05035,    289.35001
     t,    285.44241,    285.34439,    285.75000
     t,    285.06625,    284.94766,    285.54999
     t,    283.45877,    283.29727,    284.04999
     t,    282.58850,    282.46051,    283.25000
     t,    280.48041,    280.43509,    280.85001
     t,    278.37628,    278.34573,    279.04999
     t,    277.27979,    277.24384,    278.04999
     t,    276.16281,    276.12241,    277.04999
     t,    271.75363,    271.66693,    271.85001
     t,    267.20374,    267.30472,    266.35001
     t,    267.09274,    267.19885,    266.14999
     t,    266.64502,    266.77289,    265.75000
     t,    265.39490,    265.58356,    264.75000
     t,    264.00183,    264.25763,    263.54999
     t,    263.40976,    263.69403,    262.75000
     t,    262.81131,    263.12436,    262.85001
     t,    259.95984,    260.31543,    260.25000
     t,    258.80652,    259.17862,    259.35001
     t,    256.61484,    256.97247,    256.45001
     t,    255.96548,    256.31406,    255.64999
     t,    255.83363,    256.18021,    255.64999
     t,    255.16946,    255.50609,    255.64999
     t,    254.90149,    255.23409,    255.45000
     t,    254.36148,    254.68597,    255.25000
     t,    252.83546,    253.11111,    253.85001
     t,    248.72836,    248.82799,    250.05000
     t,    243.39952,    243.39220,    242.85001
     t,    240.10397,    240.08202,    240.45000
     t,    239.54143,    239.50508,    239.85001
     t,    238.39926,    238.33287,    239.64999
     t,    233.10925,    233.04370,    233.05000
     t,    232.63603,    232.58147,    232.45000
     t,    230.15990,    230.16809,    230.45000
     t,    306.29947,    306.44171,    305.45001
     t,    305.82507,    305.96338,    304.95001
     t,    303.50259,    303.63309,    301.85001
     t,    302.06140,    302.19012,    300.35001
     t,    299.77786,    299.90457,    298.04999
     t,    292.54388,    292.68283,    291.25000
     t,    290.77066,    290.93234,    289.64999
     t,    287.72467,    287.86624,    285.85001
     t,    286.74014,    286.82971,    284.54999
     t,    282.99567,    283.18423,    280.85001
     t,    281.74203,    281.87894,    280.75000
     t,    280.86429,    280.95718,    280.45001
     t,    276.94876,    276.85849,    277.54999
     t,    273.79431,    273.59814,    274.04999
     t,    273.32565,    273.14301,    273.64999
     t,    270.90591,    270.78763,    271.04999
     t,    269.85028,    269.74338,    269.85001
     t,    269.18350,    269.08398,    268.85001
     t,    268.42075,    268.32968,    268.14999
     t,    268.34055,    268.24646,    268.14999
     t,    267.30130,    267.21957,    268.14999
     t,    264.05173,    263.99417,    264.85001
     t,    256.49615,    256.43713,    256.85001
     t,    248.27150,    248.30241,    247.64999
     t,    242.15991,    242.17499,    244.25000
     t,    241.40903,    241.42046,    243.64999
     t,    233.69170,    233.70996,    234.05000
     t,    223.04825,    223.09662,    222.05000
     t,    222.03270,    222.08650,    221.05000
     t,    210.45383,    210.65674,    209.05000
     t,    208.40889,    208.69704,    207.05000
     t,    207.85948,    208.17618,    205.64999
     t,    206.43542,    206.66055,    202.45000
     t,    206.04414,    206.27357,    203.05000
     t,    205.78226,    206.01114,    204.45000
     t,    205.23233,    205.46886,    204.64999
     t,    204.62241,    204.85703,    203.45000
     t,    203.21959,    203.43076,    203.05000
     t,    203.06093,    203.26366,    204.05000
     t,    203.17661,    203.25250,    203.85001
     t,    203.34860,    203.23590,    202.25000
     t,    204.32074,    203.96602,    204.64999
     t,    205.90013,    205.47618,    204.45000
     t,    206.23618,    205.91675,    206.05000
     t,    207.39062,    207.33711,    204.85001
     t,    207.71907,    207.75153,    204.85001
     t,    209.35085,    209.80496,    210.25000
     t,    210.99416,    211.47243,    211.45000
     t,    211.17915,    211.55753,    213.25000
     q,      0.43368,      0.45293,      0.55707
     q,      0.45616,      0.47641,      0.50172
     q,      0.48342,      0.50479,      0.51416
     q,      0.53232,      0.55562,      0.56704
     q,      0.59859,      0.62445,      0.60937
     q,      0.64073,      0.66837,      0.63487
     q,      0.67992,      0.71022,      0.60313
     q,      0.62914,      0.61223,      0.62924
     q,      0.58301,      0.54511,      0.61177
     q,      0.52176,      0.45529,      0.38973
     q,      0.45939,      0.36384,      0.23473
     q,      0.38440,      0.25391,      0.22414
     q,      0.16953,      0.13235,      0.10012
     q,      0.16203,      0.13013,      0.08476
     q,      0.14058,      0.12099,      0.13694
     q,      0.14627,      0.11904,      0.25657
     q,      0.16105,      0.11249,      0.19482
     q,      0.21758,      0.16598,      0.33810
     q,      0.26058,      0.21049,      0.21028
     q,      0.30822,      0.26122,      0.24889
     q,      0.50227,      0.48605,      0.39786
     q,      0.67252,      0.67544,      0.65025
     q,      0.67596,      0.67896,      0.65575
     q,      0.68334,      0.68289,      0.62407
     q,      0.70594,      0.69494,      0.76597
     q,      0.73459,      0.71015,      0.79968
     q,      0.74877,      0.71787,      0.76718
     q,      0.76424,      0.72629,      0.68370
     q,      0.69742,      0.66819,      0.73480
     q,      0.66159,      0.63709,      0.62428
     q,      0.57582,      0.61291,      0.58010
     q,      0.54634,      0.61159,      0.51943
     q,      0.53989,      0.61112,      0.47944
     q,      0.50569,      0.60867,      0.13088
     q,      0.49104,      0.60762,      0.06839
     q,      0.45984,      0.60538,      0.02764
     q,      0.28498,      0.55811,      0.03038
     q,      0.13921,      0.22851,      0.09948
     q,      0.36496,      0.39391,      0.35733
     q,      0.37207,      0.40166,      0.37675
     q,      0.41218,      0.44510,      0.40355
     q,      0.44032,      0.47549,      0.42769
     q,      0.49021,      0.52933,      0.45267
     q,      0.67759,      0.72759,      0.59054
     q,      0.69922,      0.74730,      0.73209
     q,      0.66725,      0.73462,      0.74876
     q,      0.64719,      0.73921,      0.75143
     q,      0.67072,      0.73102,      0.81828
     q,      0.67890,      0.73549,      0.67624
     q,      0.68452,      0.74067,      0.68005
     q,      0.69260,      0.74122,      0.62999
     q,      0.64175,      0.68280,      0.65172
     q,      0.61209,      0.65034,      0.51948
     q,      0.43803,      0.46047,      0.42823
     q,      0.36220,      0.38002,      0.23317
     q,      0.32464,      0.34071,      0.22354
     q,      0.27874,      0.29266,      0.37027
     q,      0.27260,      0.28630,      0.37239
     q,      0.20346,      0.21370,      0.07779
     q,      0.13476,      0.14080,      0.06454
     q,      0.13190,      0.13884,      0.06896
     q,      0.08745,      0.09572,      0.02956
     t,    301.76114,    301.76727,    296.54999
     t,    301.76117,    301.76727,    298.35001
     t,    301.76114,    301.76727,    298.04999
     t,    301.76117,    301.76730,    298.95001
     t,    301.55603,    301.56253,    298.14999
     t,    300.98523,    300.99075,    296.64999
     t,    300.36041,    300.36520,    294.85001
     t,    299.76047,    299.76480,    295.35001
     t,    296.25781,    296.26208,    291.95001
     t,    295.47928,    295.48340,    291.75000
     t,    295.14346,    295.14749,    292.25000
     t,    294.14264,    294.14633,    291.64999
     t,    294.03094,    294.03461,    291.85001
     t,    291.78540,    291.78836,    290.35001
     t,    288.98395,    288.98578,    287.64999
     t,    287.29929,    287.29990,    286.45001
     t,    284.93610,    284.93738,    284.95001
     t,    282.28543,    282.28680,    281.75000
     t,    273.86523,    273.86758,    273.64999
     t,    270.04572,    270.05231,    269.85001
     t,    269.22235,    269.23035,    268.95001
     t,    266.95880,    266.97134,    266.54999
     t,    266.52158,    266.53610,    266.04999
     t,    264.54578,    264.56949,    263.64999
     t,    264.20959,    264.23489,    263.64999
     t,    263.30240,    263.33282,    263.95001
     t,    262.36740,    262.40198,    262.95001
     t,    261.70596,    261.74335,    262.35001
     t,    259.17358,    259.22308,    259.64999
     t,    253.57167,    253.61229,    254.25000
     t,    251.65594,    251.69113,    252.45000
     t,    246.18636,    246.20705,    246.55000
     t,    241.90837,    241.92027,    242.75000
     t,    239.16980,    239.17876,    239.64999
     t,    237.65385,    237.66112,    237.85001
     t,    237.27019,    237.27708,    237.45000
     t,    235.71182,    235.71741,    235.64999
     t,    231.27495,    231.27574,    230.85001
     t,    229.21619,    229.21385,    228.85001
     t,    227.78697,    227.78239,    227.64999
     t,    227.62529,    227.62044,    227.45000
     t,    223.77516,    223.76228,    222.25000
     t,    222.77042,    222.75438,    221.45000
     t,    221.39261,    221.37209,    220.85001
     t,    219.75302,    219.71573,    220.64999
     t,    219.50615,    219.46603,    220.85001
     t,    218.31696,    218.26178,    217.25000
     t,    218.17761,    218.12024,    217.85001
     t,    217.65973,    217.59563,    216.64999
     t,    217.32281,    217.25667,    217.85001
     t,    216.90361,    216.83519,    217.85001
     t,    216.33018,    216.26083,    217.05000
     t,    215.45731,    215.39052,    215.45000
     t,    213.62181,    213.55862,    212.25000
     t,    213.13281,    213.07062,    212.45000
     t,    211.40086,    211.34450,    208.64999
     t,    210.84885,    210.79463,    208.25000
     t,    210.66199,    210.60818,    209.25000
     t,    209.87473,    209.82690,    209.25000
     t,    208.09891,    208.06914,    207.05000
     t,    206.91228,    206.90727,    206.25000
     t,    207.31731,    207.36221,    205.05000
     t,    207.67346,    207.74081,    208.05000
     t,    208.73936,    208.83736,    208.85001
     t,    208.98294,    209.07188,    211.05000
     t,    210.60916,    210.53221,    209.85001
     t,    211.43788,    211.25647,    209.85001
     t,    212.50446,    212.26013,    211.45000
     t,    212.86530,    212.62773,    214.05000
     t,    302.30432,    303.59326,    299.75000
     t,    302.12817,    303.44110,    296.75000
     t,    296.73474,    298.04303,    291.75000
     t,    293.38812,    294.66345,    288.85001
     t,    293.17200,    294.35580,    288.85001
     t,    292.73730,    293.73758,    290.75000
     t,    292.29941,    293.11478,    291.35001
     t,    291.63635,    292.17175,    291.35001
     t,    291.06384,    291.24014,    290.54999
     t,    289.43289,    288.89877,    288.75000
     t,    288.69638,    288.07913,    288.04999
     t,    287.61917,    287.05740,    287.25000
     t,    285.65729,    285.26324,    285.45001
     t,    282.02588,    281.85812,    281.95001
     t,    276.42740,    276.35071,    275.95001
     t,    275.83023,    275.75708,    275.54999
     t,    274.20816,    274.14462,    273.95001
     t,    272.99411,    272.93518,    273.04999
     t,    267.08322,    267.02737,    266.95001
     t,    265.82510,    265.76950,    266.14999
     t,    265.07404,    265.01688,    265.85001
     t,    262.41223,    262.36142,    262.45001
     t,    259.08197,    259.05069,    259.14999
     t,    256.83871,    256.83096,    256.75000
     t,    255.18752,    255.18907,    255.14999
     t,    254.66226,    254.66545,    254.95000
     t,    254.13177,    254.13661,    254.25000
     t,    252.37363,    252.38544,    252.05000
     t,    251.50610,    251.50826,    250.95000
     t,    250.30722,    250.28702,    250.55000
     t,    243.09039,    242.98376,    243.95000
     t,    237.72046,    237.68169,    238.95000
     t,    234.88135,    234.84532,    236.25000
     t,    230.91280,    230.89328,    232.05000
     t,    228.21446,    228.24104,    229.25000
     t,    227.35655,    227.39787,    228.45000
     t,    221.44392,    221.42601,    218.85001
     t,    220.26913,    220.21451,    218.25000
     t,    220.13161,    220.06853,    218.85001
     t,    219.78348,    219.69788,    220.05000
     t,    219.01089,    218.90459,    219.64999
     t,    218.87326,    218.77130,    220.85001
     t,    218.37386,    218.28586,    220.64999
     t,    217.23773,    217.18590,    218.25000
     t,    215.60658,    215.59315,    216.25000
     t,    214.02463,    214.03368,    215.05000
     t,    211.45851,    211.48843,    210.45000
     t,    211.14967,    211.18193,    211.05000
     t,    209.61176,    209.66481,    208.25000
     t,    209.12642,    209.20184,    209.05000
     t,    208.62181,    208.71875,    207.05000
     t,    208.67776,    208.80640,    207.45000
     t,    209.77496,    209.81343,    207.05000
     t,    210.22800,    210.18526,    210.45000
     t,    210.53203,    210.45473,    210.85001
     t,    210.79527,    210.68564,    209.05000
     t,    211.28967,    211.34933,    209.45000
     t,    211.73187,    211.97707,    210.25000
     t,    211.75974,    212.01564,    210.45000
     t,    211.95967,    212.14603,    212.64999
     t,    212.56081,    212.61177,    213.85001
     t,    214.10812,    214.06256,    213.45000
     t,    214.40765,    214.33064,    216.05000
     t,    225.32753,    225.28899,    226.14999
     t,    223.34091,    223.13599,    226.14999
     q,      0.20530,      0.20532,      0.32084
     q,      0.20530,      0.20532,      0.66733
     q,      0.20530,      0.20532,      0.65328
     q,      0.20530,      0.20532,      0.62688
     q,      0.20712,      0.20713,      0.50961
     q,      0.21236,      0.21236,      0.34129
     q,      0.21829,      0.21829,      0.28062
     q,      0.22428,      0.22428,      0.29906
     q,      0.26473,      0.26473,      0.31679
     q,      0.27484,      0.27484,      0.32764
     q,      0.27944,      0.27945,      0.30302
     q,      0.29309,      0.29309,      0.33156
     q,      0.29464,      0.29464,      0.31537
     q,      0.32822,      0.32822,      0.32817
     q,      0.37343,      0.37341,      0.34906
     q,      0.40231,      0.40230,      0.38394
     q,      0.42600,      0.42575,      0.40305
     q,      0.45130,      0.45114,      0.43832
     q,      0.61142,      0.61123,      0.57928
     q,      0.70000,      0.69944,      0.69742
     q,      0.71283,      0.71209,      0.66337
     q,      0.75011,      0.74877,      0.69597
     q,      0.74820,      0.74672,      0.50889
     q,      0.73582,      0.73363,      0.69430
     q,      0.73342,      0.73110,      0.73036
     q,      0.72583,      0.72304,      0.83119
     q,      0.71216,      0.70901,      0.83797
     q,      0.69677,      0.69346,      0.95528
     q,      0.62670,      0.62255,      0.79191
     q,      0.55223,      0.54861,      0.68344
     q,      0.54118,      0.53786,      0.67510
     q,      0.52888,      0.52587,      0.57164
     q,      0.51118,      0.50837,      0.47552
     q,      0.50043,      0.49806,      0.36029
     q,      0.49195,      0.48996,      0.17400
     q,      0.48379,      0.46463,      0.57100
     q,      0.48704,      0.46777,      0.49455
     q,      0.62091,      0.59500,      0.54957
     q,      0.71904,      0.69974,      0.60292
     q,      0.69715,      0.70186,      0.62072
     q,      0.65242,      0.70607,      0.56356
     q,      0.60637,      0.71039,      0.49367
     q,      0.53469,      0.71712,      0.44792
     q,      0.43913,      0.62124,      0.46327
     q,      0.24789,      0.35231,      0.38478
     q,      0.22343,      0.29582,      0.20160
     q,      0.21813,      0.26091,      0.13794
     q,      0.22694,      0.23673,      0.23319
     q,      0.25859,      0.25629,      0.33094
     q,      0.30756,      0.29797,      0.30661
     q,      0.31390,      0.30452,      0.19039
     q,      0.33337,      0.32462,      0.17075
     q,      0.34584,      0.33860,      0.39656
     q,      0.31798,      0.32846,      0.36928
     q,      0.29212,      0.30436,      0.37934
     q,      0.27536,      0.28889,      0.33229
     q,      0.22931,      0.23561,      0.35871
     q,      0.18355,      0.17535,      0.26463
     q,      0.17220,      0.14998,      0.30758
     q,      0.21877,      0.18751,      0.24853
     q,      0.24003,      0.20616,      0.17046
     q,      0.26304,      0.22635,      0.13620
     q,      0.35518,      0.30690,      0.14074
     q,      0.39386,      0.34693,      0.33605
     q,      0.44547,      0.40560,      0.57853
     q,      0.69365,      0.69871,      0.69225
     q,      0.68508,      0.70655,      0.59171
     t,    303.24380,    302.63837,    302.04999
     t,    303.24384,    302.63840,    300.95001
     t,    301.96838,    301.39072,    299.35001
     t,    301.05750,    300.62756,    298.54999
     t,    295.46167,    295.61667,    293.45001
     t,    292.64511,    292.79391,    290.85001
     t,    289.97925,    289.98627,    291.04999
     t,    289.09674,    289.09268,    290.75000
     t,    288.27322,    288.26208,    290.04999
     t,    282.15042,    282.03668,    283.54999
     t,    281.67578,    281.56577,    282.95001
     t,    279.47897,    279.58276,    280.85001
     t,    277.21625,    277.55753,    278.04999
     t,    276.05521,    276.43744,    276.75000
     t,    274.24213,    274.63898,    274.35001
     t,    273.87112,    274.27774,    274.04999
     t,    273.49881,    273.90836,    273.64999
     t,    272.45618,    272.85699,    272.35001
     t,    271.98056,    272.36499,    271.85001
     t,    271.40256,    271.77219,    271.35001
     t,    269.63565,    269.94659,    269.35001
     t,    269.33606,    269.63614,    268.95001
     t,    268.52917,    268.80002,    268.45001
     t,    268.03323,    268.28348,    268.14999
     t,    266.07727,    266.23425,    265.75000
     t,    265.77814,    265.92010,    265.85001
     t,    265.37656,    265.49847,    265.75000
     t,    263.64590,    263.68311,    263.54999
     t,    263.24005,    263.25928,    263.35001
     t,    263.03589,    263.04605,    263.04999
     t,    261.89603,    261.85504,    262.04999
     t,    261.05017,    260.97101,    261.85001
     t,    251.85742,    251.68301,    252.25000
     t,    251.07712,    250.92474,    251.45000
     t,    248.23546,    248.20741,    248.05000
     t,    246.96359,    246.98270,    246.45000
     t,    245.17551,    245.22484,    244.45000
     t,    240.61833,    240.73097,    240.64999
     t,    239.02248,    239.14920,    240.05000
     t,    236.19035,    236.32588,    237.45000
     t,    230.41220,    230.43114,    231.64999
     t,    226.35773,    226.16006,    229.25000
     t,    225.79648,    225.57155,    228.45000
     t,    224.26450,    223.96539,    226.85001
     t,    221.80499,    221.53970,    223.45000
     t,    219.79321,    219.77968,    220.25000
     t,    218.94846,    219.00705,    218.45000
     t,    218.05905,    218.18211,    216.64999
     t,    216.71837,    216.90239,    211.25000
     t,    216.60419,    216.78500,    212.45000
     t,    216.57576,    216.74750,    212.05000
     t,    216.54828,    216.70985,    217.05000
     t,    216.54243,    216.70024,    217.85001
     t,    216.45457,    216.53418,    215.85001
     t,    216.43817,    216.46747,    216.25000
     t,    216.44818,    216.47014,    216.85001
     t,    216.40027,    216.29086,    215.85001
     t,    216.36572,    216.17630,    214.25000
     t,    216.32863,    216.06712,    216.45000
     t,    216.31480,    216.04100,    218.25000
     t,    216.22710,    215.87889,    218.64999
     t,    215.93536,    215.49118,    216.45000
     t,    215.80969,    215.35440,    214.64999
     t,    215.63695,    215.21736,    214.05000
     t,    302.23782,    302.31427,    294.64999
     t,    302.23782,    302.31427,    296.85001
     t,    301.80966,    301.89441,    296.75000
     t,    301.06760,    301.15491,    296.14999
     t,    299.36020,    299.41785,    296.54999
     t,    295.94543,    295.91641,    295.35001
     t,    290.78018,    290.75449,    289.64999
     t,    287.90424,    287.96179,    287.75000
     t,    285.13138,    285.26389,    284.64999
     t,    285.03290,    285.16779,    284.64999
     t,    282.43408,    282.60730,    281.64999
     t,    281.00998,    281.19107,    280.14999
     t,    279.18228,    279.36591,    277.95001
     t,    278.38611,    278.56622,    277.04999
     t,    275.51447,    275.68051,    274.85001
     t,    273.79324,    273.94455,    273.64999
     t,    271.50970,    271.64267,    270.45001
     t,    271.08499,    271.21454,    270.45001
     t,    270.86423,    270.99088,    270.95001
     t,    270.76065,    270.88602,    270.75000
     t,    270.56036,    270.68286,    269.85001
     t,    270.35931,    270.47894,    270.25000
     t,    270.05646,    270.17172,    269.85001
     t,    269.75189,    269.86282,    269.14999
     t,    269.44571,    269.55225,    269.35001
     t,    265.77267,    265.81689,    265.45001
     t,    264.50159,    264.51764,    264.14999
     t,    255.14093,    255.00031,    256.54999
     t,    252.46298,    252.35226,    253.05000
     t,    247.61739,    247.60779,    248.45000
     t,    245.67163,    245.69397,    245.95000
     t,    239.83289,    239.88263,    240.35001
     t,    236.74063,    236.76877,    237.14999
     t,    235.79196,    235.81223,    236.14999
     t,    232.68036,    232.66388,    234.45000
     t,    226.14935,    226.08092,    227.45000
     t,    222.35213,    222.36932,    222.85001
     t,    221.35492,    221.39861,    222.64999
     t,    218.77357,    218.83864,    218.85001
     t,    217.94138,    217.99409,    218.45000
     t,    217.72493,    217.76413,    219.64999
     t,    216.97270,    216.95496,    218.45000
     t,    216.67450,    216.62439,    216.45000
     t,    216.60834,    216.53452,    216.85001
     t,    216.43269,    216.31203,    215.64999
     t,    216.32268,    216.17870,    216.05000
     t,    216.07997,    215.88474,    214.45000
     t,    215.85167,    215.63319,    216.45000
     t,    215.66249,    215.42455,    214.85001
     t,    215.56593,    215.32201,    215.64999
     t,    215.27260,    215.02039,    215.85001
     t,    215.23331,    214.98343,    216.05000
     t,    215.02988,    214.78862,    214.85001
     t,    214.86240,    214.63220,    215.05000
     t,    214.83385,    214.61691,    214.45000
     t,    214.77338,    214.58337,    214.85001
     t,    214.71510,    214.55331,    217.05000
     t,    214.68336,    214.53749,    217.64999
     t,    214.47078,    214.43683,    215.64999
     t,    214.38777,    214.37811,    217.45000
     t,    214.30212,    214.32336,    215.85001
     t,    214.17250,    214.23213,    215.45000
     t,    213.59702,    213.77391,    210.85001
     t,    213.30138,    213.51599,    210.45000
     t,    213.10780,    213.35483,    208.85001
     t,    212.97717,    213.29132,    208.64999
     t,    212.93681,    213.26799,    209.64999
     t,    212.90518,    213.24969,    213.05000
     t,    212.85585,    213.21729,    213.64999
     t,    212.77892,    213.20267,    213.45000
     t,    213.00369,    213.45276,    210.64999
     t,    213.16171,    213.55835,    214.45000
     t,    213.67499,    213.49539,    212.64999
     t,    213.76274,    213.46170,    214.45000
     t,    213.92366,    213.67879,    215.25000
     t,    214.25548,    214.13255,    213.64999
     t,    215.06297,    215.34721,    216.05000
     t,    216.55679,    217.10495,    214.05000
     t,    259.72397,    259.64029,    260.24567
     q,      0.51124,      0.56059,      0.49938
     q,      0.51124,      0.56059,      0.44751
     q,      0.52621,      0.57639,      0.46419
     q,      0.52737,      0.56668,      0.49413
     q,      0.62904,      0.63820,      0.60199
     q,      0.69652,      0.72719,      0.60940
     q,      0.73915,      0.77771,      0.28909
     q,      0.73147,      0.76347,      0.34255
     q,      0.72533,      0.75081,      0.51623
     q,      0.71751,      0.73125,      0.63574
     q,      0.72159,      0.73504,      0.62862
     q,      0.73615,      0.73857,      0.62533
     q,      0.75133,      0.73961,      0.68883
     q,      0.75245,      0.73654,      0.55008
     q,      0.75177,      0.73141,      0.60332
     q,      0.75203,      0.73010,      0.64872
     q,      0.75200,      0.72900,      0.55771
     q,      0.75288,      0.72786,      0.54753
     q,      0.74976,      0.72566,      0.63068
     q,      0.74692,      0.72350,      0.54296
     q,      0.73525,      0.71555,      0.61591
     q,      0.73282,      0.71392,      0.66034
     q,      0.72581,      0.70924,      0.57948
     q,      0.71996,      0.70515,      0.63101
     q,      0.69126,      0.68556,      0.47303
     q,      0.68558,      0.68158,      0.24481
     q,      0.67766,      0.67602,      0.14417
     q,      0.64621,      0.65580,      0.19569
     q,      0.63997,      0.65239,      0.12182
     q,      0.63672,      0.65062,      0.08106
     q,      0.62059,      0.64333,      0.07969
     q,      0.60791,      0.63803,      0.02784
     q,      0.56397,      0.62736,      0.02373
     q,      0.57689,      0.63762,      0.02925
     q,      0.65876,      0.69433,      0.21371
     q,      0.66308,      0.69640,      0.14386
     q,      0.66024,      0.69244,      0.14180
     q,      0.65251,      0.68847,      0.09518
     q,      0.64117,      0.67995,      0.10305
     q,      0.42413,      0.41733,      0.42295
     q,      0.42413,      0.41733,      0.40446
     q,      0.43033,      0.42344,      0.34753
     q,      0.44242,      0.43529,      0.37273
     q,      0.47076,      0.46658,      0.35020
     q,      0.49958,      0.51879,      0.39270
     q,      0.45597,      0.42564,      0.47144
     q,      0.46293,      0.43891,      0.60301
     q,      0.48836,      0.46924,      0.62562
     q,      0.48974,      0.47053,      0.62959
     q,      0.52981,      0.51134,      0.74068
     q,      0.55574,      0.53961,      0.60716
     q,      0.58710,      0.57279,      0.67269
     q,      0.59756,      0.58314,      0.62523
     q,      0.64379,      0.62888,      0.77799
     q,      0.66401,      0.64994,      0.74221
     q,      0.69395,      0.68145,      0.81792
     q,      0.70044,      0.68827,      0.82595
     q,      0.70470,      0.69291,      0.78474
     q,      0.70580,      0.69414,      0.77868
     q,      0.70666,      0.69532,      0.85225
     q,      0.70754,      0.69654,      0.72363
     q,      0.70890,      0.69841,      0.71060
     q,      0.71032,      0.70035,      0.82191
     q,      0.71178,      0.70237,      0.80176
     q,      0.72868,      0.72780,      0.85421
     q,      0.72700,      0.72872,      0.85969
     q,      0.72849,      0.75234,      0.88764
     q,      0.74515,      0.76883,      0.77385
     q,      0.76541,      0.77652,      0.78141
     q,      0.76055,      0.76487,      0.66482
     q,      0.71261,      0.71527,      0.77064
     q,      0.68730,      0.69189,      0.70539
     q,      0.71881,      0.73179,      0.89652
     t,    312.72122,    312.78915,    312.25000
     t,    312.57657,    312.65555,    309.64999
     t,    311.76099,    311.83527,    308.85001
     t,    307.32867,    307.39905,    304.54999
     t,    299.95932,    300.02692,    297.64999
     t,    298.12918,    298.19614,    295.85001
     t,    296.24698,    296.29745,    295.25000
     t,    295.75748,    295.80161,    296.04999
     t,    294.30920,    294.33130,    295.14999
     t,    287.22498,    287.21616,    287.64999
     t,    286.58014,    286.56323,    286.85001
     t,    285.93207,    285.90668,    286.25000
     t,    283.72153,    283.69394,    283.64999
     t,    281.15497,    281.18585,    281.45001
     t,    279.56567,    279.63232,    280.04999
     t,    278.70111,    278.80295,    279.35001
     t,    277.40421,    277.57101,    277.64999
     t,    276.65463,    276.85947,    276.75000
     t,    275.46558,    275.73068,    275.35001
     t,    275.13657,    275.38812,    274.85001
     t,    273.89908,    274.11606,    273.25000
     t,    273.47760,    273.68283,    272.95001
     t,    272.69250,    272.87714,    272.64999
     t,    271.40765,    271.54791,    270.54999
     t,    269.73898,    269.81705,    270.25000
     t,    269.64474,    269.71921,    270.25000
     t,    267.46402,    267.48737,    267.14999
     t,    265.77341,    265.77933,    266.45001
     t,    265.12485,    265.12393,    265.54999
     t,    264.79736,    264.79303,    265.54999
     t,    263.77258,    263.76282,    264.14999
     t,    263.30624,    263.29489,    263.54999
     t,    261.88138,    261.86517,    261.64999
     t,    261.64011,    261.62286,    261.45001
     t,    260.54001,    260.51932,    260.45001
     t,    258.33582,    258.31348,    258.04999
     t,    257.66684,    257.64410,    257.85001
     t,    252.61891,    252.58139,    252.45000
     t,    251.13199,    251.08907,    251.85001
     t,    249.75523,    249.70651,    250.85001
     t,    245.15982,    245.08884,    245.85001
     t,    242.99103,    242.90498,    243.25000
     t,    241.87430,    241.77979,    242.05000
     t,    237.34457,    237.29343,    238.05000
     t,    232.93187,    232.93762,    233.05000
     t,    223.01572,    222.99698,    223.85001
     t,    221.26532,    221.21780,    221.64999
     t,    210.72069,    210.59850,    209.45000
     t,    207.94971,    207.90823,    207.05000
     t,    207.42412,    207.39795,    206.64999
     t,    205.36928,    205.43115,    202.85001
     t,    204.46547,    204.55302,    203.64999
     t,    203.75139,    203.84839,    201.45000
     t,    203.46524,    203.56287,    202.45000
     t,    203.24051,    203.33438,    200.85001
     t,    203.01591,    203.11865,    200.45000
     t,    202.99472,    203.13510,    202.85001
     t,    202.97827,    203.14784,    203.25000
     t,    203.70412,    203.75288,    200.45000
     t,    205.19958,    204.86504,    206.25000
     t,    206.50981,    206.25226,    205.85001
     t,    209.45964,    209.85123,    206.05000
     t,    309.40479,    309.47623,    306.61050
     t,    303.22443,    303.21155,    304.04999
     t,    303.22443,    303.21155,    303.75000
     t,    303.47333,    303.47107,    303.95001
     t,    303.47333,    303.47104,    303.75000
     t,    303.19296,    303.15875,    306.75000
     t,    303.19296,    303.15875,    306.14999
     t,    303.22211,    303.19458,    303.85001
     t,    303.22211,    303.19458,    303.64999
     t,    303.69009,    303.69583,    304.45001
     t,    303.69006,    303.69583,    304.14999
     t,    304.08975,    304.09790,    304.95001
     t,    304.08972,    304.09787,    304.54999
     t,    303.90155,    303.90988,    304.35001
     t,    303.90158,    303.90988,    303.95001
     t,    303.22443,    303.21155,    304.25000
     t,    303.22443,    303.21155,    303.64999
     t,    303.22443,    303.21155,    303.64999
     t,    303.47333,    303.47104,    304.25000
     t,    303.47333,    303.47104,    303.64999
     t,    303.47333,    303.47107,    303.45001
     t,    303.19296,    303.15875,    307.35001
     t,    303.19296,    303.15875,    305.85001
     t,    303.19296,    303.15875,    305.75000
     t,    303.22211,    303.19458,    304.54999
     t,    303.22211,    303.19458,    303.14999
     t,    303.22214,    303.19458,    302.95001
     t,    303.69006,    303.69583,    305.25000
     t,    303.69006,    303.69583,    303.85001
     t,    303.69006,    303.69580,    303.54999
     t,    304.08975,    304.09790,    305.95001
     t,    304.08975,    304.09790,    303.95001
     t,    304.08975,    304.09790,    303.45001
     t,    303.90155,    303.90988,    305.35001
     t,    303.90158,    303.90988,    303.45001
     t,    303.90158,    303.90988,    302.95001
     t,    303.22443,    303.21155,    304.04999
     t,    303.22446,    303.21155,    303.95001
     t,    303.47333,    303.47104,    304.14999
     t,    303.47333,    303.47104,    304.14999
     t,    303.19296,    303.15875,    307.04999
     t,    303.19296,    303.15875,    306.54999
     t,    303.22211,    303.19458,    304.25000
     t,    303.22211,    303.19458,    304.35001
     t,    303.69006,    303.69583,    305.14999
     t,    303.69006,    303.69580,    305.04999
     t,    304.08975,    304.09790,    305.45001
     t,    304.08975,    304.09787,    305.35001
     t,    303.90155,    303.90988,    304.85001
     t,    303.90155,    303.90988,    304.64999
     q,      0.37605,      0.37667,      0.48691
     q,      0.37817,      0.37882,      0.41126
     q,      0.39070,      0.39136,      0.43534
     q,      0.47394,      0.47492,      0.51783
     q,      0.66580,      0.66765,      0.68474
     q,      0.72539,      0.72748,      0.73576
     q,      0.76433,      0.77296,      0.69458
     q,      0.77101,      0.78239,      0.59440
     q,      0.77725,      0.79508,      0.57285
     q,      0.73663,      0.72364,      0.56895
     q,      0.73477,      0.72001,      0.59996
     q,      0.73297,      0.71650,      0.52651
     q,      0.72638,      0.70229,      0.57878
     q,      0.71674,      0.67959,      0.44227
     q,      0.71004,      0.66291,      0.47759
     q,      0.68403,      0.63431,      0.41311
     q,      0.62542,      0.57414,      0.53047
     q,      0.58968,      0.53716,      0.41460
     q,      0.52780,      0.47313,      0.47014
     q,      0.50544,      0.45556,      0.36626
     q,      0.42045,      0.38803,      0.35106
     q,      0.38960,      0.36351,      0.25434
     q,      0.33140,      0.31762,      0.20335
     q,      0.30272,      0.30394,      0.10755
     q,      0.28977,      0.31135,      0.04422
     q,      0.28893,      0.31179,      0.04012
     q,      0.29436,      0.33910,      0.06980
     q,      0.31879,      0.37537,      0.02566
     q,      0.32793,      0.38940,      0.17230
     q,      0.33283,      0.39692,      0.08939
     q,      0.34531,      0.41136,      0.22206
     q,      0.34836,      0.41384,      0.40200
     q,      0.35877,      0.42230,      0.38341
     q,      0.36220,      0.42512,      0.35109
     q,      0.37099,      0.43192,      0.03067
     q,      0.35135,      0.41040,      0.04390
     q,      0.34225,      0.40093,      0.06344
     q,      0.27005,      0.32811,      0.06583
     q,      0.23446,      0.28703,      0.09917
     q,      0.17764,      0.19722,      0.08456
     q,      0.43241,      0.43322,      0.47747
     t,    225.43979,    225.44905,    225.64999
     t,    223.37901,    223.39291,    223.05000
     t,    216.82623,    216.86345,    215.64999
     t,    212.91331,    213.00630,    212.64999
     t,    211.88492,    211.98567,    210.85001
     t,    209.45587,    209.43842,    205.64999
     t,    208.04605,    207.85242,    203.45000
     t,    207.16216,    206.89166,    203.64999
     t,    206.48544,    206.15773,    205.45000
     t,    206.01566,    205.64868,    205.25000
     t,    205.28680,    204.85733,    206.05000
     t,    204.74989,    204.28261,    203.85001
     t,    204.94429,    204.49915,    205.05000
     t,    205.24374,    204.83278,    205.25000
     t,    205.90907,    205.61505,    206.45000
     t,    206.01715,    205.76779,    208.45000
     t,    206.41272,    206.32912,    206.05000
     t,    208.79132,    208.89148,    207.25000
     t,    209.62863,    209.85202,    209.64999
     t,    210.13461,    210.35135,    210.45000
     t,    211.50807,    211.68890,    208.85001
     t,    211.91373,    211.97827,    210.85001
     t,    212.32214,    212.36230,    214.64999
     t,    212.47095,    212.50285,    213.45000
     t,    308.87946,    309.62546,    307.95001
     t,    308.58310,    309.34000,    307.54999
     t,    307.29181,    307.97952,    306.85001
     t,    306.34824,    306.67557,    304.75000
     t,    299.87292,    300.07761,    298.04999
     t,    296.43005,    296.67935,    294.35001
     t,    295.14053,    295.35764,    294.04999
     t,    293.83707,    294.01938,    292.95001
     t,    290.45621,    290.51965,    290.45001
     t,    289.79736,    289.86594,    290.45001
     t,    288.87869,    288.95901,    288.85001
     t,    288.54175,    288.62433,    288.75000
     t,    288.11795,    288.20334,    288.14999
     t,    286.60602,    286.69449,    286.45001
     t,    286.51489,    286.60345,    286.25000
     t,    284.47632,    284.56738,    283.14999
     t,    278.39044,    278.44080,    279.35001
     t,    277.37320,    277.40955,    279.35001
     t,    275.66684,    275.68610,    275.45001
     t,    274.74820,    274.76321,    274.54999
     t,    274.43762,    274.45480,    273.75000
     t,    274.13721,    274.15616,    273.35001
     t,    273.99289,    274.01575,    272.75000
     t,    273.70270,    273.73343,    272.64999
     t,    273.62985,    273.66257,    272.35001
     t,    273.55682,    273.59152,    272.04999
     t,    273.41043,    273.44913,    271.45001
     t,    272.89383,    272.94653,    271.14999
     t,    271.83984,    271.92209,    269.35001
     t,    271.37967,    271.47385,    268.54999
     t,    271.07001,    271.17221,    267.85001
     t,    270.63034,    270.73755,    267.35001
     t,    269.55618,    269.67120,    265.75000
     t,    269.09561,    269.20999,    265.35001
     t,    268.63495,    268.75177,    264.75000
     t,    268.07599,    268.19577,    267.25000
     t,    266.61319,    266.70227,    265.25000
     t,    266.26572,    266.34091,    265.04999
     t,    265.79901,    265.85556,    266.35001
     t,    265.19366,    265.21680,    266.35001
     t,    263.46188,    263.38010,    264.25000
     t,    260.41885,    260.33432,    262.14999
     t,    257.70523,    257.62573,    258.45001
     t,    257.26059,    257.16467,    257.35001
     t,    254.73167,    254.57649,    254.95000
     t,    254.09824,    253.94569,    254.55000
     t,    253.08516,    252.93594,    253.45000
     t,    251.90324,    251.75978,    251.85001
     t,    250.78232,    250.70781,    250.35001
     t,    249.66563,    249.68272,    249.75000
     t,    249.12495,    249.19487,    249.25000
     t,    247.02820,    247.28862,    247.85001
     t,    243.09932,    243.62315,    244.45000
     t,    235.99554,    235.95067,    238.45000
     t,    232.99348,    232.84163,    234.64999
     t,    231.96692,    231.79749,    233.45000
     t,    230.71959,    230.54037,    233.05000
     t,    222.00867,    222.06569,    222.85001
     t,    216.91350,    217.05711,    216.85001
     t,    215.36806,    215.48160,    216.64999
     t,    209.18033,    209.04219,    208.45000
     t,    207.82906,    207.68832,    206.45000
     t,    204.39244,    204.72078,    198.25000
     t,    203.95132,    204.30461,    198.85001
     t,    203.53802,    203.69070,    197.05000
     t,    203.37842,    203.44514,    198.05000
     t,    203.29207,    203.31741,    197.64999
     t,    203.11703,    203.05849,    198.45000
     t,    203.19312,    202.95935,    197.45000
     t,    203.27440,    203.00023,    200.45000
     t,    203.52495,    203.21751,    203.25000
     t,    204.36723,    204.25555,    201.05000
     t,    204.94229,    204.93314,    202.05000
     t,    205.00238,    205.00325,    202.64999
     t,    205.07790,    205.09137,    207.05000
     t,    205.20886,    205.23723,    207.85001
     t,    206.73520,    206.90254,    204.85001
     t,    207.36182,    207.55031,    206.05000
     t,    207.53888,    207.70032,    208.45000
     t,    207.81798,    207.90588,    208.45000
     t,    208.98703,    208.77083,    207.64999
     t,    210.16869,    209.84161,    211.25000
     t,    211.29533,    211.07318,    211.45000
     t,    308.88193,    308.29553,    305.25000
     t,    305.03781,    304.57062,    300.25000
     t,    302.30450,    302.02634,    297.35001
     t,    298.34079,    298.35361,    295.04999
     t,    292.08511,    292.17957,    289.85001
     t,    289.73083,    289.71811,    287.25000
     t,    288.97580,    288.92426,    288.45001
     t,    287.25604,    287.13104,    287.04999
     t,    286.29306,    286.17273,    286.25000
     t,    285.58316,    285.46625,    286.14999
     t,    274.96271,    275.04120,    274.25000
     t,    273.65054,    273.82269,    273.14999
     t,    269.30563,    269.65527,    267.64999
     t,    269.04813,    269.40161,    267.75000
     t,    268.87558,    269.23169,    267.75000
     t,    268.70236,    269.06107,    267.35001
     t,    267.01184,    267.39261,    265.95001
     t,    266.31650,    266.70279,    266.75000
     t,    263.65240,    264.05536,    264.04999
     t,    259.99960,    260.36545,    259.14999
     t,    257.80328,    258.13165,    258.25000
     t,    257.12988,    257.44446,    257.85001
     t,    251.66335,    251.80469,    251.45000
     t,    243.63487,    243.60201,    246.25000
     t,    242.17065,    242.15565,    244.45000
     t,    233.24834,    233.26762,    235.05000
     t,    232.48227,    232.49782,    234.25000
     t,    222.37714,    222.36607,    222.25000
     t,    218.55574,    218.55273,    217.85001
     t,    213.73383,    213.70576,    213.25000
     t,    213.01479,    212.98851,    214.25000
     t,    210.54678,    210.41367,    210.45000
     t,    205.88565,    205.88213,    202.25000
     t,    204.55624,    204.73219,    198.64999
     t,    203.93469,    204.07756,    198.85001
     t,    203.63141,    203.70183,    200.25000
     t,    203.52852,    203.55180,    201.05000
     t,    204.22020,    204.40785,    207.05000
     t,    207.14912,    207.64104,    205.45000
     t,    207.82135,    208.27765,    210.05000
     t,    208.60587,    208.91039,    207.25000
     t,    209.24088,    209.34471,    208.45000
     t,    294.92944,    295.15005,    292.33539
     t,    279.79712,    279.65448,    280.14023
     t,    227.85480,    227.84932,    228.66879
     q,      0.57188,      0.56932,      0.64801
     q,      0.57069,      0.56996,      0.58490
     q,      0.57635,      0.57412,      0.63274
     q,      0.56785,      0.56648,      0.59347
     q,      0.70958,      0.70607,      0.77280
     q,      0.80763,      0.80159,      0.82605
     q,      0.83715,      0.83635,      0.84621
     q,      0.86894,      0.87350,      0.73433
     q,      0.90686,      0.91500,      0.73801
     q,      0.88441,      0.89128,      0.67659
     q,      0.85051,      0.85474,      0.64598
     q,      0.83770,      0.84129,      0.76475
     q,      0.82111,      0.82387,      0.78300
     q,      0.78634,      0.78752,      0.71347
     q,      0.78483,      0.78597,      0.71228
     q,      0.74796,      0.74810,      0.82607
     q,      0.67259,      0.67085,      0.96484
     q,      0.65357,      0.65158,      1.02644
     q,      0.59106,      0.59028,      0.86544
     q,      0.55443,      0.55409,      0.87453
     q,      0.54202,      0.54183,      0.74737
     q,      0.53019,      0.52979,      0.77423
     q,      0.52506,      0.52451,      0.62718
     q,      0.51456,      0.51370,      0.83951
     q,      0.51188,      0.51094,      0.82490
     q,      0.50918,      0.50816,      0.84776
     q,      0.50372,      0.50254,      0.75923
     q,      0.48390,      0.48213,      0.80423
     q,      0.44154,      0.43901,      0.63165
     q,      0.42135,      0.41833,      0.72178
     q,      0.40727,      0.40391,      0.64151
     q,      0.39933,      0.39668,      0.68760
     q,      0.37658,      0.37466,      0.58965
     q,      0.36790,      0.36736,      0.58563
     q,      0.35707,      0.35698,      0.58187
     q,      0.34322,      0.34369,      0.72334
     q,      0.33271,      0.33816,      0.78680
     q,      0.33563,      0.34267,      0.79421
     q,      0.33974,      0.34901,      0.92542
     q,      0.34890,      0.36273,      0.93877
     q,      0.37614,      0.40610,      0.89040
     q,      0.47754,      0.51352,      0.97931
     q,      0.62713,      0.65930,      0.85490
     q,      0.66012,      0.69082,      0.80075
     q,      0.78995,      0.81573,      0.69204
     q,      0.78722,      0.81290,      0.79582
     q,      0.78355,      0.81078,      0.73155
     q,      0.77715,      0.80419,      0.70245
     q,      0.76470,      0.79088,      0.50122
     q,      0.74600,      0.76763,      0.35048
     q,      0.73838,      0.75928,      0.17063
     q,      0.69669,      0.70783,      0.10171
     q,      0.57674,      0.60844,      0.09687
     q,      0.52958,      0.55329,      0.53160
     q,      0.61314,      0.62435,      0.59421
     q,      0.68143,      0.68961,      0.65314
     q,      0.78068,      0.77680,      0.71047
     q,      0.88708,      0.90774,      0.86049
     q,      0.83479,      0.86283,      0.79272
     q,      0.80921,      0.83812,      0.62081
     q,      0.75311,      0.78361,      0.51628
     q,      0.74767,      0.77720,      0.51565
     q,      0.74336,      0.77212,      0.46538
     q,      0.62837,      0.64570,      0.79231
     q,      0.58687,      0.60122,      0.61136
     q,      0.41929,      0.42834,      0.65782
     q,      0.40913,      0.41780,      0.31626
     q,      0.40217,      0.41059,      0.34890
     q,      0.39508,      0.40323,      0.37165
     q,      0.32131,      0.32771,      0.34274
     q,      0.30183,      0.30857,      0.10888
     q,      0.21193,      0.22215,      0.24015
     q,      0.17989,      0.23220,      0.13720
     q,      0.23787,      0.32630,      0.05848
     q,      0.28077,      0.38273,      0.10145
     q,      0.46239,      0.61409,      0.03546
     q,      0.85898,      0.85939,      0.79350
     q,      0.71189,      0.73690,      0.61959
     t,    297.93298,    296.64249,    297.04999
     t,    297.93301,    296.64249,    296.35001
     t,    297.00864,    295.71118,    294.25000
     t,    295.45126,    294.16541,    293.25000
     t,    294.24454,    292.68103,    292.64999
     t,    294.06433,    292.44910,    292.35001
     t,    294.04391,    292.30588,    293.04999
     t,    294.15039,    293.03632,    292.25000
     t,    293.73175,    292.89874,    291.35001
     t,    292.52194,    292.34442,    289.85001
     t,    292.28354,    292.21033,    289.14999
     t,    291.95035,    291.95090,    287.95001
     t,    291.61459,    291.68951,    287.14999
     t,    289.68210,    290.00592,    287.35001
     t,    284.75906,    284.76028,    282.54999
     t,    284.60632,    284.59866,    282.25000
     t,    283.52277,    283.45465,    281.75000
     t,    283.05228,    282.95654,    281.45001
     t,    282.65698,    282.53802,    281.54999
     t,    280.10104,    279.95752,    279.85001
     t,    277.93973,    277.81342,    278.95001
     t,    275.65527,    275.55673,    276.04999
     t,    275.15179,    275.05917,    275.95001
     t,    272.86041,    272.78955,    272.85001
     t,    271.91113,    271.84888,    272.45001
     t,    271.12003,    271.06494,    271.75000
     t,    270.49548,    270.44601,    271.25000
     t,    267.93173,    267.97058,    268.75000
     t,    267.63800,    267.68784,    268.35001
     t,    264.91833,    265.07498,    265.14999
     t,    263.68475,    263.89343,    263.85001
     t,    259.83667,    260.14124,    260.14999
     t,    256.56512,    256.88248,    256.04999
     t,    256.15524,    256.46460,    255.64999
     t,    254.62955,    254.91019,    254.55000
     t,    254.06259,    254.33229,    253.95000
     t,    253.05609,    253.30637,    252.95000
     t,    252.31297,    252.53937,    252.14999
     t,    250.47630,    250.64047,    250.35001
     t,    249.69293,    249.83057,    249.55000
     t,    248.25763,    248.34770,    248.55000
     t,    246.11098,    246.14095,    246.05000
     t,    244.73660,    244.72871,    245.45000
     t,    240.18471,    240.11227,    240.85001
     t,    238.33995,    238.25247,    238.64999
     t,    235.69594,    235.62053,    235.25000
     t,    234.40742,    234.33881,    234.85001
     t,    231.23735,    231.17200,    232.05000
     t,    222.57419,    222.53813,    223.45000
     t,    222.17294,    222.13782,    223.25000
     t,    220.68643,    220.64569,    222.85001
     t,    214.15665,    214.20219,    213.25000
     t,    212.60933,    212.73886,    211.25000
     t,    212.12703,    212.28093,    210.25000
     t,    211.38506,    211.54532,    208.25000
     t,    210.25540,    210.32185,    206.25000
     t,    209.99281,    210.03802,    207.25000
     t,    209.26048,    209.26842,    207.25000
     t,    207.98917,    207.97937,    204.85001
     t,    207.23813,    207.10847,    204.85001
     t,    207.02440,    206.72691,    207.05000
     t,    206.90997,    206.51663,    206.05000
     t,    207.02968,    206.69621,    208.25000
     t,    207.64578,    207.56316,    207.45000
     t,    207.89598,    207.88991,    209.05000
     t,    208.83527,    209.11113,    207.25000
     t,    210.64883,    211.03845,    207.85001
     t,    210.81114,    211.10506,    210.85001
     t,    210.82286,    211.10986,    210.85001
     t,    211.10919,    211.22737,    212.45000
     t,    211.91821,    211.82231,    209.85001
     t,    212.68263,    212.78819,    211.85001
     t,    212.91925,    213.13443,    213.64999
     t,    226.61285,    226.57074,    227.51543
     t,    295.40283,    295.08368,    295.75000
     t,    295.40283,    295.08368,    295.14999
     t,    292.02472,    291.55173,    291.04999
     t,    291.33167,    290.92633,    290.25000
     t,    289.05209,    288.30466,    287.25000
     t,    288.86212,    288.06250,    287.85001
     t,    288.45908,    288.34052,    287.45001
     t,    288.29318,    288.78391,    285.95001
     t,    287.55478,    287.54343,    283.95001
     t,    287.25894,    286.97260,    284.54999
     t,    285.40933,    285.01740,    282.45001
     t,    284.04468,    283.68079,    282.35001
     t,    283.85281,    283.50369,    282.04999
     t,    283.46661,    283.14728,    281.75000
     t,    283.20731,    282.90793,    281.25000
     t,    282.48633,    282.24252,    282.14999
     t,    281.61908,    281.44208,    281.04999
     t,    281.28159,    281.12811,    280.64999
     t,    280.94553,    280.80212,    280.45001
     t,    280.53882,    280.40762,    279.85001
     t,    278.65457,    278.58517,    277.04999
     t,    278.44064,    278.37790,    276.85001
     t,    277.54816,    277.50339,    276.75000
     t,    276.58084,    276.55457,    276.04999
     t,    274.16043,    274.18033,    273.25000
     t,    272.69742,    272.76898,    271.75000
     t,    268.32364,    268.53552,    267.54999
     t,    267.21179,    267.44879,    266.85001
     t,    266.64642,    266.89621,    266.85001
     t,    266.18997,    266.45007,    266.64999
     t,    265.04474,    265.32367,    265.25000
     t,    263.82642,    264.08240,    263.64999
     t,    260.22095,    260.39734,    259.25000
     t,    259.23416,    259.37427,    258.35001
     t,    257.97153,    258.06711,    256.64999
     t,    257.71542,    257.80194,    256.64999
     t,    257.06973,    257.13348,    256.54999
     t,    256.80930,    256.86383,    256.54999
     t,    255.13843,    255.14397,    255.14999
     t,    254.85031,    254.84813,    254.95000
     t,    253.83321,    253.80356,    253.95000
     t,    250.98207,    250.89230,    250.55000
     t,    248.81042,    248.71973,    248.35001
     t,    247.69395,    247.60207,    247.14999
     t,    243.62488,    243.55641,    244.14999
     t,    238.61981,    238.56793,    239.55000
     t,    238.42128,    238.37053,    239.35001
     t,    230.85986,    230.79205,    231.64999
     t,    228.10808,    228.03899,    228.64999
     t,    225.28740,    225.22546,    225.05000
     t,    222.21538,    222.18196,    220.25000
     t,    222.00513,    221.97141,    220.85001
     t,    220.68095,    220.64014,    219.45000
     t,    220.34000,    220.29793,    219.64999
     t,    219.42441,    219.42018,    220.25000
     t,    218.38632,    218.43301,    219.85001
     t,    216.67749,    216.71391,    216.64999
     t,    215.53535,    215.52696,    215.64999
     t,    215.12650,    215.09488,    214.45000
     t,    214.57056,    214.50746,    214.64999
     t,    211.97311,    211.82629,    210.05000
     t,    211.71613,    211.57529,    210.25000
     t,    210.64609,    210.53262,    208.85001
     t,    210.50792,    210.39783,    209.25000
     t,    209.51312,    209.69087,    206.64999
     t,    209.37778,    209.60535,    207.45000
     t,    209.27481,    209.54234,    206.85001
     t,    209.29196,    209.48244,    211.64999
     t,    209.55504,    209.71434,    211.64999
     t,    210.12331,    210.32686,    208.64999
     t,    210.40973,    210.64062,    209.45000
     t,    210.93338,    211.23254,    207.45000
     t,    211.53812,    211.86926,    209.25000
     t,    211.59566,    211.92375,    209.05000
     t,    211.84787,    212.16260,    211.45000
     t,    213.54449,    213.66628,    211.64999
     t,    293.65500,    293.23984,    293.05728
     q,      0.79955,      0.76108,      0.87190
     q,      0.79955,      0.76108,      0.78115
     q,      0.83102,      0.79144,      0.78539
     q,      0.89328,      0.85141,      0.84729
     q,      0.93652,      0.88690,      0.87851
     q,      0.94235,      0.89172,      0.87713
     q,      0.94768,      0.89672,      0.89758
     q,      0.92107,      0.89900,      0.83338
     q,      0.91924,      0.88469,      0.81174
     q,      0.92203,      0.86112,      0.80052
     q,      0.92212,      0.85660,      0.77020
     q,      0.91934,      0.85131,      0.64237
     q,      0.91648,      0.84586,      0.64155
     q,      0.88804,      0.81776,      0.78156
     q,      0.72119,      0.68996,      0.70827
     q,      0.71857,      0.68715,      0.70488
     q,      0.70027,      0.66740,      0.75840
     q,      0.69121,      0.65774,      0.74885
     q,      0.68330,      0.64931,      0.67575
     q,      0.66003,      0.61188,      0.72415
     q,      0.64948,      0.58307,      0.69317
     q,      0.63935,      0.57695,      0.76043
     q,      0.63682,      0.57539,      0.67813
     q,      0.61512,      0.57532,      0.72558
     q,      0.60047,      0.57678,      0.76332
     q,      0.58716,      0.57810,      0.52548
     q,      0.57586,      0.57922,      0.45307
     q,      0.53717,      0.56871,      0.34577
     q,      0.53202,      0.56703,      0.34158
     q,      0.50307,      0.54691,      0.37677
     q,      0.49776,      0.53458,      0.26022
     q,      0.48444,      0.48719,      0.25166
     q,      0.47680,      0.43924,      0.51277
     q,      0.47559,      0.43418,      0.51049
     q,      0.46985,      0.41186,      0.33096
     q,      0.46767,      0.40269,      0.39734
     q,      0.46334,      0.38445,      0.32655
     q,      0.45856,      0.37578,      0.19372
     q,      0.44447,      0.35336,      0.22998
     q,      0.43731,      0.34197,      0.34104
     q,      0.42286,      0.31742,      0.23455
     q,      0.40559,      0.29377,      0.17551
     q,      0.76942,      0.77256,      0.80602
     q,      0.76942,      0.77256,      0.73897
     q,      0.86375,      0.88157,      0.84250
     q,      0.88618,      0.89913,      0.87434
     q,      0.97369,      0.95086,      0.84854
     q,      0.97903,      0.94789,      0.85896
     q,      0.94539,      0.88732,      0.82687
     q,      0.91238,      0.83980,      0.70330
     q,      0.73842,      0.69358,      0.60014
     q,      0.70849,      0.68254,      0.68104
     q,      0.66573,      0.69869,      0.67535
     q,      0.61715,      0.67943,      0.65406
     q,      0.60785,      0.67213,      0.62477
     q,      0.58874,      0.65712,      0.54534
     q,      0.57561,      0.64680,      0.40590
     q,      0.53777,      0.61708,      0.21298
     q,      0.48947,      0.57914,      0.19047
     q,      0.46989,      0.56210,      0.40354
     q,      0.45062,      0.53660,      0.32642
     q,      0.42666,      0.50489,      0.46176
     q,      0.30562,      0.34393,      0.48749
     q,      0.29075,      0.32419,      0.36266
     q,      0.24435,      0.26235,      0.13222
     q,      0.21739,      0.21933,      0.04332
     q,      0.13825,      0.09304,      0.13318
     q,      0.14089,      0.10100,      0.06072
     q,      0.17597,      0.15730,      0.07450
     q,      0.19675,      0.18409,      0.05624
     q,      0.20848,      0.19928,      0.20394
     q,      0.21857,      0.21235,      0.22756
     q,      0.24314,      0.24284,      0.21984
     q,      0.25179,      0.24757,      0.35780
     q,      0.29357,      0.27428,      0.35209
     q,      0.31795,      0.29343,      0.24303
     q,      0.35451,      0.32208,      0.36433
     q,      0.36269,      0.32849,      0.44727
     q,      0.38462,      0.34568,      0.22273
     q,      0.39404,      0.35307,      0.27689
     q,      0.45200,      0.41870,      0.33554
     q,      0.46300,      0.43223,      0.33688
     q,      0.50398,      0.48292,      0.30268
     q,      0.63160,      0.63627,      0.41380
     q,      0.68008,      0.68256,      0.59150
     q,      0.71049,      0.71188,      0.53090
     q,      0.73969,      0.73858,      0.70717
     q,      0.72464,      0.72414,      0.63291
     q,      0.81133,      0.83119,      0.79142
     t,    215.32022,    214.99751,    213.64999
     t,    215.01031,    214.80109,    216.25000
     t,    214.93466,    214.84805,    211.85001
     t,    215.15680,    215.12146,    213.64999
     t,    215.35497,    215.36420,    213.64999
     t,    215.45695,    215.48994,    215.85001
     t,    217.22437,    217.34157,    215.64999
     t,    217.81766,    217.88586,    219.05000
     t,    301.76437,    302.24521,    302.25000
     t,    301.55685,    302.06003,    300.04999
     t,    300.79877,    301.28857,    299.14999
     t,    298.51840,    299.00235,    296.85001
     t,    291.46390,    291.81137,    289.85001
     t,    289.92480,    289.82446,    287.25000
     t,    289.85315,    289.69125,    287.35001
     t,    289.75714,    289.51285,    289.14999
     t,    289.66071,    289.33362,    289.64999
     t,    289.20520,    289.09470,    289.75000
     t,    288.93680,    289.02258,    289.64999
     t,    288.52847,    288.65051,    289.04999
     t,    288.00424,    288.14807,    288.45001
     t,    287.66730,    287.82785,    287.85001
     t,    287.11981,    287.28787,    287.04999
     t,    284.06158,    284.18588,    284.14999
     t,    283.41846,    283.54138,    283.35001
     t,    276.43542,    276.53476,    275.95001
     t,    273.57108,    273.64563,    273.85001
     t,    271.00415,    271.02747,    271.04999
     t,    269.02911,    269.01303,    269.35001
     t,    268.28070,    268.25558,    268.85001
     t,    264.19135,    264.13898,    264.25000
     t,    263.54443,    263.49963,    263.45001
     t,    263.35764,    263.31491,    263.25000
     t,    262.31671,    262.28568,    262.75000
     t,    259.67224,    259.67419,    259.54999
     t,    259.06540,    259.07529,    260.04999
     t,    258.03522,    258.05817,    259.04999
     t,    256.89487,    256.92340,    257.95001
     t,    254.44272,    254.47214,    255.55000
     t,    254.06474,    254.09438,    255.14999
     t,    252.60184,    252.62978,    253.55000
     t,    251.19138,    251.21379,    251.85001
     t,    249.15401,    249.16904,    249.64999
     t,    247.94643,    247.95482,    248.35001
     t,    243.47986,    243.45818,    243.64999
     t,    240.63350,    240.60313,    240.25000
     t,    238.36998,    238.33618,    237.64999
     t,    236.78246,    236.75380,    236.85001
     t,    236.60242,    236.57497,    236.64999
     t,    230.99939,    231.00209,    231.05000
     t,    228.40837,    228.42314,    228.05000
     t,    226.96147,    226.97694,    226.85001
     t,    223.74564,    223.74757,    224.25000
     t,    217.84190,    217.69046,    216.45000
     t,    217.25488,    217.08307,    215.85001
     t,    216.60321,    216.42191,    214.05000
     t,    216.38222,    216.21393,    215.05000
     t,    216.06296,    215.90434,    213.64999
     t,    215.95494,    215.78873,    215.05000
     t,    215.96527,    215.79932,    216.45000
     t,    215.99306,    215.81439,    217.64999
     t,    215.96744,    215.77986,    217.85001
     t,    215.91270,    215.71747,    216.64999
     t,    215.88361,    215.68460,    215.64999
     t,    215.80916,    215.62524,    216.05000
     t,    215.64362,    215.51007,    214.64999
     t,    215.47043,    215.39186,    214.45000
     t,    215.33109,    215.32133,    215.25000
     t,    215.11127,    215.21007,    213.85001
     t,    214.99805,    215.15341,    215.05000
     t,    214.80328,    215.05254,    213.45000
     t,    214.60358,    214.94972,    213.25000
     t,    214.16959,    214.70432,    211.85001
     t,    213.99371,    214.58002,    213.25000
     t,    213.91312,    214.43864,    210.85001
     t,    213.70772,    214.06459,    212.25000
     t,    213.62346,    213.90813,    214.85001
     t,    213.94664,    214.38409,    213.64999
     t,    214.00830,    214.46382,    213.64999
     t,    214.40849,    214.94620,    215.05000
     t,    216.97046,    217.41168,    214.25000
     t,    217.66069,    218.03627,    215.45000
     q,      0.41466,      0.45784,      0.45313
     q,      0.41728,      0.46113,      0.40463
     q,      0.42772,      0.47336,      0.40086
     q,      0.47305,      0.52443,      0.42370
     q,      0.63815,      0.73495,      0.60954
     q,      0.51735,      0.65421,      0.62325
     q,      0.49219,      0.63099,      0.61113
     q,      0.45872,      0.60010,      0.52203
     q,      0.42534,      0.56930,      0.44151
     q,      0.33650,      0.42157,      0.15397
     q,      0.28489,      0.32621,      0.27998
     q,      0.28424,      0.31321,      0.39146
     q,      0.28757,      0.30426,      0.29269
     q,      0.28956,      0.29822,      0.37925
     q,      0.30440,      0.31098,      0.32430
     q,      0.43058,      0.45514,      0.40121
     q,      0.45357,      0.47601,      0.42439
     q,      0.67738,      0.67733,      0.67126
     q,      0.70753,      0.70247,      0.65158
     q,      0.68068,      0.68059,      0.63041
     q,      0.65032,      0.65380,      0.64287
     q,      0.62897,      0.63129,      0.72127
     q,      0.49970,      0.49414,      0.60968
     q,      0.48584,      0.47888,      0.66743
     q,      0.48182,      0.47444,      0.67125
     q,      0.45783,      0.44793,      0.62650
     q,      0.42495,      0.41749,      0.63922
     q,      0.42081,      0.41530,      0.54512
     q,      0.41255,      0.41075,      0.45483
     q,      0.40753,      0.40694,      0.25891
     q,      0.40361,      0.40259,      0.30500
     q,      0.40295,      0.40183,      0.22557
     q,      0.40193,      0.39993,      0.19619
     q,      0.40265,      0.39956,      0.12166
     q,      0.40403,      0.39870,      0.16039
     q,      0.40442,      0.39840,      0.26036
     q,      0.40256,      0.39605,      0.26854
     q,      0.39746,      0.38951,      0.37149
     q,      0.39271,      0.38332,      0.39225
     q,      0.39141,      0.38164,      0.26581
     q,      0.39140,      0.38175,      0.26435
     t,    306.99466,    306.99835,    308.54999
     t,    306.03378,    306.03577,    306.14999
     t,    305.58337,    305.58536,    305.75000
     t,    299.59689,    299.57123,    299.54999
     t,    298.53284,    298.49213,    298.14999
     t,    298.07724,    298.02737,    297.85001
     t,    295.87534,    295.80469,    295.04999
     t,    295.28375,    295.21649,    294.35001
     t,    294.22458,    294.20502,    293.04999
     t,    293.59808,    293.59836,    292.85001
     t,    291.81094,    291.81339,    291.75000
     t,    290.76297,    290.76999,    290.45001
     t,    289.95593,    289.96616,    289.45001
     t,    288.92648,    288.93930,    288.45001
     t,    287.70291,    287.71387,    287.75000
     t,    286.74777,    286.75723,    286.75000
     t,    285.85046,    285.85855,    285.85001
     t,    283.74164,    283.74460,    283.75000
     t,    283.06085,    283.06149,    283.25000
     t,    280.78421,    280.77710,    280.35001
     t,    277.90610,    277.88208,    277.45001
     t,    277.46997,    277.44333,    276.95001
     t,    276.85324,    276.82297,    276.45001
     t,    276.43253,    276.39966,    276.04999
     t,    275.09662,    275.05490,    275.14999
     t,    274.37515,    274.33023,    274.64999
     t,    273.96918,    273.92151,    274.35001
     t,    273.06302,    273.00925,    273.75000
     t,    271.90271,    271.84558,    272.54999
     t,    268.68393,    268.62219,    268.45001
     t,    265.33643,    265.29926,    265.04999
     t,    263.12732,    263.09946,    263.35001
     t,    260.49289,    260.47192,    260.35001
     t,    259.02527,    259.02350,    258.85001
     t,    257.51074,    257.52875,    257.45001
     t,    252.77641,    252.82423,    252.85001
     t,    250.95345,    251.00235,    250.64999
     t,    250.14073,    250.18826,    249.85001
     t,    241.70943,    241.73503,    241.25000
     t,    234.99988,    235.00191,    234.45000
     t,    231.27095,    231.26848,    231.05000
     t,    221.85873,    221.91866,    221.25000
     t,    220.75240,    220.82973,    220.45000
     t,    220.13118,    220.22064,    219.85001
     t,    219.92064,    220.01428,    219.85001
     t,    219.06776,    219.17834,    218.85001
     t,    216.86435,    217.01764,    216.25000
     t,    211.67746,    211.81760,    210.05000
     t,    209.76941,    209.81978,    209.05000
     t,    208.84131,    208.83844,    208.05000
     t,    207.61407,    207.46678,    207.25000
     t,    205.83434,    205.60593,    204.05000
     t,    205.45776,    205.28575,    204.45000
     t,    204.29793,    204.24937,    202.64999
     t,    204.04443,    203.98958,    203.45000
     t,    203.25645,    203.18144,    203.05000
     t,    202.55260,    202.44014,    199.85001
     t,    202.09239,    201.94910,    199.45000
     t,    202.18004,    202.05074,    200.85001
     t,    202.45190,    202.35278,    205.25000
     t,    202.77847,    202.71317,    204.05000
     t,    203.28709,    203.26459,    205.25000
     t,    204.78314,    205.05496,    204.05000
     t,    205.79106,    206.35884,    206.25000
     t,    207.43001,    207.73677,    208.85001
     t,    209.02319,    208.93098,    207.64999
     t,    209.39957,    209.29288,    209.45000
     t,    210.40382,    210.26117,    209.85001
     t,    210.44363,    210.29935,    211.85001
     t,    304.08969,    304.09171,    304.31436
     t,    302.52661,    302.52863,    302.79196
     t,    310.56659,    310.71381,    309.95001
     t,    310.56656,    310.71378,    309.25000
     t,    309.80515,    309.95932,    308.04999
     t,    303.74091,    303.88763,    301.85001
     t,    298.85025,    298.98703,    297.14999
     t,    296.51785,    296.62738,    294.95001
     t,    292.33148,    292.34387,    291.04999
     t,    291.83536,    291.84573,    290.75000
     t,    291.33813,    291.34476,    291.75000
     t,    290.42371,    290.41586,    291.14999
     t,    287.89761,    287.84348,    288.85001
     t,    284.92416,    284.75638,    285.45001
     t,    284.77606,    284.60254,    285.25000
     t,    283.32700,    283.11691,    283.85001
     t,    282.62027,    282.42966,    283.45001
     t,    278.36176,    278.30643,    278.54999
     t,    277.43884,    277.41885,    276.95001
     t,    277.15076,    277.14182,    276.75000
     t,    276.67508,    276.67276,    276.95001
     t,    275.75476,    275.75540,    275.54999
     t,    275.24884,    275.24960,    274.75000
     t,    274.99191,    274.99347,    274.45001
     t,    274.64719,    274.64981,    274.25000
     t,    274.29999,    274.30368,    273.85001
     t,    273.77444,    273.77975,    273.25000
     t,    273.15308,    273.16013,    272.25000
     t,    271.92929,    271.92694,    271.04999
     t,    271.35577,    271.34808,    270.75000
     t,    270.77383,    270.76196,    270.75000
     t,    269.48938,    269.46820,    269.85001
     t,    269.28879,    269.26617,    269.54999
     t,    268.22162,    268.22287,    268.75000
     t,    266.13654,    266.19733,    267.14999
     t,    260.26456,    260.33347,    259.75000
     t,    259.37155,    259.44275,    258.54999
     t,    258.46323,    258.53668,    257.54999
     t,    258.06912,    258.14355,    256.95001
     t,    256.86871,    256.94620,    255.55000
     t,    255.67331,    255.74548,    255.05000
     t,    250.84917,    250.86440,    251.25000
     t,    242.39204,    242.28732,    242.64999
     t,    238.38329,    238.27094,    238.25000
     t,    232.87964,    232.84435,    233.45000
     t,    232.29355,    232.26956,    232.85001
     t,    229.45003,    229.43425,    229.45000
     t,    228.39272,    228.38036,    228.25000
     t,    226.30568,    226.29192,    225.64999
     t,    223.27885,    223.25670,    222.25000
     t,    221.42719,    221.38805,    220.64999
     t,    217.80455,    217.71025,    217.25000
     t,    210.02885,    210.07568,    208.64999
     t,    207.67421,    207.74342,    206.45000
     t,    205.08028,    205.10620,    202.05000
     t,    204.79742,    204.89244,    203.25000
     t,    204.03036,    204.30159,    200.85001
     t,    203.97304,    204.25314,    201.05000
     t,    203.91522,    204.20428,    202.05000
     t,    203.67889,    204.00459,    201.05000
     t,    203.32990,    203.64923,    201.64999
     t,    203.21005,    203.49475,    203.45000
     t,    203.08665,    203.33572,    202.25000
     t,    203.06499,    203.24443,    200.64999
     t,    203.26416,    203.25726,    204.05000
     t,    203.92914,    203.61786,    203.25000
     t,    204.35585,    203.96861,    204.45000
     t,    204.68442,    204.23013,    207.25000
     t,    205.94601,    205.46074,    206.85001
     t,    208.82262,    208.72481,    206.64999
     t,    209.48114,    209.50352,    208.05000
     t,    211.16936,    211.34059,    208.85001
     t,    308.78870,    308.94489,    307.01056
     t,    307.53461,    307.68842,    305.73318
     t,    305.95142,    306.10181,    304.12183
     t,    308.19141,    308.20270,    310.35001
     t,    308.19141,    308.20270,    309.45001
     t,    307.77768,    307.78610,    308.25000
     t,    301.95505,    301.95578,    302.04999
     t,    296.16055,    296.15289,    295.95001
     t,    295.18573,    295.18115,    295.45001
     t,    295.09647,    295.09216,    295.25000
     t,    292.67758,    292.67798,    292.85001
     t,    292.20724,    292.20813,    292.25000
     t,    290.02643,    290.01740,    289.54999
     t,    289.42557,    289.41904,    288.95001
     t,    288.76587,    288.76416,    288.14999
     t,    287.62436,    287.63101,    287.14999
     t,    286.49268,    286.50046,    285.85001
     t,    285.64490,    285.64651,    284.85001
     t,    284.51471,    284.50812,    283.85001
     t,    282.03958,    282.00748,    281.25000
     t,    281.47330,    281.43362,    281.04999
     t,    281.18756,    281.14407,    281.04999
     t,    280.90009,    280.85275,    280.85001
     t,    280.68332,    280.63306,    280.45001
     t,    280.46552,    280.41232,    280.25000
     t,    279.42789,    279.36572,    279.14999
     t,    278.51636,    278.45215,    278.35001
     t,    277.19305,    277.12808,    277.45001
     t,    276.23297,    276.16806,    276.45001
     t,    275.69034,    275.63141,    275.85001
     t,    274.06662,    274.03690,    273.75000
     t,    273.43286,    273.41412,    272.95001
     t,    272.54642,    272.54333,    271.95001
     t,    272.25369,    272.25339,    271.75000
     t,    271.88965,    271.89215,    271.64999
     t,    271.37418,    271.38074,    271.35001
     t,    270.32651,    270.34012,    270.54999
     t,    269.55807,    269.57758,    269.54999
     t,    265.67804,    265.65930,    265.95001
     t,    265.12848,    265.10529,    265.54999
     t,    263.97311,    263.94272,    263.95001
     t,    262.79150,    262.75354,    263.04999
     t,    258.86276,    258.81662,    258.54999
     t,    258.32596,    258.28009,    258.14999
     t,    255.07869,    255.03838,    254.85001
     t,    253.42706,    253.39113,    252.85001
     t,    252.03612,    252.00420,    252.25000
     t,    241.68883,    241.68312,    241.85001
     t,    234.75246,    234.76811,    234.05000
     t,    231.86829,    231.88693,    231.45000
     t,    229.04562,    229.06799,    228.45000
     t,    224.54364,    224.56639,    224.85001
     t,    221.01662,    221.03516,    220.64999
     t,    218.52673,    218.54257,    217.64999
     t,    212.82220,    212.82747,    211.25000
     t,    209.65544,    209.64853,    208.85001
     t,    208.46434,    208.45210,    209.05000
     t,    207.24188,    207.22418,    207.45000
     t,    206.75174,    206.73581,    206.05000
     t,    206.12265,    206.10861,    206.05000
     t,    205.28323,    205.28099,    203.25000
     t,    204.78256,    204.79741,    203.64999
     t,    204.47360,    204.49832,    202.25000
     t,    203.27824,    203.33363,    200.64999
     t,    202.98750,    203.04778,    202.25000
     t,    202.74152,    202.78888,    202.25000
     t,    202.42049,    202.45105,    200.85001
     t,    203.13843,    203.10327,    202.05000
     t,    203.69768,    203.62166,    205.05000
     t,    204.74635,    204.61209,    202.45000
     t,    205.56340,    205.42317,    207.45000
     t,    206.15353,    206.01729,    205.64999
     t,    206.49742,    206.37268,    206.25000
     t,    207.58612,    207.48929,    207.85001
     t,    208.30304,    208.22771,    207.05000
     t,    208.83057,    208.77113,    208.85001
     t,    210.35008,    210.32582,    207.64999
     t,    211.23578,    211.22787,    212.05000
     t,    305.86047,    305.86584,    306.11258
     t,    304.30795,    304.31219,    304.50119
     t,    306.87421,    306.86194,    306.95001
     t,    303.23175,    303.21399,    304.04999
     t,    303.23175,    303.21399,    303.75000
     t,    303.15219,    303.14270,    303.95001
     t,    303.15219,    303.14267,    303.75000
     t,    303.22040,    303.21265,    303.95001
     t,    303.22040,    303.21262,    303.54999
     t,    303.44427,    303.44278,    303.85001
     t,    303.44427,    303.44275,    303.25000
     t,    303.35376,    303.34717,    303.45001
     t,    303.35373,    303.34717,    303.35001
     t,    303.42740,    303.42087,    303.64999
     t,    303.42737,    303.42087,    303.54999
     t,    303.18631,    303.18387,    303.54999
     t,    303.18631,    303.18390,    303.75000
     t,    303.96149,    303.96112,    303.45001
     t,    303.96149,    303.96112,    302.95001
     t,    304.96033,    304.95413,    303.75000
     t,    304.96030,    304.95410,    304.54999
     t,    304.71216,    304.72928,    303.85001
     t,    304.71216,    304.72928,    303.35001
     t,    303.55200,    303.56375,    305.14999
     t,    303.55200,    303.56375,    304.25000
     t,    306.87421,    306.86194,    307.45001
     t,    303.23178,    303.21402,    304.35001
     t,    303.23178,    303.21402,    303.45001
     t,    303.23178,    303.21402,    302.95001
     t,    303.15219,    303.14267,    303.85001
     t,    303.15219,    303.14267,    303.64999
     t,    303.15219,    303.14267,    303.75000
     t,    303.22040,    303.21265,    304.35001
     t,    303.22040,    303.21262,    302.64999
     t,    303.22040,    303.21262,    302.54999
     t,    303.44424,    303.44275,    304.64999
     t,    303.44427,    303.44275,    302.75000
     t,    303.44424,    303.44275,    302.14999
     t,    303.35373,    303.34714,    303.64999
     t,    303.35373,    303.34714,    303.14999
     t,    303.35373,    303.34714,    303.04999
     t,    303.42740,    303.42087,    304.25000
     t,    303.42740,    303.42087,    303.25000
     t,    303.42740,    303.42087,    303.14999
     t,    303.18631,    303.18387,    303.64999
     t,    303.18631,    303.18390,    303.75000
     t,    303.18634,    303.18390,    303.45001
     t,    303.96149,    303.96112,    305.95001
     t,    303.96149,    303.96112,    302.35001
     t,    303.96149,    303.96112,    301.75000
     t,    304.96033,    304.95413,    303.35001
     t,    304.96030,    304.95410,    304.54999
     t,    304.96030,    304.95410,    304.04999
     t,    304.71216,    304.72925,    303.75000
     t,    304.71216,    304.72928,    302.95001
     t,    304.71213,    304.72925,    302.14999
     t,    303.55200,    303.56375,    305.75000
     t,    303.55200,    303.56375,    303.85001
     t,    303.55200,    303.56375,    303.25000
     t,    306.87418,    306.86191,    307.04999
     t,    303.23175,    303.21399,    304.25000
     t,    303.23175,    303.21399,    304.14999
     t,    303.15219,    303.14267,    304.14999
     t,    303.15219,    303.14267,    303.85001
     t,    303.22040,    303.21262,    304.25000
     t,    303.22040,    303.21262,    304.14999
     t,    303.44427,    303.44278,    303.85001
     t,    303.44424,    303.44275,    304.04999
     t,    303.35373,    303.34714,    303.54999
     t,    303.35373,    303.34714,    303.64999
     t,    303.42740,    303.42087,    304.14999
     t,    303.42737,    303.42087,    304.04999
     t,    303.18631,    303.18387,    303.64999
     t,    303.18631,    303.18390,    303.75000
     t,    303.96149,    303.96112,    305.85001
     t,    303.96149,    303.96112,    304.75000
     t,    304.96033,    304.95413,    303.25000
     t,    304.96033,    304.95413,    303.25000
     t,    304.71216,    304.72925,    304.25000
     t,    304.71213,    304.72925,    304.14999
     t,    303.55200,    303.56375,    305.75000
     t,    303.55200,    303.56375,    305.25000
     q,      0.70206,      0.70038,      0.68526
     q,      0.72135,      0.71999,      0.67410
     q,      0.73420,      0.73291,      0.67473
     q,      0.80426,      0.80251,      0.84529
     q,      0.70865,      0.70571,      0.86918
     q,      0.67817,      0.68035,      0.79190
     q,      0.52553,      0.53582,      0.70242
     q,      0.48225,      0.49035,      0.62495
     q,      0.42785,      0.43058,      0.53953
     q,      0.40180,      0.40257,      0.35339
     q,      0.38076,      0.38465,      0.36498
     q,      0.38273,      0.38530,      0.33180
     q,      0.38492,      0.38674,      0.48442
     q,      0.39063,      0.39157,      0.26058
     q,      0.40805,      0.40867,      0.35733
     q,      0.42305,      0.42338,      0.46620
     q,      0.43841,      0.43845,      0.43434
     q,      0.47331,      0.47358,      0.43002
     q,      0.48473,      0.48526,      0.56865
     q,      0.52932,      0.53085,      0.62827
     q,      0.44779,      0.44924,      0.49632
     q,      0.43298,      0.43441,      0.42449
     q,      0.41096,      0.41236,      0.19262
     q,      0.39594,      0.39736,      0.22698
     q,      0.34879,      0.35047,      0.13729
     q,      0.32091,      0.32264,      0.27329
     q,      0.30451,      0.30635,      0.15090
     q,      0.26557,      0.26767,      0.15229
     q,      0.25056,      0.25258,      0.27169
     q,      0.21487,      0.21643,      0.24315
     q,      0.19224,      0.19315,      0.27601
     q,      0.17738,      0.17827,      0.12038
     q,      0.15751,      0.15872,      0.16467
     q,      0.14627,      0.14707,      0.07002
     q,      0.13245,      0.13275,      0.06832
     q,      0.12892,      0.12926,      0.03794
     q,      0.14492,      0.14539,      0.07759
     q,      0.15660,      0.15707,      0.16488
     q,      0.29265,      0.29171,      0.17509
     q,      0.78234,      0.78124,      0.71868
     q,      0.83868,      0.83803,      0.76844
     q,      0.41937,      0.41062,      0.49177
     q,      0.41937,      0.41062,      0.47493
     q,      0.42194,      0.41244,      0.46467
     q,      0.53347,      0.52188,      0.57698
     q,      0.66623,      0.65301,      0.70551
     q,      0.73516,      0.72673,      0.74128
     q,      0.77890,      0.78007,      0.77912
     q,      0.77840,      0.77676,      0.77583
     q,      0.77834,      0.77430,      0.62362
     q,      0.77580,      0.77379,      0.55755
     q,      0.76438,      0.77544,      0.48880
     q,      0.62661,      0.65223,      0.56068
     q,      0.61868,      0.64505,      0.55740
     q,      0.53939,      0.56908,      0.48043
     q,      0.48986,      0.51267,      0.36478
     q,      0.24412,      0.23098,      0.13413
     q,      0.20666,      0.18694,      0.28451
     q,      0.19434,      0.17246,      0.12401
     q,      0.18685,      0.16544,      0.27603
     q,      0.18283,      0.16611,      0.41850
     q,      0.17990,      0.16695,      0.44032
     q,      0.17872,      0.16721,      0.54907
     q,      0.17710,      0.16756,      0.37953
     q,      0.17540,      0.16793,      0.44216
     q,      0.17272,      0.16852,      0.34667
     q,      0.16953,      0.16924,      0.30788
     q,      0.17291,      0.17014,      0.15360
     q,      0.17490,      0.17124,      0.07410
     q,      0.17684,      0.17165,      0.09382
     q,      0.18157,      0.17265,      0.16530
     q,      0.18237,      0.17283,      0.13706
     q,      0.17264,      0.15995,      0.06942
     q,      0.14407,      0.12424,      0.07642
     q,      0.11380,      0.10502,      0.09491
     q,      0.11746,      0.11061,      0.20093
     q,      0.12160,      0.11694,      0.11858
     q,      0.12356,      0.11992,      0.17283
     q,      0.13017,      0.13002,      0.20393
     q,      0.12790,      0.13029,      0.06819
     q,      0.09726,      0.10812,      0.04162
     q,      0.11427,      0.12596,      0.05154
     q,      0.43351,      0.42332,      0.48082
     q,      0.45312,      0.44225,      0.50241
     q,      0.48419,      0.47310,      0.53208
     q,      0.53780,      0.53714,      0.49778
     q,      0.53780,      0.53714,      0.47545
     q,      0.49465,      0.49430,      0.45128
     q,      0.59774,      0.59831,      0.55107
     q,      0.74159,      0.74408,      0.68112
     q,      0.76189,      0.76457,      0.62466
     q,      0.76385,      0.76654,      0.61977
     q,      0.78360,      0.78767,      0.61606
     q,      0.78450,      0.78899,      0.50909
     q,      0.71462,      0.71694,      0.65743
     q,      0.69363,      0.69564,      0.57617
     q,      0.67056,      0.67236,      0.60589
     q,      0.62794,      0.62937,      0.53118
     q,      0.58779,      0.59013,      0.63438
     q,      0.56430,      0.56875,      0.62145
     q,      0.53010,      0.53767,      0.58517
     q,      0.44381,      0.45452,      0.40021
     q,      0.42214,      0.43289,      0.19078
     q,      0.41083,      0.42160,      0.17878
     q,      0.39917,      0.40997,      0.28689
     q,      0.39020,      0.40102,      0.28170
     q,      0.38102,      0.39186,      0.44140
     q,      0.34590,      0.35574,      0.40478
     q,      0.33472,      0.34207,      0.40375
     q,      0.31722,      0.32049,      0.22059
     q,      0.30348,      0.30348,      0.23588
     q,      0.29605,      0.29428,      0.37471
     q,      0.27372,      0.26637,      0.20138
     q,      0.26413,      0.25471,      0.29837
     q,      0.24941,      0.23647,      0.24695
     q,      0.24084,      0.22851,      0.26984
     q,      0.22931,      0.21807,      0.17899
     q,      0.21235,      0.20272,      0.25442
     q,      0.17531,      0.16944,      0.09547
     q,      0.14582,      0.14266,      0.11108
     q,      0.15464,      0.15545,      0.14074
     q,      0.15750,      0.15838,      0.07035
     q,      0.16446,      0.16492,      0.19311
     q,      0.17190,      0.17191,      0.05906
     q,      0.18693,      0.18709,      0.19005
     q,      0.18750,      0.18789,      0.12791
     q,      0.18246,      0.18422,      0.02447
     q,      0.17252,      0.17498,      0.08051
     q,      0.16193,      0.16501,      0.10627
     q,      0.18546,      0.18441,      0.09178
     q,      0.50867,      0.50864,      0.47844
     q,      0.54220,      0.54230,      0.50589
     q,      0.72983,      0.73021,      0.74153
     q,      0.72983,      0.73021,      0.72351
     q,      0.72983,      0.73021,      0.71057
     t,    308.40659,    308.47607,    309.04999
     t,    307.98129,    308.07361,    307.25000
     t,    302.82040,    302.93854,    301.95001
     t,    296.40909,    296.46317,    294.85001
     t,    295.42947,    295.46576,    293.54999
     t,    295.28091,    295.32318,    293.45001
     t,    294.98267,    295.03693,    293.75000
     t,    294.60785,    294.67719,    292.95001
     t,    294.30637,    294.38779,    292.75000
     t,    293.85135,    293.95108,    292.85001
     t,    292.80154,    292.92969,    292.45001
     t,    292.14359,    292.28033,    292.04999
     t,    288.78372,    288.95517,    289.35001
     t,    287.81924,    287.99643,    288.54999
     t,    285.31519,    285.35333,    285.45001
     t,    285.08884,    285.11465,    284.95001
     t,    279.64859,    279.68527,    279.75000
     t,    277.22275,    277.36700,    276.25000
     t,    276.40796,    276.58972,    275.64999
     t,    275.83054,    276.01617,    275.35001
     t,    275.58075,    275.76364,    275.25000
     t,    275.16156,    275.33984,    274.64999
     t,    274.90826,    275.08374,    274.64999
     t,    273.44504,    273.60284,    272.54999
     t,    273.00693,    273.15955,    272.85001
     t,    272.74213,    272.89160,    272.95001
     t,    271.20212,    271.32101,    271.04999
     t,    270.55307,    270.65887,    270.54999
     t,    270.36603,    270.46805,    270.35001
     t,    269.98883,    270.07983,    270.04999
     t,    268.93903,    269.00842,    268.85001
     t,    268.84244,    268.90985,    268.85001
     t,    268.45630,    268.51483,    268.14999
     t,    267.51721,    267.53690,    266.75000
     t,    267.23178,    267.24091,    266.64999
     t,    266.64993,    266.63745,    266.54999
     t,    265.57471,    265.51846,    266.14999
     t,    265.27719,    265.20996,    265.95001
     t,    263.94464,    263.85864,    264.14999
     t,    263.41620,    263.33441,    263.64999
     t,    262.34122,    262.26801,    263.04999
     t,    261.90411,    261.83191,    262.35001
     t,    259.55615,    259.50928,    259.64999
     t,    258.16068,    258.13303,    258.04999
     t,    255.92575,    255.92946,    255.75000
     t,    254.84366,    254.86043,    255.64999
     t,    252.89555,    252.93575,    253.45000
     t,    252.46790,    252.51334,    252.95000
     t,    252.18080,    252.22977,    252.75000
     t,    250.10872,    250.19347,    250.55000
     t,    248.72800,    248.83554,    249.05000
     t,    246.62015,    246.73045,    246.64999
     t,    245.23161,    245.30765,    244.85001
     t,    243.62581,    243.66301,    242.85001
     t,    243.07954,    243.10381,    242.45000
     t,    242.89612,    242.91574,    242.45000
     t,    242.52740,    242.53773,    242.14999
     t,    242.16000,    242.16255,    241.55000
     t,    239.32761,    239.27441,    239.25000
     t,    237.16318,    237.07457,    236.64999
     t,    236.57408,    236.48662,    236.05000
     t,    234.56160,    234.47839,    235.05000
     t,    233.31346,    233.23215,    233.64999
     t,    232.67924,    232.59900,    232.64999
     t,    229.83502,    229.74127,    230.05000
     t,    225.44557,    225.34018,    225.64999
     t,    224.00230,    223.89821,    224.25000
     t,    221.76131,    221.66685,    221.64999
     t,    221.50304,    221.40970,    221.64999
     t,    218.87332,    218.80943,    218.45000
     t,    214.70981,    214.64891,    213.85001
     t,    210.78496,    210.68021,    209.45000
     t,    208.04018,    207.87543,    206.45000
     t,    207.00060,    206.87473,    204.85001
     t,    205.56085,    205.49843,    203.05000
     t,    204.65689,    204.68394,    202.85001
     t,    204.19609,    204.36125,    200.85001
     t,    203.87730,    204.13719,    200.25000
     t,    203.79590,    204.05325,    201.05000
     t,    203.67886,    203.87207,    199.64999
     t,    203.58212,    203.72185,    200.05000
     t,    203.53638,    203.64397,    203.05000
     t,    203.47806,    203.50536,    203.25000
     t,    203.36813,    203.22791,    201.64999
     t,    206.03192,    206.56699,    205.85001
     t,    206.50584,    206.92247,    205.05000
     t,    207.52603,    207.69482,    207.05000
     t,    207.85469,    207.93314,    209.25000
     t,    208.05528,    208.07860,    210.25000
     t,    208.93207,    208.71440,    208.25000
     t,    210.59311,    210.79054,    208.25000
     t,    211.00623,    211.28453,    211.05000
     t,    211.92065,    212.34460,    213.05000
     t,    306.34207,    306.45294,    305.47879
     t,    304.81537,    304.93164,    303.94342
     t,    204.16785,    204.39549,    203.87270
     t,    305.23520,    305.15295,    301.45001
     t,    305.23520,    305.15295,    300.95001
     t,    303.50751,    303.37885,    299.25000
     t,    302.44083,    302.37173,    299.25000
     t,    302.01648,    302.01215,    299.25000
     t,    296.82275,    297.03076,    293.95001
     t,    295.99252,    296.19324,    293.14999
     t,    291.34439,    291.38379,    289.75000
     t,    289.31363,    289.24283,    288.95001
     t,    286.04684,    285.75397,    285.85001
     t,    285.02432,    284.68839,    284.85001
     t,    281.28296,    280.80072,    281.54999
     t,    278.66953,    278.41214,    278.45001
     t,    276.83771,    276.74274,    277.25000
     t,    276.08362,    276.03378,    276.14999
     t,    275.19315,    275.19290,    275.04999
     t,    273.74829,    273.81854,    273.85001
     t,    273.43958,    273.52689,    273.85001
     t,    270.45996,    270.55072,    271.04999
     t,    268.75970,    268.82178,    268.95001
     t,    268.33948,    268.39255,    268.45001
     t,    268.25491,    268.30615,    268.25000
     t,    267.82962,    267.87173,    267.85001
     t,    265.71790,    265.69656,    265.54999
     t,    265.41452,    265.38025,    265.35001
     t,    264.91132,    264.85974,    265.14999
     t,    264.70590,    264.64587,    265.14999
     t,    262.80875,    262.66501,    262.54999
     t,    261.55765,    261.36322,    261.25000
     t,    260.78738,    260.56223,    260.54999
     t,    259.75082,    259.48981,    259.54999
     t,    257.42389,    257.19629,    256.95001
     t,    257.21301,    257.01163,    256.75000
     t,    255.81332,    255.75819,    254.35001
     t,    254.82043,    254.89177,    252.75000
     t,    254.59718,    254.69592,    252.45000
     t,    253.85503,    254.08092,    252.25000
     t,    250.74593,    251.50948,    250.05000
     t,    243.78032,    244.43092,    244.35001
     t,    241.62778,    241.83629,    243.55000
     t,    239.38507,    239.10699,    241.75000
     t,    236.52225,    235.93929,    238.55000
     t,    235.02737,    234.32925,    237.14999
     t,    234.27423,    233.56451,    236.14999
     t,    233.70787,    233.02299,    235.85001
     t,    232.36212,    231.73906,    234.05000
     t,    231.17805,    230.60991,    233.05000
     t,    228.79906,    228.33820,    230.05000
     t,    227.38110,    226.99817,    228.85001
     t,    222.16551,    222.08148,    222.64999
     t,    220.59430,    220.66174,    220.64999
     t,    219.66344,    219.83923,    219.45000
     t,    217.24796,    217.69952,    217.25000
     t,    210.44489,    210.40964,    209.45000
     t,    208.56998,    208.14853,    206.25000
     t,    206.41597,    205.77950,    199.64999
     t,    206.04024,    205.46666,    202.45000
     t,    205.71764,    205.46030,    202.85001
     t,    205.46701,    205.51653,    202.05000
     t,    205.28917,    205.58917,    202.85001
     t,    205.34708,    205.76294,    201.85001
     t,    205.40187,    205.91385,    202.64999
     t,    205.44884,    206.04314,    205.05000
     t,    206.17839,    206.98018,    204.45000
     t,    206.62981,    207.44737,    207.05000
     t,    207.86514,    208.35532,    206.45000
     t,    208.30312,    208.54381,    208.64999
     t,    208.93228,    208.85696,    208.85001
     t,    209.09563,    208.96236,    208.64999
     t,    210.51018,    209.95714,    213.05000
     t,    210.92859,    210.34302,    212.45000
     t,    211.75087,    211.16136,    213.85001
     t,    213.14967,    212.68356,    211.64999
     q,      0.49929,      0.49441,      0.53490
     q,      0.48745,      0.48138,      0.46930
     q,      0.56750,      0.55790,      0.57983
     q,      0.65677,      0.66216,      0.74545
     q,      0.66242,      0.67013,      0.76397
     q,      0.66533,      0.67285,      0.75105
     q,      0.67127,      0.67841,      0.63250
     q,      0.67896,      0.68560,      0.67295
     q,      0.68534,      0.69157,      0.65877
     q,      0.69529,      0.70088,      0.50404
     q,      0.69549,      0.70122,      0.40578
     q,      0.67493,      0.68213,      0.56235
     q,      0.57950,      0.61234,      0.27000
     q,      0.55212,      0.59621,      0.43855
     q,      0.53489,      0.60376,      0.61468
     q,      0.53313,      0.60446,      0.60614
     q,      0.57674,      0.65532,      0.65107
     q,      0.59890,      0.68266,      0.68672
     q,      0.60742,      0.69482,      0.68065
     q,      0.60923,      0.69776,      0.49861
     q,      0.60870,      0.69761,      0.58239
     q,      0.60779,      0.69734,      0.52958
     q,      0.60722,      0.69718,      0.70406
     q,      0.60039,      0.69483,      0.76794
     q,      0.59917,      0.69446,      0.75759
     q,      0.59841,      0.69424,      0.64269
     q,      0.56215,      0.66795,      0.57364
     q,      0.54343,      0.65344,      0.33284
     q,      0.53781,      0.64908,      0.36089
     q,      0.52287,      0.63840,      0.62435
     q,      0.48800,      0.61119,      0.68497
     q,      0.48459,      0.60853,      0.67905
     q,      0.47036,      0.59726,      0.60528
     q,      0.42548,      0.55908,      0.62524
     q,      0.41204,      0.54737,      0.30443
     q,      0.39129,      0.53207,      0.15359
     q,      0.33069,      0.47996,      0.17604
     q,      0.31347,      0.46498,      0.08945
     q,      0.25948,      0.40196,      0.12305
     q,      0.24652,      0.37885,      0.03127
     q,      0.21772,      0.32752,      0.06143
     q,      0.20368,      0.30350,      0.17830
     q,      0.17187,      0.22232,      0.04216
     q,      0.18065,      0.20506,      0.08548
     q,      0.18923,      0.16929,      0.13587
     q,      0.18480,      0.16286,      0.05594
     q,      0.17441,      0.14808,      0.09006
     q,      0.17189,      0.14440,      0.37443
     q,      0.17011,      0.14180,      0.41524
     q,      0.15873,      0.12968,      0.32733
     q,      0.14839,      0.11961,      0.15432
     q,      0.13894,      0.11214,      0.10260
     q,      0.14254,      0.11836,      0.10485
     q,      0.14827,      0.12890,      0.21538
     q,      0.15046,      0.13240,      0.17427
     q,      0.49666,      0.48909,      0.49887
     q,      0.52367,      0.51500,      0.53181
     q,      0.76613,      0.79229,      0.67191
     q,      0.76613,      0.79229,      0.65285
     q,      0.76649,      0.79594,      0.68306
     q,      0.76800,      0.78705,      0.74967
     q,      0.77137,      0.78905,      0.76232
     q,      0.87296,      0.91060,      0.80723
     q,      0.88752,      0.93365,      0.82587
     q,      0.94191,      0.97874,      0.87383
     q,      0.94197,      0.97053,      0.85624
     q,      0.92561,      0.95876,      0.92780
     q,      0.92356,      0.95601,      0.90835
     q,      0.91382,      0.94295,      0.87809
     q,      0.87872,      0.91134,      0.92929
     q,      0.84729,      0.88305,      0.86546
     q,      0.81379,      0.85175,      0.94139
     q,      0.76832,      0.80934,      0.93333
     q,      0.68535,      0.73269,      0.87927
     q,      0.66590,      0.71446,      0.76715
     q,      0.51448,      0.56954,      0.60426
     q,      0.45232,      0.50397,      0.39062
     q,      0.43890,      0.48911,      0.49171
     q,      0.43613,      0.48605,      0.52832
     q,      0.42186,      0.47025,      0.44700
     q,      0.36893,      0.41523,      0.43381
     q,      0.36578,      0.41332,      0.47474
     q,      0.35917,      0.40768,      0.20324
     q,      0.35683,      0.40624,      0.20647
     q,      0.33502,      0.39511,      0.20656
     q,      0.36775,      0.44252,      0.34707
     q,      0.39198,      0.47699,      0.19940
     q,      0.42678,      0.52666,      0.14663
     q,      0.53796,      0.66214,      0.16849
     q,      0.55199,      0.67485,      0.18560
     q,      0.65999,      0.77035,      0.18135
     q,      0.74233,      0.84528,      0.30640
     q,      0.76291,      0.86365,      0.44043
     q,      0.75894,      0.87088,      0.57176
     q,      0.73157,      0.91227,      0.66611
     q,      0.51718,      0.85789,      0.74610
     q,      0.40986,      0.79160,      0.79406
     t,    296.13101,    295.92975,    296.85001
     t,    296.09543,    295.88956,    296.35001
     t,    295.42969,    295.16638,    294.54999
     t,    291.31238,    291.11731,    290.25000
     t,    288.14505,    287.96262,    287.25000
     t,    286.24304,    286.16122,    286.54999
     t,    286.07742,    285.97952,    286.95001
     t,    285.65991,    285.52136,    287.45001
     t,    285.47934,    285.41058,    286.95001
     t,    284.73877,    284.78177,    283.25000
     t,    283.91187,    283.82083,    281.75000
     t,    283.28577,    283.20538,    282.95001
     t,    282.59549,    282.52679,    282.14999
     t,    281.17398,    281.13123,    280.25000
     t,    280.51086,    280.52829,    279.95001
     t,    279.58865,    279.68979,    279.85001
     t,    278.44962,    278.65625,    278.75000
     t,    277.37030,    277.63986,    278.14999
     t,    271.53467,    271.83929,    271.64999
     t,    268.18231,    268.37366,    267.85001
     t,    266.99716,    267.14621,    266.85001
     t,    266.66943,    266.80676,    266.64999
     t,    265.45151,    265.55072,    265.45001
     t,    265.00229,    265.09180,    265.14999
     t,    263.63211,    263.69205,    263.54999
     t,    261.98892,    262.01340,    262.14999
     t,    258.99139,    258.96045,    258.75000
     t,    256.74313,    256.67368,    257.95001
     t,    254.76274,    254.67377,    255.14999
     t,    254.63640,    254.54622,    254.95000
     t,    253.62721,    253.53616,    253.55000
     t,    252.84708,    252.74873,    253.25000
     t,    251.40968,    251.28101,    251.25000
     t,    250.34300,    250.18784,    250.45000
     t,    248.55989,    248.36043,    248.85001
     t,    241.54263,    241.50395,    241.45000
     t,    293.17310,    292.93466,    292.18735
     t,    295.07510,    295.00757,    293.75000
     t,    294.91742,    294.86359,    292.85001
     t,    292.58383,    292.55618,    290.95001
     t,    290.90152,    290.89081,    290.04999
     t,    290.76694,    290.75958,    290.04999
     t,    290.44385,    290.41757,    290.75000
     t,    290.41183,    290.38040,    290.14999
     t,    289.77011,    289.73477,    288.14999
     t,    289.73679,    289.70184,    288.14999
     t,    286.45590,    286.33328,    285.35001
     t,    283.07242,    283.00803,    281.04999
     t,    282.48059,    282.42068,    280.14999
     t,    281.62460,    281.57114,    278.85001
     t,    272.17114,    272.51740,    271.54999
     t,    271.02658,    271.40936,    269.75000
     t,    270.57925,    270.97607,    268.85001
     t,    267.58801,    267.93857,    267.25000
     t,    266.30151,    266.62064,    266.64999
     t,    265.07303,    265.34464,    265.35001
     t,    264.21466,    264.45657,    264.45001
     t,    263.52969,    263.74670,    263.95001
     t,    262.43024,    262.61639,    263.14999
     t,    261.25403,    261.40884,    262.35001
     t,    256.58044,    256.67102,    256.85001
     t,    251.36519,    251.47972,    251.05000
     t,    248.28430,    248.39330,    248.64999
     t,    245.81558,    245.88675,    246.05000
     t,    243.56798,    243.58636,    243.25000
     t,    242.13101,    242.10529,    241.64999
     t,    240.83881,    240.77209,    241.05000
     t,    238.96158,    238.84346,    240.14999
     t,    230.84804,    230.75415,    231.05000
     t,    229.13715,    229.09224,    229.45000
     t,    225.39867,    225.46840,    225.85001
     t,    221.30257,    221.27927,    222.25000
     t,    220.49654,    220.45618,    221.05000
     t,    216.99422,    216.92690,    216.45000
     t,    215.47049,    215.39671,    215.25000
     t,    213.27188,    213.19656,    212.25000
     t,    212.41283,    212.34116,    211.45000
     t,    288.08731,    287.99533,    286.64224
     t,    278.37869,    278.38843,    276.12228
     q,      0.65513,      0.65619,      0.67014
     q,      0.65416,      0.65521,      0.61425
     q,      0.64765,      0.64782,      0.57343
     q,      0.75789,      0.74488,      0.68156
     q,      0.90180,      0.90511,      0.77243
     q,      0.99492,      0.99347,      0.93755
     q,      0.99533,      0.99225,      0.96660
     q,      0.99638,      0.98912,      0.99221
     q,      0.97115,      0.95886,      0.95609
     q,      0.78580,      0.80112,      0.80712
     q,      0.75697,      0.79044,      0.66404
     q,      0.71379,      0.75302,      0.60914
     q,      0.66428,      0.71012,      0.59806
     q,      0.55574,      0.61541,      0.56944
     q,      0.50975,      0.55705,      0.50278
     q,      0.44225,      0.47138,      0.21319
     q,      0.35336,      0.35923,      0.16303
     q,      0.30605,      0.29801,      0.27004
     q,      0.22015,      0.19173,      0.18296
     q,      0.20879,      0.19026,      0.28386
     q,      0.20167,      0.18628,      0.21768
     q,      0.19953,      0.18508,      0.21923
     q,      0.19439,      0.18356,      0.31008
     q,      0.19667,      0.18700,      0.21955
     q,      0.20435,      0.19864,      0.11795
     q,      0.21540,      0.21536,      0.09556
     q,      0.22506,      0.24350,      0.28195
     q,      0.22925,      0.26734,      0.14425
     q,      0.20021,      0.22798,      0.23317
     q,      0.19811,      0.22512,      0.23102
     q,      0.17938,      0.19870,      0.17838
     q,      0.16345,      0.17702,      0.08866
     q,      0.14890,      0.15532,      0.15485
     q,      0.14048,      0.14177,      0.02737
     q,      0.23114,      0.20004,      0.14144
     q,      0.70088,      0.69363,      0.62939
     q,      0.86994,      0.87197,      0.85398
     q,      0.87349,      0.87571,      0.82761
     q,      0.93752,      0.93875,      0.85936
     q,      0.99634,      0.99636,      0.90634
     q,      0.99769,      0.99758,      0.91377
     q,      0.95127,      0.95250,      0.95283
     q,      0.93820,      0.93983,      0.85885
     q,      0.80601,      0.80965,      0.74151
     q,      0.80430,      0.80818,      0.74288
     q,      0.80479,      0.79501,      0.83810
     q,      0.82032,      0.80384,      0.78351
     q,      0.81479,      0.79756,      0.72664
     q,      0.80637,      0.78800,      0.67987
     q,      0.72493,      0.72832,      0.68379
     q,      0.70656,      0.71211,      0.57771
     q,      0.69871,      0.70519,      0.40468
     q,      0.59530,      0.61759,      0.51634
     q,      0.53830,      0.56696,      0.49645
     q,      0.47639,      0.50851,      0.49033
     q,      0.42783,      0.46404,      0.28860
     q,      0.38511,      0.42434,      0.41145
     q,      0.34482,      0.38246,      0.20439
     q,      0.31414,      0.34616,      0.12713
     q,      0.22046,      0.22493,      0.07677
     q,      0.25302,      0.19485,      0.09831
     q,      0.32671,      0.23977,      0.05505
     q,      0.41096,      0.33315,      0.08122
     q,      0.47518,      0.40958,      0.25386
     q,      0.49913,      0.44376,      0.21741
     q,      0.52682,      0.48177,      0.35847
     q,      0.77061,      0.77520,      0.78347
     q,      0.78087,      0.77394,      0.67753
     t,    298.61264,    298.76938,    300.04999
     t,    297.82932,    297.98489,    298.14999
     t,    295.66776,    295.81863,    295.64999
     t,    293.85654,    294.00870,    294.04999
     t,    287.73404,    288.05539,    287.45001
     t,    287.46234,    287.76080,    286.95001
     t,    284.89517,    284.78122,    283.14999
     t,    283.92764,    283.50351,    282.64999
     t,    283.69696,    283.20923,    282.75000
     t,    283.17996,    282.55417,    282.75000
     t,    282.94464,    282.25415,    282.85001
     t,    282.58508,    281.90930,    283.14999
     t,    282.13895,    281.56406,    283.14999
     t,    281.60934,    281.15417,    283.35001
     t,    280.57465,    280.35486,    281.25000
     t,    280.32690,    280.16370,    281.04999
     t,    279.86722,    279.80893,    280.04999
     t,    278.59100,    278.76996,    277.85001
     t,    276.92435,    277.26157,    276.45001
     t,    276.10803,    276.52325,    276.04999
     t,    274.08160,    274.51419,    273.54999
     t,    272.15985,    272.51132,    271.45001
     t,    269.09799,    269.23114,    269.54999
     t,    268.47394,    268.55539,    268.95001
     t,    267.47672,    267.47552,    268.45001
     t,    266.23798,    266.19083,    267.25000
     t,    265.14941,    265.06271,    265.64999
     t,    264.87332,    264.77658,    265.45001
     t,    264.69458,    264.59097,    265.25000
     t,    262.65897,    262.53503,    262.54999
     t,    259.49197,    259.41071,    258.95001
     t,    256.60123,    256.54599,    256.54999
     t,    255.82196,    255.77316,    255.75000
     t,    254.05031,    253.99411,    254.35001
     t,    253.62796,    253.56610,    254.14999
     t,    253.34441,    253.27924,    253.95000
     t,    253.05942,    252.99094,    253.75000
     t,    248.45297,    248.34772,    248.85001
     t,    246.40648,    246.29643,    246.64999
     t,    243.43770,    243.34299,    243.25000
     t,    240.83766,    240.76524,    241.25000
     t,    236.91920,    236.85585,    237.05000
     t,    234.75075,    234.69011,    234.85001
     t,    232.29060,    232.22743,    232.64999
     t,    226.47331,    226.41266,    226.64999
     t,    218.72765,    218.76788,    216.85001
     t,    217.26997,    217.37587,    215.64999
     t,    217.21024,    217.32286,    215.64999
     t,    216.55931,    216.73946,    213.25000
     t,    216.09164,    216.32045,    215.45000
     t,    215.89926,    216.14235,    213.85001
     t,    215.84473,    216.09125,    215.45000
     t,    215.75375,    215.96878,    215.25000
     t,    215.62256,    215.78653,    217.64999
     t,    215.58456,    215.73399,    217.25000
     t,    215.43007,    215.53682,    217.05000
     t,    215.21216,    215.27008,    215.45000
     t,    214.62700,    214.59944,    214.45000
     t,    214.46707,    214.43344,    215.05000
     t,    214.24916,    214.20670,    213.85001
     t,    214.08266,    214.05197,    213.85001
     t,    213.43872,    213.48318,    211.45000
     t,    213.32440,    213.37329,    212.85001
     t,    213.23836,    213.42305,    211.45000
     t,    213.16801,    213.38651,    213.45000
     t,    213.21152,    213.47682,    213.85001
     t,    213.50835,    213.77190,    215.05000
     t,    217.23947,    217.32977,    215.05000
     t,    213.52518,    213.65788,    212.14679
     t,    285.66501,    285.64993,    289.04999
     t,    290.14658,    289.99997,    295.64999
     t,    285.66501,    285.64993,    288.14999
     t,    290.06638,    289.95178,    297.25000
     t,    285.66504,    285.64996,    286.45001
     t,    290.06638,    289.95175,    296.54999
     q,      0.47800,      0.49589,      0.37543
     q,      0.47969,      0.49746,      0.34815
     q,      0.52222,      0.54098,      0.35985
     q,      0.56634,      0.58301,      0.41350
     q,      0.50720,      0.58089,      0.52995
     q,      0.49372,      0.57547,      0.48714
     q,      0.39375,      0.56155,      0.43669
     q,      0.39177,      0.58294,      0.31465
     q,      0.39390,      0.58398,      0.37200
     q,      0.39871,      0.58591,      0.10919
     q,      0.40099,      0.58706,      0.08680
     q,      0.41075,      0.58014,      0.12830
     q,      0.41975,      0.54881,      0.39521
     q,      0.43078,      0.51040,      0.35717
     q,      0.44748,      0.47685,      0.32821
     q,      0.45078,      0.47518,      0.44068
     q,      0.45704,      0.47200,      0.49072
     q,      0.46595,      0.46005,      0.48868
     q,      0.45107,      0.43461,      0.52961
     q,      0.44297,      0.42070,      0.37337
     q,      0.43814,      0.41233,      0.48364
     q,      0.44361,      0.42170,      0.43690
     q,      0.44893,      0.43778,      0.30956
     q,      0.44990,      0.44165,      0.36569
     q,      0.45160,      0.44842,      0.20630
     q,      0.46163,      0.46161,      0.31722
     q,      0.47090,      0.47374,      0.35678
     q,      0.47371,      0.47737,      0.32819
     q,      0.47479,      0.47939,      0.27350
     q,      0.47053,      0.48758,      0.22990
     q,      0.42147,      0.47028,      0.27952
     q,      0.38975,      0.44841,      0.17123
     q,      0.37966,      0.44149,      0.27762
     q,      0.36937,      0.43411,      0.25391
     q,      0.37014,      0.43445,      0.19015
     q,      0.36993,      0.43419,      0.23391
     q,      0.36971,      0.43391,      0.25936
     q,      0.35923,      0.41376,      0.11088
     q,      0.34854,      0.39083,      0.25236
     q,      0.33056,      0.35656,      0.25504
     q,      0.30789,      0.31743,      0.16871
     q,      0.28844,      0.29078,      0.13119
     q,      0.67809,      0.67528,      0.85615
     q,      0.67809,      0.67528,      0.79551
     q,      0.67809,      0.67528,      0.87862
