Note (2018.08.22) This script is outputed from mpi_readobs.f90
obtype, ensmean_obbc,      h_xnobc,           ob
    sm,      0.25830,      0.23283,      0.25300
    sm,      0.22730,      0.22962,      0.16400
    sm,      0.30517,      0.30332,      0.38100
    sm,      0.21141,      0.20821,      0.07400
    sm,      0.33468,      0.33282,      0.24000
    sm,      0.30933,      0.29871,      0.35500
    sm,      0.21043,      0.20498,      0.19600
    sm,      0.19698,      0.19458,      0.06000
    sm,      0.18609,      0.18601,      0.24800
    sm,      0.19082,      0.18395,      0.15800
    sm,      0.24735,      0.24614,      0.09300
    sm,      0.26952,      0.26618,      0.13500
    sm,      0.25253,      0.25151,      0.09300
    sm,      0.17207,      0.15940,      0.22500
    sm,      0.27384,      0.27023,      0.22400
    sm,      0.32210,      0.32625,      0.11300
    sm,      0.23798,      0.23895,      0.31600
    sm,      0.21313,      0.19498,      0.23700
    sm,      0.24004,      0.24028,      0.26600
    sm,      0.22141,      0.22115,      0.29500
    sm,      0.21824,      0.22460,      0.25300
    sm,      0.14624,      0.13838,      0.07700
    sm,      0.21771,      0.21686,      0.21100
    sm,      0.30799,      0.31357,      0.37800
    sm,      0.24443,      0.24497,      0.34400
    sm,      0.24660,      0.24626,      0.07200
    sm,      0.33611,      0.34732,      0.32500
    sm,      0.23054,      0.23084,      0.33900
    sm,      0.18120,      0.17108,      0.36700
    sm,      0.27400,      0.27354,      0.23700
    sm,      0.31884,      0.35203,      0.27600
    sm,      0.27306,      0.27094,      0.27100
    sm,      0.18981,      0.18878,      0.10600
    sm,      0.24954,      0.24713,      0.22600
    sm,      0.27108,      0.26629,      0.20900
    sm,      0.27301,      0.26919,      0.26900
    sm,      0.26274,      0.26263,      0.20100
    sm,      0.17412,      0.16999,      0.17600
    sm,      0.25785,      0.25817,      0.37400
    sm,      0.16911,      0.17096,      0.13300
    sm,      0.21256,      0.21364,      0.22200
    sm,      0.16625,      0.16538,      0.11700
    sm,      0.20310,      0.20438,      0.21000
    sm,      0.27455,      0.26606,      0.12100
    sm,      0.27776,      0.27296,      0.17100
    sm,      0.22489,      0.22100,      0.08100
    sm,      0.17665,      0.17658,      0.18000
    sm,      0.27594,      0.27417,      0.36700
    sm,      0.24089,      0.26293,      0.23300
    sm,      0.22900,      0.22871,      0.30000
    sm,      0.19858,      0.19542,      0.14900
    sm,      0.19858,      0.19542,      0.16400
    sm,      0.19150,      0.18574,      0.14400
    sm,      0.15368,      0.15499,      0.06700
    sm,      0.32180,      0.30327,      0.45100
    sm,      0.20662,      0.19669,      0.20200
    sm,      0.27713,      0.27544,      0.22900
    sm,      0.29459,      0.32649,      0.34500
    sm,      0.30799,      0.31357,      0.41100
    sm,      0.26868,      0.25649,      0.38100
    sm,      0.15770,      0.15031,      0.08700
    sm,      0.28217,      0.28304,      0.08000
    sm,      0.15939,      0.15615,      0.13100
    sm,      0.14694,      0.13981,      0.06800
    sm,      0.21043,      0.20498,      0.07100
    sm,      0.23351,      0.23569,      0.35300
    sm,      0.27261,      0.26684,      0.06500
    sm,      0.23993,      0.23015,      0.10900
    sm,      0.19158,      0.18854,      0.24100
    sm,      0.36529,      0.38378,      0.16500
    sm,      0.18997,      0.18915,      0.18700
    sm,      0.27211,      0.27272,      0.18400
    sm,      0.18609,      0.18601,      0.30800
    sm,      0.18896,      0.17527,      0.36700
    sm,      0.18896,      0.17527,      0.28100
    sm,      0.19493,      0.21044,      0.06100
     t,    313.60907,    313.61115,    315.35001
     t,    312.69254,    312.69519,    312.75000
     t,    309.62579,    309.62888,    309.64999
     t,    302.25659,    302.25558,    302.35001
     t,    300.93951,    300.93680,    300.85001
     t,    296.36169,    296.35962,    296.45001
     t,    294.87064,    294.86871,    295.54999
     t,    287.71475,    287.71536,    287.64999
     t,    286.10153,    286.10294,    285.75000
     t,    280.86313,    280.86652,    280.25000
     t,    278.10397,    278.10794,    277.25000
     t,    276.05618,    276.06061,    275.14999
     t,    274.78085,    274.78534,    273.54999
     t,    274.16644,    274.17041,    272.95001
     t,    273.09488,    273.09799,    272.04999
     t,    272.73248,    272.73529,    271.85001
     t,    271.99945,    272.00168,    271.14999
     t,    271.34900,    271.35068,    271.14999
     t,    268.97049,    268.97076,    268.14999
     t,    268.77533,    268.77551,    267.95001
     t,    267.68985,    267.68918,    267.14999
     t,    266.97928,    266.97833,    266.64999
     t,    266.02481,    266.02386,    266.14999
     t,    264.17108,    264.17017,    263.95001
     t,    262.80905,    262.80823,    262.35001
     t,    261.95389,    261.95328,    261.64999
     t,    261.58319,    261.58267,    261.35001
     t,    260.70810,    260.70779,    260.25000
     t,    260.32864,    260.32843,    260.14999
     t,    259.94647,    259.94635,    259.95001
     t,    257.50446,    257.50458,    258.14999
     t,    256.85828,    256.85846,    257.45001
     t,    256.59726,    256.59744,    257.54999
     t,    256.07132,    256.07144,    256.75000
     t,    255.40622,    255.40630,    255.95000
     t,    253.77739,    253.77698,    253.75000
     t,    252.94823,    252.94704,    252.75000
     t,    252.24683,    252.24495,    252.05000
     t,    250.81438,    250.81111,    250.95000
     t,    249.47766,    249.47308,    249.35001
     t,    248.85393,    248.84871,    248.75000
     t,    247.90125,    247.89529,    247.55000
     t,    247.42009,    247.41367,    247.35001
     t,    246.93452,    246.92760,    246.75000
     t,    246.44447,    246.43704,    246.25000
     t,    245.78395,    245.77585,    245.85001
     t,    244.08533,    244.07578,    244.55000
     t,    243.03575,    243.02538,    243.05000
     t,    242.50314,    242.49236,    242.55000
     t,    240.13039,    240.11823,    239.75000
     t,    239.56847,    239.55603,    238.95000
     t,    236.86516,    236.85143,    236.45000
     t,    234.03004,    234.01736,    233.25000
     t,    232.77374,    232.76208,    232.25000
     t,    229.04390,    229.03824,    228.64999
     t,    225.04037,    225.04378,    224.45000
     t,    223.54988,    223.55534,    222.85001
     t,    222.27748,    222.28461,    221.85001
     t,    220.97365,    220.98248,    220.64999
     t,    207.19136,    207.04294,    204.85001
     t,    208.95055,    208.89600,    204.45000
     t,    311.97107,    311.98581,    313.35001
     t,    311.81152,    311.82431,    312.04999
     t,    305.81812,    305.83469,    306.35001
     t,    295.80136,    295.81622,    295.85001
     t,    289.24545,    289.25873,    289.14999
     t,    280.03500,    280.03836,    279.85001
     t,    275.89029,    275.84824,    274.04999
     t,    275.53735,    275.49463,    273.25000
     t,    275.20651,    275.16602,    274.45001
     t,    274.79813,    274.76047,    274.64999
     t,    274.46091,    274.42548,    274.45001
     t,    273.51651,    273.48746,    275.04999
     t,    270.14667,    270.11121,    271.45001
     t,    268.78644,    268.73935,    269.45001
     t,    266.06921,    266.01349,    266.45001
     t,    264.79773,    264.74011,    264.75000
     t,    262.48669,    262.43307,    262.14999
     t,    258.87604,    258.84631,    259.64999
     t,    257.37234,    257.36142,    257.45001
     t,    251.98943,    252.02786,    251.25000
     t,    249.87788,    249.91559,    250.85001
     t,    245.96310,    245.99176,    245.45000
     t,    242.93657,    242.95349,    242.64999
     t,    235.82242,    235.81494,    236.64999
     t,    232.86195,    232.84496,    233.45000
     t,    223.42088,    223.39619,    222.64999
     t,    221.68443,    221.66524,    221.64999
     t,    221.17693,    221.15932,    221.05000
     t,    218.02705,    218.02058,    217.45000
     t,    207.52257,    207.62608,    206.05000
     t,    206.44432,    206.56223,    204.45000
     t,    204.35991,    204.38402,    200.85001
     t,    203.82166,    203.80023,    201.85001
     t,    202.50276,    202.43690,    200.85001
     t,    202.41460,    202.35060,    201.25000
     t,    202.32561,    202.26347,    203.45000
     t,    202.18254,    202.10339,    202.64999
     t,    203.16693,    203.15404,    201.45000
     t,    204.18967,    204.08795,    206.45000
     t,    205.76347,    205.62415,    206.85001
     t,    207.88243,    208.03969,    206.85001
     t,    209.93333,    210.27386,    210.05000
     t,    210.57936,    210.84338,    208.64999
     t,    301.54361,    301.55939,    301.91916
     q,      0.28975,      0.28964,      0.28146
     q,      0.30066,      0.30057,      0.32196
     q,      0.34322,      0.34314,      0.34007
     q,      0.46160,      0.46190,      0.44825
     q,      0.47575,      0.47612,      0.47065
     q,      0.52662,      0.52674,      0.46978
     q,      0.55048,      0.55056,      0.40088
     q,      0.63725,      0.63698,      0.54517
     q,      0.65548,      0.65517,      0.56892
     q,      0.59229,      0.59204,      0.66541
     q,      0.49274,      0.49248,      0.59927
     q,      0.44272,      0.44227,      0.47572
     q,      0.41180,      0.41122,      0.57470
     q,      0.41345,      0.41288,      0.57210
     q,      0.41657,      0.41602,      0.49512
     q,      0.41770,      0.41716,      0.33888
     q,      0.42013,      0.41960,      0.13232
     q,      0.42244,      0.42194,      0.10503
     q,      0.41764,      0.41726,      0.10290
     q,      0.41702,      0.41665,      0.10231
     q,      0.41098,      0.41068,      0.11336
     q,      0.40739,      0.40715,      0.21781
     q,      0.39960,      0.39941,      0.11626
     q,      0.38194,      0.38189,      0.46376
     q,      0.36904,      0.36911,      0.49120
     q,      0.37089,      0.37105,      0.34897
     q,      0.37176,      0.37195,      0.49369
     q,      0.37395,      0.37424,      0.33874
     q,      0.37497,      0.37532,      0.16382
     q,      0.37605,      0.37645,      0.12281
     q,      0.36798,      0.36861,      0.12460
     q,      0.35813,      0.35876,      0.08979
     q,      0.35456,      0.35519,      0.18926
     q,      0.34700,      0.34765,      0.36048
     q,      0.33668,      0.33735,      0.29225
     q,      0.31148,      0.31213,      0.39938
     q,      0.30330,      0.30386,      0.29019
     q,      0.29570,      0.29615,      0.15671
     q,      0.27779,      0.27802,      0.21467
     q,      0.26455,      0.26455,      0.37849
     q,      0.26845,      0.26843,      0.30680
     q,      0.27550,      0.27543,      0.36117
     q,      0.27905,      0.27897,      0.30133
     q,      0.28289,      0.28278,      0.40201
     q,      0.28706,      0.28692,      0.21638
     q,      0.29319,      0.29302,      0.15952
     q,      0.29926,      0.29928,      0.34014
     q,      0.29875,      0.29904,      0.28978
     q,      0.29845,      0.29889,      0.35329
     q,      0.15778,      0.15617,      0.16072
     q,      0.15879,      0.15715,      0.18150
     q,      0.20618,      0.20384,      0.21265
     q,      0.32986,      0.32594,      0.28664
     q,      0.45462,      0.44974,      0.38499
     q,      0.65932,      0.66753,      0.56069
     q,      0.39574,      0.39364,      0.69238
     q,      0.37295,      0.37005,      0.60002
     q,      0.35609,      0.35261,      0.37729
     q,      0.33058,      0.32613,      0.22433
     q,      0.31259,      0.30754,      0.24541
     q,      0.26192,      0.25513,      0.07980
     q,      0.12761,      0.12191,      0.03501
     q,      0.09547,      0.09335,      0.03877
     q,      0.08147,      0.08151,      0.03067
     q,      0.08373,      0.08392,      0.17721
     q,      0.08349,      0.08404,      0.11185
     q,      0.05625,      0.05620,      0.04565
     q,      0.25075,      0.24785,      0.24149
     t,    304.63034,    304.83392,    301.54999
     t,    303.41895,    303.63187,    299.35001
     t,    302.11987,    302.33124,    297.45001
     t,    300.03784,    300.24710,    295.45001
     t,    297.53912,    297.74609,    293.25000
     t,    296.12018,    296.32593,    292.04999
     t,    294.79538,    294.99628,    291.14999
     t,    290.34763,    290.47668,    287.54999
     t,    290.02429,    290.16705,    287.64999
     t,    289.66568,    289.83548,    288.54999
     t,    289.30423,    289.50128,    289.14999
     t,    288.87534,    289.10446,    289.35001
     t,    285.44241,    285.43524,    285.75000
     t,    285.06625,    285.04382,    285.54999
     t,    283.45877,    283.38278,    284.04999
     t,    282.58850,    282.50204,    283.25000
     t,    280.48041,    280.36740,    280.85001
     t,    278.37628,    278.26935,    279.04999
     t,    277.27979,    277.18109,    278.04999
     t,    276.16281,    276.07275,    277.04999
     t,    271.75363,    271.78110,    271.85001
     t,    267.20374,    267.14630,    266.35001
     t,    267.09274,    267.03326,    266.14999
     t,    266.64502,    266.57864,    265.75000
     t,    265.39490,    265.30927,    264.75000
     t,    264.00183,    263.89450,    263.54999
     t,    263.40976,    263.29318,    262.75000
     t,    262.81131,    262.68539,    262.85001
     t,    259.95984,    259.84979,    260.25000
     t,    258.80652,    258.70435,    259.35001
     t,    256.61484,    256.55618,    256.45001
     t,    255.96548,    255.92383,    255.64999
     t,    255.83363,    255.79532,    255.64999
     t,    255.16946,    255.14804,    255.64999
     t,    254.90149,    254.88687,    255.45000
     t,    254.36148,    254.36058,    255.25000
     t,    252.83546,    252.84186,    253.85001
     t,    248.72836,    248.70148,    250.05000
     t,    243.39952,    243.40285,    242.85001
     t,    240.10397,    240.13513,    240.45000
     t,    239.54143,    239.57181,    239.85001
     t,    238.39926,    238.42764,    239.64999
     t,    233.10925,    233.13321,    233.05000
     t,    232.63603,    232.66118,    232.45000
     t,    230.15990,    230.19241,    230.45000
     t,    306.29947,    306.27188,    305.45001
     t,    305.82507,    305.79544,    304.95001
     t,    303.50259,    303.47015,    301.85001
     t,    302.06140,    302.02847,    300.35001
     t,    299.77786,    299.74445,    298.04999
     t,    292.54388,    292.49942,    291.25000
     t,    290.77066,    290.71954,    289.64999
     t,    287.72467,    287.68115,    285.85001
     t,    286.74014,    286.70663,    284.54999
     t,    282.99567,    282.81915,    280.85001
     t,    281.74203,    281.57672,    280.75000
     t,    280.86429,    280.71252,    280.45001
     t,    276.94876,    276.92157,    277.54999
     t,    273.79431,    273.97305,    274.04999
     t,    273.32565,    273.50049,    273.64999
     t,    270.90591,    271.06189,    271.04999
     t,    269.85028,    269.98038,    269.85001
     t,    269.18350,    269.28665,    268.85001
     t,    268.42075,    268.49301,    268.14999
     t,    268.34055,    268.41013,    268.14999
     t,    267.30130,    267.32849,    268.14999
     t,    264.05173,    264.13373,    264.85001
     t,    256.49615,    256.62982,    256.85001
     t,    248.27150,    248.25830,    247.64999
     t,    242.15991,    242.17807,    244.25000
     t,    241.40903,    241.42888,    243.64999
     t,    233.69170,    233.71329,    234.05000
     t,    223.04825,    223.08334,    222.05000
     t,    222.03270,    222.06847,    221.05000
     t,    210.45383,    210.47446,    209.05000
     t,    208.40889,    208.41512,    207.05000
     t,    207.85948,    207.84531,    205.64999
     t,    206.43542,    206.36900,    202.45000
     t,    206.04414,    205.96500,    203.05000
     t,    205.78226,    205.69157,    204.45000
     t,    205.23233,    205.12563,    204.64999
     t,    204.62241,    204.49179,    203.45000
     t,    203.21959,    203.02373,    203.05000
     t,    203.06093,    202.86028,    204.05000
     t,    203.17661,    203.04686,    203.85001
     t,    203.34860,    203.32430,    202.25000
     t,    204.32074,    204.50874,    204.64999
     t,    205.90013,    206.19287,    204.45000
     t,    206.23618,    206.43462,    206.05000
     t,    207.39062,    207.37888,    204.85001
     t,    207.71907,    207.60109,    204.85001
     t,    209.35085,    208.84300,    210.25000
     t,    210.99416,    210.77431,    211.45000
     t,    211.17915,    210.99315,    213.25000
     q,      0.43368,      0.41192,      0.55707
     q,      0.45616,      0.43312,      0.50172
     q,      0.48342,      0.45885,      0.51416
     q,      0.53232,      0.50498,      0.56704
     q,      0.59859,      0.56741,      0.60937
     q,      0.64073,      0.60707,      0.63487
     q,      0.67992,      0.64480,      0.60313
     q,      0.62914,      0.53554,      0.62924
     q,      0.58301,      0.49678,      0.61177
     q,      0.52176,      0.44871,      0.38973
     q,      0.45939,      0.39977,      0.23473
     q,      0.38440,      0.33915,      0.22414
     q,      0.16953,      0.17678,      0.10012
     q,      0.16203,      0.16778,      0.08476
     q,      0.14058,      0.14068,      0.13694
     q,      0.14627,      0.14494,      0.25657
     q,      0.16105,      0.15546,      0.19482
     q,      0.21758,      0.20846,      0.33810
     q,      0.26058,      0.24947,      0.21028
     q,      0.30822,      0.29517,      0.24889
     q,      0.50227,      0.50170,      0.39786
     q,      0.67252,      0.68699,      0.65025
     q,      0.67596,      0.69080,      0.65575
     q,      0.68334,      0.69819,      0.62407
     q,      0.70594,      0.72083,      0.76597
     q,      0.73459,      0.74963,      0.79968
     q,      0.74877,      0.76378,      0.76718
     q,      0.76424,      0.77923,      0.68370
     q,      0.69742,      0.69620,      0.73480
     q,      0.66159,      0.65116,      0.62428
     q,      0.57582,      0.56890,      0.58010
     q,      0.54634,      0.54278,      0.51943
     q,      0.53989,      0.53722,      0.47944
     q,      0.50569,      0.50775,      0.13088
     q,      0.49104,      0.49512,      0.06839
     q,      0.45984,      0.46823,      0.02764
     q,      0.28498,      0.33375,      0.03038
     q,      0.13921,      0.13126,      0.09948
     q,      0.36496,      0.38060,      0.35733
     q,      0.37207,      0.38810,      0.37675
     q,      0.41218,      0.43014,      0.40355
     q,      0.44032,      0.45957,      0.42769
     q,      0.49021,      0.51173,      0.45267
     q,      0.67759,      0.71822,      0.59054
     q,      0.69922,      0.74384,      0.73209
     q,      0.66725,      0.68429,      0.74876
     q,      0.64719,      0.64380,      0.75143
     q,      0.67072,      0.66085,      0.81828
     q,      0.67890,      0.66546,      0.67624
     q,      0.68452,      0.66786,      0.68005
     q,      0.69260,      0.65959,      0.62999
     q,      0.64175,      0.59387,      0.65172
     q,      0.61209,      0.56783,      0.51948
     q,      0.43803,      0.41526,      0.42823
     q,      0.36220,      0.34930,      0.23317
     q,      0.32464,      0.31712,      0.22354
     q,      0.27874,      0.27778,      0.37027
     q,      0.27260,      0.27281,      0.37239
     q,      0.20346,      0.21365,      0.07779
     q,      0.13476,      0.14307,      0.06454
     q,      0.13190,      0.16430,      0.06896
     q,      0.08745,      0.10276,      0.02956
     t,    301.76114,    301.77011,    296.54999
     t,    301.76117,    301.77011,    298.35001
     t,    301.76114,    301.77011,    298.04999
     t,    301.76117,    301.77014,    298.95001
     t,    301.55603,    301.56702,    298.14999
     t,    300.98523,    300.99515,    296.64999
     t,    300.36041,    300.36926,    294.85001
     t,    299.76047,    299.76883,    295.35001
     t,    296.25781,    296.26511,    291.95001
     t,    295.47928,    295.48639,    291.75000
     t,    295.14346,    295.15048,    292.25000
     t,    294.14264,    294.14941,    291.64999
     t,    294.03094,    294.03769,    291.85001
     t,    291.78540,    291.79120,    290.35001
     t,    288.98395,    288.98697,    287.64999
     t,    287.29929,    287.29907,    286.45001
     t,    284.93610,    284.93234,    284.95001
     t,    282.28543,    282.27997,    281.75000
     t,    273.86523,    273.85287,    273.64999
     t,    270.04572,    270.02768,    269.85001
     t,    269.22235,    269.20343,    268.95001
     t,    266.95880,    266.93628,    266.54999
     t,    266.52158,    266.49847,    266.04999
     t,    264.54578,    264.51996,    263.64999
     t,    264.20959,    264.18332,    263.64999
     t,    263.30240,    263.27386,    263.95001
     t,    262.36740,    262.33844,    262.95001
     t,    261.70596,    261.67776,    262.35001
     t,    259.17358,    259.14905,    259.64999
     t,    253.57167,    253.56122,    254.25000
     t,    251.65594,    251.64861,    252.45000
     t,    246.18636,    246.18294,    246.55000
     t,    241.90837,    241.90642,    242.75000
     t,    239.16980,    239.16832,    239.64999
     t,    237.65385,    237.65259,    237.85001
     t,    237.27019,    237.26888,    237.45000
     t,    235.71182,    235.71028,    235.64999
     t,    231.27495,    231.27242,    230.85001
     t,    229.21619,    229.21335,    228.85001
     t,    227.78697,    227.78368,    227.64999
     t,    227.62529,    227.62193,    227.45000
     t,    223.77516,    223.76993,    222.25000
     t,    222.77042,    222.76529,    221.45000
     t,    221.39261,    221.38739,    220.85001
     t,    219.75302,    219.75067,    220.64999
     t,    219.50615,    219.50439,    220.85001
     t,    218.31696,    218.32219,    217.25000
     t,    218.17761,    218.18439,    217.85001
     t,    217.65973,    217.67206,    216.64999
     t,    217.32281,    217.34019,    217.85001
     t,    216.90361,    216.92757,    217.85001
     t,    216.33018,    216.36189,    217.05000
     t,    215.45731,    215.49611,    215.45000
     t,    213.62181,    213.67679,    212.25000
     t,    213.13281,    213.19127,    212.45000
     t,    211.40086,    211.47670,    208.64999
     t,    210.84885,    210.92960,    208.25000
     t,    210.66199,    210.74594,    209.25000
     t,    209.87473,    209.96941,    209.25000
     t,    208.09891,    208.22617,    207.05000
     t,    206.91228,    207.09428,    206.25000
     t,    207.31731,    207.56216,    205.05000
     t,    207.67346,    207.92795,    208.05000
     t,    208.73936,    208.88387,    208.85001
     t,    208.98294,    209.06541,    211.05000
     t,    210.60916,    210.21945,    209.85001
     t,    211.43788,    211.01704,    209.85001
     t,    212.50446,    212.19318,    211.45000
     t,    212.86530,    212.60696,    214.05000
     t,    302.30432,    301.69119,    299.75000
     t,    302.12817,    301.50452,    296.75000
     t,    296.73474,    296.11154,    291.75000
     t,    293.38812,    292.79120,    288.85001
     t,    293.17200,    292.69440,    288.85001
     t,    292.73730,    292.49969,    290.75000
     t,    292.29941,    292.30353,    291.35001
     t,    291.63635,    292.00653,    291.35001
     t,    291.06384,    291.45428,    290.54999
     t,    289.43289,    289.66092,    288.75000
     t,    288.69638,    288.91302,    288.04999
     t,    287.61917,    287.79846,    287.25000
     t,    285.65729,    285.77240,    285.45001
     t,    282.02588,    282.07376,    281.95001
     t,    276.42740,    276.45126,    275.95001
     t,    275.83023,    275.85193,    275.54999
     t,    274.20816,    274.22394,    273.95001
     t,    272.99411,    273.00595,    273.04999
     t,    267.08322,    267.07324,    266.95001
     t,    265.82510,    265.81107,    266.14999
     t,    265.07404,    265.05731,    265.85001
     t,    262.41223,    262.38089,    262.45001
     t,    259.08197,    259.02890,    259.14999
     t,    256.83871,    256.76794,    256.75000
     t,    255.18752,    255.11980,    255.14999
     t,    254.66226,    254.59647,    254.95000
     t,    254.13177,    254.06793,    254.25000
     t,    252.37363,    252.31662,    252.05000
     t,    251.50610,    251.45604,    250.95000
     t,    250.30722,    250.26949,    250.55000
     t,    243.09039,    243.11960,    243.95000
     t,    237.72046,    237.74565,    238.95000
     t,    234.88135,    234.91995,    236.25000
     t,    230.91280,    230.96181,    232.05000
     t,    228.21446,    228.25092,    229.25000
     t,    227.35655,    227.38904,    228.45000
     t,    221.44392,    221.47449,    218.85001
     t,    220.26913,    220.33578,    218.25000
     t,    220.13161,    220.20575,    218.85001
     t,    219.78348,    219.87642,    220.05000
     t,    219.01089,    219.11209,    219.64999
     t,    218.87326,    218.96629,    220.85001
     t,    218.37386,    218.44029,    220.64999
     t,    217.23773,    217.26482,    218.25000
     t,    215.60658,    215.59958,    216.25000
     t,    214.02463,    213.99951,    215.05000
     t,    211.45851,    211.42041,    210.45000
     t,    211.14967,    211.11446,    211.05000
     t,    209.61176,    209.59148,    208.25000
     t,    209.12642,    209.10745,    209.05000
     t,    208.62181,    208.60342,    207.05000
     t,    208.67776,    208.63756,    207.45000
     t,    209.77496,    209.59616,    207.05000
     t,    210.22800,    209.97549,    210.45000
     t,    210.53203,    210.17145,    210.85001
     t,    210.79527,    210.33701,    209.05000
     t,    211.28967,    210.94730,    209.45000
     t,    211.73187,    211.53635,    210.25000
     t,    211.75974,    211.57341,    210.45000
     t,    211.95967,    211.91228,    212.64999
     t,    212.56081,    212.76443,    213.85001
     t,    214.10812,    214.09749,    213.45000
     t,    214.40765,    214.34212,    216.05000
     t,    225.32753,    225.30200,    226.14999
     t,    223.34091,    223.31900,    226.14999
     q,      0.20530,      0.20519,      0.32084
     q,      0.20530,      0.20519,      0.66733
     q,      0.20530,      0.20519,      0.65328
     q,      0.20530,      0.20519,      0.62688
     q,      0.20712,      0.20700,      0.50961
     q,      0.21236,      0.21223,      0.34129
     q,      0.21829,      0.21816,      0.28062
     q,      0.22428,      0.22414,      0.29906
     q,      0.26473,      0.26458,      0.31679
     q,      0.27484,      0.27468,      0.32764
     q,      0.27944,      0.27929,      0.30302
     q,      0.29309,      0.29293,      0.33156
     q,      0.29464,      0.29448,      0.31537
     q,      0.32822,      0.32807,      0.32817
     q,      0.37343,      0.37339,      0.34906
     q,      0.40231,      0.40247,      0.38394
     q,      0.42600,      0.42668,      0.40305
     q,      0.45130,      0.45215,      0.43832
     q,      0.61142,      0.61274,      0.57928
     q,      0.70000,      0.70269,      0.69742
     q,      0.71283,      0.71587,      0.66337
     q,      0.75011,      0.75437,      0.69597
     q,      0.74820,      0.75246,      0.50889
     q,      0.73582,      0.74033,      0.69430
     q,      0.73342,      0.73797,      0.73036
     q,      0.72583,      0.73061,      0.83119
     q,      0.71216,      0.71684,      0.83797
     q,      0.69677,      0.70118,      0.95528
     q,      0.62670,      0.62966,      0.79191
     q,      0.55223,      0.55292,      0.68344
     q,      0.54118,      0.54147,      0.67510
     q,      0.52888,      0.52938,      0.57164
     q,      0.51118,      0.51173,      0.47552
     q,      0.50043,      0.50099,      0.36029
     q,      0.49195,      0.49251,      0.17400
     q,      0.48379,      0.50288,      0.57100
     q,      0.48704,      0.50627,      0.49455
     q,      0.62091,      0.64674,      0.54957
     q,      0.71904,      0.74123,      0.60292
     q,      0.69715,      0.69582,      0.62072
     q,      0.65242,      0.60305,      0.56356
     q,      0.60637,      0.50754,      0.49367
     q,      0.53469,      0.35890,      0.44792
     q,      0.43913,      0.28630,      0.46327
     q,      0.24789,      0.19635,      0.38478
     q,      0.22343,      0.18415,      0.20160
     q,      0.21813,      0.19196,      0.13794
     q,      0.22694,      0.21427,      0.23319
     q,      0.25859,      0.24113,      0.33094
     q,      0.30756,      0.28986,      0.30661
     q,      0.31390,      0.29784,      0.19039
     q,      0.33337,      0.32231,      0.17075
     q,      0.34584,      0.33838,      0.39656
     q,      0.31798,      0.31914,      0.36928
     q,      0.29212,      0.29361,      0.37934
     q,      0.27536,      0.27712,      0.33229
     q,      0.22931,      0.22890,      0.35871
     q,      0.18355,      0.17983,      0.26463
     q,      0.17220,      0.16642,      0.30758
     q,      0.21877,      0.20581,      0.24853
     q,      0.24003,      0.22391,      0.17046
     q,      0.26304,      0.24350,      0.13620
     q,      0.35518,      0.32263,      0.14074
     q,      0.39386,      0.36127,      0.33605
     q,      0.44547,      0.41779,      0.57853
     q,      0.69365,      0.70882,      0.69225
     q,      0.68508,      0.70262,      0.59171
     t,    303.24380,    303.71201,    302.04999
     t,    303.24384,    303.71201,    300.95001
     t,    301.96838,    302.39584,    299.35001
     t,    301.05750,    301.31549,    298.54999
     t,    295.46167,    295.29904,    293.45001
     t,    292.64511,    292.54324,    290.85001
     t,    289.97925,    290.22922,    291.04999
     t,    289.09674,    289.38327,    290.75000
     t,    288.27322,    288.59753,    290.04999
     t,    282.15042,    282.37964,    283.54999
     t,    281.67578,    281.89893,    282.95001
     t,    279.47897,    279.64899,    280.85001
     t,    277.21625,    277.33072,    278.04999
     t,    276.05521,    276.14951,    276.75000
     t,    274.24213,    274.30872,    274.35001
     t,    273.87112,    273.93152,    274.04999
     t,    273.49881,    273.55344,    273.64999
     t,    272.45618,    272.50031,    272.35001
     t,    271.98056,    272.01871,    271.85001
     t,    271.40256,    271.43240,    271.35001
     t,    269.63565,    269.64188,    269.35001
     t,    269.33606,    269.33844,    268.95001
     t,    268.52917,    268.52121,    268.45001
     t,    268.03323,    268.01666,    268.14999
     t,    266.07727,    266.01599,    265.75000
     t,    265.77814,    265.71036,    265.85001
     t,    265.37656,    265.30014,    265.75000
     t,    263.64590,    263.53778,    263.54999
     t,    263.24005,    263.13007,    263.35001
     t,    263.03589,    262.92496,    263.04999
     t,    261.89603,    261.77927,    262.04999
     t,    261.05017,    260.92960,    261.85001
     t,    251.85742,    251.89467,    252.25000
     t,    251.07712,    251.12297,    251.45000
     t,    248.23546,    248.28687,    248.05000
     t,    246.96359,    247.01964,    246.45000
     t,    245.17551,    245.23019,    244.45000
     t,    240.61833,    240.64479,    240.64999
     t,    239.02248,    239.03076,    240.05000
     t,    236.19035,    236.17928,    237.45000
     t,    230.41220,    230.47292,    231.64999
     t,    226.35773,    226.57262,    229.25000
     t,    225.79648,    226.01564,    228.45000
     t,    224.26450,    224.49493,    226.85001
     t,    221.80499,    221.95944,    223.45000
     t,    219.79321,    219.74762,    220.25000
     t,    218.94846,    218.86307,    218.45000
     t,    218.05905,    217.96315,    216.64999
     t,    216.71837,    216.52460,    211.25000
     t,    216.60419,    216.39433,    212.45000
     t,    216.57576,    216.35115,    212.05000
     t,    216.54828,    216.30717,    217.05000
     t,    216.54243,    216.29691,    217.85001
     t,    216.45457,    216.18533,    215.85001
     t,    216.43817,    216.18782,    216.25000
     t,    216.44818,    216.20865,    216.85001
     t,    216.40027,    216.22873,    215.85001
     t,    216.36572,    216.25189,    214.25000
     t,    216.32863,    216.26826,    216.45000
     t,    216.31480,    216.26700,    218.25000
     t,    216.22710,    216.25189,    218.64999
     t,    215.93536,    216.11305,    216.45000
     t,    215.80969,    216.03378,    214.64999
     t,    215.63695,    215.89468,    214.05000
     t,    302.23782,    302.30209,    294.64999
     t,    302.23782,    302.30209,    296.85001
     t,    301.80966,    301.87302,    296.75000
     t,    301.06760,    301.13562,    296.14999
     t,    299.36020,    299.40164,    296.54999
     t,    295.94543,    295.90729,    295.35001
     t,    290.78018,    290.80389,    289.64999
     t,    287.90424,    287.92209,    287.75000
     t,    285.13138,    285.00458,    284.64999
     t,    285.03290,    284.89856,    284.64999
     t,    282.43408,    282.26706,    281.64999
     t,    281.00998,    280.90305,    280.14999
     t,    279.18228,    279.12277,    277.95001
     t,    278.38611,    278.32983,    277.04999
     t,    275.51447,    275.46320,    274.85001
     t,    273.79324,    273.74023,    273.64999
     t,    271.50970,    271.46262,    270.45001
     t,    271.08499,    271.03900,    270.45001
     t,    270.86423,    270.81583,    270.95001
     t,    270.76065,    270.71283,    270.75000
     t,    270.56036,    270.51349,    269.85001
     t,    270.35931,    270.31339,    270.25000
     t,    270.05646,    270.01193,    269.85001
     t,    269.75189,    269.70880,    269.14999
     t,    269.44571,    269.40405,    269.35001
     t,    265.77267,    265.75485,    265.45001
     t,    264.50159,    264.49716,    264.14999
     t,    255.14093,    255.19637,    256.54999
     t,    252.46298,    252.52808,    253.05000
     t,    247.61739,    247.72722,    248.45000
     t,    245.67163,    245.80731,    245.95000
     t,    239.83289,    239.90918,    240.35001
     t,    236.74063,    236.79362,    237.14999
     t,    235.79196,    235.84050,    236.14999
     t,    232.68036,    232.73842,    234.45000
     t,    226.14935,    226.25581,    227.45000
     t,    222.35213,    222.49625,    222.85001
     t,    221.35492,    221.50462,    222.64999
     t,    218.77357,    218.88332,    218.85001
     t,    217.94138,    218.02950,    218.45000
     t,    217.72493,    217.80495,    219.64999
     t,    216.97270,    217.02339,    218.45000
     t,    216.67450,    216.70572,    216.45000
     t,    216.60834,    216.62857,    216.85001
     t,    216.43269,    216.42883,    215.64999
     t,    216.32268,    216.30482,    216.05000
     t,    216.07997,    216.04692,    214.45000
     t,    215.85167,    215.81805,    216.45000
     t,    215.66249,    215.63138,    214.85001
     t,    215.56593,    215.53439,    215.64999
     t,    215.27260,    215.26094,    215.85001
     t,    215.23331,    215.22343,    216.05000
     t,    215.02988,    215.03737,    214.85001
     t,    214.86240,    214.88765,    215.05000
     t,    214.83385,    214.86073,    214.45000
     t,    214.77338,    214.81262,    214.85001
     t,    214.71510,    214.75754,    217.05000
     t,    214.68336,    214.73611,    217.64999
     t,    214.47078,    214.54236,    215.64999
     t,    214.38777,    214.45183,    217.45000
     t,    214.30212,    214.36441,    215.85001
     t,    214.17250,    214.22159,    215.45000
     t,    213.59702,    213.59161,    210.85001
     t,    213.30138,    213.26350,    210.45000
     t,    213.10780,    213.03876,    208.85001
     t,    212.97717,    212.85980,    208.64999
     t,    212.93681,    212.80560,    209.64999
     t,    212.90518,    212.76312,    213.05000
     t,    212.85585,    212.69379,    213.64999
     t,    212.77892,    212.53326,    213.45000
     t,    213.00369,    212.61578,    210.64999
     t,    213.16171,    212.70099,    214.45000
     t,    213.67499,    213.39920,    212.64999
     t,    213.76274,    213.66473,    214.45000
     t,    213.92366,    214.00346,    215.25000
     t,    214.25548,    214.71182,    213.64999
     t,    215.06297,    216.03758,    216.05000
     t,    216.55679,    217.33638,    214.05000
     t,    259.72397,    259.76956,    260.24567
     q,      0.51124,      0.49155,      0.49938
     q,      0.51124,      0.49155,      0.44751
     q,      0.52621,      0.50830,      0.46419
     q,      0.52737,      0.51645,      0.49413
     q,      0.62904,      0.62582,      0.60199
     q,      0.69652,      0.68022,      0.60940
     q,      0.73915,      0.69314,      0.28909
     q,      0.73147,      0.68044,      0.34255
     q,      0.72533,      0.66860,      0.51623
     q,      0.71751,      0.67680,      0.63574
     q,      0.72159,      0.68375,      0.62862
     q,      0.73615,      0.70848,      0.62533
     q,      0.75133,      0.73460,      0.68883
     q,      0.75245,      0.73910,      0.55008
     q,      0.75177,      0.74171,      0.60332
     q,      0.75203,      0.74305,      0.64872
     q,      0.75200,      0.74377,      0.55771
     q,      0.75288,      0.74637,      0.54753
     q,      0.74976,      0.74460,      0.63068
     q,      0.74692,      0.74363,      0.54296
     q,      0.73525,      0.73778,      0.61591
     q,      0.73282,      0.73642,      0.66034
     q,      0.72581,      0.73251,      0.57948
     q,      0.71996,      0.72861,      0.63101
     q,      0.69126,      0.70810,      0.47303
     q,      0.68558,      0.70389,      0.24481
     q,      0.67766,      0.69802,      0.14417
     q,      0.64621,      0.67414,      0.19569
     q,      0.63997,      0.66862,      0.12182
     q,      0.63672,      0.66575,      0.08106
     q,      0.62059,      0.65130,      0.07969
     q,      0.60791,      0.63972,      0.02784
     q,      0.56397,      0.58950,      0.02373
     q,      0.57689,      0.59677,      0.02925
     q,      0.65876,      0.63980,      0.21371
     q,      0.66308,      0.64650,      0.14386
     q,      0.66024,      0.65064,      0.14180
     q,      0.65251,      0.64445,      0.09518
     q,      0.64117,      0.62760,      0.10305
     q,      0.42413,      0.41472,      0.42295
     q,      0.42413,      0.41472,      0.40446
     q,      0.43033,      0.42076,      0.34753
     q,      0.44242,      0.43257,      0.37273
     q,      0.47076,      0.46299,      0.35020
     q,      0.49958,      0.51755,      0.39270
     q,      0.45597,      0.43708,      0.47144
     q,      0.46293,      0.44840,      0.60301
     q,      0.48836,      0.48074,      0.62562
     q,      0.48974,      0.48226,      0.62959
     q,      0.52981,      0.52462,      0.74068
     q,      0.55574,      0.55098,      0.60716
     q,      0.58710,      0.58330,      0.67269
     q,      0.59756,      0.59419,      0.62523
     q,      0.64379,      0.64266,      0.77799
     q,      0.66401,      0.66414,      0.74221
     q,      0.69395,      0.69545,      0.81792
     q,      0.70044,      0.70223,      0.82595
     q,      0.70470,      0.70684,      0.78474
     q,      0.70580,      0.70803,      0.77868
     q,      0.70666,      0.70909,      0.85225
     q,      0.70754,      0.71018,      0.72363
     q,      0.70890,      0.71187,      0.71060
     q,      0.71032,      0.71362,      0.82191
     q,      0.71178,      0.71543,      0.80176
     q,      0.72868,      0.73603,      0.85421
     q,      0.72700,      0.73433,      0.85969
     q,      0.72849,      0.73212,      0.88764
     q,      0.74515,      0.74647,      0.77385
     q,      0.76541,      0.75964,      0.78141
     q,      0.76055,      0.75207,      0.66482
     q,      0.71261,      0.71206,      0.77064
     q,      0.68730,      0.69075,      0.70539
     q,      0.71881,      0.72382,      0.89652
     t,    312.72122,    312.71912,    312.25000
     t,    312.57657,    312.55887,    309.64999
     t,    311.76099,    311.74023,    308.85001
     t,    307.32867,    307.30984,    304.54999
     t,    299.95932,    299.94315,    297.64999
     t,    298.12918,    298.11371,    295.85001
     t,    296.24698,    296.22195,    295.25000
     t,    295.75748,    295.72769,    296.04999
     t,    294.30920,    294.25940,    295.14999
     t,    287.22498,    287.14270,    287.64999
     t,    286.58014,    286.51065,    286.85001
     t,    285.93207,    285.87552,    286.25000
     t,    283.72153,    283.68372,    283.64999
     t,    281.15497,    281.08340,    281.45001
     t,    279.56567,    279.47266,    280.04999
     t,    278.70111,    278.59995,    279.35001
     t,    277.40421,    277.29120,    277.64999
     t,    276.65463,    276.53397,    276.75000
     t,    275.46558,    275.33273,    275.35001
     t,    275.13657,    275.05197,    274.85001
     t,    273.89908,    273.96948,    273.25000
     t,    273.47760,    273.60080,    272.95001
     t,    272.69250,    272.91974,    272.64999
     t,    271.40765,    271.62738,    270.54999
     t,    269.73898,    269.89618,    270.25000
     t,    269.64474,    269.79816,    270.25000
     t,    267.46402,    267.55197,    267.14999
     t,    265.77341,    265.82495,    266.45001
     t,    265.12485,    265.16187,    265.54999
     t,    264.79736,    264.82706,    265.54999
     t,    263.77258,    263.79086,    264.14999
     t,    263.30624,    263.32114,    263.54999
     t,    261.88138,    261.88596,    261.64999
     t,    261.64011,    261.64279,    261.45001
     t,    260.54001,    260.53476,    260.45001
     t,    258.33582,    258.34958,    258.04999
     t,    257.66684,    257.68799,    257.85001
     t,    252.61891,    252.64290,    252.45000
     t,    251.13199,    251.14490,    251.85001
     t,    249.75523,    249.73976,    250.85001
     t,    245.15982,    245.05194,    245.85001
     t,    242.99103,    242.84343,    243.25000
     t,    241.87430,    241.70683,    242.05000
     t,    237.34457,    237.13783,    238.05000
     t,    232.93187,    232.75438,    233.05000
     t,    223.01572,    222.96065,    223.85001
     t,    221.26532,    221.23808,    221.64999
     t,    210.72069,    210.87201,    209.45000
     t,    207.94971,    208.09474,    207.05000
     t,    207.42412,    207.56796,    206.64999
     t,    205.36928,    205.31703,    202.85001
     t,    204.46547,    204.39000,    203.64999
     t,    203.75139,    203.71669,    201.45000
     t,    203.46524,    203.48936,    202.45000
     t,    203.24051,    203.37874,    200.85001
     t,    203.01591,    203.27466,    200.45000
     t,    202.99472,    203.29166,    202.85001
     t,    202.97827,    203.30482,    203.25000
     t,    203.70412,    203.80429,    200.45000
     t,    205.19958,    204.83261,    206.25000
     t,    206.50981,    206.17892,    205.85001
     t,    209.45964,    209.37141,    206.05000
     t,    309.40479,    309.38501,    306.61050
     t,    303.22443,    303.25806,    304.04999
     t,    303.22443,    303.25809,    303.75000
     t,    303.47333,    303.49106,    303.95001
     t,    303.47333,    303.49106,    303.75000
     t,    303.19296,    303.28592,    306.75000
     t,    303.19296,    303.28592,    306.14999
     t,    303.22211,    303.29504,    303.85001
     t,    303.22211,    303.29504,    303.64999
     t,    303.69009,    303.69870,    304.45001
     t,    303.69006,    303.69870,    304.14999
     t,    304.08975,    304.10608,    304.95001
     t,    304.08972,    304.10605,    304.54999
     t,    303.90155,    303.91205,    304.35001
     t,    303.90158,    303.91205,    303.95001
     t,    303.22443,    303.25809,    304.25000
     t,    303.22443,    303.25809,    303.64999
     t,    303.22443,    303.25809,    303.64999
     t,    303.47333,    303.49106,    304.25000
     t,    303.47333,    303.49103,    303.64999
     t,    303.47333,    303.49106,    303.45001
     t,    303.19296,    303.28592,    307.35001
     t,    303.19296,    303.28592,    305.85001
     t,    303.19296,    303.28592,    305.75000
     t,    303.22211,    303.29504,    304.54999
     t,    303.22211,    303.29504,    303.14999
     t,    303.22214,    303.29504,    302.95001
     t,    303.69006,    303.69870,    305.25000
     t,    303.69006,    303.69870,    303.85001
     t,    303.69006,    303.69870,    303.54999
     t,    304.08975,    304.10608,    305.95001
     t,    304.08975,    304.10608,    303.95001
     t,    304.08975,    304.10608,    303.45001
     t,    303.90155,    303.91205,    305.35001
     t,    303.90158,    303.91205,    303.45001
     t,    303.90158,    303.91205,    302.95001
     t,    303.22443,    303.25806,    304.04999
     t,    303.22446,    303.25809,    303.95001
     t,    303.47333,    303.49103,    304.14999
     t,    303.47333,    303.49103,    304.14999
     t,    303.19296,    303.28592,    307.04999
     t,    303.19296,    303.28592,    306.54999
     t,    303.22211,    303.29504,    304.25000
     t,    303.22211,    303.29504,    304.35001
     t,    303.69006,    303.69870,    305.14999
     t,    303.69006,    303.69870,    305.04999
     t,    304.08975,    304.10608,    305.45001
     t,    304.08975,    304.10608,    305.35001
     t,    303.90155,    303.91205,    304.85001
     t,    303.90155,    303.91202,    304.64999
     q,      0.37605,      0.37594,      0.48691
     q,      0.37817,      0.37804,      0.41126
     q,      0.39070,      0.39062,      0.43534
     q,      0.47394,      0.47360,      0.51783
     q,      0.66580,      0.66487,      0.68474
     q,      0.72539,      0.72422,      0.73576
     q,      0.76433,      0.76561,      0.69458
     q,      0.77101,      0.77355,      0.59440
     q,      0.77725,      0.78224,      0.57285
     q,      0.73663,      0.74610,      0.56895
     q,      0.73477,      0.74388,      0.59996
     q,      0.73297,      0.74180,      0.52651
     q,      0.72638,      0.73686,      0.57878
     q,      0.71674,      0.73644,      0.44227
     q,      0.71004,      0.73682,      0.47759
     q,      0.68403,      0.71415,      0.41311
     q,      0.62542,      0.66016,      0.53047
     q,      0.58968,      0.62744,      0.41460
     q,      0.52780,      0.57081,      0.47014
     q,      0.50544,      0.54246,      0.36626
     q,      0.42045,      0.43645,      0.35106
     q,      0.38960,      0.39797,      0.25434
     q,      0.33140,      0.32427,      0.20335
     q,      0.30272,      0.30062,      0.10755
     q,      0.28977,      0.30661,      0.04422
     q,      0.28893,      0.30697,      0.04012
     q,      0.29436,      0.33401,      0.06980
     q,      0.31879,      0.37133,      0.02566
     q,      0.32793,      0.38590,      0.17230
     q,      0.33283,      0.39371,      0.08939
     q,      0.34531,      0.40763,      0.22206
     q,      0.34836,      0.40988,      0.40200
     q,      0.35877,      0.41755,      0.38341
     q,      0.36220,      0.42013,      0.35109
     q,      0.37099,      0.42624,      0.03067
     q,      0.35135,      0.39753,      0.04390
     q,      0.34225,      0.38529,      0.06344
     q,      0.27005,      0.29564,      0.06583
     q,      0.23446,      0.25600,      0.09917
     q,      0.17764,      0.20398,      0.08456
     q,      0.43241,      0.43222,      0.47747
     t,    225.43979,    225.47212,    225.64999
     t,    223.37901,    223.40645,    223.05000
     t,    216.82623,    216.85513,    215.64999
     t,    212.91331,    212.95340,    212.64999
     t,    211.88492,    211.92523,    210.85001
     t,    209.45587,    209.50488,    205.64999
     t,    208.04605,    208.10506,    203.45000
     t,    207.16216,    207.20480,    203.64999
     t,    206.48544,    206.51529,    205.45000
     t,    206.01566,    206.03511,    205.25000
     t,    205.28680,    205.29938,    206.05000
     t,    204.74989,    204.83965,    203.85001
     t,    204.94429,    205.03310,    205.05000
     t,    205.24374,    205.33064,    205.25000
     t,    205.90907,    206.01218,    206.45000
     t,    206.01715,    206.13379,    208.45000
     t,    206.41272,    206.58195,    206.05000
     t,    208.79132,    208.38470,    207.25000
     t,    209.62863,    209.27419,    209.64999
     t,    210.13461,    209.96658,    210.45000
     t,    211.50807,    211.79337,    208.85001
     t,    211.91373,    212.02980,    210.85001
     t,    212.32214,    212.09615,    214.64999
     t,    212.47095,    212.11861,    213.45000
     t,    308.87946,    308.76907,    307.95001
     t,    308.58310,    308.43106,    307.54999
     t,    307.29181,    307.10916,    306.85001
     t,    306.34824,    306.16522,    304.75000
     t,    299.87292,    299.76334,    298.04999
     t,    296.43005,    296.44373,    294.35001
     t,    295.14053,    295.16528,    294.04999
     t,    293.83707,    293.87073,    292.95001
     t,    290.45621,    290.44879,    290.45001
     t,    289.79736,    289.78992,    290.45001
     t,    288.87869,    288.87543,    288.85001
     t,    288.54175,    288.53839,    288.75000
     t,    288.11795,    288.11444,    288.14999
     t,    286.60602,    286.59857,    286.45001
     t,    286.51489,    286.50714,    286.25000
     t,    284.47632,    284.46259,    283.14999
     t,    278.39044,    278.35400,    279.35001
     t,    277.37320,    277.33060,    279.35001
     t,    275.66684,    275.58734,    275.45001
     t,    274.74820,    274.64880,    274.54999
     t,    274.43762,    274.33585,    273.75000
     t,    274.13721,    274.03125,    273.35001
     t,    273.99289,    273.88544,    272.75000
     t,    273.70270,    273.59225,    272.64999
     t,    273.62985,    273.51865,    272.35001
     t,    273.55682,    273.44489,    272.04999
     t,    273.41043,    273.29700,    271.45001
     t,    272.89383,    272.77502,    271.14999
     t,    271.83984,    271.71552,    269.35001
     t,    271.37967,    271.25082,    268.54999
     t,    271.07001,    270.93808,    267.85001
     t,    270.63034,    270.52310,    267.35001
     t,    269.55618,    269.49832,    265.75000
     t,    269.09561,    269.06674,    265.35001
     t,    268.63495,    268.62775,    264.75000
     t,    268.07599,    268.09509,    267.25000
     t,    266.61319,    266.69043,    265.25000
     t,    266.26572,    266.35043,    265.04999
     t,    265.79901,    265.89380,    266.35001
     t,    265.19366,    265.30838,    266.35001
     t,    263.46188,    263.63757,    264.25000
     t,    260.41885,    260.45688,    262.14999
     t,    257.70523,    257.61499,    258.45001
     t,    257.26059,    257.17850,    257.35001
     t,    254.73167,    254.69653,    254.95000
     t,    254.09824,    254.04616,    254.55000
     t,    253.08516,    253.01561,    253.45000
     t,    251.90324,    251.80252,    251.85001
     t,    250.78232,    250.63329,    250.35001
     t,    249.66563,    249.45041,    249.75000
     t,    249.12495,    248.87909,    249.25000
     t,    247.02820,    246.64627,    247.85001
     t,    243.09932,    242.55754,    244.45000
     t,    235.99554,    235.90536,    238.45000
     t,    232.99348,    232.98474,    234.64999
     t,    231.96692,    231.97475,    233.45000
     t,    230.71959,    230.73779,    233.05000
     t,    222.00867,    221.94685,    222.85001
     t,    216.91350,    216.89261,    216.85001
     t,    215.36806,    215.37279,    216.64999
     t,    209.18033,    209.30820,    208.45000
     t,    207.82906,    208.00092,    206.45000
     t,    204.39244,    204.62804,    198.25000
     t,    203.95132,    204.17778,    198.85001
     t,    203.53802,    203.65587,    197.05000
     t,    203.37842,    203.45952,    198.05000
     t,    203.29207,    203.35042,    197.64999
     t,    203.11703,    203.12927,    198.45000
     t,    203.19312,    203.21703,    197.45000
     t,    203.27440,    203.31601,    200.45000
     t,    203.52495,    203.60027,    203.25000
     t,    204.36723,    204.48314,    201.05000
     t,    204.94229,    204.91397,    202.05000
     t,    205.00238,    204.95314,    202.64999
     t,    205.07790,    205.00240,    207.05000
     t,    205.20886,    205.09937,    207.85001
     t,    206.73520,    206.54799,    204.85001
     t,    207.36182,    207.27264,    206.05000
     t,    207.53888,    207.46265,    208.45000
     t,    207.81798,    207.74825,    208.45000
     t,    208.98703,    208.94731,    207.64999
     t,    210.16869,    210.20413,    211.25000
     t,    211.29533,    211.37773,    211.45000
     t,    308.88193,    309.93655,    305.25000
     t,    305.03781,    305.98532,    300.25000
     t,    302.30450,    303.14285,    297.35001
     t,    298.34079,    298.84387,    295.04999
     t,    292.08511,    292.02209,    289.85001
     t,    289.73083,    289.77057,    287.25000
     t,    288.97580,    289.05002,    288.45001
     t,    287.25604,    287.39331,    287.04999
     t,    286.29306,    286.39163,    286.25000
     t,    285.58316,    285.65323,    286.14999
     t,    274.96271,    274.90219,    274.25000
     t,    273.65054,    273.59579,    273.14999
     t,    269.30563,    269.32858,    267.64999
     t,    269.04813,    269.07388,    267.75000
     t,    268.87558,    268.90323,    267.75000
     t,    268.70236,    268.73193,    267.35001
     t,    267.01184,    267.05780,    265.95001
     t,    266.31650,    266.34399,    266.75000
     t,    263.65240,    263.61176,    264.04999
     t,    259.99960,    259.82547,    259.14999
     t,    257.80328,    257.57196,    258.25000
     t,    257.12988,    256.88586,    257.85001
     t,    251.66335,    251.50845,    251.45000
     t,    243.63487,    243.69673,    246.25000
     t,    242.17065,    242.22250,    244.45000
     t,    233.24834,    233.23206,    235.05000
     t,    232.48227,    232.46181,    234.25000
     t,    222.37714,    222.40501,    222.25000
     t,    218.55574,    218.60539,    217.85001
     t,    213.73383,    213.83369,    213.25000
     t,    213.01479,    213.11801,    214.25000
     t,    210.54678,    210.60573,    210.45000
     t,    205.88565,    205.82716,    202.25000
     t,    204.55624,    204.60242,    198.64999
     t,    203.93469,    203.80310,    198.85001
     t,    203.63141,    203.27927,    200.25000
     t,    203.52852,    202.98416,    201.05000
     t,    204.22020,    203.78239,    207.05000
     t,    207.14912,    207.57782,    205.45000
     t,    207.82135,    208.42966,    210.05000
     t,    208.60587,    208.92366,    207.25000
     t,    209.24088,    209.49646,    208.45000
     t,    294.92944,    295.10333,    292.33539
     t,    279.79712,    279.75476,    280.14023
     t,    227.85480,    227.84268,    228.66879
     q,      0.57188,      0.58096,      0.64801
     q,      0.57069,      0.57975,      0.58490
     q,      0.57635,      0.58409,      0.63274
     q,      0.56785,      0.56775,      0.59347
     q,      0.70958,      0.70845,      0.77280
     q,      0.80763,      0.80445,      0.82605
     q,      0.83715,      0.83538,      0.84621
     q,      0.86894,      0.86894,      0.73433
     q,      0.90686,      0.91803,      0.73801
     q,      0.88441,      0.89417,      0.67659
     q,      0.85051,      0.85704,      0.64598
     q,      0.83770,      0.84336,      0.76475
     q,      0.82111,      0.82564,      0.78300
     q,      0.78634,      0.78840,      0.71347
     q,      0.78483,      0.78677,      0.71228
     q,      0.74796,      0.74680,      0.82607
     q,      0.67259,      0.66113,      0.96484
     q,      0.65357,      0.64092,      1.02644
     q,      0.59106,      0.57558,      0.86544
     q,      0.55443,      0.53820,      0.87453
     q,      0.54202,      0.52552,      0.74737
     q,      0.53019,      0.51332,      0.77423
     q,      0.52506,      0.50777,      0.62718
     q,      0.51456,      0.49642,      0.83951
     q,      0.51188,      0.49353,      0.82490
     q,      0.50918,      0.49062,      0.84776
     q,      0.50372,      0.48471,      0.75923
     q,      0.48390,      0.46329,      0.80423
     q,      0.44154,      0.41775,      0.63165
     q,      0.42135,      0.39598,      0.72178
     q,      0.40727,      0.38080,      0.64151
     q,      0.39933,      0.37151,      0.68760
     q,      0.37658,      0.34366,      0.58965
     q,      0.36790,      0.33313,      0.58563
     q,      0.35707,      0.31985,      0.58187
     q,      0.34322,      0.30287,      0.72334
     q,      0.33271,      0.28974,      0.78680
     q,      0.33563,      0.29302,      0.79421
     q,      0.33974,      0.29764,      0.92542
     q,      0.34890,      0.30835,      0.93877
     q,      0.37614,      0.33356,      0.89040
     q,      0.47754,      0.45473,      0.97931
     q,      0.62713,      0.62976,      0.85490
     q,      0.66012,      0.66498,      0.80075
     q,      0.78995,      0.79026,      0.69204
     q,      0.78722,      0.78629,      0.79582
     q,      0.78355,      0.78328,      0.73155
     q,      0.77715,      0.77407,      0.70245
     q,      0.76470,      0.76608,      0.50122
     q,      0.74600,      0.75118,      0.35048
     q,      0.73838,      0.74934,      0.17063
     q,      0.69669,      0.72223,      0.10171
     q,      0.57674,      0.53280,      0.09687
     q,      0.52958,      0.50211,      0.53160
     q,      0.61314,      0.58629,      0.59421
     q,      0.68143,      0.65937,      0.65314
     q,      0.78068,      0.77652,      0.71047
     q,      0.88708,      0.88900,      0.86049
     q,      0.83479,      0.80146,      0.79272
     q,      0.80921,      0.77611,      0.62081
     q,      0.75311,      0.72122,      0.51628
     q,      0.74767,      0.72321,      0.51565
     q,      0.74336,      0.72478,      0.46538
     q,      0.62837,      0.61000,      0.79231
     q,      0.58687,      0.55846,      0.61136
     q,      0.41929,      0.36894,      0.65782
     q,      0.40913,      0.35835,      0.31626
     q,      0.40217,      0.35111,      0.34890
     q,      0.39508,      0.34371,      0.37165
     q,      0.32131,      0.26643,      0.34274
     q,      0.30183,      0.24784,      0.10888
     q,      0.21193,      0.16100,      0.24015
     q,      0.17989,      0.10912,      0.13720
     q,      0.23787,      0.12395,      0.05848
     q,      0.28077,      0.14396,      0.10145
     q,      0.46239,      0.22173,      0.03546
     q,      0.85898,      0.87627,      0.79350
     q,      0.71189,      0.71693,      0.61959
     t,    297.93298,    297.62225,    297.04999
     t,    297.93301,    297.62225,    296.35001
     t,    297.00864,    296.71692,    294.25000
     t,    295.45126,    295.16299,    293.25000
     t,    294.24454,    294.09015,    292.64999
     t,    294.06433,    293.94333,    292.35001
     t,    294.04391,    293.90247,    293.04999
     t,    294.15039,    293.72461,    292.25000
     t,    293.73175,    293.50540,    291.35001
     t,    292.52194,    292.47461,    289.85001
     t,    292.28354,    292.26520,    289.14999
     t,    291.95035,    291.95703,    287.95001
     t,    291.61459,    291.64651,    287.14999
     t,    289.68210,    289.71851,    287.35001
     t,    284.75906,    285.04349,    282.54999
     t,    284.60632,    284.89890,    282.25000
     t,    283.52277,    283.87326,    281.75000
     t,    283.05228,    283.42770,    281.45001
     t,    282.65698,    283.05334,    281.54999
     t,    280.10104,    280.46426,    279.85001
     t,    277.93973,    278.22156,    278.95001
     t,    275.65527,    275.75089,    276.04999
     t,    275.15179,    275.20624,    275.95001
     t,    272.86041,    272.74023,    272.85001
     t,    271.91113,    271.72293,    272.45001
     t,    271.12003,    270.87512,    271.75000
     t,    270.49548,    270.20581,    271.25000
     t,    267.93173,    267.63535,    268.75000
     t,    267.63800,    267.34250,    268.35001
     t,    264.91833,    264.68243,    265.14999
     t,    263.68475,    263.49554,    263.85001
     t,    259.83667,    259.81393,    260.14999
     t,    256.56512,    256.66907,    256.04999
     t,    256.15524,    256.26791,    255.64999
     t,    254.62955,    254.77448,    254.55000
     t,    254.06259,    254.21970,    253.95000
     t,    253.05609,    253.23482,    252.95000
     t,    252.31297,    252.47455,    252.14999
     t,    250.47630,    250.58696,    250.35001
     t,    249.69293,    249.78186,    249.55000
     t,    248.25763,    248.30800,    248.55000
     t,    246.11098,    246.14357,    246.05000
     t,    244.73660,    244.75993,    245.45000
     t,    240.18471,    240.19254,    240.85001
     t,    238.33995,    238.34688,    238.64999
     t,    235.69594,    235.74860,    235.25000
     t,    234.40742,    234.48004,    234.85001
     t,    231.23735,    231.40845,    232.05000
     t,    222.57419,    222.74591,    223.45000
     t,    222.17294,    222.33786,    223.25000
     t,    220.68643,    220.84442,    222.85001
     t,    214.15665,    214.29356,    213.25000
     t,    212.60933,    212.68420,    211.25000
     t,    212.12703,    212.18001,    210.25000
     t,    211.38506,    211.39375,    208.25000
     t,    210.25540,    210.15645,    206.25000
     t,    209.99281,    209.86575,    207.25000
     t,    209.26048,    209.08984,    207.25000
     t,    207.98917,    207.86771,    204.85001
     t,    207.23813,    207.32567,    204.85001
     t,    207.02440,    207.07715,    207.05000
     t,    206.90997,    206.90570,    206.05000
     t,    207.02968,    206.93190,    208.25000
     t,    207.64578,    207.38739,    207.45000
     t,    207.89598,    207.70396,    209.05000
     t,    208.83527,    208.89348,    207.25000
     t,    210.64883,    210.97429,    207.85001
     t,    210.81114,    211.05455,    210.85001
     t,    210.82286,    211.06035,    210.85001
     t,    211.10919,    211.20192,    212.45000
     t,    211.91821,    211.52742,    209.85001
     t,    212.68263,    212.03629,    211.85001
     t,    212.91925,    212.25961,    213.64999
     t,    226.61285,    226.83640,    227.51543
     t,    295.40283,    296.45734,    295.75000
     t,    295.40283,    296.45734,    295.14999
     t,    292.02472,    292.80594,    291.04999
     t,    291.33167,    291.73914,    290.25000
     t,    289.05209,    288.08569,    287.25000
     t,    288.86212,    287.84479,    287.85001
     t,    288.45908,    287.95090,    287.45001
     t,    288.29318,    288.27805,    285.95001
     t,    287.55478,    287.56635,    283.95001
     t,    287.25894,    287.32605,    284.54999
     t,    285.40933,    285.79489,    282.45001
     t,    284.04468,    284.49612,    282.35001
     t,    283.85281,    284.29041,    282.04999
     t,    283.46661,    283.87631,    281.75000
     t,    283.20731,    283.59827,    281.25000
     t,    282.48633,    282.82526,    282.14999
     t,    281.61908,    281.89536,    281.04999
     t,    281.28159,    281.53165,    280.64999
     t,    280.94553,    281.15375,    280.45001
     t,    280.53882,    280.69641,    279.85001
     t,    278.65457,    278.57550,    277.04999
     t,    278.44064,    278.33517,    276.85001
     t,    277.54816,    277.37897,    276.75000
     t,    276.58084,    276.40430,    276.04999
     t,    274.16043,    273.96548,    273.25000
     t,    272.69742,    272.61731,    271.75000
     t,    268.32364,    268.49252,    267.54999
     t,    267.21179,    267.38901,    266.85001
     t,    266.64642,    266.82742,    266.85001
     t,    266.18997,    266.37405,    266.64999
     t,    265.04474,    265.23117,    265.25000
     t,    263.82642,    263.98843,    263.64999
     t,    260.22095,    260.31784,    259.25000
     t,    259.23416,    259.31955,    258.35001
     t,    257.97153,    258.04236,    256.64999
     t,    257.71542,    257.78326,    256.64999
     t,    257.06973,    257.13013,    256.54999
     t,    256.80930,    256.86667,    256.54999
     t,    255.13843,    255.19481,    255.14999
     t,    254.85031,    254.90744,    254.95000
     t,    253.83321,    253.89182,    253.95000
     t,    250.98207,    251.04523,    250.55000
     t,    248.81042,    248.87601,    248.35001
     t,    247.69395,    247.75932,    247.14999
     t,    243.62488,    243.69958,    244.14999
     t,    238.61981,    238.69392,    239.55000
     t,    238.42128,    238.49445,    239.35001
     t,    230.85986,    230.97263,    231.64999
     t,    228.10808,    228.17621,    228.64999
     t,    225.28740,    225.29022,    225.05000
     t,    222.21538,    222.09927,    220.25000
     t,    222.00513,    221.88747,    220.85001
     t,    220.68095,    220.56731,    219.45000
     t,    220.34000,    220.22574,    219.64999
     t,    219.42441,    219.28775,    220.25000
     t,    218.38632,    218.22092,    219.85001
     t,    216.67749,    216.54395,    216.64999
     t,    215.53535,    215.42923,    215.64999
     t,    215.12650,    215.02959,    214.45000
     t,    214.57056,    214.48672,    214.64999
     t,    211.97311,    211.93208,    210.05000
     t,    211.71613,    211.68474,    210.25000
     t,    210.64609,    210.65582,    208.85001
     t,    210.50792,    210.52298,    209.25000
     t,    209.51312,    209.73167,    206.64999
     t,    209.37778,    209.62772,    207.45000
     t,    209.27481,    209.54102,    206.85001
     t,    209.29196,    209.42792,    211.64999
     t,    209.55504,    209.69846,    211.64999
     t,    210.12331,    210.45686,    208.64999
     t,    210.40973,    210.78799,    209.45000
     t,    210.93338,    211.24367,    207.45000
     t,    211.53812,    211.72449,    209.25000
     t,    211.59566,    211.76588,    209.05000
     t,    211.84787,    211.94728,    211.45000
     t,    213.54449,    213.63562,    211.64999
     t,    293.65500,    294.74863,    293.05728
     q,      0.79955,      0.81512,      0.87190
     q,      0.79955,      0.81512,      0.78115
     q,      0.83102,      0.84739,      0.78539
     q,      0.89328,      0.90957,      0.84729
     q,      0.93652,      0.94855,      0.87851
     q,      0.94235,      0.95347,      0.87713
     q,      0.94768,      0.96401,      0.89758
     q,      0.92107,      0.95846,      0.83338
     q,      0.91924,      0.97217,      0.81174
     q,      0.92203,      0.97751,      0.80052
     q,      0.92212,      0.97759,      0.77020
     q,      0.91934,      0.97388,      0.64237
     q,      0.91648,      0.97005,      0.64155
     q,      0.88804,      0.93404,      0.78156
     q,      0.72119,      0.71099,      0.70827
     q,      0.71857,      0.70830,      0.70488
     q,      0.70027,      0.68916,      0.75840
     q,      0.69121,      0.67982,      0.74885
     q,      0.68330,      0.67166,      0.67575
     q,      0.66003,      0.67050,      0.72415
     q,      0.64948,      0.69144,      0.69317
     q,      0.63935,      0.69848,      0.76043
     q,      0.63682,      0.70021,      0.67813
     q,      0.61512,      0.68989,      0.72558
     q,      0.60047,      0.67661,      0.76332
     q,      0.58716,      0.66454,      0.52548
     q,      0.57586,      0.65429,      0.45307
     q,      0.53717,      0.61190,      0.34577
     q,      0.53202,      0.60618,      0.34158
     q,      0.50307,      0.56932,      0.37677
     q,      0.49776,      0.55893,      0.26022
     q,      0.48444,      0.51049,      0.25166
     q,      0.47680,      0.46376,      0.51277
     q,      0.47559,      0.46127,      0.51049
     q,      0.46985,      0.44981,      0.33096
     q,      0.46767,      0.44531,      0.39734
     q,      0.46334,      0.43637,      0.32655
     q,      0.45856,      0.42983,      0.19372
     q,      0.44447,      0.41119,      0.22998
     q,      0.43731,      0.40171,      0.34104
     q,      0.42286,      0.38319,      0.23455
     q,      0.40559,      0.34401,      0.17551
     q,      0.76942,      0.75944,      0.80602
     q,      0.76942,      0.75944,      0.73897
     q,      0.86375,      0.86633,      0.84250
     q,      0.88618,      0.88722,      0.87434
     q,      0.97369,      0.93620,      0.84854
     q,      0.97903,      0.93481,      0.85896
     q,      0.94539,      0.90702,      0.82687
     q,      0.91238,      0.88518,      0.70330
     q,      0.73842,      0.73261,      0.60014
     q,      0.70849,      0.70144,      0.68104
     q,      0.66573,      0.66136,      0.67535
     q,      0.61715,      0.62645,      0.65406
     q,      0.60785,      0.62070,      0.62477
     q,      0.58874,      0.60888,      0.54534
     q,      0.57561,      0.60075,      0.40590
     q,      0.53777,      0.57734,      0.21298
     q,      0.48947,      0.54746,      0.19047
     q,      0.46989,      0.53511,      0.40354
     q,      0.45062,      0.52116,      0.32642
     q,      0.42666,      0.50381,      0.46176
     q,      0.30562,      0.41660,      0.48749
     q,      0.29075,      0.40582,      0.36266
     q,      0.24435,      0.36495,      0.13222
     q,      0.21739,      0.32543,      0.04332
     q,      0.13825,      0.20940,      0.13318
     q,      0.14089,      0.18754,      0.06072
     q,      0.17597,      0.16001,      0.07450
     q,      0.19675,      0.18006,      0.05624
     q,      0.20848,      0.19133,      0.20394
     q,      0.21857,      0.20102,      0.22756
     q,      0.24314,      0.22553,      0.21984
     q,      0.25179,      0.23956,      0.35780
     q,      0.29357,      0.29847,      0.35209
     q,      0.31795,      0.32409,      0.24303
     q,      0.35451,      0.36257,      0.36433
     q,      0.36269,      0.37118,      0.44727
     q,      0.38462,      0.39427,      0.22273
     q,      0.39404,      0.40419,      0.27689
     q,      0.45200,      0.46167,      0.33554
     q,      0.46300,      0.47240,      0.33688
     q,      0.50398,      0.51214,      0.30268
     q,      0.63160,      0.63713,      0.41380
     q,      0.68008,      0.68669,      0.59150
     q,      0.71049,      0.71768,      0.53090
     q,      0.73969,      0.74853,      0.70717
     q,      0.72464,      0.73469,      0.63291
     q,      0.81133,      0.80783,      0.79142
     t,    215.32022,    215.53728,    213.64999
     t,    215.01031,    214.92732,    216.25000
     t,    214.93466,    214.29730,    211.85001
     t,    215.15680,    214.38371,    213.64999
     t,    215.35497,    214.46901,    213.64999
     t,    215.45695,    214.50896,    215.85001
     t,    217.22437,    216.53999,    215.64999
     t,    217.81766,    217.39641,    219.05000
     t,    301.76437,    301.59744,    302.25000
     t,    301.55685,    301.38129,    300.04999
     t,    300.79877,    300.63876,    299.14999
     t,    298.51840,    298.37164,    296.85001
     t,    291.46390,    291.20444,    289.85001
     t,    289.92480,    289.72736,    287.25000
     t,    289.85315,    289.68726,    287.35001
     t,    289.75714,    289.63351,    289.14999
     t,    289.66071,    289.57953,    289.64999
     t,    289.20520,    288.99921,    289.75000
     t,    288.93680,    288.62476,    289.64999
     t,    288.52847,    288.24179,    289.04999
     t,    288.00424,    287.75854,    288.45001
     t,    287.66730,    287.44949,    287.85001
     t,    287.11981,    286.93695,    287.04999
     t,    284.06158,    284.07172,    284.14999
     t,    283.41846,    283.44336,    283.35001
     t,    276.43542,    276.55215,    275.95001
     t,    273.57108,    273.67691,    273.85001
     t,    271.00415,    271.07474,    271.04999
     t,    269.02911,    269.07077,    269.35001
     t,    268.28070,    268.30646,    268.85001
     t,    264.19135,    264.14804,    264.25000
     t,    263.54443,    263.49945,    263.45001
     t,    263.35764,    263.31207,    263.25000
     t,    262.31671,    262.26782,    262.75000
     t,    259.67224,    259.62775,    259.54999
     t,    259.06540,    259.02292,    260.04999
     t,    258.03522,    257.99817,    259.04999
     t,    256.89487,    256.86429,    257.95001
     t,    254.44272,    254.42491,    255.55000
     t,    254.06474,    254.04860,    255.14999
     t,    252.60184,    252.59595,    253.55000
     t,    251.19138,    251.20078,    251.85001
     t,    249.15401,    249.18358,    249.64999
     t,    247.94643,    247.99005,    248.35001
     t,    243.47986,    243.57448,    243.64999
     t,    240.63350,    240.74059,    240.25000
     t,    238.36998,    238.47818,    237.64999
     t,    236.78246,    236.87512,    236.85001
     t,    236.60242,    236.69223,    236.64999
     t,    230.99939,    231.02019,    231.05000
     t,    228.40837,    228.39934,    228.05000
     t,    226.96147,    226.94199,    226.85001
     t,    223.74564,    223.72330,    224.25000
     t,    217.84190,    217.85085,    216.45000
     t,    217.25488,    217.24872,    215.85001
     t,    216.60321,    216.52992,    214.05000
     t,    216.38222,    216.23604,    215.05000
     t,    216.06296,    215.81793,    213.64999
     t,    215.95494,    215.63853,    215.05000
     t,    215.96527,    215.63582,    216.45000
     t,    215.99306,    215.63292,    217.64999
     t,    215.96744,    215.63208,    217.85001
     t,    215.91270,    215.63408,    216.64999
     t,    215.88361,    215.63287,    215.64999
     t,    215.80916,    215.60962,    216.05000
     t,    215.64362,    215.54445,    214.64999
     t,    215.47043,    215.47452,    214.45000
     t,    215.33109,    215.35519,    215.25000
     t,    215.11127,    215.16368,    213.85001
     t,    214.99805,    215.06613,    215.05000
     t,    214.80328,    214.84248,    213.45000
     t,    214.60358,    214.61568,    213.25000
     t,    214.16959,    214.09813,    211.85001
     t,    213.99371,    213.87622,    213.25000
     t,    213.91312,    213.80780,    210.85001
     t,    213.70772,    213.61227,    212.25000
     t,    213.62346,    213.53471,    214.85001
     t,    213.94664,    213.71640,    213.64999
     t,    214.00830,    213.77658,    213.64999
     t,    214.40849,    214.17311,    215.05000
     t,    216.97046,    217.12784,    214.25000
     t,    217.66069,    217.80991,    215.45000
     q,      0.41466,      0.35095,      0.45313
     q,      0.41728,      0.35267,      0.40463
     q,      0.42772,      0.36022,      0.40086
     q,      0.47305,      0.39727,      0.42370
     q,      0.63815,      0.55798,      0.60954
     q,      0.51735,      0.44245,      0.62325
     q,      0.49219,      0.41499,      0.61113
     q,      0.45872,      0.37846,      0.52203
     q,      0.42534,      0.34203,      0.44151
     q,      0.33650,      0.27554,      0.15397
     q,      0.28489,      0.24157,      0.27998
     q,      0.28424,      0.25393,      0.39146
     q,      0.28757,      0.27336,      0.29269
     q,      0.28956,      0.28609,      0.37925
     q,      0.30440,      0.30368,      0.32430
     q,      0.43058,      0.41301,      0.40121
     q,      0.45357,      0.43687,      0.42439
     q,      0.67738,      0.67304,      0.67126
     q,      0.70753,      0.71071,      0.65158
     q,      0.68068,      0.69013,      0.63041
     q,      0.65032,      0.66397,      0.64287
     q,      0.62897,      0.64057,      0.72127
     q,      0.49970,      0.49731,      0.60968
     q,      0.48584,      0.48052,      0.66743
     q,      0.48182,      0.47559,      0.67125
     q,      0.45783,      0.44618,      0.62650
     q,      0.42495,      0.41284,      0.63922
     q,      0.42081,      0.41039,      0.54512
     q,      0.41255,      0.40510,      0.45483
     q,      0.40753,      0.40201,      0.25891
     q,      0.40361,      0.40053,      0.30500
     q,      0.40295,      0.40036,      0.22557
     q,      0.40193,      0.39907,      0.19619
     q,      0.40265,      0.39723,      0.12166
     q,      0.40403,      0.39396,      0.16039
     q,      0.40442,      0.39206,      0.26036
     q,      0.40256,      0.38191,      0.26854
     q,      0.39746,      0.37750,      0.37149
     q,      0.39271,      0.37428,      0.39225
     q,      0.39141,      0.37674,      0.26581
     q,      0.39140,      0.37687,      0.26435
     t,    306.99466,    307.07983,    308.54999
     t,    306.03378,    306.12390,    306.14999
     t,    305.58337,    305.67303,    305.75000
     t,    299.59689,    299.62848,    299.54999
     t,    298.53284,    298.53928,    298.14999
     t,    298.07724,    298.07553,    297.85001
     t,    295.87534,    295.85803,    295.04999
     t,    295.28375,    295.27103,    294.35001
     t,    294.22458,    294.26193,    293.04999
     t,    293.59808,    293.65491,    292.85001
     t,    291.81094,    291.85406,    291.75000
     t,    290.76297,    290.80228,    290.45001
     t,    289.95593,    289.99313,    289.45001
     t,    288.92648,    288.96088,    288.45001
     t,    287.70291,    287.73615,    287.75000
     t,    286.74777,    286.78006,    286.75000
     t,    285.85046,    285.88190,    285.85001
     t,    283.74164,    283.76993,    283.75000
     t,    283.06085,    283.08810,    283.25000
     t,    280.78421,    280.80807,    280.35001
     t,    277.90610,    277.94400,    277.45001
     t,    277.46997,    277.51007,    276.95001
     t,    276.85324,    276.89648,    276.45001
     t,    276.43253,    276.47711,    276.04999
     t,    275.09662,    275.14383,    275.14999
     t,    274.37515,    274.42212,    274.64999
     t,    273.96918,    274.01694,    274.35001
     t,    273.06302,    273.11258,    273.75000
     t,    271.90271,    271.94821,    272.54999
     t,    268.68393,    268.71555,    268.45001
     t,    265.33643,    265.35147,    265.04999
     t,    263.12732,    263.15063,    263.35001
     t,    260.49289,    260.53525,    260.35001
     t,    259.02527,    259.07678,    258.85001
     t,    257.51074,    257.57166,    257.45001
     t,    252.77641,    252.83128,    252.85001
     t,    250.95345,    251.00046,    250.64999
     t,    250.14073,    250.18364,    249.85001
     t,    241.70943,    241.71175,    241.25000
     t,    234.99988,    234.98499,    234.45000
     t,    231.27095,    231.25670,    231.05000
     t,    221.85873,    221.84129,    221.25000
     t,    220.75240,    220.72728,    220.45000
     t,    220.13118,    220.09979,    219.85001
     t,    219.92064,    219.88704,    219.85001
     t,    219.06776,    219.02518,    218.85001
     t,    216.86435,    216.80161,    216.25000
     t,    211.67746,    211.63080,    210.05000
     t,    209.76941,    209.65646,    209.05000
     t,    208.84131,    208.69119,    208.05000
     t,    207.61407,    207.38266,    207.25000
     t,    205.83434,    205.59061,    204.05000
     t,    205.45776,    205.27640,    204.45000
     t,    204.29793,    204.27585,    202.64999
     t,    204.04443,    204.03545,    203.45000
     t,    203.25645,    203.28549,    203.05000
     t,    202.55260,    202.59885,    199.85001
     t,    202.09239,    202.14326,    199.45000
     t,    202.18004,    202.23238,    200.85001
     t,    202.45190,    202.50540,    205.25000
     t,    202.77847,    202.83478,    204.05000
     t,    203.28709,    203.30045,    205.25000
     t,    204.78314,    204.64958,    204.05000
     t,    205.79106,    205.78764,    206.25000
     t,    207.43001,    207.94632,    208.85001
     t,    209.02319,    209.67360,    207.64999
     t,    209.39957,    209.96823,    209.45000
     t,    210.40382,    210.75185,    209.85001
     t,    210.44363,    210.78305,    211.85001
     t,    304.08969,    304.17865,    304.31436
     t,    302.52661,    302.61353,    302.79196
     t,    310.56659,    310.77853,    309.95001
     t,    310.56656,    310.77853,    309.25000
     t,    309.80515,    310.02460,    308.04999
     t,    303.74091,    303.95758,    301.85001
     t,    298.85025,    299.05789,    297.14999
     t,    296.51785,    296.69949,    294.95001
     t,    292.33148,    292.39581,    291.04999
     t,    291.83536,    291.89737,    290.75000
     t,    291.33813,    291.39996,    291.75000
     t,    290.42371,    290.46964,    291.14999
     t,    287.89761,    287.88950,    288.85001
     t,    284.92416,    284.75961,    285.45001
     t,    284.77606,    284.60336,    285.25000
     t,    283.32700,    283.09592,    283.85001
     t,    282.62027,    282.39737,    283.45001
     t,    278.36176,    278.28641,    278.54999
     t,    277.43884,    277.42438,    276.95001
     t,    277.15076,    277.15527,    276.75000
     t,    276.67508,    276.69464,    276.95001
     t,    275.75476,    275.78934,    275.54999
     t,    275.24884,    275.29221,    274.75000
     t,    274.99191,    275.03955,    274.45001
     t,    274.64719,    274.70050,    274.25000
     t,    274.29999,    274.35904,    273.85001
     t,    273.77444,    273.84213,    273.25000
     t,    273.15308,    273.23059,    272.25000
     t,    271.92929,    271.99673,    271.04999
     t,    271.35577,    271.41898,    270.75000
     t,    270.77383,    270.83215,    270.75000
     t,    269.48938,    269.53687,    269.85001
     t,    269.28879,    269.33459,    269.54999
     t,    268.22162,    268.25922,    268.75000
     t,    266.13654,    266.15866,    267.14999
     t,    260.26456,    260.27063,    259.75000
     t,    259.37155,    259.37381,    258.54999
     t,    258.46323,    258.46161,    257.54999
     t,    258.06912,    258.06580,    256.95001
     t,    256.86871,    256.86029,    255.55000
     t,    255.67331,    255.65933,    255.05000
     t,    250.84917,    250.80226,    251.25000
     t,    242.39204,    242.27452,    242.64999
     t,    238.38329,    238.23030,    238.25000
     t,    232.87964,    232.76292,    233.45000
     t,    232.29355,    232.18475,    232.85001
     t,    229.45003,    229.44777,    229.45000
     t,    228.39272,    228.42778,    228.25000
     t,    226.30568,    226.38205,    225.64999
     t,    223.27885,    223.38593,    222.25000
     t,    221.42719,    221.53496,    220.64999
     t,    217.80455,    217.88075,    217.25000
     t,    210.02885,    209.91533,    208.64999
     t,    207.67421,    207.53889,    206.45000
     t,    205.08028,    204.88275,    202.05000
     t,    204.79742,    204.66803,    203.25000
     t,    204.03036,    204.11838,    200.85001
     t,    203.97304,    204.08775,    201.05000
     t,    203.91522,    204.05687,    202.05000
     t,    203.67889,    203.93063,    201.05000
     t,    203.32990,    203.76576,    201.64999
     t,    203.21005,    203.72076,    203.45000
     t,    203.08665,    203.67444,    202.25000
     t,    203.06499,    203.59679,    200.64999
     t,    203.26416,    203.53722,    204.05000
     t,    203.92914,    203.99266,    203.25000
     t,    204.35585,    204.38417,    204.45000
     t,    204.68442,    204.68694,    207.25000
     t,    205.94601,    205.82805,    206.85001
     t,    208.82262,    208.44861,    206.64999
     t,    209.48114,    209.06697,    208.05000
     t,    211.16936,    210.90181,    208.85001
     t,    308.78870,    309.00711,    307.01056
     t,    307.53461,    307.75455,    305.73318
     t,    305.95142,    306.16888,    304.12183
     t,    308.19141,    308.21143,    310.35001
     t,    308.19141,    308.21143,    309.45001
     t,    307.77768,    307.79553,    308.25000
     t,    301.95505,    301.96637,    302.04999
     t,    296.16055,    296.17331,    295.95001
     t,    295.18573,    295.19836,    295.45001
     t,    295.09647,    295.10910,    295.25000
     t,    292.67758,    292.70193,    292.85001
     t,    292.20724,    292.23495,    292.25000
     t,    290.02643,    290.06290,    289.54999
     t,    289.42557,    289.45895,    288.95001
     t,    288.76587,    288.79364,    288.14999
     t,    287.62436,    287.64240,    287.14999
     t,    286.49268,    286.49759,    285.85001
     t,    285.64490,    285.63687,    284.85001
     t,    284.51471,    284.48981,    283.85001
     t,    282.03958,    282.00653,    281.25000
     t,    281.47330,    281.44363,    281.04999
     t,    281.18756,    281.15964,    281.04999
     t,    280.90009,    280.87390,    280.85001
     t,    280.68332,    280.65842,    280.45001
     t,    280.46552,    280.44193,    280.25000
     t,    279.42789,    279.41049,    279.14999
     t,    278.51636,    278.50223,    278.35001
     t,    277.19305,    277.18314,    277.45001
     t,    276.23297,    276.22626,    276.45001
     t,    275.69034,    275.68414,    275.85001
     t,    274.06662,    274.05957,    273.75000
     t,    273.43286,    273.42535,    272.95001
     t,    272.54642,    272.53839,    271.95001
     t,    272.25369,    272.24527,    271.75000
     t,    271.88965,    271.88062,    271.64999
     t,    271.37418,    271.36429,    271.35001
     t,    270.32651,    270.31470,    270.54999
     t,    269.55807,    269.54498,    269.54999
     t,    265.67804,    265.64612,    265.95001
     t,    265.12848,    265.09494,    265.54999
     t,    263.97311,    263.93768,    263.95001
     t,    262.79150,    262.75385,    263.04999
     t,    258.86276,    258.82556,    258.54999
     t,    258.32596,    258.28946,    258.14999
     t,    255.07869,    255.04678,    254.85001
     t,    253.42706,    253.39799,    252.85001
     t,    252.03612,    252.00943,    252.25000
     t,    241.68883,    241.68175,    241.85001
     t,    234.75246,    234.77435,    234.05000
     t,    231.86829,    231.89745,    231.45000
     t,    229.04562,    229.07870,    228.45000
     t,    224.54364,    224.57918,    224.85001
     t,    221.01662,    221.05228,    220.64999
     t,    218.52673,    218.56104,    217.64999
     t,    212.82220,    212.84381,    211.25000
     t,    209.65544,    209.67592,    208.85001
     t,    208.46434,    208.48528,    209.05000
     t,    207.24188,    207.26329,    207.45000
     t,    206.75174,    206.77039,    206.05000
     t,    206.12265,    206.13582,    206.05000
     t,    205.28323,    205.29327,    203.25000
     t,    204.78256,    204.79597,    203.64999
     t,    204.47360,    204.48906,    202.25000
     t,    203.27824,    203.28827,    200.64999
     t,    202.98750,    202.99413,    202.25000
     t,    202.74152,    202.73494,    202.25000
     t,    202.42049,    202.39671,    200.85001
     t,    203.13843,    203.10556,    202.05000
     t,    203.69768,    203.66299,    205.05000
     t,    204.74635,    204.72328,    202.45000
     t,    205.56340,    205.54440,    207.45000
     t,    206.15353,    206.13518,    205.64999
     t,    206.49742,    206.47644,    206.25000
     t,    207.58612,    207.56116,    207.85001
     t,    208.30304,    208.27715,    207.05000
     t,    208.83057,    208.80414,    208.85001
     t,    210.35008,    210.33092,    207.64999
     t,    211.23578,    211.22426,    212.05000
     t,    305.86047,    305.87439,    306.11258
     t,    304.30795,    304.32007,    304.50119
     t,    306.87421,    306.90002,    306.95001
     t,    303.23175,    303.25055,    304.04999
     t,    303.23175,    303.25058,    303.75000
     t,    303.15219,    303.17145,    303.95001
     t,    303.15219,    303.17142,    303.75000
     t,    303.22040,    303.23462,    303.95001
     t,    303.22040,    303.23459,    303.54999
     t,    303.44427,    303.44089,    303.85001
     t,    303.44427,    303.44089,    303.25000
     t,    303.35376,    303.35666,    303.45001
     t,    303.35373,    303.35666,    303.35001
     t,    303.42740,    303.43411,    303.64999
     t,    303.42737,    303.43408,    303.54999
     t,    303.18631,    303.38513,    303.54999
     t,    303.18631,    303.38513,    303.75000
     t,    303.96149,    303.96198,    303.45001
     t,    303.96149,    303.96198,    302.95001
     t,    304.96033,    304.97601,    303.75000
     t,    304.96030,    304.97601,    304.54999
     t,    304.71216,    304.73584,    303.85001
     t,    304.71216,    304.73584,    303.35001
     t,    303.55200,    303.65869,    305.14999
     t,    303.55200,    303.65869,    304.25000
     t,    306.87421,    306.90002,    307.45001
     t,    303.23178,    303.25058,    304.35001
     t,    303.23178,    303.25058,    303.45001
     t,    303.23178,    303.25058,    302.95001
     t,    303.15219,    303.17145,    303.85001
     t,    303.15219,    303.17142,    303.64999
     t,    303.15219,    303.17142,    303.75000
     t,    303.22040,    303.23459,    304.35001
     t,    303.22040,    303.23459,    302.64999
     t,    303.22040,    303.23459,    302.54999
     t,    303.44424,    303.44089,    304.64999
     t,    303.44427,    303.44089,    302.75000
     t,    303.44424,    303.44089,    302.14999
     t,    303.35373,    303.35666,    303.64999
     t,    303.35373,    303.35666,    303.14999
     t,    303.35373,    303.35663,    303.04999
     t,    303.42740,    303.43411,    304.25000
     t,    303.42740,    303.43411,    303.25000
     t,    303.42740,    303.43411,    303.14999
     t,    303.18631,    303.38513,    303.64999
     t,    303.18631,    303.38513,    303.75000
     t,    303.18634,    303.38516,    303.45001
     t,    303.96149,    303.96198,    305.95001
     t,    303.96149,    303.96198,    302.35001
     t,    303.96149,    303.96194,    301.75000
     t,    304.96033,    304.97601,    303.35001
     t,    304.96030,    304.97601,    304.54999
     t,    304.96030,    304.97601,    304.04999
     t,    304.71216,    304.73584,    303.75000
     t,    304.71216,    304.73584,    302.95001
     t,    304.71213,    304.73584,    302.14999
     t,    303.55200,    303.65869,    305.75000
     t,    303.55200,    303.65869,    303.85001
     t,    303.55200,    303.65869,    303.25000
     t,    306.87418,    306.90002,    307.04999
     t,    303.23175,    303.25058,    304.25000
     t,    303.23175,    303.25058,    304.14999
     t,    303.15219,    303.17142,    304.14999
     t,    303.15219,    303.17145,    303.85001
     t,    303.22040,    303.23459,    304.25000
     t,    303.22040,    303.23459,    304.14999
     t,    303.44427,    303.44089,    303.85001
     t,    303.44424,    303.44089,    304.04999
     t,    303.35373,    303.35663,    303.54999
     t,    303.35373,    303.35666,    303.64999
     t,    303.42740,    303.43411,    304.14999
     t,    303.42737,    303.43408,    304.04999
     t,    303.18631,    303.38513,    303.64999
     t,    303.18631,    303.38513,    303.75000
     t,    303.96149,    303.96198,    305.85001
     t,    303.96149,    303.96194,    304.75000
     t,    304.96033,    304.97601,    303.25000
     t,    304.96033,    304.97601,    303.25000
     t,    304.71216,    304.73584,    304.25000
     t,    304.71213,    304.73584,    304.14999
     t,    303.55200,    303.65869,    305.75000
     t,    303.55200,    303.65869,    305.25000
     q,      0.70206,      0.69889,      0.68526
     q,      0.72135,      0.71837,      0.67410
     q,      0.73420,      0.73123,      0.67473
     q,      0.80426,      0.81452,      0.84529
     q,      0.70865,      0.71043,      0.86918
     q,      0.67817,      0.68581,      0.79190
     q,      0.52553,      0.53190,      0.70242
     q,      0.48225,      0.48203,      0.62495
     q,      0.42785,      0.42515,      0.53953
     q,      0.40180,      0.39860,      0.35339
     q,      0.38076,      0.38272,      0.36498
     q,      0.38273,      0.38408,      0.33180
     q,      0.38492,      0.38580,      0.48442
     q,      0.39063,      0.39095,      0.26058
     q,      0.40805,      0.40815,      0.35733
     q,      0.42305,      0.42295,      0.46620
     q,      0.43841,      0.43812,      0.43434
     q,      0.47331,      0.47248,      0.43002
     q,      0.48473,      0.48367,      0.56865
     q,      0.52932,      0.52734,      0.62827
     q,      0.44779,      0.44490,      0.49632
     q,      0.43298,      0.42992,      0.42449
     q,      0.41096,      0.40764,      0.19262
     q,      0.39594,      0.39250,      0.22698
     q,      0.34879,      0.34579,      0.13729
     q,      0.32091,      0.31829,      0.27329
     q,      0.30451,      0.30205,      0.15090
     q,      0.26557,      0.26345,      0.15229
     q,      0.25056,      0.24893,      0.27169
     q,      0.21487,      0.21504,      0.24315
     q,      0.19224,      0.19241,      0.27601
     q,      0.17738,      0.17701,      0.12038
     q,      0.15751,      0.15603,      0.16467
     q,      0.14627,      0.14482,      0.07002
     q,      0.13245,      0.13105,      0.06832
     q,      0.12892,      0.12883,      0.03794
     q,      0.14492,      0.14522,      0.07759
     q,      0.15660,      0.15696,      0.16488
     q,      0.29265,      0.29398,      0.17509
     q,      0.78234,      0.77932,      0.71868
     q,      0.83868,      0.83584,      0.76844
     q,      0.41937,      0.41075,      0.49177
     q,      0.41937,      0.41075,      0.47493
     q,      0.42194,      0.41280,      0.46467
     q,      0.53347,      0.52009,      0.57698
     q,      0.66623,      0.65113,      0.70551
     q,      0.73516,      0.72642,      0.74128
     q,      0.77890,      0.77305,      0.77912
     q,      0.77840,      0.77300,      0.77583
     q,      0.77834,      0.77307,      0.62362
     q,      0.77580,      0.77418,      0.55755
     q,      0.76438,      0.77882,      0.48880
     q,      0.62661,      0.66153,      0.56068
     q,      0.61868,      0.65475,      0.55740
     q,      0.53939,      0.58229,      0.48043
     q,      0.48986,      0.52651,      0.36478
     q,      0.24412,      0.23790,      0.13413
     q,      0.20666,      0.18887,      0.28451
     q,      0.19434,      0.17276,      0.12401
     q,      0.18685,      0.16302,      0.27603
     q,      0.18283,      0.15821,      0.41850
     q,      0.17990,      0.15491,      0.44032
     q,      0.17872,      0.15350,      0.54907
     q,      0.17710,      0.15154,      0.37953
     q,      0.17540,      0.14950,      0.44216
     q,      0.17272,      0.14627,      0.34667
     q,      0.16953,      0.14251,      0.30788
     q,      0.17291,      0.15283,      0.15360
     q,      0.17490,      0.15850,      0.07410
     q,      0.17684,      0.16424,      0.09382
     q,      0.18157,      0.17829,      0.16530
     q,      0.18237,      0.18068,      0.13706
     q,      0.17264,      0.17094,      0.06942
     q,      0.14407,      0.13825,      0.07642
     q,      0.11380,      0.09785,      0.09491
     q,      0.11746,      0.10330,      0.20093
     q,      0.12160,      0.10946,      0.11858
     q,      0.12356,      0.11237,      0.17283
     q,      0.13017,      0.12221,      0.20393
     q,      0.12790,      0.12261,      0.06819
     q,      0.09726,      0.10194,      0.04162
     q,      0.11427,      0.12191,      0.05154
     q,      0.43351,      0.42402,      0.48082
     q,      0.45312,      0.44194,      0.50241
     q,      0.48419,      0.47227,      0.53208
     q,      0.53780,      0.53597,      0.49778
     q,      0.53780,      0.53597,      0.47545
     q,      0.49465,      0.49453,      0.45128
     q,      0.59774,      0.59807,      0.55107
     q,      0.74159,      0.74301,      0.68112
     q,      0.76189,      0.76449,      0.62466
     q,      0.76385,      0.76655,      0.61977
     q,      0.78360,      0.78729,      0.61606
     q,      0.78450,      0.78824,      0.50909
     q,      0.71462,      0.71277,      0.65743
     q,      0.69363,      0.69166,      0.57617
     q,      0.67056,      0.66920,      0.60589
     q,      0.62794,      0.62772,      0.53118
     q,      0.58779,      0.58921,      0.63438
     q,      0.56430,      0.56745,      0.62145
     q,      0.53010,      0.53572,      0.58517
     q,      0.44381,      0.45174,      0.40021
     q,      0.42214,      0.42997,      0.19078
     q,      0.41083,      0.41860,      0.17878
     q,      0.39917,      0.40689,      0.28689
     q,      0.39020,      0.39787,      0.28170
     q,      0.38102,      0.38865,      0.44140
     q,      0.34590,      0.35229,      0.40478
     q,      0.33472,      0.33864,      0.40375
     q,      0.31722,      0.31749,      0.22059
     q,      0.30348,      0.30076,      0.23588
     q,      0.29605,      0.29194,      0.37471
     q,      0.27372,      0.26571,      0.20138
     q,      0.26413,      0.25468,      0.29837
     q,      0.24941,      0.23752,      0.24695
     q,      0.24084,      0.22908,      0.26984
     q,      0.22931,      0.21788,      0.17899
     q,      0.21235,      0.20140,      0.25442
     q,      0.17531,      0.16577,      0.09547
     q,      0.14582,      0.13712,      0.11108
     q,      0.15464,      0.14923,      0.14074
     q,      0.15750,      0.15246,      0.07035
     q,      0.16446,      0.16026,      0.19311
     q,      0.17190,      0.16847,      0.05906
     q,      0.18693,      0.18636,      0.19005
     q,      0.18750,      0.18735,      0.12791
     q,      0.18246,      0.18402,      0.02447
     q,      0.17252,      0.17430,      0.08051
     q,      0.16193,      0.16388,      0.10627
     q,      0.18546,      0.18290,      0.09178
     q,      0.50867,      0.50849,      0.47844
     q,      0.54220,      0.54224,      0.50589
     q,      0.72983,      0.72912,      0.74153
     q,      0.72983,      0.72912,      0.72351
     q,      0.72983,      0.72912,      0.71057
     t,    308.40659,    308.55313,    309.04999
     t,    307.98129,    308.13708,    307.25000
     t,    302.82040,    302.96790,    301.95001
     t,    296.40909,    296.64435,    294.85001
     t,    295.42947,    295.61569,    293.54999
     t,    295.28091,    295.46014,    293.45001
     t,    294.98267,    295.14789,    293.75000
     t,    294.60785,    294.75546,    292.95001
     t,    294.30637,    294.43979,    292.75000
     t,    293.85135,    293.96341,    292.85001
     t,    292.80154,    292.85901,    292.45001
     t,    292.14359,    292.16357,    292.04999
     t,    288.78372,    288.66092,    289.35001
     t,    287.81924,    287.66568,    288.54999
     t,    285.31519,    285.16080,    285.45001
     t,    285.08884,    284.93445,    284.95001
     t,    279.64859,    279.57950,    279.75000
     t,    277.22275,    277.16031,    276.25000
     t,    276.40796,    276.34625,    275.64999
     t,    275.83054,    275.77301,    275.35001
     t,    275.58075,    275.52567,    275.25000
     t,    275.16156,    275.11053,    274.64999
     t,    274.90826,    274.85974,    274.64999
     t,    273.44504,    273.41010,    272.54999
     t,    273.00693,    272.97632,    272.85001
     t,    272.74213,    272.71414,    272.95001
     t,    271.20212,    271.17966,    271.04999
     t,    270.55307,    270.53210,    270.54999
     t,    270.36603,    270.34552,    270.35001
     t,    269.98883,    269.96878,    270.04999
     t,    268.93903,    268.92148,    268.85001
     t,    268.84244,    268.82513,    268.85001
     t,    268.45630,    268.43964,    268.14999
     t,    267.51721,    267.49603,    266.75000
     t,    267.23178,    267.20929,    266.64999
     t,    266.64993,    266.62088,    266.54999
     t,    265.57471,    265.54175,    266.14999
     t,    265.27719,    265.24313,    265.95001
     t,    263.94464,    263.90274,    264.14999
     t,    263.41620,    263.37012,    263.64999
     t,    262.34122,    262.28662,    263.04999
     t,    261.90411,    261.84631,    262.35001
     t,    259.55615,    259.48276,    259.64999
     t,    258.16068,    258.07794,    258.04999
     t,    255.92575,    255.84482,    255.75000
     t,    254.84366,    254.79156,    255.64999
     t,    252.89555,    252.89543,    253.45000
     t,    252.46790,    252.47916,    252.95000
     t,    252.18080,    252.19971,    252.75000
     t,    250.10872,    250.14169,    250.55000
     t,    248.72800,    248.76920,    249.05000
     t,    246.62015,    246.65184,    246.64999
     t,    245.23161,    245.23169,    244.85001
     t,    243.62581,    243.59073,    242.85001
     t,    243.07954,    243.03166,    242.45000
     t,    242.89612,    242.84412,    242.45000
     t,    242.52740,    242.46715,    242.14999
     t,    242.16000,    242.09013,    241.55000
     t,    239.32761,    239.18048,    239.25000
     t,    237.16318,    236.96478,    236.64999
     t,    236.57408,    236.37312,    236.05000
     t,    234.56160,    234.35258,    235.05000
     t,    233.31346,    233.09975,    233.64999
     t,    232.67924,    232.46286,    232.64999
     t,    229.83502,    229.69818,    230.05000
     t,    225.44557,    225.46643,    225.64999
     t,    224.00230,    224.08443,    224.25000
     t,    221.76131,    221.91891,    221.64999
     t,    221.50304,    221.66252,    221.64999
     t,    218.87332,    219.06184,    218.45000
     t,    214.70981,    214.85391,    213.85001
     t,    210.78496,    210.83073,    209.45000
     t,    208.04018,    208.00224,    206.45000
     t,    207.00060,    206.82204,    204.85001
     t,    205.56085,    205.15259,    203.05000
     t,    204.65689,    204.18573,    202.85001
     t,    204.19609,    203.83759,    200.85001
     t,    203.87730,    203.59982,    200.25000
     t,    203.79590,    203.61644,    201.05000
     t,    203.67886,    203.81688,    199.64999
     t,    203.58212,    203.98418,    200.05000
     t,    203.53638,    204.04749,    203.05000
     t,    203.47806,    203.95084,    203.25000
     t,    203.36813,    203.78209,    201.64999
     t,    206.03192,    206.28300,    205.85001
     t,    206.50584,    206.76051,    205.05000
     t,    207.52603,    207.75415,    207.05000
     t,    207.85469,    207.99908,    209.25000
     t,    208.05528,    208.14857,    210.25000
     t,    208.93207,    208.80202,    208.25000
     t,    210.59311,    210.06088,    208.25000
     t,    211.00623,    210.47899,    211.05000
     t,    211.92065,    211.50874,    213.05000
     t,    306.34207,    306.49414,    305.47879
     t,    304.81537,    304.96173,    303.94342
     t,    204.16785,    204.30672,    203.87270
     t,    305.23520,    304.73441,    301.45001
     t,    305.23520,    304.73441,    300.95001
     t,    303.50751,    303.11487,    299.25000
     t,    302.44083,    302.49213,    299.25000
     t,    302.01648,    302.18665,    299.25000
     t,    296.82275,    297.17673,    293.95001
     t,    295.99252,    296.33920,    293.14999
     t,    291.34439,    291.47040,    289.75000
     t,    289.31363,    289.56348,    288.95001
     t,    286.04684,    286.10477,    285.85001
     t,    285.02432,    285.03317,    284.85001
     t,    281.28296,    281.11624,    281.54999
     t,    278.66953,    278.58173,    278.45001
     t,    276.83771,    276.81763,    277.25000
     t,    276.08362,    276.01834,    276.14999
     t,    275.19315,    275.06476,    275.04999
     t,    273.74829,    273.51743,    273.85001
     t,    273.43958,    273.19171,    273.85001
     t,    270.45996,    270.15295,    271.04999
     t,    268.75970,    268.48959,    268.95001
     t,    268.33948,    268.08237,    268.45001
     t,    268.25491,    268.00043,    268.25000
     t,    267.82962,    267.58829,    267.85001
     t,    265.71790,    265.60284,    265.54999
     t,    265.41452,    265.32816,    265.35001
     t,    264.91132,    264.87271,    265.14999
     t,    264.70590,    264.68661,    265.14999
     t,    262.80875,    262.96323,    262.54999
     t,    261.55765,    261.62732,    261.25000
     t,    260.78738,    260.79688,    260.54999
     t,    259.75082,    259.66910,    259.54999
     t,    257.42389,    257.46759,    256.95001
     t,    257.21301,    257.33594,    256.75000
     t,    255.81332,    256.46518,    254.35001
     t,    254.82043,    255.85968,    252.75000
     t,    254.59718,    255.72437,    252.45000
     t,    253.85503,    254.90016,    252.25000
     t,    250.74593,    251.39948,    250.05000
     t,    243.78032,    243.65849,    244.35001
     t,    241.62778,    241.49745,    243.55000
     t,    239.38507,    239.24655,    241.75000
     t,    236.52225,    236.48672,    238.55000
     t,    235.02737,    235.04362,    237.14999
     t,    234.27423,    234.28697,    236.14999
     t,    233.70787,    233.70233,    235.85001
     t,    232.36212,    232.30980,    234.05000
     t,    231.17805,    231.08327,    233.05000
     t,    228.79906,    228.59517,    230.05000
     t,    227.38110,    227.10306,    228.85001
     t,    222.16551,    221.71904,    222.64999
     t,    220.59430,    220.14850,    220.64999
     t,    219.66344,    219.23611,    219.45000
     t,    217.24796,    216.87463,    217.25000
     t,    210.44489,    210.66078,    209.45000
     t,    208.56998,    209.08409,    206.25000
     t,    206.41597,    207.06735,    199.64999
     t,    206.04024,    206.62154,    202.45000
     t,    205.71764,    206.03775,    202.85001
     t,    205.46701,    205.54926,    202.05000
     t,    205.28917,    205.18268,    202.85001
     t,    205.34708,    205.21750,    201.85001
     t,    205.40187,    205.24968,    202.64999
     t,    205.44884,    205.27725,    205.05000
     t,    206.17839,    206.30009,    204.45000
     t,    206.62981,    206.85146,    207.05000
     t,    207.86514,    208.04329,    206.45000
     t,    208.30312,    208.37712,    208.64999
     t,    208.93228,    208.83974,    208.85001
     t,    209.09563,    208.94937,    208.64999
     t,    210.51018,    210.15486,    213.05000
     t,    210.92859,    210.67665,    212.45000
     t,    211.75087,    211.77640,    213.85001
     t,    213.14967,    213.80299,    211.64999
     q,      0.49929,      0.49116,      0.53490
     q,      0.48745,      0.47850,      0.46930
     q,      0.56750,      0.55573,      0.57983
     q,      0.65677,      0.64830,      0.74545
     q,      0.66242,      0.66537,      0.76397
     q,      0.66533,      0.66871,      0.75105
     q,      0.67127,      0.67554,      0.63250
     q,      0.67896,      0.68439,      0.67295
     q,      0.68534,      0.69172,      0.65877
     q,      0.69529,      0.70316,      0.50404
     q,      0.69549,      0.70873,      0.40578
     q,      0.67493,      0.69308,      0.56235
     q,      0.57950,      0.61615,      0.27000
     q,      0.55212,      0.59268,      0.43855
     q,      0.53489,      0.54935,      0.61468
     q,      0.53313,      0.54496,      0.60614
     q,      0.57674,      0.54891,      0.65107
     q,      0.59890,      0.56967,      0.68672
     q,      0.60742,      0.57735,      0.68065
     q,      0.60923,      0.57796,      0.49861
     q,      0.60870,      0.57671,      0.58239
     q,      0.60779,      0.57454,      0.52958
     q,      0.60722,      0.57319,      0.70406
     q,      0.60039,      0.56075,      0.76794
     q,      0.59917,      0.55790,      0.75759
     q,      0.59841,      0.55612,      0.64269
     q,      0.56215,      0.51860,      0.57364
     q,      0.54343,      0.50034,      0.33284
     q,      0.53781,      0.49486,      0.36089
     q,      0.52287,      0.47992,      0.62435
     q,      0.48800,      0.44613,      0.68497
     q,      0.48459,      0.44283,      0.67905
     q,      0.47036,      0.42896,      0.60528
     q,      0.42548,      0.38362,      0.62524
     q,      0.41204,      0.37003,      0.30443
     q,      0.39129,      0.34973,      0.15359
     q,      0.33069,      0.28813,      0.17604
     q,      0.31347,      0.27057,      0.08945
     q,      0.25948,      0.21875,      0.12305
     q,      0.24652,      0.20758,      0.03127
     q,      0.21772,      0.18277,      0.06143
     q,      0.20368,      0.17083,      0.17830
     q,      0.17187,      0.14399,      0.04216
     q,      0.18065,      0.15134,      0.08548
     q,      0.18923,      0.15650,      0.13587
     q,      0.18480,      0.14517,      0.05594
     q,      0.17441,      0.11964,      0.09006
     q,      0.17189,      0.11324,      0.37443
     q,      0.17011,      0.10871,      0.41524
     q,      0.15873,      0.09656,      0.32733
     q,      0.14839,      0.08865,      0.15432
     q,      0.13894,      0.08476,      0.10260
     q,      0.14254,      0.09408,      0.10485
     q,      0.14827,      0.10733,      0.21538
     q,      0.15046,      0.11276,      0.17427
     q,      0.49666,      0.48697,      0.49887
     q,      0.52367,      0.51392,      0.53181
     q,      0.76613,      0.76746,      0.67191
     q,      0.76613,      0.76746,      0.65285
     q,      0.76649,      0.76480,      0.68306
     q,      0.76800,      0.76696,      0.74967
     q,      0.77137,      0.77203,      0.76232
     q,      0.87296,      0.88591,      0.80723
     q,      0.88752,      0.90159,      0.82587
     q,      0.94191,      0.98256,      0.87383
     q,      0.94197,      0.97222,      0.85624
     q,      0.92561,      0.95256,      0.92780
     q,      0.92356,      0.95118,      0.90835
     q,      0.91382,      0.94481,      0.87809
     q,      0.87872,      0.92650,      0.92929
     q,      0.84729,      0.90908,      0.86546
     q,      0.81379,      0.87691,      0.94139
     q,      0.76832,      0.83266,      0.93333
     q,      0.68535,      0.75165,      0.87927
     q,      0.66590,      0.73162,      0.76715
     q,      0.51448,      0.56518,      0.60426
     q,      0.45232,      0.48777,      0.39062
     q,      0.43890,      0.47032,      0.49171
     q,      0.43613,      0.46673,      0.52832
     q,      0.42186,      0.44818,      0.44700
     q,      0.36893,      0.37012,      0.43381
     q,      0.36578,      0.36319,      0.47474
     q,      0.35917,      0.34898,      0.20324
     q,      0.35683,      0.34388,      0.20647
     q,      0.33502,      0.29318,      0.20656
     q,      0.36775,      0.35119,      0.34707
     q,      0.39198,      0.39493,      0.19940
     q,      0.42678,      0.45951,      0.14663
     q,      0.53796,      0.63814,      0.16849
     q,      0.55199,      0.65561,      0.18560
     q,      0.65999,      0.78756,      0.18135
     q,      0.74233,      0.89098,      0.30640
     q,      0.76291,      0.91638,      0.44043
     q,      0.75894,      0.90013,      0.57176
     q,      0.73157,      0.80060,      0.66611
     q,      0.51718,      0.74738,      0.74610
     q,      0.40986,      0.48443,      0.79406
     t,    296.13101,    296.20801,    296.85001
     t,    296.09543,    296.18292,    296.35001
     t,    295.42969,    295.55820,    294.54999
     t,    291.31238,    291.30222,    290.25000
     t,    288.14505,    287.94650,    287.25000
     t,    286.24304,    286.17682,    286.54999
     t,    286.07742,    286.05588,    286.95001
     t,    285.65991,    285.75101,    287.45001
     t,    285.47934,    285.84024,    286.95001
     t,    284.73877,    284.88644,    283.25000
     t,    283.91187,    284.08453,    281.75000
     t,    283.28577,    283.42773,    282.95001
     t,    282.59549,    282.70358,    282.14999
     t,    281.17398,    281.21271,    280.25000
     t,    280.51086,    280.51343,    279.95001
     t,    279.58865,    279.54092,    279.85001
     t,    278.44962,    278.33990,    278.75000
     t,    277.37030,    277.26352,    278.14999
     t,    271.53467,    271.52213,    271.64999
     t,    268.18231,    268.14093,    267.85001
     t,    266.99716,    266.94049,    266.85001
     t,    266.66943,    266.60852,    266.64999
     t,    265.45151,    265.37643,    265.45001
     t,    265.00229,    264.92706,    265.14999
     t,    263.63211,    263.55640,    263.54999
     t,    261.98892,    261.91266,    262.14999
     t,    258.99139,    258.91937,    258.75000
     t,    256.74313,    256.67807,    257.95001
     t,    254.76274,    254.78487,    255.14999
     t,    254.63640,    254.66409,    254.95000
     t,    253.62721,    253.69354,    253.55000
     t,    252.84708,    252.94756,    253.25000
     t,    251.40968,    251.56960,    251.25000
     t,    250.34300,    250.54681,    250.45000
     t,    248.55989,    248.83681,    248.85001
     t,    241.54263,    241.82953,    241.45000
     t,    293.17310,    293.26297,    292.18735
     t,    295.07510,    294.95154,    293.75000
     t,    294.91742,    294.81393,    292.85001
     t,    292.58383,    292.53217,    290.95001
     t,    290.90152,    290.88562,    290.04999
     t,    290.76694,    290.75757,    290.04999
     t,    290.44385,    290.40652,    290.75000
     t,    290.41183,    290.36591,    290.14999
     t,    289.77011,    289.77460,    288.14999
     t,    289.73679,    289.74841,    288.14999
     t,    286.45590,    286.85187,    285.35001
     t,    283.07242,    283.33542,    281.04999
     t,    282.48059,    282.70203,    280.14999
     t,    281.62460,    281.78589,    278.85001
     t,    272.17114,    272.22385,    271.54999
     t,    271.02658,    271.07471,    269.75000
     t,    270.57925,    270.62531,    268.85001
     t,    267.58801,    267.58221,    267.25000
     t,    266.30151,    266.28534,    266.64999
     t,    265.07303,    265.05750,    265.35001
     t,    264.21466,    264.19827,    264.45001
     t,    263.52969,    263.51361,    263.95001
     t,    262.43024,    262.41333,    263.14999
     t,    261.25403,    261.23349,    262.35001
     t,    256.58044,    256.50348,    256.85001
     t,    251.36519,    251.21111,    251.05000
     t,    248.28430,    248.20836,    248.64999
     t,    245.81558,    245.90392,    246.05000
     t,    243.56798,    243.75345,    243.25000
     t,    242.13101,    242.34892,    241.64999
     t,    240.83881,    241.09026,    241.05000
     t,    238.96158,    239.19989,    240.14999
     t,    230.84804,    230.71577,    231.05000
     t,    229.13715,    228.94458,    229.45000
     t,    225.39867,    225.15527,    225.85001
     t,    221.30257,    221.29466,    222.25000
     t,    220.49654,    220.52979,    221.05000
     t,    216.99422,    217.10593,    216.45000
     t,    215.47049,    215.54797,    215.25000
     t,    213.27188,    213.29221,    212.25000
     t,    212.41283,    212.40996,    211.45000
     t,    288.08731,    288.36725,    286.64224
     t,    278.37869,    278.45441,    276.12228
     q,      0.65513,      0.66140,      0.67014
     q,      0.65416,      0.66060,      0.61425
     q,      0.64765,      0.64874,      0.57343
     q,      0.75789,      0.75397,      0.68156
     q,      0.90180,      0.90602,      0.77243
     q,      0.99492,      0.99432,      0.93755
     q,      0.99533,      0.99668,      0.96660
     q,      0.99638,      1.00275,      0.99221
     q,      0.97115,      0.99290,      0.95609
     q,      0.78580,      0.80973,      0.80712
     q,      0.75697,      0.78531,      0.66404
     q,      0.71379,      0.74900,      0.60914
     q,      0.66428,      0.70736,      0.59806
     q,      0.55574,      0.61555,      0.56944
     q,      0.50975,      0.55750,      0.50278
     q,      0.44225,      0.47228,      0.21319
     q,      0.35336,      0.36010,      0.16303
     q,      0.30605,      0.29733,      0.27004
     q,      0.22015,      0.18842,      0.18296
     q,      0.20879,      0.18969,      0.28386
     q,      0.20167,      0.18538,      0.21768
     q,      0.19953,      0.18408,      0.21923
     q,      0.19439,      0.18163,      0.31008
     q,      0.19667,      0.18397,      0.21955
     q,      0.20435,      0.19188,      0.11795
     q,      0.21540,      0.20325,      0.09556
     q,      0.22506,      0.21950,      0.28195
     q,      0.22925,      0.23184,      0.14425
     q,      0.20021,      0.19719,      0.23317
     q,      0.19811,      0.19468,      0.23102
     q,      0.17938,      0.17265,      0.17838
     q,      0.16345,      0.15368,      0.08866
     q,      0.14890,      0.13769,      0.15485
     q,      0.14048,      0.12933,      0.02737
     q,      0.23114,      0.30323,      0.14144
     q,      0.70088,      0.69329,      0.62939
     q,      0.86994,      0.87305,      0.85398
     q,      0.87349,      0.87671,      0.82761
     q,      0.93752,      0.93762,      0.85936
     q,      0.99634,      0.99699,      0.90634
     q,      0.99769,      0.99808,      0.91377
     q,      0.95127,      0.95094,      0.95283
     q,      0.93820,      0.93777,      0.85885
     q,      0.80601,      0.79319,      0.74151
     q,      0.80430,      0.79117,      0.74288
     q,      0.80479,      0.81628,      0.83810
     q,      0.82032,      0.80669,      0.78351
     q,      0.81479,      0.79828,      0.72664
     q,      0.80637,      0.78548,      0.67987
     q,      0.72493,      0.74051,      0.68379
     q,      0.70656,      0.72832,      0.57771
     q,      0.69871,      0.72311,      0.40468
     q,      0.59530,      0.63369,      0.51634
     q,      0.53830,      0.57969,      0.49645
     q,      0.47639,      0.51516,      0.49033
     q,      0.42783,      0.46592,      0.28860
     q,      0.38511,      0.42197,      0.41145
     q,      0.34482,      0.37467,      0.20439
     q,      0.31414,      0.33343,      0.12713
     q,      0.22046,      0.21716,      0.07677
     q,      0.25302,      0.33403,      0.09831
     q,      0.32671,      0.47386,      0.05505
     q,      0.41096,      0.56939,      0.08122
     q,      0.47518,      0.63011,      0.25386
     q,      0.49913,      0.63832,      0.21741
     q,      0.52682,      0.65013,      0.35847
     q,      0.77061,      0.77149,      0.78347
     q,      0.78087,      0.76901,      0.67753
     t,    298.61264,    298.56534,    300.04999
     t,    297.82932,    297.77322,    298.14999
     t,    295.66776,    295.61392,    295.64999
     t,    293.85654,    293.80237,    294.04999
     t,    287.73404,    287.79239,    287.45001
     t,    287.46234,    287.51361,    286.95001
     t,    284.89517,    284.73163,    283.14999
     t,    283.92764,    283.58502,    282.64999
     t,    283.69696,    283.32584,    282.75000
     t,    283.17996,    282.74603,    282.75000
     t,    282.94464,    282.48111,    282.85001
     t,    282.58508,    282.14648,    283.14999
     t,    282.13895,    281.76910,    283.14999
     t,    281.60934,    281.32111,    283.35001
     t,    280.57465,    280.40527,    281.25000
     t,    280.32690,    280.18027,    281.04999
     t,    279.86722,    279.76273,    280.04999
     t,    278.59100,    278.58716,    277.85001
     t,    276.92435,    277.01791,    276.45001
     t,    276.10803,    276.24921,    276.04999
     t,    274.08160,    274.22144,    273.54999
     t,    272.15985,    272.23480,    271.45001
     t,    269.09799,    269.05133,    269.54999
     t,    268.47394,    268.40128,    268.95001
     t,    267.47672,    267.36252,    268.45001
     t,    266.23798,    266.12448,    267.25000
     t,    265.14941,    265.03668,    265.64999
     t,    264.87332,    264.76093,    265.45001
     t,    264.69458,    264.58310,    265.25000
     t,    262.65897,    262.56616,    262.54999
     t,    259.49197,    259.44904,    258.95001
     t,    256.60123,    256.59424,    256.54999
     t,    255.82196,    255.82494,    255.75000
     t,    254.05031,    254.06468,    254.35001
     t,    253.62796,    253.64401,    254.14999
     t,    253.34441,    253.36142,    253.95000
     t,    253.05942,    253.07742,    253.75000
     t,    248.45297,    248.49706,    248.85001
     t,    246.40648,    246.46478,    246.64999
     t,    243.43770,    243.50409,    243.25000
     t,    240.83766,    240.90633,    241.25000
     t,    236.91920,    236.96767,    237.05000
     t,    234.75075,    234.78722,    234.85001
     t,    232.29060,    232.32133,    232.64999
     t,    226.47331,    226.50777,    226.64999
     t,    218.72765,    218.65500,    216.85001
     t,    217.26997,    217.10365,    215.64999
     t,    217.21024,    217.03461,    215.64999
     t,    216.55931,    216.26418,    213.25000
     t,    216.09164,    215.73692,    215.45000
     t,    215.89926,    215.62926,    213.85001
     t,    215.84473,    215.59810,    215.45000
     t,    215.75375,    215.58363,    215.25000
     t,    215.62256,    215.56921,    217.64999
     t,    215.58456,    215.56554,    217.25000
     t,    215.43007,    215.51465,    217.05000
     t,    215.21216,    215.42197,    215.45000
     t,    214.62700,    215.11716,    214.45000
     t,    214.46707,    215.02039,    215.05000
     t,    214.24916,    214.88913,    213.85001
     t,    214.08266,    214.76253,    213.85001
     t,    213.43872,    214.12178,    211.45000
     t,    213.32440,    213.87476,    212.85001
     t,    213.23836,    212.78081,    211.45000
     t,    213.16801,    212.64764,    213.45000
     t,    213.21152,    212.53258,    213.85001
     t,    213.50835,    212.73486,    215.05000
     t,    217.23947,    216.96004,    215.05000
     t,    213.52518,    213.42174,    212.14679
     t,    285.66501,    285.65237,    289.04999
     t,    290.14658,    290.10062,    295.64999
     t,    285.66501,    285.65237,    288.14999
     t,    290.06638,    290.06171,    297.25000
     t,    285.66504,    285.65240,    286.45001
     t,    290.06638,    290.06171,    296.54999
     q,      0.47800,      0.46087,      0.37543
     q,      0.47969,      0.46126,      0.34815
     q,      0.52222,      0.50128,      0.35985
     q,      0.56634,      0.54316,      0.41350
     q,      0.50720,      0.47928,      0.52995
     q,      0.49372,      0.46712,      0.48714
     q,      0.39375,      0.44121,      0.43669
     q,      0.39177,      0.50926,      0.31465
     q,      0.39390,      0.51925,      0.37200
     q,      0.39871,      0.54212,      0.10919
     q,      0.40099,      0.55291,      0.08680
     q,      0.41075,      0.55442,      0.12830
     q,      0.41975,      0.53658,      0.39521
     q,      0.43078,      0.51472,      0.35717
     q,      0.44748,      0.48689,      0.32821
     q,      0.45078,      0.48242,      0.44068
     q,      0.45704,      0.47390,      0.49072
     q,      0.46595,      0.45319,      0.48868
     q,      0.45107,      0.43541,      0.52961
     q,      0.44297,      0.42576,      0.37337
     q,      0.43814,      0.42335,      0.48364
     q,      0.44361,      0.43557,      0.43690
     q,      0.44893,      0.45349,      0.30956
     q,      0.44990,      0.45745,      0.36569
     q,      0.45160,      0.46438,      0.20630
     q,      0.46163,      0.47598,      0.31722
     q,      0.47090,      0.48651,      0.35678
     q,      0.47371,      0.48970,      0.32819
     q,      0.47479,      0.49155,      0.27350
     q,      0.47053,      0.49077,      0.22990
     q,      0.42147,      0.44878,      0.27952
     q,      0.38975,      0.40725,      0.17123
     q,      0.37966,      0.39399,      0.27762
     q,      0.36937,      0.37757,      0.25391
     q,      0.37014,      0.37714,      0.19015
     q,      0.36993,      0.37596,      0.23391
     q,      0.36971,      0.37473,      0.25936
     q,      0.35923,      0.34894,      0.11088
     q,      0.34854,      0.33288,      0.25236
     q,      0.33056,      0.31012,      0.25504
     q,      0.30789,      0.28408,      0.16871
     q,      0.28844,      0.26480,      0.13119
     q,      0.67809,      0.67946,      0.85615
     q,      0.67809,      0.67946,      0.79551
     q,      0.67809,      0.67946,      0.87862
