Note (2018.08.22) This script is outputed from mpi_readobs.f90
obtype, ensmean_obbc,      h_xnobc,           ob
    sm,      0.25830,      0.34162,      0.25300
    sm,      0.22730,      0.22174,      0.16400
    sm,      0.30517,      0.30870,      0.38100
    sm,      0.21141,      0.21137,      0.07400
    sm,      0.33468,      0.32638,      0.24000
    sm,      0.30933,      0.32339,      0.35500
    sm,      0.21043,      0.21951,      0.19600
    sm,      0.19698,      0.20276,      0.06000
    sm,      0.18609,      0.18587,      0.24800
    sm,      0.19082,      0.19307,      0.15800
    sm,      0.24735,      0.24867,      0.09300
    sm,      0.26952,      0.27462,      0.13500
    sm,      0.25253,      0.25416,      0.09300
    sm,      0.17207,      0.22217,      0.22500
    sm,      0.27384,      0.28379,      0.22400
    sm,      0.32210,      0.32130,      0.11300
    sm,      0.23798,      0.23634,      0.31600
    sm,      0.21313,      0.22976,      0.23700
    sm,      0.24004,      0.24017,      0.26600
    sm,      0.22141,      0.22165,      0.29500
    sm,      0.21824,      0.21567,      0.25300
    sm,      0.14624,      0.15756,      0.07700
    sm,      0.21771,      0.21946,      0.21100
    sm,      0.30799,      0.30523,      0.37800
    sm,      0.24443,      0.24379,      0.34400
    sm,      0.24660,      0.24709,      0.07200
    sm,      0.33611,      0.34954,      0.32500
    sm,      0.23054,      0.23009,      0.33900
    sm,      0.18120,      0.17069,      0.36700
    sm,      0.27400,      0.27444,      0.23700
    sm,      0.31884,      0.25864,      0.27600
    sm,      0.27306,      0.27639,      0.27100
    sm,      0.18981,      0.19113,      0.10600
    sm,      0.24954,      0.25499,      0.22600
    sm,      0.27108,      0.27780,      0.20900
    sm,      0.27301,      0.27809,      0.26900
    sm,      0.26274,      0.26330,      0.20100
    sm,      0.17412,      0.17970,      0.17600
    sm,      0.25785,      0.25897,      0.37400
    sm,      0.16911,      0.17155,      0.13300
    sm,      0.21256,      0.21131,      0.22200
    sm,      0.16625,      0.16769,      0.11700
    sm,      0.20310,      0.20176,      0.21000
    sm,      0.27455,      0.27704,      0.12100
    sm,      0.27776,      0.28320,      0.17100
    sm,      0.22489,      0.23727,      0.08100
    sm,      0.17665,      0.17641,      0.18000
    sm,      0.27594,      0.27455,      0.36700
    sm,      0.24089,      0.23231,      0.23300
    sm,      0.22900,      0.22558,      0.30000
    sm,      0.19858,      0.21067,      0.14900
    sm,      0.19858,      0.21067,      0.16400
    sm,      0.19150,      0.20160,      0.14400
    sm,      0.15368,      0.15556,      0.06700
    sm,      0.32180,      0.36243,      0.45100
    sm,      0.20662,      0.21740,      0.20200
    sm,      0.27713,      0.27927,      0.22900
    sm,      0.29459,      0.27413,      0.34500
    sm,      0.30799,      0.30523,      0.41100
    sm,      0.26868,      0.27901,      0.38100
    sm,      0.15770,      0.16305,      0.08700
    sm,      0.28217,      0.28067,      0.08000
    sm,      0.15939,      0.16220,      0.13100
    sm,      0.14694,      0.15735,      0.06800
    sm,      0.21043,      0.21951,      0.07100
    sm,      0.23351,      0.23563,      0.35300
    sm,      0.27261,      0.28098,      0.06500
    sm,      0.23993,      0.25886,      0.10900
    sm,      0.19158,      0.18856,      0.24100
    sm,      0.36529,      0.38488,      0.16500
    sm,      0.18997,      0.19137,      0.18700
    sm,      0.27211,      0.27215,      0.18400
    sm,      0.18609,      0.18587,      0.30800
    sm,      0.18896,      0.21290,      0.36700
    sm,      0.18896,      0.21290,      0.28100
    sm,      0.19493,      0.19244,      0.06100
     t,    313.60907,    313.60431,    315.35001
     t,    312.69254,    312.68671,    312.75000
     t,    309.62579,    309.62225,    309.64999
     t,    302.25659,    302.25845,    302.35001
     t,    300.93951,    300.94357,    300.85001
     t,    296.36169,    296.36456,    296.45001
     t,    294.87064,    294.87241,    295.54999
     t,    287.71475,    287.71664,    287.64999
     t,    286.10153,    286.10455,    285.75000
     t,    280.86313,    280.86914,    280.25000
     t,    278.10397,    278.10889,    277.25000
     t,    276.05618,    276.05753,    275.14999
     t,    274.78085,    274.78052,    273.54999
     t,    274.16644,    274.16669,    272.95001
     t,    273.09488,    273.09616,    272.04999
     t,    272.73248,    272.73410,    271.85001
     t,    271.99945,    272.00180,    271.14999
     t,    271.34900,    271.35196,    271.14999
     t,    268.97049,    268.97437,    268.14999
     t,    268.77533,    268.77927,    267.95001
     t,    267.68985,    267.69424,    267.14999
     t,    266.97928,    266.98380,    266.64999
     t,    266.02481,    266.02921,    266.14999
     t,    264.17108,    264.17532,    263.95001
     t,    262.80905,    262.81311,    262.35001
     t,    261.95389,    261.95789,    261.64999
     t,    261.58319,    261.58716,    261.35001
     t,    260.70810,    260.71201,    260.25000
     t,    260.32864,    260.33249,    260.14999
     t,    259.94647,    259.95032,    259.95001
     t,    257.50446,    257.50787,    258.14999
     t,    256.85828,    256.86127,    257.45001
     t,    256.59726,    256.60016,    257.54999
     t,    256.07132,    256.07404,    256.75000
     t,    255.40622,    255.40869,    255.95000
     t,    253.77739,    253.77946,    253.75000
     t,    252.94823,    252.95038,    252.75000
     t,    252.24683,    252.24904,    252.05000
     t,    250.81438,    250.81671,    250.95000
     t,    249.47766,    249.48029,    249.35001
     t,    248.85393,    248.85707,    248.75000
     t,    247.90125,    247.90503,    247.55000
     t,    247.42009,    247.42427,    247.35001
     t,    246.93452,    246.93910,    246.75000
     t,    246.44447,    246.44945,    246.25000
     t,    245.78395,    245.78947,    245.85001
     t,    244.08533,    244.09271,    244.55000
     t,    243.03575,    243.04446,    243.05000
     t,    242.50314,    242.51254,    242.55000
     t,    240.13039,    240.14250,    239.75000
     t,    239.56847,    239.58133,    238.95000
     t,    236.86516,    236.88167,    236.45000
     t,    234.03004,    234.04843,    233.25000
     t,    232.77374,    232.79256,    232.25000
     t,    229.04390,    229.05730,    228.64999
     t,    225.04037,    225.03975,    224.45000
     t,    223.54988,    223.54440,    222.85001
     t,    222.27748,    222.26796,    221.85001
     t,    220.97365,    220.95999,    220.64999
     t,    207.19136,    207.36685,    204.85001
     t,    208.95055,    209.02951,    204.45000
     t,    311.97107,    311.94397,    313.35001
     t,    311.81152,    311.77786,    312.04999
     t,    305.81812,    305.77841,    306.35001
     t,    295.80136,    295.76285,    295.85001
     t,    289.24545,    289.21103,    289.14999
     t,    280.03500,    280.04425,    279.85001
     t,    275.89029,    275.91818,    274.04999
     t,    275.53735,    275.56769,    273.25000
     t,    275.20651,    275.23929,    274.45001
     t,    274.79813,    274.83466,    274.64999
     t,    274.46091,    274.49982,    274.45001
     t,    273.51651,    273.56433,    275.04999
     t,    270.14667,    270.23001,    271.45001
     t,    268.78644,    268.88943,    269.45001
     t,    266.06921,    266.15497,    266.45001
     t,    264.79773,    264.86789,    264.75000
     t,    262.48669,    262.53128,    262.14999
     t,    258.87604,    258.87885,    259.64999
     t,    257.37234,    257.35385,    257.45001
     t,    251.98943,    251.95325,    251.25000
     t,    249.87788,    249.86980,    250.85001
     t,    245.96310,    246.00433,    245.45000
     t,    242.93657,    243.00905,    242.64999
     t,    235.82242,    235.94252,    236.64999
     t,    232.86195,    232.99326,    233.45000
     t,    223.42088,    223.49519,    222.64999
     t,    221.68443,    221.73068,    221.64999
     t,    221.17693,    221.21497,    221.05000
     t,    218.02705,    218.01430,    217.45000
     t,    207.52257,    207.54105,    206.05000
     t,    206.44432,    206.46661,    204.45000
     t,    204.35991,    204.38467,    200.85001
     t,    203.82166,    203.86870,    201.85001
     t,    202.50276,    202.45567,    200.85001
     t,    202.41460,    202.34595,    201.25000
     t,    202.32561,    202.23521,    203.45000
     t,    202.18254,    201.95923,    202.64999
     t,    203.16693,    202.57729,    201.45000
     t,    204.18967,    203.58397,    206.45000
     t,    205.76347,    205.56058,    206.85001
     t,    207.88243,    208.03448,    206.85001
     t,    209.93333,    210.24715,    210.05000
     t,    210.57936,    211.01326,    208.64999
     t,    301.54361,    301.50427,    301.91916
     q,      0.28975,      0.28986,      0.28146
     q,      0.30066,      0.30073,      0.32196
     q,      0.34322,      0.34328,      0.34007
     q,      0.46160,      0.46120,      0.44825
     q,      0.47575,      0.47522,      0.47065
     q,      0.52662,      0.52652,      0.46978
     q,      0.55048,      0.55054,      0.40088
     q,      0.63725,      0.63662,      0.54517
     q,      0.65548,      0.65404,      0.56892
     q,      0.59229,      0.58885,      0.66541
     q,      0.49274,      0.48960,      0.59927
     q,      0.44272,      0.44092,      0.47572
     q,      0.41180,      0.41090,      0.57470
     q,      0.41345,      0.41254,      0.57210
     q,      0.41657,      0.41565,      0.49512
     q,      0.41770,      0.41677,      0.33888
     q,      0.42013,      0.41919,      0.13232
     q,      0.42244,      0.42150,      0.10503
     q,      0.41764,      0.41651,      0.10290
     q,      0.41702,      0.41586,      0.10231
     q,      0.41098,      0.40970,      0.11336
     q,      0.40739,      0.40603,      0.21781
     q,      0.39960,      0.39808,      0.11626
     q,      0.38194,      0.38009,      0.46376
     q,      0.36904,      0.36688,      0.49120
     q,      0.37089,      0.36835,      0.34897
     q,      0.37176,      0.36903,      0.49369
     q,      0.37395,      0.37077,      0.33874
     q,      0.37497,      0.37158,      0.16382
     q,      0.37605,      0.37243,      0.12281
     q,      0.36798,      0.36335,      0.12460
     q,      0.35813,      0.35364,      0.08979
     q,      0.35456,      0.35005,      0.18926
     q,      0.34700,      0.34245,      0.36048
     q,      0.33668,      0.33207,      0.29225
     q,      0.31148,      0.30698,      0.39938
     q,      0.30330,      0.29925,      0.29019
     q,      0.29570,      0.29207,      0.15671
     q,      0.27779,      0.27514,      0.21467
     q,      0.26455,      0.26285,      0.37849
     q,      0.26845,      0.26695,      0.30680
     q,      0.27550,      0.27439,      0.36117
     q,      0.27905,      0.27813,      0.30133
     q,      0.28289,      0.28217,      0.40201
     q,      0.28706,      0.28655,      0.21638
     q,      0.29319,      0.29301,      0.15952
     q,      0.29926,      0.29930,      0.34014
     q,      0.29875,      0.29866,      0.28978
     q,      0.29845,      0.29830,      0.35329
     q,      0.15778,      0.16041,      0.16072
     q,      0.15879,      0.16145,      0.18150
     q,      0.20618,      0.21001,      0.21265
     q,      0.32986,      0.33643,      0.28664
     q,      0.45462,      0.46256,      0.38499
     q,      0.65932,      0.64636,      0.56069
     q,      0.39574,      0.41751,      0.69238
     q,      0.37295,      0.39544,      0.60002
     q,      0.35609,      0.37624,      0.37729
     q,      0.33058,      0.34744,      0.22433
     q,      0.31259,      0.32699,      0.24541
     q,      0.26192,      0.26842,      0.07980
     q,      0.12761,      0.12300,      0.03501
     q,      0.09547,      0.09167,      0.03877
     q,      0.08147,      0.08001,      0.03067
     q,      0.08373,      0.08367,      0.17721
     q,      0.08349,      0.08418,      0.11185
     q,      0.05625,      0.05600,      0.04565
     q,      0.25075,      0.25555,      0.24149
     t,    304.63034,    303.75275,    301.54999
     t,    303.41895,    302.53677,    299.35001
     t,    302.11987,    301.24191,    297.45001
     t,    300.03784,    299.16635,    295.45001
     t,    297.53912,    296.67545,    293.25000
     t,    296.12018,    295.26062,    292.04999
     t,    294.79538,    293.93607,    291.14999
     t,    290.34763,    289.41177,    287.54999
     t,    290.02429,    289.25293,    287.64999
     t,    289.66568,    289.12225,    288.54999
     t,    289.30423,    288.99057,    289.14999
     t,    288.87534,    288.84012,    289.35001
     t,    285.44241,    285.85876,    285.75000
     t,    285.06625,    285.48401,    285.54999
     t,    283.45877,    283.88141,    284.04999
     t,    282.58850,    283.01279,    283.25000
     t,    280.48041,    280.90811,    280.85001
     t,    278.37628,    278.79587,    279.04999
     t,    277.27979,    277.69586,    278.04999
     t,    276.16281,    276.57211,    277.04999
     t,    271.75363,    272.06894,    271.85001
     t,    267.20374,    267.45786,    266.35001
     t,    267.09274,    267.34323,    266.14999
     t,    266.64502,    266.87509,    265.75000
     t,    265.39490,    265.56787,    264.75000
     t,    264.00183,    264.11057,    263.54999
     t,    263.40976,    263.49124,    262.75000
     t,    262.81131,    262.86523,    262.85001
     t,    259.95984,    259.93643,    260.25000
     t,    258.80652,    258.75116,    259.35001
     t,    256.61484,    256.52939,    256.45001
     t,    255.96548,    255.87285,    255.64999
     t,    255.83363,    255.73985,    255.64999
     t,    255.16946,    255.06995,    255.64999
     t,    254.90149,    254.79965,    255.45000
     t,    254.36148,    254.25499,    255.25000
     t,    252.83546,    252.74510,    253.85001
     t,    248.72836,    248.73138,    250.05000
     t,    243.39952,    243.43562,    242.85001
     t,    240.10397,    240.14622,    240.45000
     t,    239.54143,    239.58992,    239.85001
     t,    238.39926,    238.46225,    239.64999
     t,    233.10925,    233.20396,    233.05000
     t,    232.63603,    232.72000,    232.45000
     t,    230.15990,    230.18539,    230.45000
     t,    306.29947,    305.97617,    305.45001
     t,    305.82507,    305.50635,    304.95001
     t,    303.50259,    303.19458,    301.85001
     t,    302.06140,    301.75656,    300.35001
     t,    299.77786,    299.47705,    298.04999
     t,    292.54388,    292.24368,    291.25000
     t,    290.77066,    290.46460,    289.64999
     t,    287.72467,    287.52554,    285.85001
     t,    286.74014,    286.63342,    284.54999
     t,    282.99567,    283.04077,    280.85001
     t,    281.74203,    281.82166,    280.75000
     t,    280.86429,    280.96786,    280.45001
     t,    276.94876,    277.09488,    277.54999
     t,    273.79431,    273.87119,    274.04999
     t,    273.32565,    273.39838,    273.64999
     t,    270.90591,    270.95844,    271.04999
     t,    269.85028,    269.91742,    269.85001
     t,    269.18350,    269.26804,    268.85001
     t,    268.42075,    268.52521,    268.14999
     t,    268.34055,    268.44510,    268.14999
     t,    267.30130,    267.43143,    268.14999
     t,    264.05173,    264.10962,    264.85001
     t,    256.49615,    256.48169,    256.85001
     t,    248.27150,    248.40108,    247.64999
     t,    242.15991,    242.28780,    244.25000
     t,    241.40903,    241.53561,    243.64999
     t,    233.69170,    233.73969,    234.05000
     t,    223.04825,    223.00932,    222.05000
     t,    222.03270,    221.98953,    221.05000
     t,    210.45383,    210.32632,    209.05000
     t,    208.40889,    208.26474,    207.05000
     t,    207.85948,    207.73509,    205.64999
     t,    206.43542,    206.41788,    202.45000
     t,    206.04414,    206.01167,    203.05000
     t,    205.78226,    205.74413,    204.45000
     t,    205.23233,    205.17151,    204.64999
     t,    204.62241,    204.52350,    203.45000
     t,    203.21959,    203.00516,    203.05000
     t,    203.06093,    202.83678,    204.05000
     t,    203.17661,    202.96457,    203.85001
     t,    203.34860,    203.15459,    202.25000
     t,    204.32074,    204.22801,    204.64999
     t,    205.90013,    205.99287,    204.45000
     t,    206.23618,    206.39722,    206.05000
     t,    207.39062,    207.19757,    204.85001
     t,    207.71907,    207.57060,    204.85001
     t,    209.35085,    209.44667,    210.25000
     t,    210.99416,    211.05096,    211.45000
     t,    211.17915,    211.25250,    213.25000
     q,      0.43368,      0.43998,      0.55707
     q,      0.45616,      0.46256,      0.50172
     q,      0.48342,      0.49010,      0.51416
     q,      0.53232,      0.53955,      0.56704
     q,      0.59859,      0.60652,      0.60937
     q,      0.64073,      0.64904,      0.63487
     q,      0.67992,      0.69101,      0.60313
     q,      0.62914,      0.72707,      0.62924
     q,      0.58301,      0.64965,      0.61177
     q,      0.52176,      0.54159,      0.38973
     q,      0.45939,      0.43159,      0.23473
     q,      0.38440,      0.29965,      0.22414
     q,      0.16953,      0.10359,      0.10012
     q,      0.16203,      0.09915,      0.08476
     q,      0.14058,      0.09097,      0.13694
     q,      0.14627,      0.10162,      0.25657
     q,      0.16105,      0.13033,      0.19482
     q,      0.21758,      0.19934,      0.33810
     q,      0.26058,      0.24851,      0.21028
     q,      0.30822,      0.30396,      0.24889
     q,      0.50227,      0.48744,      0.39786
     q,      0.67252,      0.65356,      0.65025
     q,      0.67596,      0.65715,      0.65575
     q,      0.68334,      0.66702,      0.62407
     q,      0.70594,      0.69726,      0.76597
     q,      0.73459,      0.73571,      0.79968
     q,      0.74877,      0.75465,      0.76718
     q,      0.76424,      0.77533,      0.68370
     q,      0.69742,      0.71658,      0.73480
     q,      0.66159,      0.68548,      0.62428
     q,      0.57582,      0.57439,      0.58010
     q,      0.54634,      0.53218,      0.51943
     q,      0.53989,      0.52290,      0.47944
     q,      0.50569,      0.47366,      0.13088
     q,      0.49104,      0.45255,      0.06839
     q,      0.45984,      0.40763,      0.02764
     q,      0.28498,      0.17629,      0.03038
     q,      0.13921,      0.11602,      0.09948
     q,      0.36496,      0.32207,      0.35733
     q,      0.37207,      0.32818,      0.37675
     q,      0.41218,      0.36322,      0.40355
     q,      0.44032,      0.38792,      0.42769
     q,      0.49021,      0.43175,      0.45267
     q,      0.67759,      0.60522,      0.59054
     q,      0.69922,      0.63416,      0.73209
     q,      0.66725,      0.61359,      0.74876
     q,      0.64719,      0.59033,      0.75143
     q,      0.67072,      0.65509,      0.81828
     q,      0.67890,      0.67421,      0.67624
     q,      0.68452,      0.68677,      0.68005
     q,      0.69260,      0.72381,      0.62999
     q,      0.64175,      0.67278,      0.65172
     q,      0.61209,      0.64197,      0.51948
     q,      0.43803,      0.46009,      0.42823
     q,      0.36220,      0.37670,      0.23317
     q,      0.32464,      0.33424,      0.22354
     q,      0.27874,      0.28234,      0.37027
     q,      0.27260,      0.27496,      0.37239
     q,      0.20346,      0.19714,      0.07779
     q,      0.13476,      0.13084,      0.06454
     q,      0.13190,      0.10562,      0.06896
     q,      0.08745,      0.06219,      0.02956
     t,    301.76114,    301.73755,    296.54999
     t,    301.76117,    301.73758,    298.35001
     t,    301.76114,    301.73755,    298.04999
     t,    301.76117,    301.73758,    298.95001
     t,    301.55603,    301.53598,    298.14999
     t,    300.98523,    300.96750,    296.64999
     t,    300.36041,    300.34369,    294.85001
     t,    299.76047,    299.74475,    295.35001
     t,    296.25781,    296.24411,    291.95001
     t,    295.47928,    295.46591,    291.75000
     t,    295.14346,    295.13025,    292.25000
     t,    294.14264,    294.12979,    291.64999
     t,    294.03094,    294.01819,    291.85001
     t,    291.78540,    291.77466,    290.35001
     t,    288.98395,    288.97980,    287.64999
     t,    287.29929,    287.30234,    286.45001
     t,    284.93610,    284.94528,    284.95001
     t,    282.28543,    282.29614,    281.75000
     t,    273.86523,    273.88187,    273.64999
     t,    270.04572,    270.06763,    269.85001
     t,    269.22235,    269.24551,    268.95001
     t,    266.95880,    266.98581,    266.54999
     t,    266.52158,    266.55005,    266.04999
     t,    264.54578,    264.57959,    263.64999
     t,    264.20959,    264.24435,    263.64999
     t,    263.30240,    263.33975,    263.95001
     t,    262.36740,    262.40494,    262.95001
     t,    261.70596,    261.74203,    262.35001
     t,    259.17358,    259.20279,    259.64999
     t,    253.57167,    253.58130,    254.25000
     t,    251.65594,    251.66211,    252.45000
     t,    246.18636,    246.19044,    246.55000
     t,    241.90837,    241.91264,    242.75000
     t,    239.16980,    239.17476,    239.64999
     t,    237.65385,    237.65927,    237.85001
     t,    237.27019,    237.27576,    237.45000
     t,    235.71182,    235.71814,    235.64999
     t,    231.27495,    231.28552,    230.85001
     t,    229.21619,    229.23073,    228.85001
     t,    227.78697,    227.80429,    227.64999
     t,    227.62529,    227.64316,    227.45000
     t,    223.77516,    223.80779,    222.25000
     t,    222.77042,    222.80644,    221.45000
     t,    221.39261,    221.43422,    220.85001
     t,    219.75302,    219.80672,    220.64999
     t,    219.50615,    219.56172,    220.85001
     t,    218.31696,    218.37703,    217.25000
     t,    218.17761,    218.23882,    217.85001
     t,    217.65973,    217.71947,    216.64999
     t,    217.32281,    217.37730,    217.85001
     t,    216.90361,    216.95079,    217.85001
     t,    216.33018,    216.36725,    217.05000
     t,    215.45731,    215.47905,    215.45000
     t,    213.62181,    213.61546,    212.25000
     t,    213.13281,    213.11870,    212.45000
     t,    211.40086,    211.35599,    208.64999
     t,    210.84885,    210.79375,    208.25000
     t,    210.66199,    210.60342,    209.25000
     t,    209.87473,    209.79822,    209.25000
     t,    208.09891,    207.96811,    207.05000
     t,    206.91228,    206.70280,    206.25000
     t,    207.31731,    206.98810,    205.05000
     t,    207.67346,    207.30881,    208.05000
     t,    208.73936,    208.43236,    208.85001
     t,    208.98294,    208.74211,    211.05000
     t,    210.60916,    210.98306,    209.85001
     t,    211.43788,    211.93648,    209.85001
     t,    212.50446,    212.97951,    211.45000
     t,    212.86530,    213.31129,    214.05000
     t,    302.30432,    301.54944,    299.75000
     t,    302.12817,    301.35098,    296.75000
     t,    296.73474,    295.97220,    291.75000
     t,    293.38812,    292.67096,    288.85001
     t,    293.17200,    292.58325,    288.85001
     t,    292.73730,    292.40689,    290.75000
     t,    292.29941,    292.22922,    291.35001
     t,    291.63635,    291.96017,    291.35001
     t,    291.06384,    291.51996,    290.54999
     t,    289.43289,    289.81458,    288.75000
     t,    288.69638,    288.91672,    288.04999
     t,    287.61917,    287.72266,    287.25000
     t,    285.65729,    285.65576,    285.45001
     t,    282.02588,    281.99109,    281.95001
     t,    276.42740,    276.31760,    275.95001
     t,    275.83023,    275.71826,    275.54999
     t,    274.20816,    274.09033,    273.95001
     t,    272.99411,    272.88083,    273.04999
     t,    267.08322,    267.09192,    266.95001
     t,    265.82510,    265.86224,    266.14999
     t,    265.07404,    265.13004,    265.85001
     t,    262.41223,    262.50464,    262.45001
     t,    259.08197,    259.19702,    259.14999
     t,    256.83871,    256.95074,    256.75000
     t,    255.18752,    255.27675,    255.14999
     t,    254.66226,    254.74295,    254.95000
     t,    254.13177,    254.20384,    254.25000
     t,    252.37363,    252.41637,    252.05000
     t,    251.50610,    251.53534,    250.95000
     t,    250.30722,    250.31940,    250.55000
     t,    243.09039,    243.05225,    243.95000
     t,    237.72046,    237.73714,    238.95000
     t,    234.88135,    234.88046,    236.25000
     t,    230.91280,    230.87830,    232.05000
     t,    228.21446,    228.15311,    229.25000
     t,    227.35655,    227.28645,    228.45000
     t,    221.44392,    221.30411,    218.85001
     t,    220.26913,    220.13533,    218.25000
     t,    220.13161,    220.00523,    218.85001
     t,    219.78348,    219.67847,    220.05000
     t,    219.01089,    218.96094,    219.64999
     t,    218.87326,    218.83472,    220.85001
     t,    218.37386,    218.37735,    220.64999
     t,    217.23773,    217.30798,    218.25000
     t,    215.60658,    215.74374,    216.25000
     t,    214.02463,    214.20834,    215.05000
     t,    211.45851,    211.68518,    210.45000
     t,    211.14967,    211.36523,    211.05000
     t,    209.61176,    209.73997,    208.25000
     t,    209.12642,    209.16736,    209.05000
     t,    208.62181,    208.57439,    207.05000
     t,    208.67776,    208.41649,    207.45000
     t,    209.77496,    209.38289,    207.05000
     t,    210.22800,    209.96048,    210.45000
     t,    210.53203,    210.44823,    210.85001
     t,    210.79527,    210.87686,    209.05000
     t,    211.28967,    211.31725,    209.45000
     t,    211.73187,    211.65947,    210.25000
     t,    211.75974,    211.68602,    210.45000
     t,    211.95967,    212.11566,    212.64999
     t,    212.56081,    213.17395,    213.85001
     t,    214.10812,    214.25493,    213.45000
     t,    214.40765,    214.38791,    216.05000
     t,    225.32753,    225.36647,    226.14999
     t,    223.34091,    223.43704,    226.14999
     q,      0.20530,      0.20546,      0.32084
     q,      0.20530,      0.20546,      0.66733
     q,      0.20530,      0.20546,      0.65328
     q,      0.20530,      0.20546,      0.62688
     q,      0.20712,      0.20728,      0.50961
     q,      0.21236,      0.21253,      0.34129
     q,      0.21829,      0.21847,      0.28062
     q,      0.22428,      0.22446,      0.29906
     q,      0.26473,      0.26493,      0.31679
     q,      0.27484,      0.27502,      0.32764
     q,      0.27944,      0.27962,      0.30302
     q,      0.29309,      0.29326,      0.33156
     q,      0.29464,      0.29481,      0.31537
     q,      0.32822,      0.32833,      0.32817
     q,      0.37343,      0.37321,      0.34906
     q,      0.40231,      0.40161,      0.38394
     q,      0.42600,      0.42451,      0.40305
     q,      0.45130,      0.44958,      0.43832
     q,      0.61142,      0.60978,      0.57928
     q,      0.70000,      0.69656,      0.69742
     q,      0.71283,      0.70873,      0.66337
     q,      0.75011,      0.74400,      0.69597
     q,      0.74820,      0.74195,      0.50889
     q,      0.73582,      0.72899,      0.69430
     q,      0.73342,      0.72648,      0.73036
     q,      0.72583,      0.71850,      0.83119
     q,      0.71216,      0.70495,      0.83797
     q,      0.69677,      0.69011,      0.95528
     q,      0.62670,      0.62275,      0.79191
     q,      0.55223,      0.55136,      0.68344
     q,      0.54118,      0.54075,      0.67510
     q,      0.52888,      0.52831,      0.57164
     q,      0.51118,      0.51024,      0.47552
     q,      0.50043,      0.49930,      0.36029
     q,      0.49195,      0.49064,      0.17400
     q,      0.48379,      0.48016,      0.57100
     q,      0.48704,      0.48328,      0.49455
     q,      0.62091,      0.61598,      0.54957
     q,      0.71904,      0.70152,      0.60292
     q,      0.69715,      0.65992,      0.62072
     q,      0.65242,      0.57491,      0.56356
     q,      0.60637,      0.48741,      0.49367
     q,      0.53469,      0.35122,      0.44792
     q,      0.43913,      0.29075,      0.46327
     q,      0.24789,      0.23004,      0.38478
     q,      0.22343,      0.23110,      0.20160
     q,      0.21813,      0.23698,      0.13794
     q,      0.22694,      0.25304,      0.23319
     q,      0.25859,      0.29364,      0.33094
     q,      0.30756,      0.35198,      0.30661
     q,      0.31390,      0.35707,      0.19039
     q,      0.33337,      0.37267,      0.17075
     q,      0.34584,      0.38040,      0.39656
     q,      0.31798,      0.31392,      0.36928
     q,      0.29212,      0.28326,      0.37934
     q,      0.27536,      0.26323,      0.33229
     q,      0.22931,      0.22410,      0.35871
     q,      0.18355,      0.20011,      0.26463
     q,      0.17220,      0.21667,      0.30758
     q,      0.21877,      0.28652,      0.24853
     q,      0.24003,      0.31590,      0.17046
     q,      0.26304,      0.34771,      0.13620
     q,      0.35518,      0.47385,      0.14074
     q,      0.39386,      0.51289,      0.33605
     q,      0.44547,      0.55353,      0.57853
     q,      0.69365,      0.70152,      0.69225
     q,      0.68508,      0.65073,      0.59171
     t,    303.24380,    302.73334,    302.04999
     t,    303.24384,    302.73337,    300.95001
     t,    301.96838,    301.49283,    299.35001
     t,    301.05750,    300.71072,    298.54999
     t,    295.46167,    295.38464,    293.45001
     t,    292.64511,    292.49786,    290.85001
     t,    289.97925,    289.67209,    291.04999
     t,    289.09674,    288.77753,    290.75000
     t,    288.27322,    287.94330,    290.04999
     t,    282.15042,    281.81747,    283.54999
     t,    281.67578,    281.31967,    282.95001
     t,    279.47897,    279.13998,    280.85001
     t,    277.21625,    276.89349,    278.04999
     t,    276.05521,    275.76904,    276.75000
     t,    274.24213,    274.02835,    274.35001
     t,    273.87112,    273.66873,    274.04999
     t,    273.49881,    273.31125,    273.64999
     t,    272.45618,    272.30573,    272.35001
     t,    271.98056,    271.84488,    271.85001
     t,    271.40256,    271.28110,    271.35001
     t,    269.63565,    269.56424,    269.35001
     t,    269.33606,    269.27377,    268.95001
     t,    268.52917,    268.49152,    268.45001
     t,    268.03323,    268.00806,    268.14999
     t,    266.07727,    266.06995,    265.75000
     t,    265.77814,    265.77496,    265.85001
     t,    265.37656,    265.37897,    265.75000
     t,    263.64590,    263.65720,    263.54999
     t,    263.24005,    263.24789,    263.35001
     t,    263.03589,    263.04199,    263.04999
     t,    261.89603,    261.88684,    262.04999
     t,    261.05017,    261.02817,    261.85001
     t,    251.85742,    251.92758,    252.25000
     t,    251.07712,    251.14012,    251.45000
     t,    248.23546,    248.24150,    248.05000
     t,    246.96359,    246.95064,    246.45000
     t,    245.17551,    245.18199,    244.45000
     t,    240.61833,    240.62941,    240.64999
     t,    239.02248,    239.01994,    240.05000
     t,    236.19035,    236.14720,    237.45000
     t,    230.41220,    230.36018,    231.64999
     t,    226.35773,    226.43977,    229.25000
     t,    225.79648,    225.89709,    228.45000
     t,    224.26450,    224.41324,    226.85001
     t,    221.80499,    221.97234,    223.45000
     t,    219.79321,    219.88136,    220.25000
     t,    218.94846,    218.99361,    218.45000
     t,    218.05905,    218.04292,    216.64999
     t,    216.71837,    216.72563,    211.25000
     t,    216.60419,    216.62518,    212.45000
     t,    216.57576,    216.62122,    212.05000
     t,    216.54828,    216.61958,    217.05000
     t,    216.54243,    216.62184,    217.85001
     t,    216.45457,    216.63368,    215.85001
     t,    216.43817,    216.64304,    216.25000
     t,    216.44818,    216.63844,    216.85001
     t,    216.40027,    216.60875,    215.85001
     t,    216.36572,    216.53735,    214.25000
     t,    216.32863,    216.46515,    216.45000
     t,    216.31480,    216.44206,    218.25000
     t,    216.22710,    216.30020,    218.64999
     t,    215.93536,    215.94177,    216.45000
     t,    215.80969,    215.79785,    214.64999
     t,    215.63695,    215.57071,    214.05000
     t,    302.23782,    302.25150,    294.64999
     t,    302.23782,    302.25150,    296.85001
     t,    301.80966,    301.83578,    296.75000
     t,    301.06760,    301.09500,    296.14999
     t,    299.36020,    299.36386,    296.54999
     t,    295.94543,    295.89560,    295.35001
     t,    290.78018,    290.74860,    289.64999
     t,    287.90424,    287.85730,    287.75000
     t,    285.13138,    285.10828,    284.64999
     t,    285.03290,    285.01123,    284.64999
     t,    282.43408,    282.44040,    281.64999
     t,    281.00998,    281.03830,    280.14999
     t,    279.18228,    279.23502,    277.95001
     t,    278.38611,    278.45377,    277.04999
     t,    275.51447,    275.64340,    274.85001
     t,    273.79324,    273.94534,    273.64999
     t,    271.50970,    271.67996,    270.45001
     t,    271.08499,    271.25867,    270.45001
     t,    270.86423,    271.04605,    270.95001
     t,    270.76065,    270.94293,    270.75000
     t,    270.56036,    270.74484,    269.85001
     t,    270.35931,    270.54605,    270.25000
     t,    270.05646,    270.24649,    269.85001
     t,    269.75189,    269.94531,    269.14999
     t,    269.44571,    269.64249,    269.35001
     t,    265.77267,    266.01102,    265.45001
     t,    264.50159,    264.74744,    264.14999
     t,    255.14093,    255.30643,    256.54999
     t,    252.46298,    252.57838,    253.05000
     t,    247.61739,    247.68137,    248.45000
     t,    245.67163,    245.72404,    245.95000
     t,    239.83289,    239.87988,    240.35001
     t,    236.74063,    236.76112,    237.14999
     t,    235.79196,    235.80055,    236.14999
     t,    232.68036,    232.62383,    234.45000
     t,    226.14935,    225.95108,    227.45000
     t,    222.35213,    222.19278,    222.85001
     t,    221.35492,    221.22183,    222.64999
     t,    218.77357,    218.87587,    218.85001
     t,    217.94138,    218.11168,    218.45000
     t,    217.72493,    217.91100,    219.64999
     t,    216.97270,    217.21075,    218.45000
     t,    216.67450,    216.87459,    216.45000
     t,    216.60834,    216.79210,    216.85001
     t,    216.43269,    216.57068,    215.64999
     t,    216.32268,    216.43140,    216.05000
     t,    216.07997,    216.13759,    214.45000
     t,    215.85167,    215.87140,    216.45000
     t,    215.66249,    215.65065,    214.85001
     t,    215.56593,    215.53786,    215.64999
     t,    215.27260,    215.18919,    215.85001
     t,    215.23331,    215.14211,    216.05000
     t,    215.02988,    214.89815,    214.85001
     t,    214.86240,    214.69641,    215.05000
     t,    214.83385,    214.65854,    214.45000
     t,    214.77338,    214.57822,    214.85001
     t,    214.71510,    214.50076,    217.05000
     t,    214.68336,    214.45811,    217.64999
     t,    214.47078,    214.17371,    215.64999
     t,    214.38777,    214.08287,    217.45000
     t,    214.30212,    213.98856,    215.85001
     t,    214.17250,    213.84744,    215.45000
     t,    213.59702,    213.22636,    210.85001
     t,    213.30138,    212.90915,    210.45000
     t,    213.10780,    212.70694,    208.85001
     t,    212.97717,    212.58105,    208.64999
     t,    212.93681,    212.54247,    209.64999
     t,    212.90518,    212.51221,    213.05000
     t,    212.85585,    212.46468,    213.64999
     t,    212.77892,    212.46609,    213.45000
     t,    213.00369,    212.94444,    210.64999
     t,    213.16171,    213.31601,    214.45000
     t,    213.67499,    214.54504,    212.64999
     t,    213.76274,    214.68678,    214.45000
     t,    213.92366,    214.73627,    215.25000
     t,    214.25548,    214.83609,    213.64999
     t,    215.06297,    215.15669,    216.05000
     t,    216.55679,    215.97449,    214.05000
     t,    259.72397,    259.96442,    260.24567
     q,      0.51124,      0.52859,      0.49938
     q,      0.51124,      0.52859,      0.44751
     q,      0.52621,      0.53969,      0.46419
     q,      0.52737,      0.53247,      0.49413
     q,      0.62904,      0.62313,      0.60199
     q,      0.69652,      0.69056,      0.60940
     q,      0.73915,      0.74060,      0.28909
     q,      0.73147,      0.74280,      0.34255
     q,      0.72533,      0.74548,      0.51623
     q,      0.71751,      0.77208,      0.63574
     q,      0.72159,      0.77720,      0.62862
     q,      0.73615,      0.78538,      0.62533
     q,      0.75133,      0.79314,      0.68883
     q,      0.75245,      0.78972,      0.55008
     q,      0.75177,      0.78189,      0.60332
     q,      0.75203,      0.78043,      0.64872
     q,      0.75200,      0.77875,      0.55771
     q,      0.75288,      0.77505,      0.54753
     q,      0.74976,      0.77006,      0.63068
     q,      0.74692,      0.76509,      0.54296
     q,      0.73525,      0.74595,      0.61591
     q,      0.73282,      0.74204,      0.66034
     q,      0.72581,      0.73083,      0.57948
     q,      0.71996,      0.72303,      0.63101
     q,      0.69126,      0.69151,      0.47303
     q,      0.68558,      0.68508,      0.24481
     q,      0.67766,      0.67610,      0.14417
     q,      0.64621,      0.64333,      0.19569
     q,      0.63997,      0.63805,      0.12182
     q,      0.63672,      0.63530,      0.08106
     q,      0.62059,      0.62347,      0.07969
     q,      0.60791,      0.61467,      0.02784
     q,      0.56397,      0.57458,      0.02373
     q,      0.57689,      0.59240,      0.02925
     q,      0.65876,      0.72177,      0.21371
     q,      0.66308,      0.71898,      0.14386
     q,      0.66024,      0.69001,      0.14180
     q,      0.65251,      0.66903,      0.09518
     q,      0.64117,      0.64256,      0.10305
     q,      0.42413,      0.41682,      0.42295
     q,      0.42413,      0.41682,      0.40446
     q,      0.43033,      0.42287,      0.34753
     q,      0.44242,      0.43462,      0.37273
     q,      0.47076,      0.46616,      0.35020
     q,      0.49958,      0.48698,      0.39270
     q,      0.45597,      0.48467,      0.47144
     q,      0.46293,      0.49131,      0.60301
     q,      0.48836,      0.49496,      0.62562
     q,      0.48974,      0.49538,      0.62959
     q,      0.52981,      0.52095,      0.74068
     q,      0.55574,      0.54470,      0.60716
     q,      0.58710,      0.57431,      0.67269
     q,      0.59756,      0.58498,      0.62523
     q,      0.64379,      0.63136,      0.77799
     q,      0.66401,      0.64968,      0.74221
     q,      0.69395,      0.67750,      0.81792
     q,      0.70044,      0.68353,      0.82595
     q,      0.70470,      0.68698,      0.78474
     q,      0.70580,      0.68795,      0.77868
     q,      0.70666,      0.68846,      0.85225
     q,      0.70754,      0.68899,      0.72363
     q,      0.70890,      0.68981,      0.71060
     q,      0.71032,      0.69065,      0.82191
     q,      0.71178,      0.69153,      0.80176
     q,      0.72868,      0.70083,      0.85421
     q,      0.72700,      0.69860,      0.85969
     q,      0.72849,      0.71021,      0.88764
     q,      0.74515,      0.73442,      0.77385
     q,      0.76541,      0.76625,      0.78141
     q,      0.76055,      0.76607,      0.66482
     q,      0.71261,      0.72125,      0.77064
     q,      0.68730,      0.69387,      0.70539
     q,      0.71881,      0.69157,      0.89652
     t,    312.72122,    312.88016,    312.25000
     t,    312.57657,    312.75861,    309.64999
     t,    311.76099,    311.95227,    308.85001
     t,    307.32867,    307.52750,    304.54999
     t,    299.95932,    300.15994,    297.64999
     t,    298.12918,    298.33237,    295.85001
     t,    296.24698,    296.46545,    295.25000
     t,    295.75748,    295.98288,    296.04999
     t,    294.30920,    294.56097,    295.14999
     t,    287.22498,    287.31677,    287.64999
     t,    286.58014,    286.61694,    286.85001
     t,    285.93207,    285.91464,    286.25000
     t,    283.72153,    283.57816,    283.64999
     t,    281.15497,    281.00439,    281.45001
     t,    279.56567,    279.40994,    280.04999
     t,    278.70111,    278.54065,    279.35001
     t,    277.40421,    277.24390,    277.64999
     t,    276.65463,    276.49323,    276.75000
     t,    275.46558,    275.30234,    275.35001
     t,    275.13657,    274.96167,    274.85001
     t,    273.89908,    273.68399,    273.25000
     t,    273.47760,    273.24881,    272.95001
     t,    272.69250,    272.44156,    272.64999
     t,    271.40765,    271.20880,    270.54999
     t,    269.73898,    269.63998,    270.25000
     t,    269.64474,    269.55124,    270.25000
     t,    267.46402,    267.45734,    267.14999
     t,    265.77341,    265.80450,    266.45001
     t,    265.12485,    265.17072,    265.54999
     t,    264.79736,    264.85071,    265.54999
     t,    263.77258,    263.83505,    264.14999
     t,    263.30624,    263.37112,    263.54999
     t,    261.88138,    261.95367,    261.64999
     t,    261.64011,    261.71292,    261.45001
     t,    260.54001,    260.61865,    260.45001
     t,    258.33582,    258.37335,    258.04999
     t,    257.66684,    257.68954,    257.85001
     t,    252.61891,    252.61734,    252.45000
     t,    251.13199,    251.14029,    251.85001
     t,    249.75523,    249.79944,    250.85001
     t,    245.15982,    245.34903,    245.85001
     t,    242.99103,    243.27502,    243.25000
     t,    241.87430,    242.20711,    242.05000
     t,    237.34457,    237.74896,    238.05000
     t,    232.93187,    233.25156,    233.05000
     t,    223.01572,    223.10092,    223.85001
     t,    221.26532,    221.31438,    221.64999
     t,    210.72069,    210.69067,    209.45000
     t,    207.94971,    208.00021,    207.05000
     t,    207.42412,    207.48990,    206.64999
     t,    205.36928,    205.62021,    202.85001
     t,    204.46547,    204.69392,    203.64999
     t,    203.75139,    203.87259,    201.45000
     t,    203.46524,    203.46585,    202.45000
     t,    203.24051,    203.02385,    200.85001
     t,    203.01591,    202.54233,    200.45000
     t,    202.99472,    202.37585,    202.85001
     t,    202.97827,    202.24667,    203.25000
     t,    203.70412,    202.90578,    200.45000
     t,    205.19958,    205.30466,    206.25000
     t,    206.50981,    206.77905,    205.85001
     t,    209.45964,    209.12346,    206.05000
     t,    309.40479,    309.60190,    306.61050
     t,    303.22443,    303.22467,    304.04999
     t,    303.22443,    303.22467,    303.75000
     t,    303.47333,    303.46432,    303.95001
     t,    303.47333,    303.46429,    303.75000
     t,    303.19296,    303.19040,    306.75000
     t,    303.19296,    303.19040,    306.14999
     t,    303.22211,    303.22202,    303.85001
     t,    303.22211,    303.22202,    303.64999
     t,    303.69009,    303.68008,    304.45001
     t,    303.69006,    303.68008,    304.14999
     t,    304.08975,    304.06537,    304.95001
     t,    304.08972,    304.06534,    304.54999
     t,    303.90155,    303.88672,    304.35001
     t,    303.90158,    303.88672,    303.95001
     t,    303.22443,    303.22467,    304.25000
     t,    303.22443,    303.22467,    303.64999
     t,    303.22443,    303.22467,    303.64999
     t,    303.47333,    303.46429,    304.25000
     t,    303.47333,    303.46429,    303.64999
     t,    303.47333,    303.46432,    303.45001
     t,    303.19296,    303.19040,    307.35001
     t,    303.19296,    303.19040,    305.85001
     t,    303.19296,    303.19040,    305.75000
     t,    303.22211,    303.22198,    304.54999
     t,    303.22211,    303.22202,    303.14999
     t,    303.22214,    303.22202,    302.95001
     t,    303.69006,    303.68008,    305.25000
     t,    303.69006,    303.68008,    303.85001
     t,    303.69006,    303.68005,    303.54999
     t,    304.08975,    304.06537,    305.95001
     t,    304.08975,    304.06537,    303.95001
     t,    304.08975,    304.06537,    303.45001
     t,    303.90155,    303.88672,    305.35001
     t,    303.90158,    303.88672,    303.45001
     t,    303.90158,    303.88672,    302.95001
     t,    303.22443,    303.22467,    304.04999
     t,    303.22446,    303.22470,    303.95001
     t,    303.47333,    303.46429,    304.14999
     t,    303.47333,    303.46429,    304.14999
     t,    303.19296,    303.19040,    307.04999
     t,    303.19296,    303.19040,    306.54999
     t,    303.22211,    303.22202,    304.25000
     t,    303.22211,    303.22202,    304.35001
     t,    303.69006,    303.68008,    305.14999
     t,    303.69006,    303.68005,    305.04999
     t,    304.08975,    304.06537,    305.45001
     t,    304.08975,    304.06534,    305.35001
     t,    303.90155,    303.88672,    304.85001
     t,    303.90155,    303.88672,    304.64999
     q,      0.37605,      0.38010,      0.48691
     q,      0.37817,      0.38228,      0.41126
     q,      0.39070,      0.39483,      0.43534
     q,      0.47394,      0.47882,      0.51783
     q,      0.66580,      0.67208,      0.68474
     q,      0.72539,      0.73133,      0.73576
     q,      0.76433,      0.76828,      0.69458
     q,      0.77101,      0.77380,      0.59440
     q,      0.77725,      0.77436,      0.57285
     q,      0.73663,      0.71161,      0.56895
     q,      0.73477,      0.71336,      0.59996
     q,      0.73297,      0.71391,      0.52651
     q,      0.72638,      0.71398,      0.57878
     q,      0.71674,      0.70801,      0.44227
     q,      0.71004,      0.70368,      0.47759
     q,      0.68403,      0.67375,      0.41311
     q,      0.62542,      0.60533,      0.53047
     q,      0.58968,      0.56318,      0.41460
     q,      0.52780,      0.49022,      0.47014
     q,      0.50544,      0.46977,      0.36626
     q,      0.42045,      0.38939,      0.35106
     q,      0.38960,      0.36022,      0.25434
     q,      0.33140,      0.30530,      0.20335
     q,      0.30272,      0.26446,      0.10755
     q,      0.28977,      0.22665,      0.04422
     q,      0.28893,      0.22431,      0.04012
     q,      0.29436,      0.20029,      0.06980
     q,      0.31879,      0.20487,      0.02566
     q,      0.32793,      0.20558,      0.17230
     q,      0.33283,      0.20596,      0.08939
     q,      0.34531,      0.21513,      0.22206
     q,      0.34836,      0.21872,      0.40200
     q,      0.35877,      0.23094,      0.38341
     q,      0.36220,      0.23488,      0.35109
     q,      0.37099,      0.24527,      0.03067
     q,      0.35135,      0.24286,      0.04390
     q,      0.34225,      0.24051,      0.06344
     q,      0.27005,      0.20040,      0.06583
     q,      0.23446,      0.17333,      0.09917
     q,      0.17764,      0.12549,      0.08456
     q,      0.43241,      0.43688,      0.47747
     t,    225.43979,    225.41682,    225.64999
     t,    223.37901,    223.34930,    223.05000
     t,    216.82623,    216.74312,    215.64999
     t,    212.91331,    212.82938,    212.64999
     t,    211.88492,    211.82199,    210.85001
     t,    209.45587,    209.50462,    205.64999
     t,    208.04605,    208.19781,    203.45000
     t,    207.16216,    207.29900,    203.64999
     t,    206.48544,    206.61087,    205.45000
     t,    206.01566,    206.13115,    205.25000
     t,    205.28680,    205.32529,    206.05000
     t,    204.74989,    204.17957,    203.85001
     t,    204.94429,    204.32712,    205.05000
     t,    205.24374,    204.55475,    205.25000
     t,    205.90907,    205.22935,    206.45000
     t,    206.01715,    205.44434,    208.45000
     t,    206.41272,    206.23839,    206.05000
     t,    208.79132,    209.33849,    207.25000
     t,    209.62863,    209.98630,    209.64999
     t,    210.13461,    210.25934,    210.45000
     t,    211.50807,    211.13078,    208.85001
     t,    211.91373,    211.83635,    210.85001
     t,    212.32214,    212.36864,    214.64999
     t,    212.47095,    212.56218,    213.45000
     t,    308.87946,    307.48788,    307.95001
     t,    308.58310,    307.19995,    307.54999
     t,    307.29181,    306.11526,    306.85001
     t,    306.34824,    306.47607,    304.75000
     t,    299.87292,    299.93976,    298.04999
     t,    296.43005,    296.32870,    294.35001
     t,    295.14053,    295.03793,    294.04999
     t,    293.83707,    293.72845,    292.95001
     t,    290.45621,    290.27850,    290.45001
     t,    289.79736,    289.63785,    290.45001
     t,    288.87869,    288.74551,    288.85001
     t,    288.54175,    288.41840,    288.75000
     t,    288.11795,    288.00693,    288.14999
     t,    286.60602,    286.55908,    286.45001
     t,    286.51489,    286.47186,    286.25000
     t,    284.47632,    284.52087,    283.14999
     t,    278.39044,    278.75876,    279.35001
     t,    277.37320,    277.76944,    279.35001
     t,    275.66684,    276.07480,    275.45001
     t,    274.74820,    275.15073,    274.54999
     t,    274.43762,    274.83960,    273.75000
     t,    274.13721,    274.53323,    273.35001
     t,    273.99289,    274.38455,    272.75000
     t,    273.70270,    274.08560,    272.64999
     t,    273.62985,    274.01053,    272.35001
     t,    273.55682,    273.93530,    272.04999
     t,    273.41043,    273.78452,    271.45001
     t,    272.89383,    273.25229,    271.14999
     t,    271.83984,    272.16730,    269.35001
     t,    271.37967,    271.69318,    268.54999
     t,    271.07001,    271.37411,    267.85001
     t,    270.63034,    270.94965,    267.35001
     t,    269.55618,    269.91089,    265.75000
     t,    269.09561,    269.46826,    265.35001
     t,    268.63495,    269.02322,    264.75000
     t,    268.07599,    268.48322,    267.25000
     t,    266.61319,    267.06076,    265.25000
     t,    266.26572,    266.71719,    265.04999
     t,    265.79901,    266.25577,    266.35001
     t,    265.19366,    265.65601,    266.35001
     t,    263.46188,    263.93283,    264.25000
     t,    260.41885,    260.56165,    262.14999
     t,    257.70523,    257.63882,    258.45001
     t,    257.26059,    257.24951,    257.35001
     t,    254.73167,    255.06827,    254.95000
     t,    254.09824,    254.48196,    254.55000
     t,    253.08516,    253.56267,    253.45000
     t,    251.90324,    252.47466,    251.85001
     t,    250.78232,    251.25612,    250.35001
     t,    249.66563,    249.91318,    249.75000
     t,    249.12495,    249.26770,    249.25000
     t,    247.02820,    246.72897,    247.85001
     t,    243.09932,    242.45656,    244.45000
     t,    235.99554,    236.06946,    238.45000
     t,    232.99348,    233.32913,    234.64999
     t,    231.96692,    232.37827,    233.45000
     t,    230.71959,    231.19684,    233.05000
     t,    222.00867,    222.19185,    222.85001
     t,    216.91350,    216.88809,    216.85001
     t,    215.36806,    215.27786,    216.64999
     t,    209.18033,    208.93694,    208.45000
     t,    207.82906,    207.54292,    206.45000
     t,    204.39244,    203.77109,    198.25000
     t,    203.95132,    203.30116,    198.85001
     t,    203.53802,    203.15587,    197.05000
     t,    203.37842,    203.12038,    198.05000
     t,    203.29207,    203.09000,    197.64999
     t,    203.11703,    203.02840,    198.45000
     t,    203.19312,    203.39426,    197.45000
     t,    203.27440,    203.55219,    200.45000
     t,    203.52495,    203.86789,    203.25000
     t,    204.36723,    204.36760,    201.05000
     t,    204.94229,    205.11824,    202.05000
     t,    205.00238,    205.21007,    202.64999
     t,    205.07790,    205.32550,    207.05000
     t,    205.20886,    205.51999,    207.85001
     t,    206.73520,    207.51741,    204.85001
     t,    207.36182,    208.24278,    206.05000
     t,    207.53888,    208.41174,    208.45000
     t,    207.81798,    208.64456,    208.45000
     t,    208.98703,    209.60547,    207.64999
     t,    210.16869,    210.39319,    211.25000
     t,    211.29533,    211.06783,    211.45000
     t,    308.88193,    306.67654,    305.25000
     t,    305.03781,    303.11801,    300.25000
     t,    302.30450,    300.65234,    297.35001
     t,    298.34079,    297.14990,    295.04999
     t,    292.08511,    291.75854,    289.85001
     t,    289.73083,    289.73035,    287.25000
     t,    288.97580,    288.97604,    288.45001
     t,    287.25604,    287.27188,    287.04999
     t,    286.29306,    286.36597,    286.25000
     t,    285.58316,    285.69809,    286.14999
     t,    274.96271,    275.30020,    274.25000
     t,    273.65054,    273.94034,    273.14999
     t,    269.30563,    269.63809,    267.64999
     t,    269.04813,    269.39130,    267.75000
     t,    268.87558,    269.22595,    267.75000
     t,    268.70236,    269.05997,    267.35001
     t,    267.01184,    267.42981,    265.95001
     t,    266.31650,    266.74344,    266.75000
     t,    263.65240,    264.11652,    264.04999
     t,    259.99960,    260.54803,    259.14999
     t,    257.80328,    258.35583,    258.25000
     t,    257.12988,    257.67398,    257.85001
     t,    251.66335,    252.00665,    251.45000
     t,    243.63487,    243.88181,    246.25000
     t,    242.17065,    242.35397,    244.45000
     t,    233.24834,    233.24867,    235.05000
     t,    232.48227,    232.47252,    234.25000
     t,    222.37714,    222.21243,    222.25000
     t,    218.55574,    218.29115,    217.85001
     t,    213.73383,    213.25705,    213.25000
     t,    213.01479,    212.50345,    214.25000
     t,    210.54678,    210.19768,    210.45000
     t,    205.88565,    205.68761,    202.25000
     t,    204.55624,    203.94632,    198.64999
     t,    203.93469,    203.22832,    198.85001
     t,    203.63141,    203.08612,    200.25000
     t,    203.52852,    203.78865,    201.05000
     t,    204.22020,    204.99905,    207.05000
     t,    207.14912,    207.68185,    205.45000
     t,    207.82135,    208.17506,    210.05000
     t,    208.60587,    208.91461,    207.25000
     t,    209.24088,    209.34071,    208.45000
     t,    294.92944,    294.05521,    292.33539
     t,    279.79712,    280.21112,    280.14023
     t,    227.85480,    227.76338,    228.66879
     q,      0.57188,      0.56958,      0.64801
     q,      0.57069,      0.56929,      0.58490
     q,      0.57635,      0.57604,      0.63274
     q,      0.56785,      0.56154,      0.59347
     q,      0.70958,      0.69629,      0.77280
     q,      0.80763,      0.79114,      0.82605
     q,      0.83715,      0.82259,      0.84621
     q,      0.86894,      0.85512,      0.73433
     q,      0.90686,      0.89681,      0.73801
     q,      0.88441,      0.86907,      0.67659
     q,      0.85051,      0.82801,      0.64598
     q,      0.83770,      0.81226,      0.76475
     q,      0.82111,      0.79185,      0.78300
     q,      0.78634,      0.74502,      0.71347
     q,      0.78483,      0.74283,      0.71228
     q,      0.74796,      0.68924,      0.82607
     q,      0.67259,      0.58984,      0.96484
     q,      0.65357,      0.57112,      1.02644
     q,      0.59106,      0.52030,      0.86544
     q,      0.55443,      0.49063,      0.87453
     q,      0.54202,      0.48097,      0.74737
     q,      0.53019,      0.47114,      0.77423
     q,      0.52506,      0.46691,      0.62718
     q,      0.51456,      0.45824,      0.83951
     q,      0.51188,      0.45603,      0.82490
     q,      0.50918,      0.45380,      0.84776
     q,      0.50372,      0.44929,      0.75923
     q,      0.48390,      0.43293,      0.80423
     q,      0.44154,      0.39852,      0.63165
     q,      0.42135,      0.38189,      0.72178
     q,      0.40727,      0.37030,      0.64151
     q,      0.39933,      0.36236,      0.68760
     q,      0.37658,      0.33858,      0.58965
     q,      0.36790,      0.32920,      0.58563
     q,      0.35707,      0.31771,      0.58187
     q,      0.34322,      0.30301,      0.72334
     q,      0.33271,      0.28120,      0.78680
     q,      0.33563,      0.27972,      0.79421
     q,      0.33974,      0.27765,      0.92542
     q,      0.34890,      0.27845,      0.93877
     q,      0.37614,      0.27993,      0.89040
     q,      0.47754,      0.42202,      0.97931
     q,      0.62713,      0.64437,      0.85490
     q,      0.66012,      0.68620,      0.80075
     q,      0.78995,      0.85333,      0.69204
     q,      0.78722,      0.85475,      0.79582
     q,      0.78355,      0.85900,      0.73155
     q,      0.77715,      0.86282,      0.70245
     q,      0.76470,      0.85100,      0.50122
     q,      0.74600,      0.82567,      0.35048
     q,      0.73838,      0.81563,      0.17063
     q,      0.69669,      0.75953,      0.10171
     q,      0.57674,      0.58276,      0.09687
     q,      0.52958,      0.58435,      0.53160
     q,      0.61314,      0.66668,      0.59421
     q,      0.68143,      0.72684,      0.65314
     q,      0.78068,      0.81772,      0.71047
     q,      0.88708,      0.90544,      0.86049
     q,      0.83479,      0.85616,      0.79272
     q,      0.80921,      0.84055,      0.62081
     q,      0.75311,      0.80559,      0.51628
     q,      0.74767,      0.79724,      0.51565
     q,      0.74336,      0.79062,      0.46538
     q,      0.62837,      0.69646,      0.79231
     q,      0.58687,      0.66292,      0.61136
     q,      0.41929,      0.48303,      0.65782
     q,      0.40913,      0.46975,      0.31626
     q,      0.40217,      0.46067,      0.34890
     q,      0.39508,      0.45140,      0.37165
     q,      0.32131,      0.35639,      0.34274
     q,      0.30183,      0.32918,      0.10888
     q,      0.21193,      0.20506,      0.24015
     q,      0.17989,      0.16409,      0.13720
     q,      0.23787,      0.23412,      0.05848
     q,      0.28077,      0.28622,      0.10145
     q,      0.46239,      0.49089,      0.03546
     q,      0.85898,      0.89321,      0.79350
     q,      0.71189,      0.75409,      0.61959
     t,    297.93298,    300.67035,    297.04999
     t,    297.93301,    300.67038,    296.35001
     t,    297.00864,    299.86996,    294.25000
     t,    295.45126,    298.32544,    293.25000
     t,    294.24454,    296.59055,    292.64999
     t,    294.06433,    296.22293,    292.35001
     t,    294.04391,    295.07571,    293.04999
     t,    294.15039,    293.90277,    292.25000
     t,    293.73175,    293.37173,    291.35001
     t,    292.52194,    292.00134,    289.85001
     t,    292.28354,    291.74197,    289.14999
     t,    291.95035,    291.43906,    287.95001
     t,    291.61459,    291.13388,    287.14999
     t,    289.68210,    289.30621,    287.35001
     t,    284.75906,    284.53687,    282.54999
     t,    284.60632,    284.38412,    282.25000
     t,    283.52277,    283.30148,    281.75000
     t,    283.05228,    282.83078,    281.45001
     t,    282.65698,    282.43527,    281.54999
     t,    280.10104,    279.85349,    279.85001
     t,    277.93973,    277.66052,    278.95001
     t,    275.65527,    275.46454,    276.04999
     t,    275.15179,    274.98126,    275.95001
     t,    272.86041,    272.84979,    272.85001
     t,    271.91113,    271.99496,    272.45001
     t,    271.12003,    271.28256,    271.75000
     t,    270.49548,    270.72012,    271.25000
     t,    267.93173,    268.23523,    268.75000
     t,    267.63800,    267.94901,    268.35001
     t,    264.91833,    265.17459,    265.14999
     t,    263.68475,    263.86560,    263.85001
     t,    259.83667,    259.81967,    260.14999
     t,    256.56512,    256.43683,    256.04999
     t,    256.15524,    256.02255,    255.64999
     t,    254.62955,    254.48044,    254.55000
     t,    254.06259,    253.90729,    253.95000
     t,    253.05609,    252.88982,    252.95000
     t,    252.31297,    252.15910,    252.14999
     t,    250.47630,    250.36125,    250.35001
     t,    249.69293,    249.59442,    249.55000
     t,    248.25763,    248.18758,    248.55000
     t,    246.11098,    246.19022,    246.05000
     t,    244.73660,    244.91733,    245.45000
     t,    240.18471,    240.74290,    240.85001
     t,    238.33995,    239.05647,    238.64999
     t,    235.69594,    236.49448,    235.25000
     t,    234.40742,    235.24709,    234.85001
     t,    231.23735,    231.89441,    232.05000
     t,    222.57419,    222.41090,    223.45000
     t,    222.17294,    221.97993,    223.25000
     t,    220.68643,    220.42363,    222.85001
     t,    214.15665,    213.47585,    213.25000
     t,    212.60933,    211.81288,    211.25000
     t,    212.12703,    211.29839,    210.25000
     t,    211.38506,    210.59268,    208.25000
     t,    210.25540,    209.83490,    206.25000
     t,    209.99281,    209.66560,    207.25000
     t,    209.26048,    209.25554,    207.25000
     t,    207.98917,    208.51534,    204.85001
     t,    207.23813,    207.73720,    204.85001
     t,    207.02440,    207.48795,    207.05000
     t,    206.90997,    207.36949,    206.05000
     t,    207.02968,    207.56476,    208.25000
     t,    207.64578,    208.36026,    207.45000
     t,    207.89598,    208.59129,    209.05000
     t,    208.83527,    209.46649,    207.25000
     t,    210.64883,    209.76158,    207.85001
     t,    210.81114,    209.83765,    210.85001
     t,    210.82286,    209.84312,    210.85001
     t,    211.10919,    209.97729,    212.45000
     t,    211.91821,    210.85562,    209.85001
     t,    212.68263,    212.12209,    211.85001
     t,    212.91925,    212.52129,    213.64999
     t,    226.61285,    226.75961,    227.51543
     t,    295.40283,    299.29364,    295.75000
     t,    295.40283,    299.29364,    295.14999
     t,    292.02472,    295.78381,    291.04999
     t,    291.33167,    294.78897,    290.25000
     t,    289.05209,    290.11340,    287.25000
     t,    288.86212,    289.73154,    287.85001
     t,    288.45908,    288.28320,    287.45001
     t,    288.29318,    287.41388,    285.95001
     t,    287.55478,    286.62433,    283.95001
     t,    287.25894,    286.65732,    284.54999
     t,    285.40933,    284.65942,    282.45001
     t,    284.04468,    283.26575,    282.35001
     t,    283.85281,    283.09021,    282.04999
     t,    283.46661,    282.73691,    281.75000
     t,    283.20731,    282.49966,    281.25000
     t,    282.48633,    281.84006,    282.14999
     t,    281.61908,    281.04663,    281.04999
     t,    281.28159,    280.73853,    280.64999
     t,    280.94553,    280.46249,    280.45001
     t,    280.53882,    280.12842,    279.85001
     t,    278.65457,    278.57816,    277.04999
     t,    278.44064,    278.40237,    276.85001
     t,    277.54816,    277.61249,    276.75000
     t,    276.58084,    276.65216,    276.04999
     t,    274.16043,    274.24918,    273.25000
     t,    272.69742,    272.65891,    271.75000
     t,    268.32364,    267.97614,    267.54999
     t,    267.21179,    266.84515,    266.85001
     t,    266.64642,    266.27017,    266.85001
     t,    266.18997,    265.80600,    266.64999
     t,    265.04474,    264.65390,    265.25000
     t,    263.82642,    263.54376,    263.64999
     t,    260.22095,    260.23691,    259.25000
     t,    259.23416,    259.30435,    258.35001
     t,    257.97153,    258.11374,    256.64999
     t,    257.71542,    257.87222,    256.64999
     t,    257.06973,    257.26337,    256.54999
     t,    256.80930,    257.01776,    256.54999
     t,    255.13843,    255.39276,    255.14999
     t,    254.85031,    255.10948,    254.95000
     t,    253.83321,    254.10921,    253.95000
     t,    250.98207,    251.28606,    250.55000
     t,    248.81042,    249.07140,    248.35001
     t,    247.69395,    247.93488,    247.14999
     t,    243.62488,    243.75639,    244.14999
     t,    238.61981,    238.65395,    239.55000
     t,    238.42128,    238.45110,    239.35001
     t,    230.85986,    230.85078,    231.64999
     t,    228.10808,    228.21004,    228.64999
     t,    225.28740,    225.52518,    225.05000
     t,    222.21538,    222.68405,    220.25000
     t,    222.00513,    222.46089,    220.85001
     t,    220.68095,    221.04010,    219.45000
     t,    220.34000,    220.67693,    219.64999
     t,    219.42441,    219.66562,    220.25000
     t,    218.38632,    218.50914,    219.85001
     t,    216.67749,    216.66901,    216.64999
     t,    215.53535,    215.45236,    215.64999
     t,    215.12650,    215.02045,    214.45000
     t,    214.57056,    214.43236,    214.64999
     t,    211.97311,    211.70718,    210.05000
     t,    211.71613,    211.42987,    210.25000
     t,    210.64609,    210.27226,    208.85001
     t,    210.50792,    210.12283,    209.25000
     t,    209.51312,    208.74033,    206.64999
     t,    209.37778,    208.59300,    207.45000
     t,    209.27481,    208.66817,    206.85001
     t,    209.29196,    209.38521,    211.64999
     t,    209.55504,    209.93979,    211.64999
     t,    210.12331,    210.49568,    208.64999
     t,    210.40973,    210.78520,    209.45000
     t,    210.93338,    211.33749,    207.45000
     t,    211.53812,    211.93909,    209.25000
     t,    211.59566,    211.99213,    209.05000
     t,    211.84787,    212.22456,    211.45000
     t,    213.54449,    213.51680,    211.64999
     t,    293.65500,    297.63129,    293.05728
     q,      0.79955,      0.87049,      0.87190
     q,      0.79955,      0.87049,      0.78115
     q,      0.83102,      0.90081,      0.78539
     q,      0.89328,      0.96650,      0.84729
     q,      0.93652,      1.01559,      0.87851
     q,      0.94235,      1.02159,      0.87713
     q,      0.94768,      1.00323,      0.89758
     q,      0.92107,      0.92865,      0.83338
     q,      0.91924,      0.91905,      0.81174
     q,      0.92203,      0.94488,      0.80052
     q,      0.92212,      0.95005,      0.77020
     q,      0.91934,      0.95083,      0.64237
     q,      0.91648,      0.95164,      0.64155
     q,      0.88804,      0.94817,      0.78156
     q,      0.72119,      0.81544,      0.70827
     q,      0.71857,      0.81362,      0.70488
     q,      0.70027,      0.80133,      0.75840
     q,      0.69121,      0.79505,      0.74885
     q,      0.68330,      0.78957,      0.67575
     q,      0.66003,      0.76442,      0.72415
     q,      0.64948,      0.74551,      0.69317
     q,      0.63935,      0.70451,      0.76043
     q,      0.63682,      0.69422,      0.67813
     q,      0.61512,      0.62922,      0.72558
     q,      0.60047,      0.59220,      0.76332
     q,      0.58716,      0.55859,      0.52548
     q,      0.57586,      0.53004,      0.45307
     q,      0.53717,      0.43627,      0.34577
     q,      0.53202,      0.42402,      0.34158
     q,      0.50307,      0.36348,      0.37677
     q,      0.49776,      0.36030,      0.26022
     q,      0.48444,      0.39124,      0.25166
     q,      0.47680,      0.45543,      0.51277
     q,      0.47559,      0.46024,      0.51049
     q,      0.46985,      0.48098,      0.33096
     q,      0.46767,      0.48977,      0.39734
     q,      0.46334,      0.50722,      0.32655
     q,      0.45856,      0.50356,      0.19372
     q,      0.44447,      0.48048,      0.22998
     q,      0.43731,      0.46875,      0.34104
     q,      0.42286,      0.44571,      0.23455
     q,      0.40559,      0.43735,      0.17551
     q,      0.76942,      0.82650,      0.80602
     q,      0.76942,      0.82650,      0.73897
     q,      0.86375,      0.84629,      0.84250
     q,      0.88618,      0.86096,      0.87434
     q,      0.97369,      0.93679,      0.84854
     q,      0.97903,      0.94988,      0.85896
     q,      0.94539,      0.94850,      0.82687
     q,      0.91238,      0.93421,      0.70330
     q,      0.73842,      0.79551,      0.60014
     q,      0.70849,      0.76373,      0.68104
     q,      0.66573,      0.76014,      0.67535
     q,      0.61715,      0.72286,      0.65406
     q,      0.60785,      0.71167,      0.62477
     q,      0.58874,      0.68865,      0.54534
     q,      0.57561,      0.67284,      0.40590
     q,      0.53777,      0.62727,      0.21298
     q,      0.48947,      0.56910,      0.19047
     q,      0.46989,      0.54514,      0.40354
     q,      0.45062,      0.51584,      0.32642
     q,      0.42666,      0.47942,      0.46176
     q,      0.30562,      0.29697,      0.48749
     q,      0.29075,      0.27440,      0.36266
     q,      0.24435,      0.20499,      0.13222
     q,      0.21739,      0.18058,      0.04332
     q,      0.13825,      0.10889,      0.13318
     q,      0.14089,      0.12176,      0.06072
     q,      0.17597,      0.19037,      0.07450
     q,      0.19675,      0.21356,      0.05624
     q,      0.20848,      0.22687,      0.20394
     q,      0.21857,      0.23831,      0.22756
     q,      0.24314,      0.26578,      0.21984
     q,      0.25179,      0.26568,      0.35780
     q,      0.29357,      0.27845,      0.35209
     q,      0.31795,      0.30017,      0.24303
     q,      0.35451,      0.33236,      0.36433
     q,      0.36269,      0.33956,      0.44727
     q,      0.38462,      0.35887,      0.22273
     q,      0.39404,      0.36716,      0.27689
     q,      0.45200,      0.42393,      0.33554
     q,      0.46300,      0.43502,      0.33688
     q,      0.50398,      0.47642,      0.30268
     q,      0.63160,      0.60779,      0.41380
     q,      0.68008,      0.66511,      0.59150
     q,      0.71049,      0.70091,      0.53090
     q,      0.73969,      0.72454,      0.70717
     q,      0.72464,      0.69498,      0.63291
     q,      0.81133,      0.80343,      0.79142
     t,    215.32022,    215.19423,    213.64999
     t,    215.01031,    215.04926,    216.25000
     t,    214.93466,    215.59715,    211.85001
     t,    215.15680,    216.02908,    213.64999
     t,    215.35497,    216.42020,    213.64999
     t,    215.45695,    216.61856,    215.85001
     t,    217.22437,    218.26686,    215.64999
     t,    217.81766,    218.51823,    219.05000
     t,    301.76437,    301.50620,    302.25000
     t,    301.55685,    301.29953,    300.04999
     t,    300.79877,    300.53159,    299.14999
     t,    298.51840,    298.23984,    296.85001
     t,    291.46390,    291.55981,    289.85001
     t,    289.92480,    290.30624,    287.25000
     t,    289.85315,    290.22702,    287.35001
     t,    289.75714,    290.12094,    289.14999
     t,    289.66071,    290.01437,    289.64999
     t,    289.20520,    289.40970,    289.75000
     t,    288.93680,    289.02893,    289.64999
     t,    288.52847,    288.55542,    289.04999
     t,    288.00424,    287.95251,    288.45001
     t,    287.66730,    287.56299,    287.85001
     t,    287.11981,    286.97806,    287.04999
     t,    284.06158,    283.80246,    284.14999
     t,    283.41846,    283.16211,    283.35001
     t,    276.43542,    276.29590,    275.95001
     t,    273.57108,    273.54550,    273.85001
     t,    271.00415,    271.11823,    271.04999
     t,    269.02911,    269.24176,    269.35001
     t,    268.28070,    268.50958,    268.85001
     t,    264.19135,    264.46118,    264.25000
     t,    263.54443,    263.79898,    263.45001
     t,    263.35764,    263.60785,    263.25000
     t,    262.31671,    262.54272,    262.75000
     t,    259.67224,    259.88263,    259.54999
     t,    259.06540,    259.27707,    260.04999
     t,    258.03522,    258.24805,    259.04999
     t,    256.89487,    257.10767,    257.95001
     t,    254.44272,    254.65782,    255.55000
     t,    254.06474,    254.28038,    255.14999
     t,    252.60184,    252.80978,    253.55000
     t,    251.19138,    251.38348,    251.85001
     t,    249.15401,    249.32443,    249.64999
     t,    247.94643,    248.10629,    248.35001
     t,    243.47986,    243.60756,    243.64999
     t,    240.63350,    240.75221,    240.25000
     t,    238.36998,    238.48474,    237.64999
     t,    236.78246,    236.89951,    236.85001
     t,    236.60242,    236.72101,    236.64999
     t,    230.99939,    231.11525,    231.05000
     t,    228.40837,    228.51416,    228.05000
     t,    226.96147,    227.05795,    226.85001
     t,    223.74564,    223.81377,    224.25000
     t,    217.84190,    217.80952,    216.45000
     t,    217.25488,    217.21091,    215.85001
     t,    216.60321,    216.53804,    214.05000
     t,    216.38222,    216.30054,    215.05000
     t,    216.06296,    215.95929,    213.64999
     t,    215.95494,    215.84848,    215.05000
     t,    215.96527,    215.86000,    216.45000
     t,    215.99306,    215.89847,    217.64999
     t,    215.96744,    215.87776,    217.85001
     t,    215.91270,    215.82549,    216.64999
     t,    215.88361,    215.80002,    215.64999
     t,    215.80916,    215.72543,    216.05000
     t,    215.64362,    215.55060,    214.64999
     t,    215.47043,    215.36559,    214.45000
     t,    215.33109,    215.21094,    215.25000
     t,    215.11127,    214.96295,    213.85001
     t,    214.99805,    214.83279,    215.05000
     t,    214.80328,    214.58371,    213.45000
     t,    214.60358,    214.32765,    213.25000
     t,    214.16959,    213.74184,    211.85001
     t,    213.99371,    213.53268,    213.25000
     t,    213.91312,    213.62009,    210.85001
     t,    213.70772,    213.77377,    212.25000
     t,    213.62346,    213.85179,    214.85001
     t,    213.94664,    214.26230,    213.64999
     t,    214.00830,    214.29010,    213.64999
     t,    214.40849,    214.48448,    215.05000
     t,    216.97046,    216.03752,    214.25000
     t,    217.66069,    216.69788,    215.45000
     q,      0.41466,      0.43796,      0.45313
     q,      0.41728,      0.44091,      0.40463
     q,      0.42772,      0.45247,      0.40086
     q,      0.47305,      0.50053,      0.42370
     q,      0.63815,      0.59915,      0.60954
     q,      0.51735,      0.45757,      0.62325
     q,      0.49219,      0.43958,      0.61113
     q,      0.45872,      0.41565,      0.52203
     q,      0.42534,      0.39179,      0.44151
     q,      0.33650,      0.28880,      0.15397
     q,      0.28489,      0.22346,      0.27998
     q,      0.28424,      0.23103,      0.39146
     q,      0.28757,      0.24716,      0.29269
     q,      0.28956,      0.25747,      0.37925
     q,      0.30440,      0.27786,      0.32430
     q,      0.43058,      0.42189,      0.40121
     q,      0.45357,      0.44940,      0.42439
     q,      0.67738,      0.70434,      0.67126
     q,      0.70753,      0.72448,      0.65158
     q,      0.68068,      0.68272,      0.63041
     q,      0.65032,      0.64101,      0.64287
     q,      0.62897,      0.62262,      0.72127
     q,      0.49970,      0.51021,      0.60968
     q,      0.48584,      0.49831,      0.66743
     q,      0.48182,      0.49463,      0.67125
     q,      0.45783,      0.47265,      0.62650
     q,      0.42495,      0.43396,      0.63922
     q,      0.42081,      0.42661,      0.54512
     q,      0.41255,      0.41255,      0.45483
     q,      0.40753,      0.40469,      0.25891
     q,      0.40361,      0.39836,      0.30500
     q,      0.40295,      0.39724,      0.22557
     q,      0.40193,      0.39549,      0.19619
     q,      0.40265,      0.39640,      0.12166
     q,      0.40403,      0.39830,      0.16039
     q,      0.40442,      0.39827,      0.26036
     q,      0.40256,      0.39264,      0.26854
     q,      0.39746,      0.38654,      0.37149
     q,      0.39271,      0.38062,      0.39225
     q,      0.39141,      0.37676,      0.26581
     q,      0.39140,      0.37698,      0.26435
     t,    306.99466,    306.95248,    308.54999
     t,    306.03378,    305.99753,    306.14999
     t,    305.58337,    305.54797,    305.75000
     t,    299.59689,    299.56091,    299.54999
     t,    298.53284,    298.50323,    298.14999
     t,    298.07724,    298.05270,    297.85001
     t,    295.87534,    295.85922,    295.04999
     t,    295.28375,    295.26654,    294.35001
     t,    294.22458,    294.19559,    293.04999
     t,    293.59808,    293.56796,    292.85001
     t,    291.81094,    291.81366,    291.75000
     t,    290.76297,    290.77011,    290.45001
     t,    289.95593,    289.96771,    289.45001
     t,    288.92648,    288.94461,    288.45001
     t,    287.70291,    287.72830,    287.75000
     t,    286.74777,    286.77881,    286.75000
     t,    285.85046,    285.88684,    285.85001
     t,    283.74164,    283.78445,    283.75000
     t,    283.06085,    283.10504,    283.25000
     t,    280.78421,    280.83279,    280.35001
     t,    277.90610,    277.97073,    277.45001
     t,    277.46997,    277.53708,    276.95001
     t,    276.85324,    276.92383,    276.45001
     t,    276.43253,    276.50452,    276.04999
     t,    275.09662,    275.16788,    275.14999
     t,    274.37515,    274.44748,    274.64999
     t,    273.96918,    274.04126,    274.35001
     t,    273.06302,    273.13452,    273.75000
     t,    271.90271,    271.96768,    272.54999
     t,    268.68393,    268.73062,    268.45001
     t,    265.33643,    265.38025,    265.04999
     t,    263.12732,    263.17242,    263.35001
     t,    260.49289,    260.54080,    260.35001
     t,    259.02527,    259.04941,    258.85001
     t,    257.51074,    257.51031,    257.45001
     t,    252.77641,    252.75000,    252.85001
     t,    250.95345,    250.92934,    250.64999
     t,    250.14073,    250.11937,    249.85001
     t,    241.70943,    241.72083,    241.25000
     t,    234.99988,    234.99681,    234.45000
     t,    231.27095,    231.22658,    231.05000
     t,    221.85873,    221.71471,    221.25000
     t,    220.75240,    220.61494,    220.45000
     t,    220.13118,    220.00079,    219.85001
     t,    219.92064,    219.79272,    219.85001
     t,    219.06776,    218.94987,    218.85001
     t,    216.86435,    216.76692,    216.25000
     t,    211.67746,    211.54298,    210.05000
     t,    209.76941,    209.77112,    209.05000
     t,    208.84131,    208.93083,    208.05000
     t,    207.61407,    207.98508,    207.25000
     t,    205.83434,    206.33589,    204.05000
     t,    205.45776,    205.81848,    204.45000
     t,    204.29793,    204.26257,    202.64999
     t,    204.04443,    203.94756,    203.45000
     t,    203.25645,    202.97514,    203.05000
     t,    202.55260,    202.29352,    199.85001
     t,    202.09239,    201.91846,    199.45000
     t,    202.18004,    202.12947,    200.85001
     t,    202.45190,    202.59308,    205.25000
     t,    202.77847,    203.13770,    204.05000
     t,    203.28709,    203.71339,    205.25000
     t,    204.78314,    205.11349,    204.05000
     t,    205.79106,    205.73007,    206.25000
     t,    207.43001,    206.74164,    208.85001
     t,    209.02319,    208.20015,    207.64999
     t,    209.39957,    208.67828,    209.45000
     t,    210.40382,    209.95924,    209.85001
     t,    210.44363,    210.00987,    211.85001
     t,    304.08969,    304.05569,    304.31436
     t,    302.52661,    302.49329,    302.79196
     t,    310.56659,    310.32263,    309.95001
     t,    310.56656,    310.32263,    309.25000
     t,    309.80515,    309.57462,    308.04999
     t,    303.74091,    303.53143,    301.85001
     t,    298.85025,    298.64429,    297.14999
     t,    296.51785,    296.30771,    294.95001
     t,    292.33148,    292.29303,    291.04999
     t,    291.83536,    291.78452,    290.75000
     t,    291.33813,    291.27594,    291.75000
     t,    290.42371,    290.37946,    291.14999
     t,    287.89761,    287.93875,    288.85001
     t,    284.92416,    285.22638,    285.45001
     t,    284.77606,    285.09180,    285.25000
     t,    283.32700,    283.73340,    283.85001
     t,    282.62027,    282.99738,    283.45001
     t,    278.36176,    278.44794,    278.54999
     t,    277.43884,    277.42844,    276.95001
     t,    277.15076,    277.11023,    276.75000
     t,    276.67508,    276.63327,    276.95001
     t,    275.75476,    275.74994,    275.54999
     t,    275.24884,    275.26141,    274.75000
     t,    274.99191,    275.01495,    274.45001
     t,    274.64719,    274.68427,    274.25000
     t,    274.29999,    274.35123,    273.85001
     t,    273.77444,    273.84711,    273.25000
     t,    273.15308,    273.25018,    272.25000
     t,    271.92929,    272.01767,    271.04999
     t,    271.35577,    271.43842,    270.75000
     t,    270.77383,    270.85239,    270.75000
     t,    269.48938,    269.55893,    269.85001
     t,    269.28879,    269.35693,    269.54999
     t,    268.22162,    268.26044,    268.75000
     t,    266.13654,    266.10953,    267.14999
     t,    260.26456,    260.14230,    259.75000
     t,    259.37155,    259.25845,    258.54999
     t,    258.46323,    258.35944,    257.54999
     t,    258.06912,    257.96936,    256.95001
     t,    256.86871,    256.78128,    255.55000
     t,    255.67331,    255.60104,    255.05000
     t,    250.84917,    250.87103,    251.25000
     t,    242.39204,    242.62238,    242.64999
     t,    238.38329,    238.66043,    238.25000
     t,    232.87964,    233.20609,    233.45000
     t,    232.29355,    232.62366,    232.85001
     t,    229.45003,    229.61371,    229.45000
     t,    228.39272,    228.49738,    228.25000
     t,    226.30568,    226.30176,    225.64999
     t,    223.27885,    223.12685,    222.25000
     t,    221.42719,    221.26175,    220.64999
     t,    217.80455,    217.75122,    217.25000
     t,    210.02885,    210.28491,    208.64999
     t,    207.67421,    207.98012,    206.45000
     t,    205.08028,    205.16859,    202.05000
     t,    204.79742,    204.73186,    203.25000
     t,    204.03036,    203.54036,    200.85001
     t,    203.97304,    203.45244,    201.05000
     t,    203.91522,    203.36377,    202.05000
     t,    203.67889,    203.00133,    201.05000
     t,    203.32990,    202.52055,    201.64999
     t,    203.21005,    202.38480,    203.45000
     t,    203.08665,    202.24504,    202.25000
     t,    203.06499,    202.47011,    200.64999
     t,    203.26416,    203.39201,    204.05000
     t,    203.92914,    204.59460,    203.25000
     t,    204.35585,    204.87415,    204.45000
     t,    204.68442,    205.08739,    207.25000
     t,    205.94601,    205.86868,    206.85001
     t,    208.82262,    207.95909,    206.64999
     t,    209.48114,    208.56305,    208.05000
     t,    211.16936,    210.81569,    208.85001
     t,    308.78870,    308.56818,    307.01056
     t,    307.53461,    307.32074,    305.73318
     t,    305.95142,    305.74072,    304.12183
     t,    308.19141,    308.14279,    310.35001
     t,    308.19141,    308.14279,    309.45001
     t,    307.77768,    307.73032,    308.25000
     t,    301.95505,    301.90924,    302.04999
     t,    296.16055,    296.11078,    295.95001
     t,    295.18573,    295.13168,    295.45001
     t,    295.09647,    295.04205,    295.25000
     t,    292.67758,    292.59854,    292.85001
     t,    292.20724,    292.12201,    292.25000
     t,    290.02643,    289.94147,    289.54999
     t,    289.42557,    289.34970,    288.95001
     t,    288.76587,    288.70364,    288.14999
     t,    287.62436,    287.58575,    287.14999
     t,    286.49268,    286.48218,    285.85001
     t,    285.64490,    285.65933,    284.85001
     t,    284.51471,    284.56183,    283.85001
     t,    282.03958,    282.11841,    281.25000
     t,    281.47330,    281.55222,    281.04999
     t,    281.18756,    281.26651,    281.04999
     t,    280.90009,    280.97910,    280.85001
     t,    280.68332,    280.76233,    280.45001
     t,    280.46552,    280.54456,    280.25000
     t,    279.42789,    279.49954,    279.14999
     t,    278.51636,    278.57272,    278.35001
     t,    277.19305,    277.22659,    277.45001
     t,    276.23297,    276.24991,    276.45001
     t,    275.69034,    275.69977,    275.85001
     t,    274.06662,    274.05707,    273.75000
     t,    273.43286,    273.41681,    272.95001
     t,    272.54642,    272.52032,    271.95001
     t,    272.25369,    272.22769,    271.75000
     t,    271.88965,    271.86465,    271.64999
     t,    271.37418,    271.35065,    271.35001
     t,    270.32651,    270.30719,    270.54999
     t,    269.55807,    269.54092,    269.54999
     t,    265.67804,    265.72839,    265.95001
     t,    265.12848,    265.18399,    265.54999
     t,    263.97311,    264.03333,    263.95001
     t,    262.79150,    262.85742,    263.04999
     t,    258.86276,    258.92609,    258.54999
     t,    258.32596,    258.38702,    258.14999
     t,    255.07869,    255.12245,    254.85001
     t,    253.42706,    253.46016,    252.85001
     t,    252.03612,    252.06097,    252.25000
     t,    241.68883,    241.67938,    241.85001
     t,    234.75246,    234.72086,    234.05000
     t,    231.86829,    231.84445,    231.45000
     t,    229.04562,    229.02542,    228.45000
     t,    224.54364,    224.52196,    224.85001
     t,    221.01662,    220.98988,    220.64999
     t,    218.52673,    218.49887,    217.64999
     t,    212.82220,    212.80441,    211.25000
     t,    209.65544,    209.64822,    208.85001
     t,    208.46434,    208.46165,    209.05000
     t,    207.24188,    207.24387,    207.45000
     t,    206.75174,    206.73578,    206.05000
     t,    206.12265,    206.07599,    206.05000
     t,    205.28323,    205.18411,    203.25000
     t,    204.78256,    204.63898,    203.64999
     t,    204.47360,    204.30450,    202.25000
     t,    203.27824,    203.09404,    200.64999
     t,    202.98750,    202.81198,    202.25000
     t,    202.74152,    202.62431,    202.25000
     t,    202.42049,    202.37939,    200.85001
     t,    203.13843,    203.22554,    202.05000
     t,    203.69768,    203.85074,    205.05000
     t,    204.74635,    204.92172,    202.45000
     t,    205.56340,    205.71085,    207.45000
     t,    206.15353,    206.27635,    205.64999
     t,    206.49742,    206.60323,    206.25000
     t,    207.58612,    207.64290,    207.85001
     t,    208.30304,    208.33655,    207.05000
     t,    208.83057,    208.84750,    208.85001
     t,    210.35008,    210.34450,    207.64999
     t,    211.23578,    211.22745,    212.05000
     t,    305.86047,    305.81198,    306.11258
     t,    304.30795,    304.26025,    304.50119
     t,    306.87421,    306.87524,    306.95001
     t,    303.23175,    303.21695,    304.04999
     t,    303.23175,    303.21698,    303.75000
     t,    303.15219,    303.14951,    303.95001
     t,    303.15219,    303.14951,    303.75000
     t,    303.22040,    303.21893,    303.95001
     t,    303.22040,    303.21890,    303.54999
     t,    303.44427,    303.44836,    303.85001
     t,    303.44427,    303.44833,    303.25000
     t,    303.35376,    303.35587,    303.45001
     t,    303.35373,    303.35587,    303.35001
     t,    303.42740,    303.42624,    303.64999
     t,    303.42737,    303.42621,    303.54999
     t,    303.18631,    303.15399,    303.54999
     t,    303.18631,    303.15402,    303.75000
     t,    303.96149,    303.95251,    303.45001
     t,    303.96149,    303.95251,    302.95001
     t,    304.96033,    304.94037,    303.75000
     t,    304.96030,    304.94037,    304.54999
     t,    304.71216,    304.72919,    303.85001
     t,    304.71216,    304.72919,    303.35001
     t,    303.55200,    303.48889,    305.14999
     t,    303.55200,    303.48889,    304.25000
     t,    306.87421,    306.87524,    307.45001
     t,    303.23178,    303.21698,    304.35001
     t,    303.23178,    303.21698,    303.45001
     t,    303.23178,    303.21698,    302.95001
     t,    303.15219,    303.14951,    303.85001
     t,    303.15219,    303.14951,    303.64999
     t,    303.15219,    303.14951,    303.75000
     t,    303.22040,    303.21893,    304.35001
     t,    303.22040,    303.21890,    302.64999
     t,    303.22040,    303.21890,    302.54999
     t,    303.44424,    303.44833,    304.64999
     t,    303.44427,    303.44833,    302.75000
     t,    303.44424,    303.44833,    302.14999
     t,    303.35373,    303.35587,    303.64999
     t,    303.35373,    303.35587,    303.14999
     t,    303.35373,    303.35587,    303.04999
     t,    303.42740,    303.42624,    304.25000
     t,    303.42740,    303.42624,    303.25000
     t,    303.42740,    303.42624,    303.14999
     t,    303.18631,    303.15402,    303.64999
     t,    303.18631,    303.15402,    303.75000
     t,    303.18634,    303.15402,    303.45001
     t,    303.96149,    303.95251,    305.95001
     t,    303.96149,    303.95248,    302.35001
     t,    303.96149,    303.95248,    301.75000
     t,    304.96033,    304.94040,    303.35001
     t,    304.96030,    304.94037,    304.54999
     t,    304.96030,    304.94037,    304.04999
     t,    304.71216,    304.72916,    303.75000
     t,    304.71216,    304.72919,    302.95001
     t,    304.71213,    304.72916,    302.14999
     t,    303.55200,    303.48889,    305.75000
     t,    303.55200,    303.48892,    303.85001
     t,    303.55200,    303.48889,    303.25000
     t,    306.87418,    306.87521,    307.04999
     t,    303.23175,    303.21698,    304.25000
     t,    303.23175,    303.21695,    304.14999
     t,    303.15219,    303.14951,    304.14999
     t,    303.15219,    303.14951,    303.85001
     t,    303.22040,    303.21890,    304.25000
     t,    303.22040,    303.21890,    304.14999
     t,    303.44427,    303.44836,    303.85001
     t,    303.44424,    303.44833,    304.04999
     t,    303.35373,    303.35587,    303.54999
     t,    303.35373,    303.35587,    303.64999
     t,    303.42740,    303.42624,    304.14999
     t,    303.42737,    303.42621,    304.04999
     t,    303.18631,    303.15402,    303.64999
     t,    303.18631,    303.15402,    303.75000
     t,    303.96149,    303.95248,    305.85001
     t,    303.96149,    303.95248,    304.75000
     t,    304.96033,    304.94037,    303.25000
     t,    304.96033,    304.94037,    303.25000
     t,    304.71216,    304.72916,    304.25000
     t,    304.71213,    304.72916,    304.14999
     t,    303.55200,    303.48889,    305.75000
     t,    303.55200,    303.48889,    305.25000
     q,      0.70206,      0.70412,      0.68526
     q,      0.72135,      0.72346,      0.67410
     q,      0.73420,      0.73632,      0.67473
     q,      0.80426,      0.80454,      0.84529
     q,      0.70865,      0.70739,      0.86918
     q,      0.67817,      0.67284,      0.79190
     q,      0.52553,      0.52135,      0.70242
     q,      0.48225,      0.48283,      0.62495
     q,      0.42785,      0.43150,      0.53953
     q,      0.40180,      0.40642,      0.35339
     q,      0.38076,      0.38360,      0.36498
     q,      0.38273,      0.38524,      0.33180
     q,      0.38492,      0.38722,      0.48442
     q,      0.39063,      0.39253,      0.26058
     q,      0.40805,      0.40924,      0.35733
     q,      0.42305,      0.42362,      0.46620
     q,      0.43841,      0.43834,      0.43434
     q,      0.47331,      0.47205,      0.43002
     q,      0.48473,      0.48313,      0.56865
     q,      0.52932,      0.52642,      0.62827
     q,      0.44779,      0.44276,      0.49632
     q,      0.43298,      0.42758,      0.42449
     q,      0.41096,      0.40500,      0.19262
     q,      0.39594,      0.38980,      0.22698
     q,      0.34879,      0.34342,      0.13729
     q,      0.32091,      0.31589,      0.27329
     q,      0.30451,      0.29977,      0.15090
     q,      0.26557,      0.26149,      0.15229
     q,      0.25056,      0.24695,      0.27169
     q,      0.21487,      0.21262,      0.24315
     q,      0.19224,      0.19011,      0.27601
     q,      0.17738,      0.17530,      0.12038
     q,      0.15751,      0.15545,      0.16467
     q,      0.14627,      0.14488,      0.07002
     q,      0.13245,      0.13189,      0.06832
     q,      0.12892,      0.12878,      0.03794
     q,      0.14492,      0.14464,      0.07759
     q,      0.15660,      0.15627,      0.16488
     q,      0.29265,      0.29211,      0.17509
     q,      0.78234,      0.78458,      0.71868
     q,      0.83868,      0.84126,      0.76844
     q,      0.41937,      0.42449,      0.49177
     q,      0.41937,      0.42449,      0.47493
     q,      0.42194,      0.42772,      0.46467
     q,      0.53347,      0.54123,      0.57698
     q,      0.66623,      0.67700,      0.70551
     q,      0.73516,      0.74865,      0.74128
     q,      0.77890,      0.79909,      0.77912
     q,      0.77840,      0.80187,      0.77583
     q,      0.77834,      0.80465,      0.62362
     q,      0.77580,      0.79374,      0.55755
     q,      0.76438,      0.74050,      0.48880
     q,      0.62661,      0.56347,      0.56068
     q,      0.61868,      0.55346,      0.55740
     q,      0.53939,      0.46202,      0.48043
     q,      0.48986,      0.42525,      0.36478
     q,      0.24412,      0.25434,      0.13413
     q,      0.20666,      0.23450,      0.28451
     q,      0.19434,      0.22798,      0.12401
     q,      0.18685,      0.22048,      0.27603
     q,      0.18283,      0.20811,      0.41850
     q,      0.17990,      0.19957,      0.44032
     q,      0.17872,      0.19584,      0.54907
     q,      0.17710,      0.19067,      0.37953
     q,      0.17540,      0.18528,      0.44216
     q,      0.17272,      0.17674,      0.34667
     q,      0.16953,      0.16645,      0.30788
     q,      0.17291,      0.17171,      0.15360
     q,      0.17490,      0.17461,      0.07410
     q,      0.17684,      0.17770,      0.09382
     q,      0.18157,      0.18525,      0.16530
     q,      0.18237,      0.18654,      0.13706
     q,      0.17264,      0.18384,      0.06942
     q,      0.14407,      0.17355,      0.07642
     q,      0.11380,      0.14592,      0.09491
     q,      0.11746,      0.14464,      0.20093
     q,      0.12160,      0.14319,      0.11858
     q,      0.12356,      0.14251,      0.17283
     q,      0.13017,      0.14019,      0.20393
     q,      0.12790,      0.13206,      0.06819
     q,      0.09726,      0.08464,      0.04162
     q,      0.11427,      0.10175,      0.05154
     q,      0.43351,      0.43921,      0.48082
     q,      0.45312,      0.45913,      0.50241
     q,      0.48419,      0.49069,      0.53208
     q,      0.53780,      0.53966,      0.49778
     q,      0.53780,      0.53966,      0.47545
     q,      0.49465,      0.49492,      0.45128
     q,      0.59774,      0.59601,      0.55107
     q,      0.74159,      0.73273,      0.68112
     q,      0.76189,      0.75030,      0.62466
     q,      0.76385,      0.75199,      0.61977
     q,      0.78360,      0.77649,      0.61606
     q,      0.78450,      0.77936,      0.50909
     q,      0.71462,      0.71715,      0.65743
     q,      0.69363,      0.69555,      0.57617
     q,      0.67056,      0.67049,      0.60589
     q,      0.62794,      0.62422,      0.53118
     q,      0.58779,      0.58059,      0.63438
     q,      0.56430,      0.55483,      0.62145
     q,      0.53010,      0.51729,      0.58517
     q,      0.44381,      0.42833,      0.40021
     q,      0.42214,      0.40692,      0.19078
     q,      0.41083,      0.39574,      0.17878
     q,      0.39917,      0.38423,      0.28689
     q,      0.39020,      0.37536,      0.28170
     q,      0.38102,      0.36629,      0.44140
     q,      0.34590,      0.33409,      0.40478
     q,      0.33472,      0.32925,      0.40375
     q,      0.31722,      0.32176,      0.22059
     q,      0.30348,      0.31587,      0.23588
     q,      0.29605,      0.31164,      0.37471
     q,      0.27372,      0.29673,      0.20138
     q,      0.26413,      0.28965,      0.29837
     q,      0.24941,      0.27959,      0.24695
     q,      0.24084,      0.26952,      0.26984
     q,      0.22931,      0.25552,      0.17899
     q,      0.21235,      0.23493,      0.25442
     q,      0.17531,      0.18945,      0.09547
     q,      0.14582,      0.15380,      0.11108
     q,      0.15464,      0.15336,      0.14074
     q,      0.15750,      0.15593,      0.07035
     q,      0.16446,      0.16344,      0.19311
     q,      0.17190,      0.17143,      0.05906
     q,      0.18693,      0.18602,      0.19005
     q,      0.18750,      0.18621,      0.12791
     q,      0.18246,      0.17958,      0.02447
     q,      0.17252,      0.16936,      0.08051
     q,      0.16193,      0.15856,      0.10627
     q,      0.18546,      0.19192,      0.09178
     q,      0.50867,      0.50800,      0.47844
     q,      0.54220,      0.54113,      0.50589
     q,      0.72983,      0.72947,      0.74153
     q,      0.72983,      0.72947,      0.72351
     q,      0.72983,      0.72947,      0.71057
     t,    308.40659,    308.34912,    309.04999
     t,    307.98129,    307.93896,    307.25000
     t,    302.82040,    302.80594,    301.95001
     t,    296.40909,    296.28119,    294.85001
     t,    295.42947,    295.33011,    293.54999
     t,    295.28091,    295.17053,    293.45001
     t,    294.98267,    294.85016,    293.75000
     t,    294.60785,    294.44754,    292.95001
     t,    294.30637,    294.12366,    292.75000
     t,    293.85135,    293.63489,    292.85001
     t,    292.80154,    292.54532,    292.45001
     t,    292.14359,    291.89362,    292.04999
     t,    288.78372,    288.76642,    289.35001
     t,    287.81924,    287.89484,    288.54999
     t,    285.31519,    285.47949,    285.45001
     t,    285.08884,    285.26135,    284.95001
     t,    279.64859,    279.82941,    279.75000
     t,    277.22275,    277.27109,    276.25000
     t,    276.40796,    276.41296,    275.64999
     t,    275.83054,    275.81055,    275.35001
     t,    275.58075,    275.55124,    275.25000
     t,    275.16156,    275.11603,    274.64999
     t,    274.90826,    274.85309,    274.64999
     t,    273.44504,    273.33453,    272.54999
     t,    273.00693,    272.87955,    272.85001
     t,    272.74213,    272.60452,    272.95001
     t,    271.20212,    271.04047,    271.04999
     t,    270.55307,    270.38535,    270.54999
     t,    270.36603,    270.19653,    270.35001
     t,    269.98883,    269.81531,    270.04999
     t,    268.93903,    268.75534,    268.85001
     t,    268.84244,    268.65784,    268.85001
     t,    268.45630,    268.26886,    268.14999
     t,    267.51721,    267.34210,    266.75000
     t,    267.23178,    267.06067,    266.64999
     t,    266.64993,    266.48541,    266.54999
     t,    265.57471,    265.42267,    266.14999
     t,    265.27719,    265.12894,    265.95001
     t,    263.94464,    263.82678,    264.14999
     t,    263.41620,    263.31546,    263.64999
     t,    262.34122,    262.27533,    263.04999
     t,    261.90411,    261.85086,    262.35001
     t,    259.55615,    259.57242,    259.64999
     t,    258.16068,    258.21756,    258.04999
     t,    255.92575,    256.01331,    255.75000
     t,    254.84366,    254.88110,    255.64999
     t,    252.89555,    252.84396,    253.45000
     t,    252.46790,    252.39671,    252.95000
     t,    252.18080,    252.09647,    252.75000
     t,    250.10872,    249.97870,    250.55000
     t,    248.72800,    248.57031,    249.05000
     t,    246.62015,    246.47589,    246.64999
     t,    245.23161,    245.16669,    244.85001
     t,    243.62581,    243.64639,    242.85001
     t,    243.07954,    243.13213,    242.45000
     t,    242.89612,    242.95859,    242.45000
     t,    242.52740,    242.60976,    242.14999
     t,    242.16000,    242.25793,    241.55000
     t,    239.32761,    239.54033,    239.25000
     t,    237.16318,    237.43365,    236.64999
     t,    236.57408,    236.81718,    236.05000
     t,    234.56160,    234.71129,    235.05000
     t,    233.31346,    233.40390,    233.64999
     t,    232.67924,    232.74020,    232.64999
     t,    229.83502,    229.80196,    230.05000
     t,    225.44557,    225.35262,    225.64999
     t,    224.00230,    223.91806,    224.25000
     t,    221.76131,    221.67194,    221.64999
     t,    221.50304,    221.40749,    221.64999
     t,    218.87332,    218.72050,    218.45000
     t,    214.70981,    214.42667,    213.85001
     t,    210.78496,    210.48088,    209.45000
     t,    208.04018,    207.85547,    206.45000
     t,    207.00060,    206.99400,    204.85001
     t,    205.56085,    205.83656,    203.05000
     t,    204.65689,    205.01358,    202.85001
     t,    204.19609,    204.42284,    200.85001
     t,    203.87730,    204.00929,    200.25000
     t,    203.79590,    203.88989,    201.05000
     t,    203.67886,    203.68463,    199.64999
     t,    203.58212,    203.51489,    200.05000
     t,    203.53638,    203.47429,    203.05000
     t,    203.47806,    203.65437,    203.25000
     t,    203.36813,    204.06812,    201.64999
     t,    206.03192,    205.88164,    205.85001
     t,    206.50584,    206.20692,    205.05000
     t,    207.52603,    207.01880,    207.05000
     t,    207.85469,    207.51903,    209.25000
     t,    208.05528,    207.82433,    210.25000
     t,    208.93207,    209.15881,    208.25000
     t,    210.59311,    210.81351,    208.25000
     t,    211.00623,    211.19316,    211.05000
     t,    211.92065,    212.01245,    213.05000
     t,    306.34207,    306.32605,    305.47879
     t,    304.81537,    304.80438,    303.94342
     t,    204.16785,    204.95822,    203.87270
     t,    305.23520,    305.56900,    301.45001
     t,    305.23520,    305.56900,    300.95001
     t,    303.50751,    303.73166,    299.25000
     t,    302.44083,    302.50888,    299.25000
     t,    302.01648,    302.07596,    299.25000
     t,    296.82275,    296.63739,    293.95001
     t,    295.99252,    295.76532,    293.14999
     t,    291.34439,    291.22986,    289.75000
     t,    289.31363,    289.24142,    288.95001
     t,    286.04684,    286.14096,    285.85001
     t,    285.02432,    285.16434,    284.85001
     t,    281.28296,    281.58237,    281.54999
     t,    278.66953,    278.75616,    278.45001
     t,    276.83771,    276.76990,    277.25000
     t,    276.08362,    276.01111,    276.14999
     t,    275.19315,    275.12628,    275.04999
     t,    273.74829,    273.68906,    273.85001
     t,    273.43958,    273.38171,    273.85001
     t,    270.45996,    270.34677,    271.04999
     t,    268.75970,    268.59180,    268.95001
     t,    268.33948,    268.15622,    268.45001
     t,    268.25491,    268.06857,    268.25000
     t,    267.82962,    267.62775,    267.85001
     t,    265.71790,    265.48932,    265.54999
     t,    265.41452,    265.19104,    265.35001
     t,    264.91132,    264.69568,    265.14999
     t,    264.70590,    264.49359,    265.14999
     t,    262.80875,    262.62564,    262.54999
     t,    261.55765,    261.43906,    261.25000
     t,    260.78738,    260.70959,    260.54999
     t,    259.75082,    259.72766,    259.54999
     t,    257.42389,    257.31931,    256.95001
     t,    257.21301,    257.06039,    256.75000
     t,    255.81332,    255.33478,    254.35001
     t,    254.82043,    254.10194,    252.75000
     t,    254.59718,    253.82596,    252.45000
     t,    253.85503,    253.12178,    252.25000
     t,    250.74593,    250.16757,    250.05000
     t,    243.78032,    243.29500,    244.35001
     t,    241.62778,    241.40424,    243.55000
     t,    239.38507,    239.41910,    241.75000
     t,    236.52225,    236.63374,    238.55000
     t,    235.02737,    235.17032,    237.14999
     t,    234.27423,    234.42473,    236.14999
     t,    233.70787,    233.85762,    235.85001
     t,    232.36212,    232.50903,    234.05000
     t,    231.17805,    231.32344,    233.05000
     t,    228.79906,    229.12375,    230.05000
     t,    227.38110,    227.88736,    228.85001
     t,    222.16551,    222.95055,    222.64999
     t,    220.59430,    221.26234,    220.64999
     t,    219.66344,    220.20378,    219.45000
     t,    217.24796,    217.46301,    217.25000
     t,    210.44489,    209.94148,    209.45000
     t,    208.56998,    208.09261,    206.25000
     t,    206.41597,    206.09836,    199.64999
     t,    206.04024,    205.75032,    202.45000
     t,    205.71764,    205.58269,    202.85001
     t,    205.46701,    205.46881,    202.05000
     t,    205.28917,    205.49326,    202.85001
     t,    205.34708,    205.84395,    201.85001
     t,    205.40187,    206.19643,    202.64999
     t,    205.44884,    206.49834,    205.05000
     t,    206.17839,    207.37988,    204.45000
     t,    206.62981,    207.44905,    207.05000
     t,    207.86514,    207.57631,    206.45000
     t,    208.30312,    207.89532,    208.64999
     t,    208.93228,    208.63933,    208.85001
     t,    209.09563,    208.94508,    208.64999
     t,    210.51018,    211.39734,    213.05000
     t,    210.92859,    211.92871,    212.45000
     t,    211.75087,    212.57643,    213.85001
     t,    213.14967,    212.83331,    211.64999
     q,      0.49929,      0.49928,      0.53490
     q,      0.48745,      0.48768,      0.46930
     q,      0.56750,      0.56775,      0.57983
     q,      0.65677,      0.68159,      0.74545
     q,      0.66242,      0.68548,      0.76397
     q,      0.66533,      0.69021,      0.75105
     q,      0.67127,      0.69989,      0.63250
     q,      0.67896,      0.71242,      0.67295
     q,      0.68534,      0.72281,      0.65877
     q,      0.69529,      0.73901,      0.50404
     q,      0.69549,      0.73791,      0.40578
     q,      0.67493,      0.70246,      0.56235
     q,      0.57950,      0.50263,      0.27000
     q,      0.55212,      0.43954,      0.43855
     q,      0.53489,      0.43407,      0.61468
     q,      0.53313,      0.43346,      0.60614
     q,      0.57674,      0.55269,      0.65107
     q,      0.59890,      0.60283,      0.68672
     q,      0.60742,      0.62300,      0.68065
     q,      0.60923,      0.63036,      0.49861
     q,      0.60870,      0.63161,      0.58239
     q,      0.60779,      0.63376,      0.52958
     q,      0.60722,      0.63510,      0.70406
     q,      0.60039,      0.64023,      0.76794
     q,      0.59917,      0.64299,      0.75759
     q,      0.59841,      0.64472,      0.64269
     q,      0.56215,      0.62590,      0.57364
     q,      0.54343,      0.61546,      0.33284
     q,      0.53781,      0.61233,      0.36089
     q,      0.52287,      0.60252,      0.62435
     q,      0.48800,      0.58307,      0.68497
     q,      0.48459,      0.58117,      0.67905
     q,      0.47036,      0.57243,      0.60528
     q,      0.42548,      0.52732,      0.62524
     q,      0.41204,      0.51386,      0.30443
     q,      0.39129,      0.49423,      0.15359
     q,      0.33069,      0.43465,      0.17604
     q,      0.31347,      0.41765,      0.08945
     q,      0.25948,      0.37339,      0.12305
     q,      0.24652,      0.36671,      0.03127
     q,      0.21772,      0.35187,      0.06143
     q,      0.20368,      0.34494,      0.17830
     q,      0.17187,      0.35417,      0.04216
     q,      0.18065,      0.39884,      0.08548
     q,      0.18923,      0.45429,      0.13587
     q,      0.18480,      0.44857,      0.05594
     q,      0.17441,      0.43508,      0.09006
     q,      0.17189,      0.43180,      0.37443
     q,      0.17011,      0.42949,      0.41524
     q,      0.15873,      0.38522,      0.32733
     q,      0.14839,      0.34197,      0.15432
     q,      0.13894,      0.28202,      0.10260
     q,      0.14254,      0.26154,      0.10485
     q,      0.14827,      0.23150,      0.21538
     q,      0.15046,      0.22021,      0.17427
     q,      0.49666,      0.49619,      0.49887
     q,      0.52367,      0.52293,      0.53181
     q,      0.76613,      0.79594,      0.67191
     q,      0.76613,      0.79594,      0.65285
     q,      0.76649,      0.79092,      0.68306
     q,      0.76800,      0.79441,      0.74967
     q,      0.77137,      0.79740,      0.76232
     q,      0.87296,      0.88294,      0.80723
     q,      0.88752,      0.89469,      0.82587
     q,      0.94191,      0.91503,      0.87383
     q,      0.94197,      0.91883,      0.85624
     q,      0.92561,      0.90925,      0.92780
     q,      0.92356,      0.91102,      0.90835
     q,      0.91382,      0.92062,      0.87809
     q,      0.87872,      0.89200,      0.92929
     q,      0.84729,      0.86453,      0.86546
     q,      0.81379,      0.82730,      0.94139
     q,      0.76832,      0.77502,      0.93333
     q,      0.68535,      0.67814,      0.87927
     q,      0.66590,      0.65519,      0.76715
     q,      0.51448,      0.47466,      0.60426
     q,      0.45232,      0.40582,      0.39062
     q,      0.43890,      0.39208,      0.49171
     q,      0.43613,      0.38925,      0.52832
     q,      0.42186,      0.37464,      0.44700
     q,      0.36893,      0.31353,      0.43381
     q,      0.36578,      0.30842,      0.47474
     q,      0.35917,      0.29675,      0.20324
     q,      0.35683,      0.29294,      0.20647
     q,      0.33502,      0.25364,      0.20656
     q,      0.36775,      0.26299,      0.34707
     q,      0.39198,      0.27079,      0.19940
     q,      0.42678,      0.27726,      0.14663
     q,      0.53796,      0.35142,      0.16849
     q,      0.55199,      0.36981,      0.18560
     q,      0.65999,      0.50926,      0.18135
     q,      0.74233,      0.61454,      0.30640
     q,      0.76291,      0.64177,      0.44043
     q,      0.75894,      0.65872,      0.57176
     q,      0.73157,      0.73951,      0.66611
     q,      0.51718,      0.43845,      0.74610
     q,      0.40986,      0.30374,      0.79406
     t,    296.13101,    296.70898,    296.85001
     t,    296.09543,    296.67770,    296.35001
     t,    295.42969,    296.03903,    294.54999
     t,    291.31238,    291.65915,    290.25000
     t,    288.14505,    288.32001,    287.25000
     t,    286.24304,    286.18097,    286.54999
     t,    286.07742,    285.96866,    286.95001
     t,    285.65991,    285.43341,    287.45001
     t,    285.47934,    285.03696,    286.95001
     t,    284.73877,    284.79639,    283.25000
     t,    283.91187,    284.19388,    281.75000
     t,    283.28577,    283.64429,    282.95001
     t,    282.59549,    283.03830,    282.14999
     t,    281.17398,    281.78226,    280.25000
     t,    280.51086,    280.97498,    279.95001
     t,    279.58865,    279.85226,    279.85001
     t,    278.44962,    278.46893,    278.75000
     t,    277.37030,    277.22327,    278.14999
     t,    271.53467,    271.11639,    271.64999
     t,    268.18231,    267.95761,    267.85001
     t,    266.99716,    266.85666,    266.85001
     t,    266.66943,    266.55222,    266.64999
     t,    265.45151,    265.40149,    265.45001
     t,    265.00229,    264.95090,    265.14999
     t,    263.63211,    263.57654,    263.54999
     t,    261.98892,    261.92838,    262.14999
     t,    258.99139,    258.92380,    258.75000
     t,    256.74313,    256.66608,    257.95001
     t,    254.76274,    254.56560,    255.14999
     t,    254.63640,    254.43149,    254.95000
     t,    253.62721,    253.35733,    253.55000
     t,    252.84708,    252.52939,    253.25000
     t,    251.40968,    251.11705,    251.25000
     t,    250.34300,    250.09099,    250.45000
     t,    248.55989,    248.37428,    248.85001
     t,    241.54263,    241.37358,    241.45000
     t,    293.17310,    293.64883,    292.18735
     t,    295.07510,    295.14459,    293.75000
     t,    294.91742,    294.97061,    292.85001
     t,    292.58383,    292.61429,    290.95001
     t,    290.90152,    290.91690,    290.04999
     t,    290.76694,    290.78168,    290.04999
     t,    290.44385,    290.70789,    290.75000
     t,    290.41183,    290.74295,    290.14999
     t,    289.77011,    289.90518,    288.14999
     t,    289.73679,    289.86819,    288.14999
     t,    286.45590,    286.16772,    285.35001
     t,    283.07242,    282.62671,    281.04999
     t,    282.48059,    282.06299,    280.14999
     t,    281.62460,    281.24762,    278.85001
     t,    272.17114,    272.20734,    271.54999
     t,    271.02658,    271.05780,    269.75000
     t,    270.57925,    270.60892,    268.85001
     t,    267.58801,    267.62140,    267.25000
     t,    266.30151,    266.35483,    266.64999
     t,    265.07303,    265.16620,    265.35001
     t,    264.21466,    264.33521,    264.45001
     t,    263.52969,    263.67087,    263.95001
     t,    262.43024,    262.59903,    263.14999
     t,    261.25403,    261.45032,    262.35001
     t,    256.58044,    256.78378,    256.85001
     t,    251.36519,    251.42688,    251.05000
     t,    248.28430,    248.25169,    248.64999
     t,    245.81558,    245.71262,    246.05000
     t,    243.56798,    243.45355,    243.25000
     t,    242.13101,    242.03957,    241.64999
     t,    240.83881,    240.76529,    241.05000
     t,    238.96158,    238.94548,    240.14999
     t,    230.84804,    231.11427,    231.05000
     t,    229.13715,    229.41794,    229.45000
     t,    225.39867,    225.59297,    225.85001
     t,    221.30257,    221.10910,    222.25000
     t,    220.49654,    220.24060,    221.05000
     t,    216.99422,    216.62128,    216.45000
     t,    215.47049,    215.13857,    215.25000
     t,    213.27188,    213.00536,    212.25000
     t,    212.41283,    212.17271,    211.45000
     t,    288.08731,    288.03098,    286.64224
     t,    278.37869,    278.31094,    276.12228
     q,      0.65513,      0.62959,      0.67014
     q,      0.65416,      0.62920,      0.61425
     q,      0.64765,      0.63164,      0.57343
     q,      0.75789,      0.77107,      0.68156
     q,      0.90180,      0.90635,      0.77243
     q,      0.99492,      0.98103,      0.93755
     q,      0.99533,      0.98050,      0.96660
     q,      0.99638,      0.97915,      0.99221
     q,      0.97115,      0.96666,      0.95609
     q,      0.78580,      0.68547,      0.80712
     q,      0.75697,      0.59526,      0.66404
     q,      0.71379,      0.51616,      0.60914
     q,      0.66428,      0.42545,      0.59806
     q,      0.55574,      0.22950,      0.56944
     q,      0.50975,      0.22710,      0.50278
     q,      0.44225,      0.22358,      0.21319
     q,      0.35336,      0.21910,      0.16303
     q,      0.30605,      0.22979,      0.27004
     q,      0.22015,      0.30687,      0.18296
     q,      0.20879,      0.27437,      0.28386
     q,      0.20167,      0.24633,      0.21768
     q,      0.19953,      0.23786,      0.21923
     q,      0.19439,      0.21162,      0.31008
     q,      0.19667,      0.21117,      0.21955
     q,      0.20435,      0.20963,      0.11795
     q,      0.21540,      0.20741,      0.09556
     q,      0.22506,      0.21811,      0.28195
     q,      0.22925,      0.23279,      0.14425
     q,      0.20021,      0.22553,      0.23317
     q,      0.19811,      0.22504,      0.23102
     q,      0.17938,      0.22090,      0.17838
     q,      0.16345,      0.21701,      0.08866
     q,      0.14890,      0.20035,      0.15485
     q,      0.14048,      0.18409,      0.02737
     q,      0.23114,      0.23072,      0.14144
     q,      0.70088,      0.70115,      0.62939
     q,      0.86994,      0.86727,      0.85398
     q,      0.87349,      0.87090,      0.82761
     q,      0.93752,      0.93695,      0.85936
     q,      0.99634,      0.99752,      0.90634
     q,      0.99769,      0.99883,      0.91377
     q,      0.95127,      0.94607,      0.95283
     q,      0.93820,      0.93134,      0.85885
     q,      0.80601,      0.81075,      0.74151
     q,      0.80430,      0.80915,      0.74288
     q,      0.80479,      0.82173,      0.83810
     q,      0.82032,      0.82927,      0.78351
     q,      0.81479,      0.82529,      0.72664
     q,      0.80637,      0.81925,      0.67987
     q,      0.72493,      0.71760,      0.68379
     q,      0.70656,      0.70536,      0.57771
     q,      0.69871,      0.70004,      0.40468
     q,      0.59530,      0.59980,      0.51634
     q,      0.53830,      0.54294,      0.49645
     q,      0.47639,      0.47871,      0.49033
     q,      0.42783,      0.42870,      0.28860
     q,      0.38511,      0.38484,      0.41145
     q,      0.34482,      0.34390,      0.20439
     q,      0.31414,      0.31239,      0.12713
     q,      0.22046,      0.20322,      0.07677
     q,      0.25302,      0.16774,      0.09831
     q,      0.32671,      0.20925,      0.05505
     q,      0.41096,      0.30271,      0.08122
     q,      0.47518,      0.39316,      0.25386
     q,      0.49913,      0.44812,      0.21741
     q,      0.52682,      0.50829,      0.35847
     q,      0.77061,      0.78521,      0.78347
     q,      0.78087,      0.76868,      0.67753
     t,    298.61264,    298.50101,    300.04999
     t,    297.82932,    297.71982,    298.14999
     t,    295.66776,    295.56247,    295.64999
     t,    293.85654,    293.75198,    294.04999
     t,    287.73404,    287.61249,    287.45001
     t,    287.46234,    287.39612,    286.95001
     t,    284.89517,    285.52612,    283.14999
     t,    283.92764,    284.86453,    282.64999
     t,    283.69696,    284.64249,    282.75000
     t,    283.17996,    284.14288,    282.75000
     t,    282.94464,    283.91663,    282.85001
     t,    282.58508,    283.48572,    283.14999
     t,    282.13895,    282.91510,    283.14999
     t,    281.60934,    282.23764,    283.35001
     t,    280.57465,    280.81229,    281.25000
     t,    280.32690,    280.45633,    281.04999
     t,    279.86722,    279.79581,    280.04999
     t,    278.59100,    278.09094,    277.85001
     t,    276.92435,    276.21393,    276.45001
     t,    276.10803,    275.29428,    276.04999
     t,    274.08160,    273.27945,    273.54999
     t,    272.15985,    271.51523,    271.45001
     t,    269.09799,    268.81757,    269.54999
     t,    268.47394,    268.27695,    268.95001
     t,    267.47672,    267.41306,    268.45001
     t,    266.23798,    266.23502,    267.25000
     t,    265.14941,    265.19873,    265.64999
     t,    264.87332,    264.93588,    265.45001
     t,    264.69458,    264.76584,    265.25000
     t,    262.65897,    262.76511,    262.54999
     t,    259.49197,    259.57123,    258.95001
     t,    256.60123,    256.70688,    256.54999
     t,    255.82196,    255.93538,    255.75000
     t,    254.05031,    254.19226,    254.35001
     t,    253.62796,    253.77950,    254.14999
     t,    253.34441,    253.50171,    253.95000
     t,    253.05942,    253.22255,    253.75000
     t,    248.45297,    248.65227,    248.85001
     t,    246.40648,    246.58698,    246.64999
     t,    243.43770,    243.57887,    243.25000
     t,    240.83766,    240.93979,    241.25000
     t,    236.91920,    236.98462,    237.05000
     t,    234.75075,    234.80150,    234.85001
     t,    232.29060,    232.33376,    232.64999
     t,    226.47331,    226.42212,    226.64999
     t,    218.72765,    218.53467,    216.85001
     t,    217.26997,    217.16586,    215.64999
     t,    217.21024,    217.11424,    215.64999
     t,    216.55931,    216.58450,    213.25000
     t,    216.09164,    216.18092,    215.45000
     t,    215.89926,    215.93010,    213.85001
     t,    215.84473,    215.85876,    215.45000
     t,    215.75375,    215.74069,    215.25000
     t,    215.62256,    215.56902,    217.64999
     t,    215.58456,    215.51898,    217.25000
     t,    215.43007,    215.34094,    217.05000
     t,    215.21216,    215.10809,    215.45000
     t,    214.62700,    214.46727,    214.45000
     t,    214.46707,    214.28371,    215.05000
     t,    214.24916,    214.03229,    213.85001
     t,    214.08266,    213.82181,    213.85001
     t,    213.43872,    213.06302,    211.45000
     t,    213.32440,    213.05795,    212.85001
     t,    213.23836,    213.75531,    211.45000
     t,    213.16801,    213.64279,    213.45000
     t,    213.21152,    213.53062,    213.85001
     t,    213.50835,    213.64590,    215.05000
     t,    217.23947,    217.04358,    215.05000
     t,    213.52518,    213.82088,    212.14679
     t,    285.66501,    285.68475,    289.04999
     t,    290.14658,    290.30563,    295.64999
     t,    285.66501,    285.68475,    288.14999
     t,    290.06638,    290.17197,    297.25000
     t,    285.66504,    285.68478,    286.45001
     t,    290.06638,    290.17197,    296.54999
     q,      0.47800,      0.46702,      0.37543
     q,      0.47969,      0.46864,      0.34815
     q,      0.52222,      0.51111,      0.35985
     q,      0.56634,      0.55638,      0.41350
     q,      0.50720,      0.46315,      0.52995
     q,      0.49372,      0.43959,      0.48714
     q,      0.39375,      0.23315,      0.43669
     q,      0.39177,      0.20771,      0.31465
     q,      0.39390,      0.21669,      0.37200
     q,      0.39871,      0.23703,      0.10919
     q,      0.40099,      0.24668,      0.08680
     q,      0.41075,      0.27066,      0.12830
     q,      0.41975,      0.30735,      0.39521
     q,      0.43078,      0.35233,      0.35717
     q,      0.44748,      0.41890,      0.32821
     q,      0.45078,      0.43175,      0.44068
     q,      0.45704,      0.45616,      0.49072
     q,      0.46595,      0.50367,      0.48868
     q,      0.45107,      0.50259,      0.52961
     q,      0.44297,      0.50209,      0.37337
     q,      0.43814,      0.50653,      0.48364
     q,      0.44361,      0.51522,      0.43690
     q,      0.44893,      0.52051,      0.30956
     q,      0.44990,      0.52090,      0.36569
     q,      0.45160,      0.52159,      0.20630
     q,      0.46163,      0.52112,      0.31722
     q,      0.47090,      0.52026,      0.35678
     q,      0.47371,      0.52019,      0.32819
     q,      0.47479,      0.51823,      0.27350
     q,      0.47053,      0.48204,      0.22990
     q,      0.42147,      0.36031,      0.27952
     q,      0.38975,      0.32278,      0.17123
     q,      0.37966,      0.31057,      0.27762
     q,      0.36937,      0.30141,      0.25391
     q,      0.37014,      0.30340,      0.19015
     q,      0.36993,      0.30405,      0.23391
     q,      0.36971,      0.30473,      0.25936
     q,      0.35923,      0.31656,      0.11088
     q,      0.34854,      0.32351,      0.25236
     q,      0.33056,      0.32784,      0.25504
     q,      0.30789,      0.32702,      0.16871
     q,      0.28844,      0.32354,      0.13119
     q,      0.67809,      0.67803,      0.85615
     q,      0.67809,      0.67803,      0.79551
     q,      0.67809,      0.67803,      0.87862
